year,geography_type,geography_id,geography_name,taz_id,CO_TAZID,CO_FIPS,CO_NAME,CITY_FIPS,CITY_NAME,DISTLRG,DLRG_NAME,DISTMED,DMED_NAME,DISTSML,DSML_NAME,TOTHH,HHPOP,HHSIZE,TOTEMP,RETEMP,INDEMP,OTHEMP,ALLEMP,RETL,FOOD,MANU,WSLE,OFFI,GVED,HLTH,OTHR,FM_AGRI,FM_MING,FM_CONS,HBJ
2023,city,Alpine,Alpine,,,,,,Alpine,,,,,,,3107.0,10405.965,3.349,2077.0,81.0,333.0,1663.0,2636.734,54.0,27.0,148.0,185.0,882.0,308.0,217.0,256.0,6.048,0.0,353.43399999999997,200.255
2024,city,Alpine,Alpine,,,,,,Alpine,,,,,,,3148.0,10478.918,3.329,2076.0,81.0,336.0,1659.0,2401.663,54.0,27.0,148.0,188.0,874.0,309.0,219.0,257.0,6.048,0.0,125.214,194.4
2025,city,Alpine,Alpine,,,,,,Alpine,,,,,,,3209.0,10557.029,3.29,2077.0,81.0,336.0,1660.0,2588.608,54.0,27.0,148.0,188.0,875.0,309.0,219.0,257.0,6.046,0.0,293.2,212.363
2026,city,Alpine,Alpine,,,,,,Alpine,,,,,,,3243.0,10545.571,3.252,2077.0,81.0,336.0,1660.0,2582.685,54.0,27.0,148.0,188.0,875.0,309.0,219.0,257.0,5.038,0.0,286.555,214.091
2027,city,Alpine,Alpine,,,,,,Alpine,,,,,,,3263.0,10494.149,3.216,2073.0,81.0,336.0,1656.0,2492.497,54.0,27.0,148.0,188.0,871.0,309.0,219.0,257.0,5.04,0.0,199.186,215.267
2028,city,Alpine,Alpine,,,,,,Alpine,,,,,,,3273.0,10416.849,3.183,2073.0,81.0,336.0,1656.0,2488.496,54.0,27.0,148.0,188.0,871.0,309.0,219.0,257.0,5.034999999999999,0.0,198.154,212.30700000000002
2029,city,Alpine,Alpine,,,,,,Alpine,,,,,,,3282.0,10332.429,3.148,2074.0,81.0,337.0,1656.0,2486.4030000000002,54.0,27.0,148.0,189.0,871.0,309.0,219.0,257.0,5.042,0.0,195.103,212.26
2030,city,Alpine,Alpine,,,,,,Alpine,,,,,,,3285.0,10239.795,3.117,2076.0,81.0,337.0,1658.0,2484.456,54.0,27.0,148.0,189.0,871.0,309.0,220.0,258.0,5.055,0.0,192.218,211.183
2031,city,Alpine,Alpine,,,,,,Alpine,,,,,,,3289.0,10156.506,3.088,2076.0,81.0,337.0,1658.0,2495.882,54.0,27.0,148.0,189.0,871.0,309.0,220.0,258.0,5.05,0.0,204.663,210.166
2032,city,Alpine,Alpine,,,,,,Alpine,,,,,,,3295.0,10081.801,3.06,2076.0,81.0,337.0,1658.0,2514.5389999999998,54.0,27.0,148.0,189.0,871.0,309.0,220.0,258.0,5.052,0.0,223.52,209.96599999999998
2033,city,Alpine,Alpine,,,,,,Alpine,,,,,,,3300.0,10021.621,3.037,2076.0,81.0,337.0,1658.0,2522.061,54.0,27.0,148.0,189.0,871.0,309.0,220.0,258.0,5.03,0.0,230.87300000000002,210.159
2034,city,Alpine,Alpine,,,,,,Alpine,,,,,,,3310.0,9987.867,3.017,2077.0,81.0,337.0,1659.0,2556.121,54.0,27.0,148.0,189.0,871.0,309.0,221.0,258.0,5.055,0.0,260.89799999999997,213.167
2035,city,Alpine,Alpine,,,,,,Alpine,,,,,,,3317.0,9943.509,2.998,2068.0,79.0,334.0,1655.0,2499.059,54.0,25.0,148.0,186.0,871.0,307.0,221.0,256.0,5.05,0.0,215.82,210.192
2036,city,Alpine,Alpine,,,,,,Alpine,,,,,,,3326.0,9911.394,2.98,2069.0,80.0,334.0,1655.0,2525.976,55.0,25.0,148.0,186.0,871.0,307.0,221.0,256.0,5.042999999999999,0.0,239.745,212.187
2037,city,Alpine,Alpine,,,,,,Alpine,,,,,,,3338.0,9913.598,2.97,2068.0,79.0,332.0,1657.0,2498.352,54.0,25.0,148.0,184.0,872.0,309.0,222.0,254.0,3.022,0.0,212.203,215.129
2038,city,Alpine,Alpine,,,,,,Alpine,,,,,,,3343.0,9877.843,2.955,2069.0,79.0,332.0,1658.0,2506.165,54.0,25.0,148.0,184.0,872.0,309.0,223.0,254.0,3.033,0.0,219.035,215.096
2039,city,Alpine,Alpine,,,,,,Alpine,,,,,,,3353.0,9856.349,2.94,2069.0,79.0,332.0,1658.0,2508.839,54.0,25.0,148.0,184.0,872.0,309.0,223.0,254.0,3.03,0.0,220.755,216.058
2040,city,Alpine,Alpine,,,,,,Alpine,,,,,,,3357.0,9822.991,2.926,2070.0,79.0,332.0,1659.0,2492.694,54.0,25.0,148.0,184.0,872.0,309.0,223.0,255.0,4.035,0.0,202.697,215.963
2041,city,Alpine,Alpine,,,,,,Alpine,,,,,,,3372.0,9821.664,2.913,2071.0,79.0,332.0,1660.0,2508.861,54.0,25.0,148.0,184.0,872.0,309.0,223.0,256.0,3.0269999999999997,0.0,218.702,216.134
2042,city,Alpine,Alpine,,,,,,Alpine,,,,,,,3383.0,9807.256,2.899,2072.0,80.0,332.0,1660.0,2464.838,54.0,26.0,148.0,184.0,872.0,309.0,223.0,256.0,3.029,0.0,172.599,217.214
2043,city,Alpine,Alpine,,,,,,Alpine,,,,,,,3387.0,9782.3,2.888,2072.0,80.0,332.0,1660.0,2480.712,54.0,26.0,148.0,184.0,872.0,309.0,223.0,256.0,3.024,0.0,188.585,217.10399999999998
2044,city,Alpine,Alpine,,,,,,Alpine,,,,,,,3397.0,9770.958999999999,2.876,2073.0,80.0,332.0,1661.0,2484.225,54.0,26.0,148.0,184.0,872.0,309.0,223.0,257.0,3.024,0.0,188.944,219.257
2045,city,Alpine,Alpine,,,,,,Alpine,,,,,,,3411.0,9774.711,2.866,2073.0,80.0,332.0,1661.0,2491.244,54.0,26.0,148.0,184.0,872.0,309.0,223.0,257.0,3.0199999999999996,0.0,195.142,220.084
2046,city,Alpine,Alpine,,,,,,Alpine,,,,,,,3427.0,9787.037,2.856,2074.0,80.0,332.0,1662.0,2500.531,54.0,26.0,148.0,184.0,872.0,309.0,223.0,258.0,3.023,0.0,200.518,222.98999999999998
2047,city,Alpine,Alpine,,,,,,Alpine,,,,,,,3436.0,9778.601999999999,2.846,2074.0,80.0,332.0,1662.0,2482.072,54.0,26.0,148.0,184.0,872.0,309.0,223.0,258.0,3.0199999999999996,0.0,181.127,223.92499999999998
2048,city,Alpine,Alpine,,,,,,Alpine,,,,,,,3451.0,9795.195,2.838,2074.0,80.0,332.0,1662.0,2485.245,54.0,26.0,148.0,184.0,872.0,309.0,223.0,258.0,3.0149999999999997,0.0,183.238,224.99099999999999
2049,city,Alpine,Alpine,,,,,,Alpine,,,,,,,3463.0,9799.04,2.83,2074.0,80.0,332.0,1662.0,2485.469,54.0,26.0,148.0,184.0,872.0,309.0,223.0,258.0,3.013,0.0,182.496,225.96099999999998
2050,city,Alpine,Alpine,,,,,,Alpine,,,,,,,3488.0,9842.023,2.822,2074.0,80.0,332.0,1662.0,2524.383,54.0,26.0,148.0,184.0,872.0,309.0,223.0,258.0,3.025,0.0,221.375,225.984
2051,city,Alpine,Alpine,,,,,,Alpine,,,,,,,3525.0,9912.409,2.812,2075.0,81.0,332.0,1662.0,2554.426,55.0,26.0,148.0,184.0,872.0,309.0,223.0,258.0,3.03,0.0,248.388,228.00900000000001
2052,city,Alpine,Alpine,,,,,,Alpine,,,,,,,3621.0,10124.767,2.796,2075.0,81.0,332.0,1662.0,2700.909,55.0,26.0,148.0,184.0,872.0,309.0,223.0,258.0,2.027,0.0,389.853,234.03
2053,city,Alpine,Alpine,,,,,,Alpine,,,,,,,3660.0,10172.679,2.779,2075.0,81.0,332.0,1662.0,2568.92,55.0,26.0,148.0,184.0,872.0,309.0,223.0,258.0,2.025,0.0,254.75,237.14499999999998
2054,city,Alpine,Alpine,,,,,,Alpine,,,,,,,3669.0,10152.698,2.767,2096.0,85.0,334.0,1677.0,2676.0040000000004,59.0,26.0,150.0,184.0,872.0,314.0,226.0,265.0,2.024,0.0,339.898,238.083
2055,city,Alpine,Alpine,,,,,,Alpine,,,,,,,3669.0,10111.476999999999,2.756,2109.0,87.0,335.0,1687.0,2633.1459999999997,61.0,26.0,151.0,184.0,872.0,320.0,228.0,267.0,2.025,0.0,283.076,239.04500000000002
2056,city,Alpine,Alpine,,,,,,Alpine,,,,,,,3669.0,10068.571,2.744,2119.0,89.0,337.0,1693.0,2637.848,63.0,26.0,153.0,184.0,872.0,321.0,229.0,271.0,2.025,0.0,274.836,241.983
2057,city,Alpine,Alpine,,,,,,Alpine,,,,,,,3669.0,10097.880000000001,2.752,2138.0,93.0,338.0,1707.0,2670.6820000000002,67.0,26.0,154.0,184.0,872.0,325.0,232.0,278.0,2.026,0.0,287.721,242.935
2058,city,Alpine,Alpine,,,,,,Alpine,,,,,,,3669.0,10225.349,2.787,2151.0,95.0,338.0,1718.0,2690.327,69.0,26.0,154.0,184.0,872.0,328.0,235.0,283.0,2.027,0.0,291.355,245.944
2059,city,Alpine,Alpine,,,,,,Alpine,,,,,,,3669.0,10335.016,2.817,2162.0,97.0,338.0,1727.0,2695.145,70.0,27.0,154.0,184.0,872.0,329.0,235.0,291.0,2.027,0.0,282.068,249.049
2060,city,Alpine,Alpine,,,,,,Alpine,,,,,,,3669.0,10458.899000000001,2.851,2172.0,100.0,338.0,1734.0,2719.908,73.0,27.0,154.0,184.0,872.0,331.0,235.0,296.0,2.028,0.0,290.943,254.936
2061,city,Alpine,Alpine,,,,,,Alpine,,,,,,,3669.0,10599.598,2.889,2179.0,101.0,338.0,1740.0,2737.789,74.0,27.0,154.0,184.0,872.0,332.0,236.0,300.0,2.026,0.0,297.775,258.985
2062,city,Alpine,Alpine,,,,,,Alpine,,,,,,,3669.0,10723.189,2.923,2187.0,104.0,341.0,1742.0,2745.298,77.0,27.0,157.0,184.0,872.0,334.0,236.0,300.0,2.024,0.0,295.186,261.085
2063,city,Alpine,Alpine,,,,,,Alpine,,,,,,,3669.0,10848.378999999999,2.957,2194.0,106.0,342.0,1746.0,2770.592,78.0,28.0,158.0,184.0,872.0,335.0,237.0,302.0,2.024,0.0,305.532,269.036
2064,city,Alpine,Alpine,,,,,,Alpine,,,,,,,3669.0,10981.098,2.993,2194.0,106.0,342.0,1746.0,2780.48,78.0,28.0,158.0,184.0,872.0,335.0,237.0,302.0,2.025,0.0,311.38599999999997,273.071
2065,city,Alpine,Alpine,,,,,,Alpine,,,,,,,3669.0,11102.382,3.026,2197.0,106.0,342.0,1749.0,2781.426,78.0,28.0,158.0,184.0,872.0,335.0,239.0,303.0,2.027,0.0,307.472,274.92900000000003
2023,city,Alta,Alta,,,,,,Alta,,,,,,,175.3,253.2,1.444,188.1,103.3,0.0,84.8,188.1,0.0,103.3,0.0,0.0,0.0,37.2,0.0,47.6,0.0,0.0,0.0,0.0
2024,city,Alta,Alta,,,,,,Alta,,,,,,,176.4,254.3,1.442,190.7,105.4,0.0,85.3,190.7,0.0,105.4,0.0,0.0,0.0,37.3,0.0,48.0,0.0,0.0,0.0,0.0
2025,city,Alta,Alta,,,,,,Alta,,,,,,,177.5,255.4,1.439,191.3,105.7,0.0,85.6,191.3,0.0,105.7,0.0,0.0,0.0,37.3,0.0,48.3,0.0,0.0,0.0,0.0
2026,city,Alta,Alta,,,,,,Alta,,,,,,,178.6,256.5,1.436,191.7,105.9,0.0,85.8,191.7,0.0,105.9,0.0,0.0,0.0,37.4,0.0,48.4,0.0,0.0,0.0,0.0
2027,city,Alta,Alta,,,,,,Alta,,,,,,,179.7,257.6,1.434,192.4,106.2,0.0,86.2,192.4,0.0,106.2,0.0,0.0,0.0,37.7,0.0,48.5,0.0,0.0,0.0,0.0
2028,city,Alta,Alta,,,,,,Alta,,,,,,,180.8,258.7,1.431,193.2,106.6,0.0,86.6,193.2,0.0,106.6,0.0,0.0,0.0,37.9,0.0,48.7,0.0,0.0,0.0,0.0
2029,city,Alta,Alta,,,,,,Alta,,,,,,,181.9,259.8,1.428,194.3,107.2,0.0,87.1,194.3,0.0,107.2,0.0,0.0,0.0,38.1,0.0,49.0,0.0,0.0,0.0,0.0
2030,city,Alta,Alta,,,,,,Alta,,,,,,,183.1,260.9,1.425,195.8,108.5,0.0,87.3,195.8,0.0,108.5,0.0,0.0,0.0,38.3,0.0,49.0,0.0,0.0,0.0,0.0
2031,city,Alta,Alta,,,,,,Alta,,,,,,,184.3,262.0,1.422,195.5,107.9,0.0,87.6,195.5,0.0,107.9,0.0,0.0,0.0,38.5,0.0,49.1,0.0,0.0,0.0,0.0
2032,city,Alta,Alta,,,,,,Alta,,,,,,,185.5,263.1,1.418,195.6,107.8,0.0,87.8,195.6,0.0,107.8,0.0,0.0,0.0,38.6,0.0,49.2,0.0,0.0,0.0,0.0
2033,city,Alta,Alta,,,,,,Alta,,,,,,,186.7,264.2,1.415,195.7,107.7,0.0,88.0,195.7,0.0,107.7,0.0,0.0,0.0,38.7,0.0,49.3,0.0,0.0,0.0,0.0
2034,city,Alta,Alta,,,,,,Alta,,,,,,,187.9,265.2,1.411,196.2,107.9,0.0,88.3,196.2,0.0,107.9,0.0,0.0,0.0,38.9,0.0,49.4,0.0,0.0,0.0,0.0
2035,city,Alta,Alta,,,,,,Alta,,,,,,,189.1,266.2,1.408,196.6,108.1,0.0,88.5,196.6,0.0,108.1,0.0,0.0,0.0,39.0,0.0,49.5,0.0,0.0,0.0,0.0
2036,city,Alta,Alta,,,,,,Alta,,,,,,,190.3,267.2,1.404,197.0,108.2,0.0,88.8,197.0,0.0,108.2,0.0,0.0,0.0,39.1,0.0,49.7,0.0,0.0,0.0,0.0
2037,city,Alta,Alta,,,,,,Alta,,,,,,,191.4,268.2,1.401,197.7,108.5,0.0,89.2,197.7,0.0,108.5,0.0,0.0,0.0,39.3,0.0,49.9,0.0,0.0,0.0,0.0
2038,city,Alta,Alta,,,,,,Alta,,,,,,,192.5,269.2,1.398,197.9,108.4,0.0,89.5,197.9,0.0,108.4,0.0,0.0,0.0,39.4,0.0,50.1,0.0,0.0,0.0,0.0
2039,city,Alta,Alta,,,,,,Alta,,,,,,,193.6,270.2,1.396,198.1,108.4,0.0,89.7,198.1,0.0,108.4,0.0,0.0,0.0,39.5,0.0,50.2,0.0,0.0,0.0,0.0
2040,city,Alta,Alta,,,,,,Alta,,,,,,,194.7,271.2,1.393,198.4,108.4,0.0,90.0,198.4,0.0,108.4,0.0,0.0,0.0,39.6,0.0,50.4,0.0,0.0,0.0,0.0
2041,city,Alta,Alta,,,,,,Alta,,,,,,,195.9,272.2,1.389,199.1,108.8,0.0,90.3,199.1,0.0,108.8,0.0,0.0,0.0,39.7,0.0,50.6,0.0,0.0,0.0,0.0
2042,city,Alta,Alta,,,,,,Alta,,,,,,,197.1,273.1,1.386,199.8,109.2,0.0,90.6,199.8,0.0,109.2,0.0,0.0,0.0,39.8,0.0,50.8,0.0,0.0,0.0,0.0
2043,city,Alta,Alta,,,,,,Alta,,,,,,,198.2,274.0,1.382,200.6,109.7,0.0,90.9,200.6,0.0,109.7,0.0,0.0,0.0,39.9,0.0,51.0,0.0,0.0,0.0,0.0
2044,city,Alta,Alta,,,,,,Alta,,,,,,,199.3,274.9,1.379,201.4,110.2,0.0,91.2,201.4,0.0,110.2,0.0,0.0,0.0,40.0,0.0,51.2,0.0,0.0,0.0,0.0
2045,city,Alta,Alta,,,,,,Alta,,,,,,,200.3,275.8,1.377,202.2,110.8,0.0,91.4,202.2,0.0,110.8,0.0,0.0,0.0,40.1,0.0,51.3,0.0,0.0,0.0,0.0
2046,city,Alta,Alta,,,,,,Alta,,,,,,,201.3,276.7,1.375,202.9,111.3,0.0,91.6,202.9,0.0,111.3,0.0,0.0,0.0,40.2,0.0,51.4,0.0,0.0,0.0,0.0
2047,city,Alta,Alta,,,,,,Alta,,,,,,,202.3,277.5,1.372,203.8,112.0,0.0,91.8,203.8,0.0,112.0,0.0,0.0,0.0,40.3,0.0,51.5,0.0,0.0,0.0,0.0
2048,city,Alta,Alta,,,,,,Alta,,,,,,,203.2,278.3,1.37,204.7,112.7,0.0,92.0,204.7,0.0,112.7,0.0,0.0,0.0,40.4,0.0,51.6,0.0,0.0,0.0,0.0
2049,city,Alta,Alta,,,,,,Alta,,,,,,,204.1,279.1,1.367,205.5,113.3,0.0,92.2,205.5,0.0,113.3,0.0,0.0,0.0,40.5,0.0,51.7,0.0,0.0,0.0,0.0
2050,city,Alta,Alta,,,,,,Alta,,,,,,,205.0,279.9,1.365,206.2,113.7,0.0,92.5,206.2,0.0,113.7,0.0,0.0,0.0,40.7,0.0,51.8,0.0,0.0,0.0,0.0
2051,city,Alta,Alta,,,,,,Alta,,,,,,,205.9,280.7,1.363,206.7,114.0,0.0,92.7,206.7,0.0,114.0,0.0,0.0,0.0,40.8,0.0,51.9,0.0,0.0,0.0,0.0
2052,city,Alta,Alta,,,,,,Alta,,,,,,,206.8,281.4,1.361,207.1,114.2,0.0,92.9,207.1,0.0,114.2,0.0,0.0,0.0,40.9,0.0,52.0,0.0,0.0,0.0,0.0
2053,city,Alta,Alta,,,,,,Alta,,,,,,,207.7,282.1,1.358,207.5,114.4,0.0,93.1,207.5,0.0,114.4,0.0,0.0,0.0,41.0,0.0,52.1,0.0,0.0,0.0,0.0
2054,city,Alta,Alta,,,,,,Alta,,,,,,,208.6,282.8,1.356,207.9,114.6,0.0,93.3,207.9,0.0,114.6,0.0,0.0,0.0,41.1,0.0,52.2,0.0,0.0,0.0,0.0
2055,city,Alta,Alta,,,,,,Alta,,,,,,,209.5,283.5,1.353,208.3,114.8,0.0,93.5,208.3,0.0,114.8,0.0,0.0,0.0,41.2,0.0,52.3,0.0,0.0,0.0,0.0
2056,city,Alta,Alta,,,,,,Alta,,,,,,,210.4,284.2,1.351,208.7,115.0,0.0,93.7,208.7,0.0,115.0,0.0,0.0,0.0,41.3,0.0,52.4,0.0,0.0,0.0,0.0
2057,city,Alta,Alta,,,,,,Alta,,,,,,,211.3,284.9,1.348,209.1,115.2,0.0,93.9,209.1,0.0,115.2,0.0,0.0,0.0,41.4,0.0,52.5,0.0,0.0,0.0,0.0
2058,city,Alta,Alta,,,,,,Alta,,,,,,,212.2,285.5,1.345,209.5,115.4,0.0,94.1,209.5,0.0,115.4,0.0,0.0,0.0,41.5,0.0,52.6,0.0,0.0,0.0,0.0
2059,city,Alta,Alta,,,,,,Alta,,,,,,,213.1,286.1,1.343,209.8,115.6,0.0,94.2,209.8,0.0,115.6,0.0,0.0,0.0,41.6,0.0,52.6,0.0,0.0,0.0,0.0
2060,city,Alta,Alta,,,,,,Alta,,,,,,,214.1,286.7,1.339,210.2,115.8,0.0,94.4,210.2,0.0,115.8,0.0,0.0,0.0,41.8,0.0,52.6,0.0,0.0,0.0,0.0
2061,city,Alta,Alta,,,,,,Alta,,,,,,,0.0,0.0,0,0.0,0.0,0.0,0.0,0.0,0.0,0.0,0.0,0.0,0.0,0.0,0.0,0.0,0.0,0.0,0.0,0.0
2062,city,Alta,Alta,,,,,,Alta,,,,,,,0.0,0.0,0,0.0,0.0,0.0,0.0,0.0,0.0,0.0,0.0,0.0,0.0,0.0,0.0,0.0,0.0,0.0,0.0,0.0
2063,city,Alta,Alta,,,,,,Alta,,,,,,,0.0,0.0,0,0.0,0.0,0.0,0.0,0.0,0.0,0.0,0.0,0.0,0.0,0.0,0.0,0.0,0.0,0.0,0.0,0.0
2064,city,Alta,Alta,,,,,,Alta,,,,,,,0.0,0.0,0,0.0,0.0,0.0,0.0,0.0,0.0,0.0,0.0,0.0,0.0,0.0,0.0,0.0,0.0,0.0,0.0,0.0
2065,city,Alta,Alta,,,,,,Alta,,,,,,,0.0,0.0,0,0.0,0.0,0.0,0.0,0.0,0.0,0.0,0.0,0.0,0.0,0.0,0.0,0.0,0.0,0.0,0.0,0.0
2023,city,American Fork,American Fork,,,,,,American Fork,,,,,,,14381.0,43438.942,3.021,33944.0,7267.0,5388.0,21289.0,37661.988,4779.0,2488.0,1679.0,3709.0,8328.0,3015.0,2765.0,7181.0,46.368,25.565,2719.875,926.177
2024,city,American Fork,American Fork,,,,,,American Fork,,,,,,,15380.0,46525.054000000004,3.025,33903.0,7232.0,5445.0,21226.0,37942.258,4733.0,2499.0,1687.0,3758.0,8190.0,3045.0,2793.0,7198.0,41.328,27.971,3017.005,952.96
2025,city,American Fork,American Fork,,,,,,American Fork,,,,,,,16167.0,48720.514,3.014,34107.0,7260.0,5494.0,21353.0,38047.598,4753.0,2507.0,1700.0,3794.0,8236.0,3069.0,2814.0,7234.0,41.317,27.884,2799.565,1071.834
2026,city,American Fork,American Fork,,,,,,American Fork,,,,,,,16713.0,49966.417,2.99,34211.0,7269.0,5502.0,21440.0,38209.624,4755.0,2514.0,1706.0,3796.0,8236.0,3091.0,2846.0,7267.0,42.324,28.87,2826.96,1100.469
2027,city,American Fork,American Fork,,,,,,American Fork,,,,,,,17203.0,51008.974,2.965,34295.0,7287.0,5507.0,21501.0,38288.682,4767.0,2520.0,1710.0,3797.0,8223.0,3110.0,2876.0,7292.0,41.335,29.536,2797.402,1125.402
2028,city,American Fork,American Fork,,,,,,American Fork,,,,,,,17880.0,52670.835,2.946,34409.0,7302.0,5538.0,21569.0,39213.532999999996,4777.0,2525.0,1714.0,3824.0,8240.0,3128.0,2878.0,7323.0,39.278999999999996,28.348,3577.229,1159.673
2029,city,American Fork,American Fork,,,,,,American Fork,,,,,,,18602.0,54425.945,2.926,34570.0,7313.0,5573.0,21684.0,39142.1,4787.0,2526.0,1724.0,3849.0,8290.0,3136.0,2899.0,7359.0,36.297,26.783,3309.538,1199.474
2030,city,American Fork,American Fork,,,,,,American Fork,,,,,,,19211.0,55712.211,2.9,34630.0,7316.0,5585.0,21729.0,38588.043,4789.0,2527.0,1726.0,3859.0,8286.0,3141.0,2909.0,7393.0,34.37,26.348,2663.251,1234.074
2031,city,American Fork,American Fork,,,,,,American Fork,,,,,,,19713.0,56672.072,2.875,34776.0,7332.0,5645.0,21799.0,38966.733,4810.0,2522.0,1733.0,3912.0,8284.0,3146.0,2920.0,7449.0,33.33,26.551,2872.854,1258.001
2032,city,American Fork,American Fork,,,,,,American Fork,,,,,,,20190.0,57654.854999999996,2.856,34864.0,7353.0,5652.0,21859.0,39157.123,4830.0,2523.0,1736.0,3916.0,8284.0,3147.0,2935.0,7493.0,31.317,27.884,2948.119,1285.802
2033,city,American Fork,American Fork,,,,,,American Fork,,,,,,,20542.0,58293.557,2.838,34975.0,7381.0,5658.0,21936.0,39192.69,4853.0,2528.0,1742.0,3916.0,8284.0,3149.0,2949.0,7554.0,31.19,29.246,2847.27,1309.986
2034,city,American Fork,American Fork,,,,,,American Fork,,,,,,,20835.0,58775.833,2.821,35140.0,7420.0,5664.0,22056.0,39426.018,4870.0,2550.0,1748.0,3916.0,8284.0,3152.0,2976.0,7644.0,29.318999999999996,30.435,2880.221,1346.046
2035,city,American Fork,American Fork,,,,,,American Fork,,,,,,,21049.0,59097.424,2.808,35086.0,7362.0,5616.0,22108.0,39574.157,4878.0,2484.0,1756.0,3860.0,8338.0,3141.0,3043.0,7586.0,28.277,30.87,3085.788,1343.222
2036,city,American Fork,American Fork,,,,,,American Fork,,,,,,,21293.0,59574.99,2.798,35309.0,7418.0,5615.0,22276.0,39685.953,4913.0,2505.0,1768.0,3847.0,8333.0,3145.0,3122.0,7676.0,26.227999999999998,30.667,2955.846,1364.214
2037,city,American Fork,American Fork,,,,,,American Fork,,,,,,,21440.0,59752.76,2.787,35503.0,7447.0,5605.0,22451.0,39409.54,4934.0,2513.0,1757.0,3848.0,8359.0,3166.0,3184.0,7742.0,26.186999999999998,30.406,2477.127,1372.815
2038,city,American Fork,American Fork,,,,,,American Fork,,,,,,,21634.0,60054.554,2.776,35680.0,7479.0,5614.0,22587.0,39730.531,4959.0,2520.0,1766.0,3848.0,8359.0,3173.0,3225.0,7830.0,24.264,30.348,2610.305,1385.619
2039,city,American Fork,American Fork,,,,,,American Fork,,,,,,,21839.0,60459.723,2.768,35825.0,7511.0,5623.0,22691.0,39865.734,4986.0,2525.0,1775.0,3848.0,8356.0,3190.0,3244.0,7901.0,24.237,30.348,2583.787,1402.363
2040,city,American Fork,American Fork,,,,,,American Fork,,,,,,,22033.0,60755.715,2.757,35982.0,7537.0,5631.0,22814.0,39921.092,5007.0,2530.0,1783.0,3848.0,8356.0,3210.0,3290.0,7958.0,24.211,30.348,2470.776,1413.76
2041,city,American Fork,American Fork,,,,,,American Fork,,,,,,,22211.0,61074.564,2.75,36124.0,7566.0,5642.0,22916.0,39957.25,5036.0,2530.0,1794.0,3848.0,8356.0,3226.0,3324.0,8010.0,24.215999999999998,30.493,2349.6530000000002,1428.89
2042,city,American Fork,American Fork,,,,,,American Fork,,,,,,,22396.0,61362.092000000004,2.74,36240.0,7582.0,5649.0,23009.0,40053.177,5049.0,2533.0,1801.0,3848.0,8356.0,3244.0,3348.0,8061.0,23.224,30.783,2318.766,1440.404
2043,city,American Fork,American Fork,,,,,,American Fork,,,,,,,22588.0,61679.084,2.731,36406.0,7623.0,5660.0,23123.0,40355.836,5084.0,2539.0,1816.0,3844.0,8354.0,3271.0,3391.0,8107.0,22.177,31.043,2438.913,1457.695
2044,city,American Fork,American Fork,,,,,,American Fork,,,,,,,22789.0,62057.214,2.723,36526.0,7640.0,5664.0,23222.0,40292.942,5096.0,2544.0,1820.0,3844.0,8346.0,3300.0,3423.0,8153.0,22.176000000000002,31.014,2241.034,1472.719
2045,city,American Fork,American Fork,,,,,,American Fork,,,,,,,22931.0,62226.797,2.714,36678.0,7669.0,5669.0,23340.0,40197.142,5116.0,2553.0,1825.0,3844.0,8346.0,3319.0,3479.0,8196.0,22.148,30.928,1985.511,1480.563
2046,city,American Fork,American Fork,,,,,,American Fork,,,,,,,23049.0,62348.7,2.705,36807.0,7694.0,5676.0,23437.0,40526.013,5136.0,2558.0,1832.0,3844.0,8346.0,3345.0,3512.0,8234.0,21.163,30.928,2175.984,1490.947
2047,city,American Fork,American Fork,,,,,,American Fork,,,,,,,23194.0,62542.886,2.697,36918.0,7713.0,5679.0,23526.0,40442.184,5150.0,2563.0,1835.0,3844.0,8346.0,3372.0,3552.0,8256.0,19.128,31.101,1976.449,1497.51
2048,city,American Fork,American Fork,,,,,,American Fork,,,,,,,23307.0,62678.55,2.689,37007.0,7731.0,5684.0,23592.0,40546.279,5165.0,2566.0,1840.0,3844.0,8346.0,3394.0,3578.0,8274.0,18.089999999999996,31.42,1981.825,1507.95
2049,city,American Fork,American Fork,,,,,,American Fork,,,,,,,23396.0,62751.985,2.682,37104.0,7748.0,5687.0,23669.0,40736.657,5181.0,2567.0,1843.0,3844.0,8346.0,3412.0,3603.0,8308.0,19.08,31.71,2065.132,1516.737
2050,city,American Fork,American Fork,,,,,,American Fork,,,,,,,23477.0,62748.119,2.673,37355.0,7809.0,5692.0,23854.0,41518.495,5234.0,2575.0,1849.0,3843.0,8346.0,3472.0,3674.0,8362.0,20.166,32.029,2588.401,1522.897
2051,city,American Fork,American Fork,,,,,,American Fork,,,,,,,23543.0,62697.547,2.663,37662.0,7871.0,5698.0,24093.0,41536.248,5286.0,2585.0,1864.0,3834.0,8346.0,3545.0,3742.0,8460.0,21.211000000000002,32.29,2291.691,1529.05
2052,city,American Fork,American Fork,,,,,,American Fork,,,,,,,23603.0,62606.068,2.652,37939.0,7907.0,5706.0,24326.0,41672.491,5325.0,2582.0,1872.0,3834.0,8346.0,3616.0,3825.0,8539.0,24.32,32.551,2142.419,1534.198
2053,city,American Fork,American Fork,,,,,,American Fork,,,,,,,23759.0,62770.890999999996,2.642,38204.0,7961.0,5716.0,24527.0,42597.532,5369.0,2592.0,1882.0,3834.0,8346.0,3676.0,3895.0,8610.0,24.304,32.899,2790.389,1545.937
2054,city,American Fork,American Fork,,,,,,American Fork,,,,,,,24187.0,63565.223,2.628,38479.0,8009.0,5729.0,24741.0,43444.732,5409.0,2600.0,1895.0,3834.0,8346.0,3754.0,3971.0,8670.0,24.288,33.13,3329.772,1578.543
2055,city,American Fork,American Fork,,,,,,American Fork,,,,,,,24335.0,63687.608,2.617,38739.0,8058.0,5733.0,24948.0,43596.933,5452.0,2606.0,1901.0,3832.0,8346.0,3823.0,4040.0,8739.0,24.302999999999997,33.217,3206.12,1594.297
2056,city,American Fork,American Fork,,,,,,American Fork,,,,,,,24361.0,63493.976,2.606,39017.0,8108.0,5709.0,25200.0,43984.65,5494.0,2614.0,1892.0,3817.0,8346.0,3897.0,4126.0,8831.0,24.302999999999997,33.014,3314.429,1595.905
2057,city,American Fork,American Fork,,,,,,American Fork,,,,,,,24364.0,63685.755,2.614,39300.0,8151.0,5689.0,25460.0,44147.702,5530.0,2621.0,1887.0,3802.0,8345.0,3976.0,4216.0,8923.0,24.313,32.435,3182.375,1608.574
2058,city,American Fork,American Fork,,,,,,American Fork,,,,,,,24368.0,64478.39,2.646,39489.0,8196.0,5607.0,25686.0,44442.630000000005,5571.0,2625.0,1852.0,3755.0,8343.0,4048.0,4292.0,9003.0,24.321,31.884,3258.802,1638.62
2059,city,American Fork,American Fork,,,,,,American Fork,,,,,,,24373.0,65145.932,2.673,39711.0,8263.0,5491.0,25957.0,44855.126,5626.0,2637.0,1800.0,3691.0,8338.0,4119.0,4399.0,9101.0,24.327,31.478,3425.993,1662.335
2060,city,American Fork,American Fork,,,,,,American Fork,,,,,,,24394.0,65947.186,2.703,40023.0,8332.0,5501.0,26190.0,45053.837,5679.0,2653.0,1810.0,3691.0,8338.0,4170.0,4482.0,9200.0,24.335,31.275,3280.655,1694.5720000000001
2061,city,American Fork,American Fork,,,,,,American Fork,,,,,,,24401.0,66831.095,2.739,40292.0,8389.0,5509.0,26394.0,45394.476,5725.0,2664.0,1818.0,3691.0,8338.0,4225.0,4563.0,9268.0,24.311999999999998,31.13,3322.127,1724.908
2062,city,American Fork,American Fork,,,,,,American Fork,,,,,,,24455.0,67707.092,2.769,40503.0,8476.0,5416.0,26611.0,46013.277,5794.0,2682.0,1781.0,3635.0,8325.0,4267.0,4646.0,9373.0,24.289,31.043,3704.3759999999997,1750.566
2063,city,American Fork,American Fork,,,,,,American Fork,,,,,,,24460.0,68480.499,2.8,40815.0,8539.0,5420.0,26856.0,46089.082,5851.0,2688.0,1785.0,3635.0,8325.0,4325.0,4720.0,9486.0,24.288,30.957,3442.603,1776.237
2064,city,American Fork,American Fork,,,,,,American Fork,,,,,,,24488.0,69343.164,2.832,41096.0,8598.0,5430.0,27068.0,46551.851,5906.0,2692.0,1795.0,3635.0,8325.0,4385.0,4787.0,9571.0,24.302999999999997,30.899,3588.178,1812.472
2065,city,American Fork,American Fork,,,,,,American Fork,,,,,,,24493.0,70103.221,2.862,41410.0,8661.0,5434.0,27315.0,46770.046,5954.0,2707.0,1799.0,3635.0,8325.0,4451.0,4874.0,9665.0,24.321,30.841,3464.355,1840.531
2023,city,Balance of BOX ELDER,Balance of BOX ELDER,,,,,,Balance of BOX ELDER,,,,,,,55.0,183.0,3.327,25.0,0.0,24.0,1.0,31.0,0.0,0.0,24.0,0.0,1.0,0.0,0.0,0.0,0.0,0.0,4.0,2.0
2024,city,Balance of BOX ELDER,Balance of BOX ELDER,,,,,,Balance of BOX ELDER,,,,,,,55.0,184.0,3.345,23.0,0.0,22.0,1.0,29.0,0.0,0.0,22.0,0.0,1.0,0.0,0.0,0.0,0.0,0.0,4.0,2.0
2025,city,Balance of BOX ELDER,Balance of BOX ELDER,,,,,,Balance of BOX ELDER,,,,,,,56.0,186.0,3.321,24.0,0.0,23.0,1.0,30.0,0.0,0.0,23.0,0.0,1.0,0.0,0.0,0.0,0.0,0.0,4.0,2.0
2026,city,Balance of BOX ELDER,Balance of BOX ELDER,,,,,,Balance of BOX ELDER,,,,,,,58.0,187.0,3.224,24.0,0.0,23.0,1.0,30.0,0.0,0.0,23.0,0.0,1.0,0.0,0.0,0.0,0.0,0.0,4.0,2.0
2027,city,Balance of BOX ELDER,Balance of BOX ELDER,,,,,,Balance of BOX ELDER,,,,,,,58.0,188.0,3.241,24.0,0.0,23.0,1.0,30.0,0.0,0.0,23.0,0.0,1.0,0.0,0.0,0.0,0.0,0.0,4.0,2.0
2028,city,Balance of BOX ELDER,Balance of BOX ELDER,,,,,,Balance of BOX ELDER,,,,,,,59.0,189.0,3.203,24.0,0.0,23.0,1.0,31.0,0.0,0.0,23.0,0.0,1.0,0.0,0.0,0.0,0.0,0.0,5.0,2.0
2029,city,Balance of BOX ELDER,Balance of BOX ELDER,,,,,,Balance of BOX ELDER,,,,,,,62.0,191.0,3.081,24.0,0.0,23.0,1.0,31.0,0.0,0.0,23.0,0.0,1.0,0.0,0.0,0.0,0.0,0.0,5.0,2.0
2030,city,Balance of BOX ELDER,Balance of BOX ELDER,,,,,,Balance of BOX ELDER,,,,,,,63.0,193.0,3.063,25.0,0.0,24.0,1.0,32.0,0.0,0.0,24.0,0.0,1.0,0.0,0.0,0.0,0.0,0.0,5.0,2.0
2031,city,Balance of BOX ELDER,Balance of BOX ELDER,,,,,,Balance of BOX ELDER,,,,,,,64.0,195.0,3.047,25.0,0.0,24.0,1.0,32.0,0.0,0.0,24.0,0.0,1.0,0.0,0.0,0.0,0.0,0.0,5.0,2.0
2032,city,Balance of BOX ELDER,Balance of BOX ELDER,,,,,,Balance of BOX ELDER,,,,,,,65.0,197.0,3.031,26.0,0.0,25.0,1.0,34.0,0.0,0.0,25.0,0.0,1.0,0.0,0.0,0.0,0.0,0.0,6.0,2.0
2033,city,Balance of BOX ELDER,Balance of BOX ELDER,,,,,,Balance of BOX ELDER,,,,,,,66.0,198.0,3.0,26.0,0.0,25.0,1.0,34.0,0.0,0.0,25.0,0.0,1.0,0.0,0.0,0.0,0.0,0.0,6.0,2.0
2034,city,Balance of BOX ELDER,Balance of BOX ELDER,,,,,,Balance of BOX ELDER,,,,,,,67.0,199.0,2.97,26.0,0.0,25.0,1.0,34.0,0.0,0.0,25.0,0.0,1.0,0.0,0.0,0.0,0.0,0.0,6.0,2.0
2035,city,Balance of BOX ELDER,Balance of BOX ELDER,,,,,,Balance of BOX ELDER,,,,,,,68.0,202.0,2.971,26.0,0.0,25.0,1.0,34.0,0.0,0.0,25.0,0.0,1.0,0.0,0.0,0.0,0.0,0.0,6.0,2.0
2036,city,Balance of BOX ELDER,Balance of BOX ELDER,,,,,,Balance of BOX ELDER,,,,,,,69.0,203.0,2.942,26.0,0.0,25.0,1.0,34.0,0.0,0.0,25.0,0.0,1.0,0.0,0.0,0.0,0.0,0.0,6.0,2.0
2037,city,Balance of BOX ELDER,Balance of BOX ELDER,,,,,,Balance of BOX ELDER,,,,,,,71.0,206.0,2.901,27.0,0.0,26.0,1.0,35.0,0.0,0.0,26.0,0.0,1.0,0.0,0.0,0.0,0.0,0.0,6.0,2.0
2038,city,Balance of BOX ELDER,Balance of BOX ELDER,,,,,,Balance of BOX ELDER,,,,,,,71.0,207.0,2.915,27.0,0.0,26.0,1.0,35.0,0.0,0.0,26.0,0.0,1.0,0.0,0.0,0.0,0.0,0.0,6.0,2.0
2039,city,Balance of BOX ELDER,Balance of BOX ELDER,,,,,,Balance of BOX ELDER,,,,,,,72.0,209.0,2.903,27.0,0.0,26.0,1.0,35.0,0.0,0.0,26.0,0.0,1.0,0.0,0.0,0.0,0.0,0.0,6.0,2.0
2040,city,Balance of BOX ELDER,Balance of BOX ELDER,,,,,,Balance of BOX ELDER,,,,,,,74.0,213.0,2.878,27.0,0.0,26.0,1.0,35.0,0.0,0.0,26.0,0.0,1.0,0.0,0.0,0.0,0.0,0.0,6.0,2.0
2041,city,Balance of BOX ELDER,Balance of BOX ELDER,,,,,,Balance of BOX ELDER,,,,,,,75.0,216.0,2.88,28.0,0.0,27.0,1.0,36.0,0.0,0.0,27.0,0.0,1.0,0.0,0.0,0.0,0.0,0.0,6.0,2.0
2042,city,Balance of BOX ELDER,Balance of BOX ELDER,,,,,,Balance of BOX ELDER,,,,,,,76.0,217.0,2.855,28.0,0.0,27.0,1.0,36.0,0.0,0.0,27.0,0.0,1.0,0.0,0.0,0.0,0.0,0.0,6.0,2.0
2043,city,Balance of BOX ELDER,Balance of BOX ELDER,,,,,,Balance of BOX ELDER,,,,,,,79.0,219.0,2.772,28.0,0.0,27.0,1.0,36.0,0.0,0.0,27.0,0.0,1.0,0.0,0.0,0.0,0.0,0.0,6.0,2.0
2044,city,Balance of BOX ELDER,Balance of BOX ELDER,,,,,,Balance of BOX ELDER,,,,,,,80.0,221.0,2.763,28.0,0.0,27.0,1.0,36.0,0.0,0.0,27.0,0.0,1.0,0.0,0.0,0.0,0.0,0.0,6.0,2.0
2045,city,Balance of BOX ELDER,Balance of BOX ELDER,,,,,,Balance of BOX ELDER,,,,,,,81.0,223.0,2.753,28.0,0.0,27.0,1.0,36.0,0.0,0.0,27.0,0.0,1.0,0.0,0.0,0.0,0.0,0.0,6.0,2.0
2046,city,Balance of BOX ELDER,Balance of BOX ELDER,,,,,,Balance of BOX ELDER,,,,,,,82.0,226.0,2.756,28.0,0.0,27.0,1.0,36.0,0.0,0.0,27.0,0.0,1.0,0.0,0.0,0.0,0.0,0.0,6.0,2.0
2047,city,Balance of BOX ELDER,Balance of BOX ELDER,,,,,,Balance of BOX ELDER,,,,,,,83.0,229.0,2.759,28.0,0.0,27.0,1.0,36.0,0.0,0.0,27.0,0.0,1.0,0.0,0.0,0.0,0.0,0.0,6.0,2.0
2048,city,Balance of BOX ELDER,Balance of BOX ELDER,,,,,,Balance of BOX ELDER,,,,,,,84.0,231.0,2.75,29.0,0.0,28.0,1.0,37.0,0.0,0.0,28.0,0.0,1.0,0.0,0.0,0.0,0.0,0.0,6.0,2.0
2049,city,Balance of BOX ELDER,Balance of BOX ELDER,,,,,,Balance of BOX ELDER,,,,,,,86.0,235.0,2.733,29.0,0.0,28.0,1.0,37.0,0.0,0.0,28.0,0.0,1.0,0.0,0.0,0.0,0.0,0.0,6.0,2.0
2050,city,Balance of BOX ELDER,Balance of BOX ELDER,,,,,,Balance of BOX ELDER,,,,,,,87.0,237.0,2.724,29.0,0.0,28.0,1.0,37.0,0.0,0.0,28.0,0.0,1.0,0.0,0.0,0.0,0.0,0.0,6.0,2.0
2051,city,Balance of BOX ELDER,Balance of BOX ELDER,,,,,,Balance of BOX ELDER,,,,,,,88.0,240.0,2.727,29.0,0.0,28.0,1.0,37.0,0.0,0.0,28.0,0.0,1.0,0.0,0.0,0.0,0.0,0.0,6.0,2.0
2052,city,Balance of BOX ELDER,Balance of BOX ELDER,,,,,,Balance of BOX ELDER,,,,,,,90.0,241.0,2.678,29.0,0.0,28.0,1.0,37.0,0.0,0.0,28.0,0.0,1.0,0.0,0.0,0.0,0.0,0.0,6.0,2.0
2053,city,Balance of BOX ELDER,Balance of BOX ELDER,,,,,,Balance of BOX ELDER,,,,,,,90.0,245.0,2.722,30.0,0.0,29.0,1.0,38.0,0.0,0.0,29.0,0.0,1.0,0.0,0.0,0.0,0.0,0.0,6.0,2.0
2054,city,Balance of BOX ELDER,Balance of BOX ELDER,,,,,,Balance of BOX ELDER,,,,,,,92.0,246.0,2.674,30.0,0.0,29.0,1.0,39.0,0.0,0.0,29.0,0.0,1.0,0.0,0.0,0.0,0.0,0.0,7.0,2.0
2055,city,Balance of BOX ELDER,Balance of BOX ELDER,,,,,,Balance of BOX ELDER,,,,,,,95.0,248.0,2.611,30.0,0.0,29.0,1.0,39.0,0.0,0.0,29.0,0.0,1.0,0.0,0.0,0.0,0.0,0.0,7.0,2.0
2056,city,Balance of BOX ELDER,Balance of BOX ELDER,,,,,,Balance of BOX ELDER,,,,,,,96.0,250.0,2.604,30.0,0.0,29.0,1.0,39.0,0.0,0.0,29.0,0.0,1.0,0.0,0.0,0.0,0.0,0.0,7.0,2.0
2057,city,Balance of BOX ELDER,Balance of BOX ELDER,,,,,,Balance of BOX ELDER,,,,,,,98.0,253.0,2.582,30.0,0.0,29.0,1.0,39.0,0.0,0.0,29.0,0.0,1.0,0.0,0.0,0.0,0.0,0.0,7.0,2.0
2058,city,Balance of BOX ELDER,Balance of BOX ELDER,,,,,,Balance of BOX ELDER,,,,,,,98.0,256.0,2.612,30.0,0.0,29.0,1.0,39.0,0.0,0.0,29.0,0.0,1.0,0.0,0.0,0.0,0.0,0.0,7.0,2.0
2059,city,Balance of BOX ELDER,Balance of BOX ELDER,,,,,,Balance of BOX ELDER,,,,,,,99.0,257.0,2.596,30.0,0.0,29.0,1.0,39.0,0.0,0.0,29.0,0.0,1.0,0.0,0.0,0.0,0.0,0.0,7.0,2.0
2060,city,Balance of BOX ELDER,Balance of BOX ELDER,,,,,,Balance of BOX ELDER,,,,,,,101.0,260.0,2.574,30.0,0.0,29.0,1.0,40.0,0.0,0.0,29.0,0.0,1.0,0.0,0.0,0.0,0.0,0.0,8.0,2.0
2061,city,Balance of BOX ELDER,Balance of BOX ELDER,,,,,,Balance of BOX ELDER,,,,,,,102.0,262.0,2.569,30.0,0.0,29.0,1.0,42.0,0.0,0.0,29.0,0.0,1.0,0.0,0.0,0.0,0.0,0.0,8.0,4.0
2062,city,Balance of BOX ELDER,Balance of BOX ELDER,,,,,,Balance of BOX ELDER,,,,,,,103.0,265.0,2.573,30.0,0.0,29.0,1.0,40.0,0.0,0.0,29.0,0.0,1.0,0.0,0.0,0.0,0.0,0.0,8.0,2.0
2063,city,Balance of BOX ELDER,Balance of BOX ELDER,,,,,,Balance of BOX ELDER,,,,,,,105.0,266.0,2.533,30.0,0.0,29.0,1.0,40.0,0.0,0.0,29.0,0.0,1.0,0.0,0.0,0.0,0.0,0.0,8.0,2.0
2064,city,Balance of BOX ELDER,Balance of BOX ELDER,,,,,,Balance of BOX ELDER,,,,,,,105.0,269.0,2.562,31.0,0.0,30.0,1.0,41.0,0.0,0.0,30.0,0.0,1.0,0.0,0.0,0.0,0.0,0.0,8.0,2.0
2065,city,Balance of BOX ELDER,Balance of BOX ELDER,,,,,,Balance of BOX ELDER,,,,,,,106.0,270.0,2.547,31.0,0.0,30.0,1.0,41.0,0.0,0.0,30.0,0.0,1.0,0.0,0.0,0.0,0.0,0.0,8.0,2.0
2023,city,Benjamin,Benjamin,,,,,,Benjamin,,,,,,,315.0,1000.683,3.177,107.0,14.0,5.0,88.0,250.065,14.0,0.0,4.0,1.0,8.0,37.0,2.0,41.0,78.624,0.0,45.422,19.020999999999997
2024,city,Benjamin,Benjamin,,,,,,Benjamin,,,,,,,362.0,1148.11,3.172,111.0,15.0,5.0,91.0,220.65300000000002,15.0,0.0,4.0,1.0,8.0,39.0,3.0,41.0,78.624,0.0,8.986,22.044
2025,city,Benjamin,Benjamin,,,,,,Benjamin,,,,,,,396.0,1220.382,3.082,112.0,15.0,5.0,92.0,243.819,15.0,0.0,4.0,1.0,8.0,39.0,4.0,41.0,78.6,0.0,28.176000000000002,25.047
2026,city,Benjamin,Benjamin,,,,,,Benjamin,,,,,,,437.0,1330.3700000000001,3.044,115.0,15.0,7.0,93.0,253.359,15.0,0.0,6.0,1.0,8.0,39.0,4.0,42.0,80.616,0.0,29.732999999999997,28.005
2027,city,Benjamin,Benjamin,,,,,,Benjamin,,,,,,,461.0,1397.772,3.032,119.0,16.0,8.0,95.0,250.018,16.0,0.0,6.0,2.0,8.0,39.0,5.0,43.0,80.66000000000001,0.0,21.325,29.031
2028,city,Benjamin,Benjamin,,,,,,Benjamin,,,,,,,500.0,1520.1589999999999,3.04,123.0,17.0,9.0,97.0,258.132,17.0,0.0,7.0,2.0,8.0,40.0,5.0,44.0,80.58,0.0,22.509,32.038999999999994
2029,city,Benjamin,Benjamin,,,,,,Benjamin,,,,,,,521.0,1568.8519999999999,3.011,127.0,17.0,9.0,101.0,263.22700000000003,17.0,0.0,7.0,2.0,8.0,40.0,8.0,45.0,80.664,0.0,22.514,33.036
2030,city,Benjamin,Benjamin,,,,,,Benjamin,,,,,,,526.0,1574.867,2.994,128.0,17.0,10.0,101.0,264.736,17.0,0.0,8.0,2.0,8.0,40.0,8.0,45.0,80.867,0.0,22.837,33.031
2031,city,Benjamin,Benjamin,,,,,,Benjamin,,,,,,,540.0,1596.2720000000002,2.956,131.0,17.0,11.0,103.0,270.806,17.0,0.0,9.0,2.0,8.0,41.0,8.0,46.0,80.8,0.0,24.974,34.031
2032,city,Benjamin,Benjamin,,,,,,Benjamin,,,,,,,547.0,1603.679,2.932,133.0,17.0,12.0,104.0,275.603,17.0,0.0,10.0,2.0,8.0,41.0,8.0,47.0,80.824,0.0,26.78,34.998
2033,city,Benjamin,Benjamin,,,,,,Benjamin,,,,,,,552.0,1605.706,2.909,134.0,18.0,12.0,104.0,279.084,18.0,0.0,10.0,2.0,8.0,41.0,8.0,47.0,82.512,0.0,27.546,35.031
2034,city,Benjamin,Benjamin,,,,,,Benjamin,,,,,,,556.0,1607.831,2.892,135.0,19.0,12.0,104.0,284.551,19.0,0.0,10.0,2.0,8.0,41.0,8.0,47.0,83.90899999999999,0.0,30.616999999999997,35.032
2035,city,Benjamin,Benjamin,,,,,,Benjamin,,,,,,,560.0,1614.2359999999999,2.883,134.0,19.0,12.0,103.0,338.651,19.0,0.0,10.0,2.0,8.0,40.0,8.0,47.0,82.8,0.0,86.81700000000001,35.034
2036,city,Benjamin,Benjamin,,,,,,Benjamin,,,,,,,575.0,1657.2579999999998,2.882,137.0,19.0,15.0,103.0,406.461,19.0,0.0,13.0,2.0,8.0,40.0,8.0,47.0,82.713,0.0,150.71699999999998,36.034
2037,city,Benjamin,Benjamin,,,,,,Benjamin,,,,,,,598.0,1684.624,2.817,141.0,24.0,11.0,106.0,359.34999999999997,23.0,1.0,10.0,1.0,8.0,42.0,7.0,49.0,81.592,0.0,97.735,39.031
2038,city,Benjamin,Benjamin,,,,,,Benjamin,,,,,,,623.0,1749.107,2.808,141.0,24.0,11.0,106.0,399.549,23.0,1.0,10.0,1.0,8.0,42.0,7.0,49.0,81.88799999999999,0.0,135.649,41.01
2039,city,Benjamin,Benjamin,,,,,,Benjamin,,,,,,,667.0,1864.304,2.795,142.0,24.0,12.0,106.0,510.469,23.0,1.0,11.0,1.0,8.0,42.0,7.0,49.0,82.8,0.0,240.656,45.01
2040,city,Benjamin,Benjamin,,,,,,Benjamin,,,,,,,753.0,2117.989,2.813,143.0,24.0,12.0,107.0,766.638,23.0,1.0,11.0,1.0,8.0,42.0,7.0,50.0,78.678,0.0,494.971,49.994
2041,city,Benjamin,Benjamin,,,,,,Benjamin,,,,,,,855.0,2421.222,2.832,143.0,24.0,12.0,107.0,841.8530000000001,23.0,1.0,11.0,1.0,8.0,42.0,7.0,50.0,77.693,0.0,567.133,54.036
2042,city,Benjamin,Benjamin,,,,,,Benjamin,,,,,,,1023.0,2902.339,2.837,254.0,46.0,25.0,183.0,1287.7079999999999,40.0,6.0,24.0,1.0,8.0,78.0,15.0,82.0,74.708,0.0,891.939,67.067
2043,city,Benjamin,Benjamin,,,,,,Benjamin,,,,,,,1266.0,3582.723,2.83,341.0,68.0,39.0,234.0,1385.191,59.0,9.0,38.0,1.0,8.0,98.0,20.0,108.0,71.575,0.0,891.571,81.034
2044,city,Benjamin,Benjamin,,,,,,Benjamin,,,,,,,1492.0,4231.2210000000005,2.836,403.0,80.0,43.0,280.0,1205.236,70.0,10.0,42.0,1.0,8.0,120.0,24.0,128.0,66.526,0.0,640.606,95.11
2045,city,Benjamin,Benjamin,,,,,,Benjamin,,,,,,,1793.0,5067.126,2.826,468.0,95.0,54.0,319.0,1836.186,82.0,13.0,53.0,1.0,8.0,136.0,31.0,144.0,62.408,0.0,1188.734,117.045
2046,city,Benjamin,Benjamin,,,,,,Benjamin,,,,,,,2205.0,6273.652,2.845,549.0,111.0,65.0,373.0,2333.255,93.0,18.0,64.0,1.0,8.0,162.0,38.0,165.0,52.398,0.0,1587.865,143.999
2047,city,Benjamin,Benjamin,,,,,,Benjamin,,,,,,,2650.0,7536.124,2.844,622.0,126.0,73.0,423.0,2026.321,107.0,19.0,72.0,1.0,8.0,189.0,45.0,181.0,49.324,0.0,1185.057,169.945
2048,city,Benjamin,Benjamin,,,,,,Benjamin,,,,,,,3231.0,9153.582,2.833,663.0,131.0,77.0,455.0,2740.634,112.0,19.0,76.0,1.0,8.0,208.0,48.0,191.0,37.184999999999995,0.0,1832.458,207.99599999999998
2049,city,Benjamin,Benjamin,,,,,,Benjamin,,,,,,,3848.0,10916.27,2.837,706.0,136.0,84.0,486.0,2778.81,116.0,20.0,83.0,1.0,8.0,228.0,52.0,198.0,22.093,0.0,1802.762,247.956
2050,city,Benjamin,Benjamin,,,,,,Benjamin,,,,,,,4491.0,12695.554,2.827,691.0,135.0,88.0,468.0,2473.782,116.0,19.0,87.0,1.0,8.0,214.0,51.0,195.0,8.065999999999999,0.0,1482.737,291.979
2051,city,Benjamin,Benjamin,,,,,,Benjamin,,,,,,,5006.0,14076.441,2.812,716.0,142.0,91.0,483.0,2013.306,120.0,22.0,90.0,1.0,8.0,223.0,51.0,201.0,2.02,0.0,969.274,326.011
2052,city,Benjamin,Benjamin,,,,,,Benjamin,,,,,,,5383.0,15038.356,2.794,736.0,143.0,94.0,499.0,1451.934,121.0,22.0,93.0,1.0,8.0,232.0,52.0,207.0,1.013,0.0,363.877,351.047
2053,city,Benjamin,Benjamin,,,,,,Benjamin,,,,,,,5711.0,15839.017,2.773,758.0,148.0,95.0,515.0,1524.953,126.0,22.0,94.0,1.0,8.0,245.0,52.0,210.0,1.013,0.0,390.717,375.229
2054,city,Benjamin,Benjamin,,,,,,Benjamin,,,,,,,6305.0,17431.242,2.765,776.0,151.0,97.0,528.0,1744.491,128.0,23.0,96.0,1.0,8.0,248.0,54.0,218.0,1.012,0.0,555.336,412.142
2055,city,Benjamin,Benjamin,,,,,,Benjamin,,,,,,,7131.0,19605.564,2.749,788.0,154.0,97.0,537.0,1725.066,130.0,24.0,96.0,1.0,8.0,251.0,56.0,222.0,1.013,0.0,469.968,466.085
2056,city,Benjamin,Benjamin,,,,,,Benjamin,,,,,,,8006.0,21840.755,2.728,800.0,155.0,99.0,546.0,1867.1219999999998,131.0,24.0,98.0,1.0,8.0,253.0,59.0,226.0,1.013,0.0,541.142,524.97
2057,city,Benjamin,Benjamin,,,,,,Benjamin,,,,,,,8670.0,23559.949,2.717,807.0,157.0,99.0,551.0,1952.418,133.0,24.0,98.0,1.0,8.0,257.0,60.0,226.0,1.013,0.0,568.559,575.845
2058,city,Benjamin,Benjamin,,,,,,Benjamin,,,,,,,8670.0,23854.422,2.751,818.0,159.0,101.0,558.0,1889.597,134.0,25.0,100.0,1.0,8.0,259.0,61.0,230.0,1.013,0.0,486.719,583.865
2059,city,Benjamin,Benjamin,,,,,,Benjamin,,,,,,,8723.0,24220.878,2.777,831.0,159.0,101.0,571.0,1988.298,134.0,25.0,100.0,1.0,8.0,264.0,61.0,238.0,1.014,0.0,560.163,596.121
2060,city,Benjamin,Benjamin,,,,,,Benjamin,,,,,,,8799.0,24681.183,2.805,837.0,162.0,103.0,572.0,2063.836,135.0,27.0,102.0,1.0,8.0,265.0,61.0,238.0,1.014,0.0,615.975,609.845
2061,city,Benjamin,Benjamin,,,,,,Benjamin,,,,,,,8850.0,25100.126,2.836,841.0,164.0,103.0,574.0,2056.44,136.0,28.0,102.0,1.0,8.0,265.0,62.0,239.0,1.013,0.0,591.461,622.967
2062,city,Benjamin,Benjamin,,,,,,Benjamin,,,,,,,8870.0,25437.343,2.868,845.0,167.0,104.0,574.0,2028.93,139.0,28.0,103.0,1.0,8.0,265.0,62.0,239.0,1.012,0.0,545.708,637.206
2063,city,Benjamin,Benjamin,,,,,,Benjamin,,,,,,,9003.0,26022.823,2.89,858.0,172.0,106.0,580.0,2267.974,142.0,30.0,105.0,1.0,8.0,266.0,63.0,243.0,1.012,0.0,752.875,656.088
2064,city,Benjamin,Benjamin,,,,,,Benjamin,,,,,,,9082.0,26521.819,2.92,868.0,175.0,107.0,586.0,2212.634,145.0,30.0,106.0,1.0,8.0,268.0,63.0,247.0,1.013,0.0,673.446,670.172
2065,city,Benjamin,Benjamin,,,,,,Benjamin,,,,,,,9123.0,26920.949,2.951,874.0,177.0,107.0,590.0,2158.838,147.0,30.0,106.0,1.0,8.0,268.0,64.0,250.0,1.013,0.0,596.998,686.827
2023,city,Bluffdale,Bluffdale,,,,,,Bluffdale,,,,,,,5938.0,19149.418999999998,3.225,7657.0,624.0,2181.0,4852.0,9291.876,367.0,257.0,370.0,1811.0,960.0,1249.0,178.0,2465.0,52.123,427.12600000000003,774.678,380.945
2024,city,Bluffdale,Bluffdale,,,,,,Bluffdale,,,,,,,5941.0,18956.271,3.191,7827.0,629.0,2267.0,4931.0,9185.875,369.0,260.0,362.0,1905.0,958.0,1282.0,189.0,2502.0,52.293,437.354,497.161,372.067
2025,city,Bluffdale,Bluffdale,,,,,,Bluffdale,,,,,,,5951.0,18772.652000000002,3.155,7950.0,638.0,2329.0,4983.0,9512.001,376.0,262.0,362.0,1967.0,966.0,1289.0,208.0,2520.0,52.208,432.099,671.545,406.143
2026,city,Bluffdale,Bluffdale,,,,,,Bluffdale,,,,,,,5966.0,18610.354,3.119,7986.0,640.0,2338.0,5008.0,9490.079,376.0,264.0,362.0,1976.0,960.0,1288.0,221.0,2539.0,54.172,441.296,602.546,406.065
2027,city,Bluffdale,Bluffdale,,,,,,Bluffdale,,,,,,,6008.0,18526.347,3.084,8063.0,648.0,2377.0,5038.0,9716.081,382.0,266.0,362.0,2015.0,959.0,1297.0,230.0,2552.0,54.486,447.302,740.245,411.05100000000004
2028,city,Bluffdale,Bluffdale,,,,,,Bluffdale,,,,,,,6030.0,18387.596,3.049,8105.0,647.0,2385.0,5073.0,9665.873,383.0,264.0,362.0,2023.0,966.0,1304.0,233.0,2570.0,55.406,425.813,666.642,413.009
2029,city,Bluffdale,Bluffdale,,,,,,Bluffdale,,,,,,,6082.0,18366.083,3.02,8137.0,625.0,2395.0,5117.0,9698.435000000001,370.0,255.0,362.0,2033.0,971.0,1310.0,238.0,2598.0,55.181,399.259,686.933,420.062
2030,city,Bluffdale,Bluffdale,,,,,,Bluffdale,,,,,,,6125.0,18304.881,2.989,8185.0,633.0,2399.0,5153.0,9704.84,378.0,255.0,362.0,2037.0,977.0,1313.0,245.0,2618.0,55.321,390.813,644.66,429.05
2031,city,Bluffdale,Bluffdale,,,,,,Bluffdale,,,,,,,6169.0,18285.816,2.964,8233.0,640.0,2410.0,5183.0,9735.088,389.0,251.0,362.0,2048.0,988.0,1311.0,250.0,2634.0,55.323,391.658,621.097,434.009
2032,city,Bluffdale,Bluffdale,,,,,,Bluffdale,,,,,,,6218.0,18258.146,2.936,8295.0,656.0,2415.0,5224.0,9873.461,399.0,257.0,362.0,2053.0,994.0,1312.0,258.0,2660.0,54.410000000000004,409.48699999999997,675.6990000000001,438.867
2033,city,Bluffdale,Bluffdale,,,,,,Bluffdale,,,,,,,6252.0,18208.373,2.912,8614.0,707.0,2414.0,5493.0,10643.459,441.0,266.0,362.0,2052.0,1064.0,1317.0,285.0,2827.0,55.461,428.627,1097.2350000000001,448.133
2034,city,Bluffdale,Bluffdale,,,,,,Bluffdale,,,,,,,6293.0,18188.922,2.89,8879.0,784.0,2415.0,5680.0,10497.717999999999,483.0,301.0,362.0,2053.0,1104.0,1317.0,303.0,2956.0,56.705999999999996,445.51800000000003,661.406,455.081
2035,city,Bluffdale,Bluffdale,,,,,,Bluffdale,,,,,,,6346.0,18207.862,2.869,8949.0,802.0,2387.0,5760.0,11143.982,505.0,297.0,362.0,2025.0,1155.0,1318.0,310.0,2977.0,56.661,450.774,1225.536,462.009
2036,city,Bluffdale,Bluffdale,,,,,,Bluffdale,,,,,,,6413.0,18262.15,2.848,9286.0,876.0,2379.0,6031.0,11039.108,554.0,322.0,362.0,2017.0,1229.0,1329.0,327.0,3146.0,56.751000000000005,447.207,780.134,469.009
2037,city,Bluffdale,Bluffdale,,,,,,Bluffdale,,,,,,,6607.0,18727.209,2.834,8930.0,785.0,2389.0,5756.0,10729.643,491.0,294.0,367.0,2022.0,1129.0,1342.0,302.0,2983.0,58.581,442.89,805.194,492.976
2038,city,Bluffdale,Bluffdale,,,,,,Bluffdale,,,,,,,6672.0,18783.988,2.815,11243.0,1314.0,2423.0,7506.0,15200.373,839.0,475.0,367.0,2056.0,1446.0,1463.0,443.0,4154.0,60.601,441.48400000000004,2953.31,501.976
2039,city,Bluffdale,Bluffdale,,,,,,Bluffdale,,,,,,,7332.0,20590.086,2.808,12675.0,1630.0,2414.0,8631.0,16856.834,1053.0,577.0,357.0,2057.0,1656.0,1541.0,543.0,4891.0,62.361000000000004,440.733,3122.7410000000004,556.0
2040,city,Bluffdale,Bluffdale,,,,,,Bluffdale,,,,,,,7794.0,21790.815,2.796,14034.0,1949.0,2437.0,9648.0,16067.306,1250.0,699.0,357.0,2080.0,1855.0,1612.0,644.0,5537.0,61.408,440.639,932.4580000000001,598.802
2041,city,Bluffdale,Bluffdale,,,,,,Bluffdale,,,,,,,8171.0,22834.215,2.795,15211.0,2357.0,2398.0,10456.0,17864.498,1531.0,826.0,354.0,2044.0,2007.0,1676.0,732.0,6041.0,60.349000000000004,442.42199999999997,1513.556,637.175
2042,city,Bluffdale,Bluffdale,,,,,,Bluffdale,,,,,,,8421.0,23495.487,2.79,16603.0,2662.0,2408.0,11533.0,19578.836,1710.0,952.0,345.0,2063.0,2261.0,1770.0,814.0,6688.0,56.415,446.644,1808.996,663.779
2043,city,Bluffdale,Bluffdale,,,,,,Bluffdale,,,,,,,8595.0,23866.31,2.777,17656.0,2969.0,2405.0,12282.0,19864.093999999997,1913.0,1056.0,342.0,2063.0,2421.0,1852.0,887.0,7122.0,55.5,450.209,1015.426,686.954
2044,city,Bluffdale,Bluffdale,,,,,,Bluffdale,,,,,,,8770.0,24212.878,2.761,18472.0,3134.0,2377.0,12961.0,20914.107999999997,2026.0,1108.0,326.0,2051.0,2577.0,1919.0,935.0,7530.0,56.094,449.741,1228.306,707.97
2045,city,Bluffdale,Bluffdale,,,,,,Bluffdale,,,,,,,9064.0,24958.789,2.754,18802.0,3309.0,2303.0,13190.0,21729.165999999997,2135.0,1174.0,275.0,2028.0,2616.0,1964.0,987.0,7623.0,59.049,448.803,1674.421,744.893
2046,city,Bluffdale,Bluffdale,,,,,,Bluffdale,,,,,,,9269.0,25427.487,2.743,19223.0,3468.0,2307.0,13448.0,21703.045,2244.0,1224.0,267.0,2040.0,2659.0,1999.0,1027.0,7763.0,57.859,449.08299999999997,1203.1190000000001,769.988
2047,city,Bluffdale,Bluffdale,,,,,,Bluffdale,,,,,,,9792.0,26814.804,2.738,18687.0,3530.0,1682.0,13475.0,22552.887000000002,2277.0,1253.0,91.0,1591.0,2672.0,2001.0,1052.0,7750.0,59.048,452.274,2529.4170000000004,825.147
2048,city,Bluffdale,Bluffdale,,,,,,Bluffdale,,,,,,,10114.0,27639.541,2.733,18976.0,3589.0,1696.0,13691.0,21658.179,2318.0,1271.0,91.0,1605.0,2736.0,2026.0,1077.0,7852.0,59.0,457.34000000000003,1301.7740000000001,864.065
2049,city,Bluffdale,Bluffdale,,,,,,Bluffdale,,,,,,,10324.0,28080.602,2.72,19208.0,3633.0,1702.0,13873.0,21897.775,2348.0,1285.0,91.0,1611.0,2775.0,2054.0,1118.0,7926.0,58.952,462.502,1273.674,894.6519999999999
2050,city,Bluffdale,Bluffdale,,,,,,Bluffdale,,,,,,,10482.0,28353.974000000002,2.705,19388.0,3678.0,1704.0,14006.0,22225.459,2380.0,1298.0,91.0,1613.0,2808.0,2085.0,1134.0,7979.0,59.0,467.568,1389.01,921.8850000000001
2051,city,Bluffdale,Bluffdale,,,,,,Bluffdale,,,,,,,10608.0,28540.863999999998,2.691,19522.0,3719.0,1710.0,14093.0,22432.111,2406.0,1313.0,91.0,1619.0,2831.0,2102.0,1144.0,8016.0,58.952,471.79200000000003,1435.201,944.169
2052,city,Bluffdale,Bluffdale,,,,,,Bluffdale,,,,,,,10679.0,28597.248,2.678,19678.0,3761.0,1715.0,14202.0,22596.982,2433.0,1328.0,91.0,1624.0,2846.0,2127.0,1158.0,8071.0,59.0,476.66999999999996,1417.192,966.1139999999999
2053,city,Bluffdale,Bluffdale,,,,,,Bluffdale,,,,,,,10741.0,28642.32,2.667,19729.0,3754.0,1717.0,14258.0,22652.056,2427.0,1327.0,91.0,1626.0,2856.0,2149.0,1163.0,8090.0,59.0,482.113,1399.991,981.949
2054,city,Bluffdale,Bluffdale,,,,,,Bluffdale,,,,,,,10775.0,28612.474,2.655,19858.0,3803.0,1724.0,14331.0,22816.186,2463.0,1340.0,91.0,1633.0,2869.0,2160.0,1173.0,8129.0,59.0,485.96,1414.308,998.918
2055,city,Bluffdale,Bluffdale,,,,,,Bluffdale,,,,,,,10784.0,28527.938,2.645,19972.0,3832.0,1731.0,14409.0,22954.394,2484.0,1348.0,91.0,1640.0,2879.0,2177.0,1183.0,8170.0,59.0,488.306,1422.451,1012.6370000000001
2056,city,Bluffdale,Bluffdale,,,,,,Bluffdale,,,,,,,10841.0,28533.29,2.632,20011.0,3845.0,1719.0,14447.0,23091.751,2492.0,1353.0,89.0,1630.0,2889.0,2187.0,1187.0,8184.0,59.048,486.055,1508.698,1026.95
2057,city,Bluffdale,Bluffdale,,,,,,Bluffdale,,,,,,,10858.0,28644.129,2.638,20366.0,3897.0,1734.0,14735.0,23834.168,2525.0,1372.0,89.0,1645.0,2971.0,2243.0,1220.0,8301.0,59.048,478.07800000000003,1880.875,1050.164
2058,city,Bluffdale,Bluffdale,,,,,,Bluffdale,,,,,,,12154.0,30953.718,2.547,20215.0,3818.0,1737.0,14660.0,25555.952,2483.0,1335.0,89.0,1648.0,2989.0,2228.0,1241.0,8202.0,59.0,470.66400000000004,3621.2329999999997,1190.057
2059,city,Bluffdale,Bluffdale,,,,,,Bluffdale,,,,,,,12241.0,31269.097999999998,2.554,20124.0,3820.0,1714.0,14590.0,23678.918999999998,2483.0,1337.0,85.0,1629.0,2964.0,2194.0,1263.0,8169.0,59.0,465.879,1808.858,1221.186
2060,city,Bluffdale,Bluffdale,,,,,,Bluffdale,,,,,,,12268.0,31486.535,2.567,20231.0,3847.0,1723.0,14661.0,23641.233,2497.0,1350.0,85.0,1638.0,2970.0,2219.0,1271.0,8201.0,59.098,463.44,1639.455,1248.237
2061,city,Bluffdale,Bluffdale,,,,,,Bluffdale,,,,,,,12308.0,31746.140000000003,2.579,20242.0,3877.0,1705.0,14660.0,23676.129,2512.0,1365.0,78.0,1627.0,2965.0,2228.0,1255.0,8212.0,59.0,462.127,1641.059,1271.943
2062,city,Bluffdale,Bluffdale,,,,,,Bluffdale,,,,,,,12418.0,32116.1,2.586,19714.0,3829.0,1674.0,14211.0,23351.426,2501.0,1328.0,78.0,1596.0,2880.0,2143.0,1254.0,7934.0,59.098,461.18899999999996,1808.197,1308.943
2063,city,Bluffdale,Bluffdale,,,,,,Bluffdale,,,,,,,12446.0,32332.729,2.598,19704.0,3841.0,1674.0,14189.0,23277.564000000002,2514.0,1327.0,78.0,1596.0,2876.0,2153.0,1263.0,7897.0,59.098,460.43699999999995,1724.825,1329.2050000000002
2064,city,Bluffdale,Bluffdale,,,,,,Bluffdale,,,,,,,12451.0,32532.092,2.613,19794.0,3859.0,1683.0,14252.0,23335.399999999998,2529.0,1330.0,78.0,1605.0,2890.0,2167.0,1271.0,7924.0,59.0,459.781,1665.434,1357.1879999999999
2065,city,Bluffdale,Bluffdale,,,,,,Bluffdale,,,,,,,12461.0,32719.969,2.626,19860.0,3879.0,1668.0,14313.0,23503.865,2544.0,1335.0,78.0,1590.0,2908.0,2182.0,1280.0,7943.0,59.098,459.218,1746.569,1378.983
2023,city,Bountiful,Bountiful,,,,,,Bountiful,,,,,,,15362.0,45956.734,2.992,21940.0,4393.0,1111.0,16436.0,24195.123,2865.0,1528.0,215.0,896.0,1941.0,2457.0,3912.0,8126.0,2.028,21.696,1558.395,673.0
2024,city,Bountiful,Bountiful,,,,,,Bountiful,,,,,,,15700.0,46574.667,2.967,22094.0,4378.0,1129.0,16587.0,23144.472,2842.0,1536.0,257.0,872.0,1900.0,2676.0,3969.0,8042.0,2.014,26.112,345.966,676.38
2025,city,Bountiful,Bountiful,,,,,,Bountiful,,,,,,,15843.0,46537.137,2.937,22337.0,4368.0,1150.0,16819.0,24527.763,2837.0,1531.0,254.0,896.0,1894.0,2728.0,4079.0,8118.0,2.018,25.856,1425.386,737.496
2026,city,Bountiful,Bountiful,,,,,,Bountiful,,,,,,,15889.0,46155.586,2.905,22417.0,4344.0,1157.0,16916.0,24566.445,2815.0,1529.0,251.0,906.0,1857.0,2714.0,4170.0,8175.0,2.014,26.496,1380.187,740.75
2027,city,Bountiful,Bountiful,,,,,,Bountiful,,,,,,,15939.0,45783.817,2.872,22527.0,4355.0,1162.0,17010.0,24705.881,2832.0,1523.0,247.0,915.0,1840.0,2686.0,4245.0,8239.0,2.024,26.816,1406.529,743.513
2028,city,Bountiful,Bountiful,,,,,,Bountiful,,,,,,,15959.0,45335.079,2.841,22525.0,4339.0,1161.0,17025.0,24754.495,2823.0,1516.0,245.0,916.0,1782.0,2649.0,4287.0,8307.0,2.026,25.6,1456.389,745.477
2029,city,Bountiful,Bountiful,,,,,,Bountiful,,,,,,,15991.0,44915.443999999996,2.809,22522.0,4334.0,1160.0,17028.0,24701.502,2833.0,1501.0,244.0,916.0,1742.0,2620.0,4323.0,8343.0,2.01,24.0,1407.729,745.766
2030,city,Bountiful,Bountiful,,,,,,Bountiful,,,,,,,16032.0,44549.309,2.779,22636.0,4356.0,1157.0,17123.0,24828.267,2869.0,1487.0,244.0,913.0,1733.0,2602.0,4370.0,8418.0,1.004,23.488,1416.662,751.117
2031,city,Bountiful,Bountiful,,,,,,Bountiful,,,,,,,16065.0,44168.972,2.749,22682.0,4367.0,1166.0,17149.0,24868.161,2913.0,1454.0,253.0,913.0,1739.0,2564.0,4408.0,8438.0,0.999,23.616,1410.861,750.683
2032,city,Bountiful,Bountiful,,,,,,Bountiful,,,,,,,16132.0,43933.347,2.723,22765.0,4379.0,1165.0,17221.0,24965.968,2943.0,1436.0,257.0,908.0,1737.0,2529.0,4457.0,8498.0,2.014,24.576,1422.264,752.1120000000001
2033,city,Bountiful,Bountiful,,,,,,Bountiful,,,,,,,16203.0,43716.374,2.698,22866.0,4401.0,1154.0,17311.0,25091.37,2972.0,1429.0,256.0,898.0,1728.0,2510.0,4499.0,8574.0,2.024,25.792,1442.115,755.443
2034,city,Bountiful,Bountiful,,,,,,Bountiful,,,,,,,16250.0,43448.809,2.674,23243.0,4639.0,1157.0,17447.0,25399.816,3017.0,1622.0,255.0,902.0,1715.0,2498.0,4539.0,8695.0,2.014,26.752,1366.374,761.676
2035,city,Bountiful,Bountiful,,,,,,Bountiful,,,,,,,16288.0,43179.327,2.651,22957.0,4557.0,1161.0,17239.0,25138.079,3005.0,1552.0,274.0,887.0,1692.0,2471.0,4549.0,8527.0,2.016,27.072,1397.243,754.754
2036,city,Bountiful,Bountiful,,,,,,Bountiful,,,,,,,16341.0,42973.898,2.63,22994.0,4590.0,1189.0,17215.0,25179.988,3032.0,1558.0,313.0,876.0,1664.0,2447.0,4574.0,8530.0,2.014,26.752,1399.6970000000001,757.527
2037,city,Bountiful,Bountiful,,,,,,Bountiful,,,,,,,16319.0,42576.424,2.609,23221.0,4664.0,1201.0,17356.0,25415.189,3070.0,1594.0,338.0,863.0,1658.0,2456.0,4650.0,8592.0,2.02,26.496,1408.467,757.207
2038,city,Bountiful,Bountiful,,,,,,Bountiful,,,,,,,16344.0,42358.536,2.592,23498.0,4758.0,1218.0,17522.0,25580.154,3128.0,1630.0,359.0,859.0,1678.0,2476.0,4685.0,8683.0,2.01,26.432,1295.404,758.3050000000001
2039,city,Bountiful,Bountiful,,,,,,Bountiful,,,,,,,16466.0,42450.595,2.578,23765.0,4820.0,1245.0,17700.0,26123.661,3167.0,1653.0,387.0,858.0,1694.0,2511.0,4725.0,8770.0,2.008,26.304,1564.147,766.199
2040,city,Bountiful,Bountiful,,,,,,Bountiful,,,,,,,16595.0,42561.266,2.565,24076.0,4931.0,1268.0,17877.0,26385.956,3222.0,1709.0,410.0,858.0,1707.0,2573.0,4755.0,8842.0,2.024,26.24,1506.891,774.804
2041,city,Bountiful,Bountiful,,,,,,Bountiful,,,,,,,16674.0,42560.103,2.552,24292.0,4999.0,1282.0,18011.0,26449.928,3276.0,1723.0,424.0,858.0,1723.0,2576.0,4779.0,8933.0,2.01,26.24,1350.678,779.0
2042,city,Bountiful,Bountiful,,,,,,Bountiful,,,,,,,16813.0,42724.079,2.541,24458.0,5033.0,1300.0,18125.0,26767.986,3307.0,1726.0,442.0,858.0,1737.0,2599.0,4802.0,8987.0,2.014,26.432,1494.54,787.0
2043,city,Bountiful,Bountiful,,,,,,Bountiful,,,,,,,16929.0,42880.159,2.533,24616.0,5072.0,1312.0,18232.0,26914.602,3344.0,1728.0,454.0,858.0,1744.0,2621.0,4823.0,9044.0,2.016,26.624,1474.672,795.288
2044,city,Bountiful,Bountiful,,,,,,Bountiful,,,,,,,17197.0,43473.007,2.528,24842.0,5150.0,1327.0,18365.0,27496.203,3412.0,1738.0,467.0,860.0,1753.0,2657.0,4843.0,9112.0,2.004,26.432,1814.286,811.481
2045,city,Bountiful,Bountiful,,,,,,Bountiful,,,,,,,17500.0,44132.156,2.522,24952.0,5176.0,1346.0,18430.0,27514.932,3434.0,1742.0,485.0,861.0,1759.0,2683.0,4847.0,9141.0,2.008,26.304,1702.621,832.0
2046,city,Bountiful,Bountiful,,,,,,Bountiful,,,,,,,17650.0,44387.941,2.515,25053.0,5199.0,1354.0,18500.0,27376.879,3456.0,1743.0,493.0,861.0,1769.0,2706.0,4855.0,9170.0,1.006,26.304,1454.38,842.191
2047,city,Bountiful,Bountiful,,,,,,Bountiful,,,,,,,17709.0,44424.623,2.509,25136.0,5216.0,1365.0,18555.0,27502.993,3473.0,1743.0,503.0,862.0,1779.0,2723.0,4866.0,9187.0,1.002,26.304,1489.118,850.567
2048,city,Bountiful,Bountiful,,,,,,Bountiful,,,,,,,17727.0,44327.957,2.501,25197.0,5234.0,1372.0,18591.0,27822.193,3488.0,1746.0,511.0,861.0,1786.0,2734.0,4869.0,9202.0,1.004,26.56,1744.51,853.119
2049,city,Bountiful,Bountiful,,,,,,Bountiful,,,,,,,17733.0,44197.236,2.492,25252.0,5240.0,1383.0,18629.0,27978.002,3494.0,1746.0,522.0,861.0,1789.0,2755.0,4872.0,9213.0,1.005,26.688,1840.675,857.6329999999999
2050,city,Bountiful,Bountiful,,,,,,Bountiful,,,,,,,17746.0,44099.94,2.485,25348.0,5265.0,1392.0,18691.0,27249.191,3504.0,1761.0,531.0,861.0,1795.0,2781.0,4888.0,9227.0,1.005,26.88,1005.946,867.366
2051,city,Bountiful,Bountiful,,,,,,Bountiful,,,,,,,17749.0,43955.201,2.476,25369.0,5272.0,1394.0,18703.0,27874.16,3511.0,1761.0,535.0,859.0,1796.0,2782.0,4891.0,9234.0,1.005,26.944,1608.12,869.091
2052,city,Bountiful,Bountiful,,,,,,Bountiful,,,,,,,17750.0,43805.238,2.468,25384.0,5277.0,1394.0,18713.0,28087.163,3516.0,1761.0,538.0,856.0,1796.0,2789.0,4894.0,9234.0,1.005,27.136,1803.756,871.265
2053,city,Bountiful,Bountiful,,,,,,Bountiful,,,,,,,17793.0,43764.214,2.46,25400.0,5280.0,1397.0,18723.0,28255.854,3519.0,1761.0,542.0,855.0,1797.0,2794.0,4896.0,9236.0,1.004,27.264,1951.883,875.702
2054,city,Bountiful,Bountiful,,,,,,Bountiful,,,,,,,17793.0,43599.055,2.45,25408.0,5282.0,1396.0,18730.0,28193.235,3521.0,1761.0,543.0,853.0,1797.0,2798.0,4896.0,9239.0,1.004,27.392,1877.413,879.432
2055,city,Bountiful,Bountiful,,,,,,Bountiful,,,,,,,17793.0,43473.721,2.443,25411.0,5283.0,1396.0,18732.0,28146.688,3522.0,1761.0,543.0,853.0,1797.0,2798.0,4896.0,9241.0,1.002,27.392,1825.037,882.256
2056,city,Bountiful,Bountiful,,,,,,Bountiful,,,,,,,17793.0,43790.24,2.461,25423.0,5288.0,1397.0,18738.0,28285.233,3527.0,1761.0,544.0,853.0,1797.0,2799.0,4898.0,9244.0,1.002,27.072,1945.328,888.832
2057,city,Bountiful,Bountiful,,,,,,Bountiful,,,,,,,17793.0,44043.597,2.475,25434.0,5291.0,1395.0,18748.0,28212.236,3531.0,1760.0,544.0,851.0,1797.0,2804.0,4899.0,9248.0,1.002,26.496,1851.572,899.166
2058,city,Bountiful,Bountiful,,,,,,Bountiful,,,,,,,17793.0,44365.757,2.493,25443.0,5287.0,1397.0,18759.0,28318.010000000002,3532.0,1755.0,547.0,850.0,1798.0,2808.0,4901.0,9252.0,1.004,25.92,1936.5819999999999,911.503
2059,city,Bountiful,Bountiful,,,,,,Bountiful,,,,,,,17793.0,44701.791,2.512,25446.0,5287.0,1394.0,18765.0,28346.961,3534.0,1753.0,548.0,846.0,1798.0,2811.0,4904.0,9252.0,1.002,25.472,1954.153,920.335
2060,city,Bountiful,Bountiful,,,,,,Bountiful,,,,,,,17820.0,45102.229,2.531,25447.0,5280.0,1394.0,18773.0,28437.118,3534.0,1746.0,548.0,846.0,1799.0,2814.0,4907.0,9253.0,1.001,25.152,2031.715,932.251
2061,city,Bountiful,Bountiful,,,,,,Bountiful,,,,,,,17820.0,45468.711,2.552,25444.0,5274.0,1395.0,18775.0,28455.287,3535.0,1739.0,549.0,846.0,1799.0,2809.0,4908.0,9259.0,1.001,25.024,2045.594,939.667
2062,city,Bountiful,Bountiful,,,,,,Bountiful,,,,,,,17820.0,45791.197,2.57,25450.0,5278.0,1394.0,18778.0,28391.249,3541.0,1737.0,551.0,843.0,1799.0,2810.0,4910.0,9259.0,1.002,24.896,1962.686,952.668
2063,city,Bountiful,Bountiful,,,,,,Bountiful,,,,,,,17820.0,46039.679000000004,2.584,25456.0,5278.0,1397.0,18781.0,28281.8,3546.0,1732.0,554.0,843.0,1799.0,2810.0,4911.0,9261.0,1.004,24.832,1839.798,960.165
2064,city,Bountiful,Bountiful,,,,,,Bountiful,,,,,,,17820.0,46379.195,2.603,25468.0,5279.0,1397.0,18792.0,28466.618,3550.0,1729.0,556.0,841.0,1799.0,2814.0,4911.0,9268.0,1.002,24.704,2008.004,964.908
2065,city,Bountiful,Bountiful,,,,,,Bountiful,,,,,,,17820.0,46735.945999999996,2.623,25475.0,5282.0,1397.0,18796.0,28468.497,3557.0,1725.0,560.0,837.0,1800.0,2817.0,4911.0,9268.0,1.005,24.704,1991.121,976.672
2023,city,Box Elder County North,Box Elder County North,,,,,,Box Elder County North,,,,,,,236.0,736.0,3.119,255.0,18.0,192.0,45.0,504.0,18.0,0.0,0.0,192.0,35.0,0.0,2.0,8.0,213.0,0.0,22.0,14.0
2024,city,Box Elder County North,Box Elder County North,,,,,,Box Elder County North,,,,,,,240.0,739.0,3.079,258.0,19.0,194.0,45.0,508.0,19.0,0.0,0.0,194.0,36.0,0.0,2.0,7.0,212.0,0.0,24.0,14.0
2025,city,Box Elder County North,Box Elder County North,,,,,,Box Elder County North,,,,,,,244.0,747.0,3.061,267.0,19.0,202.0,46.0,517.0,19.0,0.0,0.0,202.0,37.0,0.0,2.0,7.0,212.0,0.0,24.0,14.0
2026,city,Box Elder County North,Box Elder County North,,,,,,Box Elder County North,,,,,,,248.0,752.0,3.032,274.0,19.0,209.0,46.0,527.0,19.0,0.0,0.0,209.0,36.0,0.0,2.0,8.0,212.0,0.0,27.0,14.0
2027,city,Box Elder County North,Box Elder County North,,,,,,Box Elder County North,,,,,,,254.0,759.0,2.988,278.0,19.0,213.0,46.0,532.0,19.0,0.0,0.0,213.0,36.0,0.0,2.0,8.0,212.0,0.0,28.0,14.0
2028,city,Box Elder County North,Box Elder County North,,,,,,Box Elder County North,,,,,,,257.0,763.0,2.969,283.0,19.0,218.0,46.0,538.0,19.0,0.0,0.0,218.0,36.0,0.0,2.0,8.0,211.0,0.0,30.0,14.0
2029,city,Box Elder County North,Box Elder County North,,,,,,Box Elder County North,,,,,,,263.0,770.0,2.928,288.0,19.0,223.0,46.0,543.0,19.0,0.0,0.0,223.0,36.0,0.0,2.0,8.0,210.0,0.0,30.0,15.0
2030,city,Box Elder County North,Box Elder County North,,,,,,Box Elder County North,,,,,,,269.0,774.0,2.877,292.0,20.0,226.0,46.0,547.0,20.0,0.0,0.0,226.0,36.0,0.0,2.0,8.0,210.0,0.0,30.0,15.0
2031,city,Box Elder County North,Box Elder County North,,,,,,Box Elder County North,,,,,,,273.0,782.0,2.864,295.0,20.0,229.0,46.0,551.0,20.0,0.0,0.0,229.0,36.0,0.0,2.0,8.0,209.0,0.0,30.0,17.0
2032,city,Box Elder County North,Box Elder County North,,,,,,Box Elder County North,,,,,,,278.0,791.0,2.845,299.0,20.0,233.0,46.0,556.0,20.0,0.0,0.0,233.0,36.0,0.0,2.0,8.0,209.0,0.0,31.0,17.0
2033,city,Box Elder County North,Box Elder County North,,,,,,Box Elder County North,,,,,,,282.0,794.0,2.816,303.0,20.0,236.0,47.0,561.0,20.0,0.0,0.0,236.0,37.0,0.0,2.0,8.0,209.0,0.0,32.0,17.0
2034,city,Box Elder County North,Box Elder County North,,,,,,Box Elder County North,,,,,,,288.0,805.0,2.795,302.0,20.0,235.0,47.0,560.0,20.0,0.0,0.0,235.0,37.0,0.0,2.0,8.0,209.0,0.0,32.0,17.0
2035,city,Box Elder County North,Box Elder County North,,,,,,Box Elder County North,,,,,,,294.0,810.0,2.755,297.0,20.0,229.0,48.0,555.0,20.0,0.0,0.0,229.0,38.0,0.0,2.0,8.0,209.0,0.0,32.0,17.0
2036,city,Box Elder County North,Box Elder County North,,,,,,Box Elder County North,,,,,,,298.0,817.0,2.742,292.0,20.0,224.0,48.0,551.0,20.0,0.0,0.0,224.0,38.0,0.0,2.0,8.0,210.0,0.0,32.0,17.0
2037,city,Box Elder County North,Box Elder County North,,,,,,Box Elder County North,,,,,,,306.0,825.0,2.696,291.0,20.0,222.0,49.0,551.0,20.0,0.0,0.0,222.0,39.0,0.0,2.0,8.0,211.0,0.0,32.0,17.0
2038,city,Box Elder County North,Box Elder County North,,,,,,Box Elder County North,,,,,,,311.0,834.0,2.682,291.0,20.0,222.0,49.0,551.0,20.0,0.0,0.0,222.0,39.0,0.0,2.0,8.0,211.0,0.0,32.0,17.0
2039,city,Box Elder County North,Box Elder County North,,,,,,Box Elder County North,,,,,,,314.0,843.0,2.685,290.0,21.0,220.0,49.0,550.0,21.0,0.0,0.0,220.0,39.0,0.0,2.0,8.0,211.0,0.0,32.0,17.0
2040,city,Box Elder County North,Box Elder County North,,,,,,Box Elder County North,,,,,,,322.0,852.0,2.646,291.0,21.0,220.0,50.0,552.0,21.0,0.0,0.0,220.0,40.0,0.0,2.0,8.0,211.0,0.0,32.0,18.0
2041,city,Box Elder County North,Box Elder County North,,,,,,Box Elder County North,,,,,,,326.0,860.0,2.638,289.0,21.0,218.0,50.0,549.0,21.0,0.0,0.0,218.0,40.0,0.0,2.0,8.0,211.0,0.0,32.0,17.0
2042,city,Box Elder County North,Box Elder County North,,,,,,Box Elder County North,,,,,,,332.0,869.0,2.617,290.0,21.0,218.0,51.0,553.0,21.0,0.0,0.0,218.0,40.0,0.0,2.0,9.0,211.0,0.0,32.0,20.0
2043,city,Box Elder County North,Box Elder County North,,,,,,Box Elder County North,,,,,,,337.0,880.0,2.611,288.0,21.0,215.0,52.0,551.0,21.0,0.0,0.0,215.0,41.0,0.0,2.0,9.0,211.0,0.0,32.0,20.0
2044,city,Box Elder County North,Box Elder County North,,,,,,Box Elder County North,,,,,,,342.0,886.0,2.591,289.0,22.0,215.0,52.0,552.0,22.0,0.0,0.0,215.0,41.0,0.0,2.0,9.0,211.0,0.0,32.0,20.0
2045,city,Box Elder County North,Box Elder County North,,,,,,Box Elder County North,,,,,,,348.0,899.0,2.583,289.0,22.0,214.0,53.0,553.0,22.0,0.0,0.0,214.0,42.0,0.0,2.0,9.0,212.0,0.0,32.0,20.0
2046,city,Box Elder County North,Box Elder County North,,,,,,Box Elder County North,,,,,,,353.0,907.0,2.569,288.0,22.0,213.0,53.0,551.0,22.0,0.0,0.0,213.0,42.0,0.0,2.0,9.0,211.0,0.0,32.0,20.0
2047,city,Box Elder County North,Box Elder County North,,,,,,Box Elder County North,,,,,,,360.0,918.0,2.55,288.0,22.0,212.0,54.0,551.0,22.0,0.0,0.0,212.0,43.0,0.0,2.0,9.0,211.0,0.0,32.0,20.0
2048,city,Box Elder County North,Box Elder County North,,,,,,Box Elder County North,,,,,,,365.0,927.0,2.54,288.0,22.0,212.0,54.0,553.0,22.0,0.0,0.0,212.0,43.0,0.0,2.0,9.0,212.0,0.0,33.0,20.0
2049,city,Box Elder County North,Box Elder County North,,,,,,Box Elder County North,,,,,,,370.0,939.0,2.538,287.0,22.0,210.0,55.0,552.0,22.0,0.0,0.0,210.0,44.0,0.0,2.0,9.0,212.0,0.0,33.0,20.0
2050,city,Box Elder County North,Box Elder County North,,,,,,Box Elder County North,,,,,,,378.0,948.0,2.508,288.0,22.0,210.0,56.0,554.0,22.0,0.0,0.0,210.0,45.0,0.0,2.0,9.0,212.0,0.0,34.0,20.0
2051,city,Box Elder County North,Box Elder County North,,,,,,Box Elder County North,,,,,,,383.0,960.0,2.507,287.0,23.0,208.0,56.0,553.0,23.0,0.0,0.0,208.0,45.0,0.0,2.0,9.0,211.0,0.0,35.0,20.0
2052,city,Box Elder County North,Box Elder County North,,,,,,Box Elder County North,,,,,,,387.0,969.0,2.504,286.0,23.0,207.0,56.0,552.0,23.0,0.0,0.0,207.0,45.0,0.0,2.0,9.0,211.0,0.0,35.0,20.0
2053,city,Box Elder County North,Box Elder County North,,,,,,Box Elder County North,,,,,,,395.0,978.0,2.476,286.0,23.0,206.0,57.0,557.0,23.0,0.0,0.0,206.0,46.0,0.0,2.0,9.0,211.0,0.0,38.0,22.0
2054,city,Box Elder County North,Box Elder County North,,,,,,Box Elder County North,,,,,,,399.0,987.0,2.474,285.0,23.0,205.0,57.0,557.0,23.0,0.0,0.0,205.0,46.0,0.0,2.0,9.0,211.0,0.0,38.0,23.0
2055,city,Box Elder County North,Box Elder County North,,,,,,Box Elder County North,,,,,,,405.0,998.0,2.464,285.0,23.0,205.0,57.0,556.0,23.0,0.0,0.0,205.0,46.0,0.0,2.0,9.0,210.0,0.0,38.0,23.0
2056,city,Box Elder County North,Box Elder County North,,,,,,Box Elder County North,,,,,,,412.0,1005.0,2.439,284.0,23.0,204.0,57.0,560.0,23.0,0.0,0.0,204.0,46.0,0.0,2.0,9.0,210.0,0.0,41.0,25.0
2057,city,Box Elder County North,Box Elder County North,,,,,,Box Elder County North,,,,,,,417.0,1015.0,2.434,283.0,23.0,203.0,57.0,559.0,23.0,0.0,0.0,203.0,46.0,0.0,2.0,9.0,210.0,0.0,38.0,28.0
2058,city,Box Elder County North,Box Elder County North,,,,,,Box Elder County North,,,,,,,423.0,1024.0,2.421,284.0,23.0,203.0,58.0,562.0,23.0,0.0,0.0,203.0,47.0,0.0,2.0,9.0,209.0,0.0,41.0,28.0
2059,city,Box Elder County North,Box Elder County North,,,,,,Box Elder County North,,,,,,,430.0,1033.0,2.402,283.0,23.0,202.0,58.0,561.0,23.0,0.0,0.0,202.0,47.0,0.0,2.0,9.0,209.0,0.0,41.0,28.0
2060,city,Box Elder County North,Box Elder County North,,,,,,Box Elder County North,,,,,,,435.0,1044.0,2.4,281.0,23.0,200.0,58.0,558.0,23.0,0.0,0.0,200.0,47.0,0.0,2.0,9.0,208.0,0.0,41.0,28.0
2061,city,Box Elder County North,Box Elder County North,,,,,,Box Elder County North,,,,,,,444.0,1050.0,2.365,281.0,23.0,200.0,58.0,558.0,23.0,0.0,0.0,200.0,47.0,0.0,2.0,9.0,207.0,0.0,42.0,28.0
2062,city,Box Elder County North,Box Elder County North,,,,,,Box Elder County North,,,,,,,445.0,1060.0,2.382,280.0,23.0,199.0,58.0,554.0,23.0,0.0,0.0,199.0,47.0,0.0,2.0,9.0,207.0,0.0,42.0,25.0
2063,city,Box Elder County North,Box Elder County North,,,,,,Box Elder County North,,,,,,,452.0,1069.0,2.365,280.0,24.0,198.0,58.0,559.0,24.0,0.0,0.0,198.0,47.0,0.0,2.0,9.0,207.0,0.0,44.0,28.0
2064,city,Box Elder County North,Box Elder County North,,,,,,Box Elder County North,,,,,,,457.0,1079.0,2.361,279.0,23.0,198.0,58.0,553.0,23.0,0.0,0.0,198.0,47.0,0.0,2.0,9.0,207.0,0.0,44.0,23.0
2065,city,Box Elder County North,Box Elder County North,,,,,,Box Elder County North,,,,,,,464.0,1087.0,2.343,278.0,23.0,197.0,58.0,556.0,23.0,0.0,0.0,197.0,47.0,0.0,2.0,9.0,206.0,0.0,44.0,28.0
2023,city,Box Elder County South,Box Elder County South,,,,,,Box Elder County South,,,,,,,638.0,1776.0,2.784,294.0,49.0,151.0,94.0,606.0,49.0,0.0,30.0,121.0,45.0,13.0,2.0,34.0,152.0,34.0,91.0,35.0
2024,city,Box Elder County South,Box Elder County South,,,,,,Box Elder County South,,,,,,,649.0,1788.0,2.755,294.0,49.0,150.0,95.0,624.0,49.0,0.0,27.0,123.0,47.0,13.0,3.0,32.0,151.0,37.0,107.0,35.0
2025,city,Box Elder County South,Box Elder County South,,,,,,Box Elder County South,,,,,,,661.0,1800.0,2.723,301.0,49.0,155.0,97.0,636.0,49.0,0.0,27.0,128.0,47.0,14.0,3.0,33.0,151.0,38.0,108.0,38.0
2026,city,Box Elder County South,Box Elder County South,,,,,,Box Elder County South,,,,,,,672.0,1816.0,2.702,304.0,49.0,158.0,97.0,641.0,49.0,0.0,27.0,131.0,47.0,14.0,3.0,33.0,151.0,38.0,110.0,38.0
2027,city,Box Elder County South,Box Elder County South,,,,,,Box Elder County South,,,,,,,685.0,1831.0,2.673,311.0,50.0,164.0,97.0,652.0,50.0,0.0,28.0,136.0,47.0,14.0,3.0,33.0,151.0,40.0,112.0,38.0
2028,city,Box Elder County South,Box Elder County South,,,,,,Box Elder County South,,,,,,,746.0,2012.0,2.697,314.0,50.0,167.0,97.0,658.0,50.0,0.0,29.0,138.0,47.0,14.0,3.0,33.0,151.0,38.0,116.0,39.0
2029,city,Box Elder County South,Box Elder County South,,,,,,Box Elder County South,,,,,,,808.0,2190.0,2.71,318.0,51.0,169.0,98.0,662.0,51.0,0.0,29.0,140.0,47.0,14.0,3.0,34.0,150.0,36.0,119.0,39.0
2030,city,Box Elder County South,Box Elder County South,,,,,,Box Elder County South,,,,,,,853.0,2318.0,2.717,323.0,51.0,173.0,99.0,672.0,51.0,0.0,30.0,143.0,47.0,14.0,3.0,35.0,149.0,36.0,122.0,42.0
2031,city,Box Elder County South,Box Elder County South,,,,,,Box Elder County South,,,,,,,929.0,2561.0,2.757,327.0,52.0,176.0,99.0,677.0,52.0,0.0,30.0,146.0,47.0,14.0,3.0,35.0,149.0,36.0,123.0,42.0
2032,city,Box Elder County South,Box Elder County South,,,,,,Box Elder County South,,,,,,,992.0,2743.0,2.765,329.0,52.0,178.0,99.0,682.0,52.0,0.0,30.0,148.0,47.0,14.0,3.0,35.0,149.0,38.0,124.0,42.0
2033,city,Box Elder County South,Box Elder County South,,,,,,Box Elder County South,,,,,,,1054.0,2927.0,2.777,334.0,53.0,181.0,100.0,692.0,53.0,0.0,31.0,150.0,48.0,14.0,3.0,35.0,149.0,40.0,125.0,44.0
2034,city,Box Elder County South,Box Elder County South,,,,,,Box Elder County South,,,,,,,1117.0,3114.0,2.788,335.0,54.0,179.0,102.0,699.0,54.0,0.0,31.0,148.0,48.0,14.0,3.0,37.0,149.0,42.0,126.0,47.0
2035,city,Box Elder County South,Box Elder County South,,,,,,Box Elder County South,,,,,,,1178.0,3300.0,2.801,334.0,54.0,178.0,102.0,701.0,54.0,0.0,32.0,146.0,48.0,15.0,3.0,36.0,149.0,43.0,128.0,47.0
2036,city,Box Elder County South,Box Elder County South,,,,,,Box Elder County South,,,,,,,1199.0,3329.0,2.776,332.0,54.0,176.0,102.0,701.0,54.0,0.0,32.0,144.0,48.0,15.0,3.0,36.0,150.0,43.0,129.0,47.0
2037,city,Box Elder County South,Box Elder County South,,,,,,Box Elder County South,,,,,,,1219.0,3364.0,2.76,332.0,55.0,174.0,103.0,700.0,55.0,0.0,32.0,142.0,49.0,15.0,3.0,36.0,150.0,42.0,129.0,47.0
2038,city,Box Elder County South,Box Elder County South,,,,,,Box Elder County South,,,,,,,1243.0,3397.0,2.733,333.0,55.0,174.0,104.0,705.0,55.0,0.0,33.0,141.0,49.0,15.0,3.0,37.0,150.0,43.0,129.0,50.0
2039,city,Box Elder County South,Box Elder County South,,,,,,Box Elder County South,,,,,,,1263.0,3431.0,2.717,334.0,55.0,174.0,105.0,706.0,55.0,0.0,34.0,140.0,49.0,15.0,3.0,38.0,150.0,43.0,129.0,50.0
2040,city,Box Elder County South,Box Elder County South,,,,,,Box Elder County South,,,,,,,1288.0,3471.0,2.695,335.0,56.0,173.0,106.0,708.0,56.0,0.0,34.0,139.0,49.0,16.0,3.0,38.0,150.0,43.0,129.0,51.0
2041,city,Box Elder County South,Box Elder County South,,,,,,Box Elder County South,,,,,,,1308.0,3506.0,2.68,336.0,56.0,172.0,108.0,711.0,56.0,0.0,34.0,138.0,51.0,16.0,3.0,38.0,151.0,44.0,129.0,51.0
2042,city,Box Elder County South,Box Elder County South,,,,,,Box Elder County South,,,,,,,1330.0,3539.0,2.661,339.0,58.0,172.0,109.0,717.0,58.0,0.0,34.0,138.0,51.0,16.0,3.0,39.0,151.0,44.0,129.0,54.0
2043,city,Box Elder County South,Box Elder County South,,,,,,Box Elder County South,,,,,,,1351.0,3581.0,2.651,339.0,58.0,172.0,109.0,718.0,58.0,0.0,34.0,138.0,51.0,16.0,3.0,39.0,151.0,45.0,129.0,54.0
2044,city,Box Elder County South,Box Elder County South,,,,,,Box Elder County South,,,,,,,1373.0,3616.0,2.634,340.0,58.0,171.0,111.0,719.0,58.0,0.0,34.0,137.0,52.0,16.0,3.0,40.0,151.0,45.0,129.0,54.0
2045,city,Box Elder County South,Box Elder County South,,,,,,Box Elder County South,,,,,,,1394.0,3659.0,2.625,341.0,59.0,171.0,111.0,722.0,59.0,0.0,34.0,137.0,52.0,16.0,3.0,40.0,151.0,45.0,129.0,56.0
2046,city,Box Elder County South,Box Elder County South,,,,,,Box Elder County South,,,,,,,1418.0,3696.0,2.606,341.0,59.0,170.0,112.0,723.0,59.0,0.0,34.0,136.0,53.0,16.0,3.0,40.0,151.0,45.0,130.0,56.0
2047,city,Box Elder County South,Box Elder County South,,,,,,Box Elder County South,,,,,,,1442.0,3742.0,2.595,343.0,60.0,170.0,113.0,731.0,60.0,0.0,35.0,135.0,53.0,16.0,3.0,41.0,151.0,45.0,133.0,59.0
2048,city,Box Elder County South,Box Elder County South,,,,,,Box Elder County South,,,,,,,1462.0,3779.0,2.585,346.0,60.0,170.0,116.0,736.0,60.0,0.0,35.0,135.0,55.0,16.0,3.0,42.0,151.0,46.0,134.0,59.0
2049,city,Box Elder County South,Box Elder County South,,,,,,Box Elder County South,,,,,,,1487.0,3826.0,2.573,345.0,60.0,168.0,117.0,739.0,60.0,0.0,35.0,133.0,55.0,17.0,3.0,42.0,151.0,48.0,136.0,59.0
2050,city,Box Elder County South,Box Elder County South,,,,,,Box Elder County South,,,,,,,1509.0,3865.0,2.561,349.0,61.0,170.0,118.0,750.0,61.0,0.0,37.0,133.0,56.0,17.0,3.0,42.0,151.0,48.0,140.0,62.0
2051,city,Box Elder County South,Box Elder County South,,,,,,Box Elder County South,,,,,,,1533.0,3908.0,2.549,350.0,61.0,170.0,119.0,754.0,61.0,0.0,37.0,133.0,57.0,17.0,3.0,42.0,150.0,48.0,143.0,63.0
2052,city,Box Elder County South,Box Elder County South,,,,,,Box Elder County South,,,,,,,1559.0,3944.0,2.53,349.0,61.0,168.0,120.0,759.0,61.0,0.0,37.0,131.0,58.0,17.0,3.0,42.0,150.0,49.0,148.0,63.0
2053,city,Box Elder County South,Box Elder County South,,,,,,Box Elder County South,,,,,,,1579.0,3988.0,2.526,351.0,63.0,168.0,120.0,762.0,63.0,0.0,37.0,131.0,58.0,17.0,3.0,42.0,150.0,49.0,149.0,63.0
2054,city,Box Elder County South,Box Elder County South,,,,,,Box Elder County South,,,,,,,1602.0,4021.0,2.51,351.0,63.0,168.0,120.0,770.0,63.0,0.0,37.0,131.0,58.0,17.0,3.0,42.0,150.0,50.0,153.0,66.0
2055,city,Box Elder County South,Box Elder County South,,,,,,Box Elder County South,,,,,,,1626.0,4061.0,2.498,350.0,63.0,167.0,120.0,771.0,63.0,0.0,37.0,130.0,58.0,17.0,3.0,42.0,149.0,50.0,156.0,66.0
2056,city,Box Elder County South,Box Elder County South,,,,,,Box Elder County South,,,,,,,1648.0,4096.0,2.485,350.0,63.0,167.0,120.0,774.0,63.0,0.0,37.0,130.0,58.0,17.0,3.0,42.0,149.0,51.0,158.0,66.0
2057,city,Box Elder County South,Box Elder County South,,,,,,Box Elder County South,,,,,,,1671.0,4136.0,2.475,349.0,63.0,166.0,120.0,773.0,63.0,0.0,37.0,129.0,58.0,17.0,3.0,42.0,149.0,50.0,159.0,66.0
2058,city,Box Elder County South,Box Elder County South,,,,,,Box Elder County South,,,,,,,1693.0,4169.0,2.462,350.0,63.0,166.0,121.0,773.0,63.0,0.0,37.0,129.0,59.0,17.0,3.0,42.0,149.0,49.0,159.0,66.0
2059,city,Box Elder County South,Box Elder County South,,,,,,Box Elder County South,,,,,,,1717.0,4208.0,2.451,355.0,64.0,167.0,124.0,784.0,64.0,0.0,38.0,129.0,60.0,18.0,3.0,43.0,149.0,49.0,162.0,69.0
2060,city,Box Elder County South,Box Elder County South,,,,,,Box Elder County South,,,,,,,1740.0,4248.0,2.441,355.0,64.0,166.0,125.0,785.0,64.0,0.0,38.0,128.0,60.0,18.0,4.0,43.0,149.0,48.0,164.0,69.0
2061,city,Box Elder County South,Box Elder County South,,,,,,Box Elder County South,,,,,,,1767.0,4282.0,2.423,353.0,64.0,165.0,124.0,784.0,64.0,0.0,38.0,127.0,60.0,18.0,3.0,43.0,148.0,48.0,164.0,71.0
2062,city,Box Elder County South,Box Elder County South,,,,,,Box Elder County South,,,,,,,1790.0,4322.0,2.415,353.0,64.0,164.0,125.0,786.0,64.0,0.0,38.0,126.0,60.0,18.0,4.0,43.0,148.0,48.0,165.0,72.0
2063,city,Box Elder County South,Box Elder County South,,,,,,Box Elder County South,,,,,,,1814.0,4353.0,2.4,353.0,64.0,164.0,125.0,786.0,64.0,0.0,38.0,126.0,60.0,18.0,4.0,43.0,148.0,48.0,165.0,72.0
2064,city,Box Elder County South,Box Elder County South,,,,,,Box Elder County South,,,,,,,1837.0,4392.0,2.391,353.0,64.0,163.0,126.0,788.0,64.0,0.0,38.0,125.0,60.0,18.0,4.0,44.0,147.0,48.0,166.0,74.0
2065,city,Box Elder County South,Box Elder County South,,,,,,Box Elder County South,,,,,,,1859.0,4423.0,2.379,354.0,64.0,164.0,126.0,790.0,64.0,0.0,39.0,125.0,60.0,18.0,4.0,44.0,147.0,47.0,167.0,75.0
2023,city,Brigham City,Brigham City,,,,,,Brigham City,,,,,,,7081.0,19858.0,2.804,12319.0,1999.0,3611.0,6709.0,13990.0,1227.0,772.0,2822.0,789.0,499.0,1807.0,1152.0,3251.0,49.0,0.0,1206.0,416.0
2024,city,Brigham City,Brigham City,,,,,,Brigham City,,,,,,,7193.0,19989.0,2.779,12080.0,1960.0,3434.0,6686.0,13945.0,1245.0,715.0,2629.0,805.0,520.0,1923.0,1203.0,3040.0,48.0,0.0,1409.0,408.0
2025,city,Brigham City,Brigham City,,,,,,Brigham City,,,,,,,7318.0,20135.0,2.751,12295.0,1967.0,3508.0,6820.0,14233.0,1251.0,716.0,2672.0,836.0,524.0,1958.0,1254.0,3084.0,48.0,0.0,1443.0,447.0
2026,city,Brigham City,Brigham City,,,,,,Brigham City,,,,,,,7443.0,20320.0,2.73,12414.0,1974.0,3558.0,6882.0,14386.0,1251.0,723.0,2699.0,859.0,518.0,1968.0,1286.0,3110.0,48.0,0.0,1468.0,456.0
2027,city,Brigham City,Brigham City,,,,,,Brigham City,,,,,,,7589.0,20461.0,2.696,12574.0,1990.0,3599.0,6985.0,14595.0,1264.0,726.0,2720.0,879.0,513.0,1996.0,1322.0,3154.0,48.0,0.0,1508.0,465.0
2028,city,Brigham City,Brigham City,,,,,,Brigham City,,,,,,,7614.0,20233.0,2.657,12725.0,2005.0,3638.0,7082.0,14801.0,1275.0,730.0,2741.0,897.0,512.0,2018.0,1348.0,3204.0,48.0,0.0,1553.0,475.0
2029,city,Brigham City,Brigham City,,,,,,Brigham City,,,,,,,7641.0,20006.0,2.618,12881.0,2018.0,3696.0,7167.0,15008.0,1286.0,732.0,2781.0,915.0,516.0,2033.0,1367.0,3251.0,48.0,0.0,1595.0,484.0
2030,city,Brigham City,Brigham City,,,,,,Brigham City,,,,,,,7711.0,19885.0,2.579,13065.0,2031.0,3772.0,7262.0,15235.0,1302.0,729.0,2788.0,934.0,468.0,2052.0,1395.0,3297.0,48.0,0.0,1628.0,494.0
2031,city,Brigham City,Brigham City,,,,,,Brigham City,,,,,,,7715.0,19609.0,2.542,13197.0,2044.0,3831.0,7322.0,15397.0,1322.0,722.0,2886.0,945.0,522.0,2056.0,1415.0,3329.0,47.0,0.0,1648.0,505.0
2032,city,Brigham City,Brigham City,,,,,,Brigham City,,,,,,,7766.0,19398.0,2.498,13354.0,2054.0,3889.0,7411.0,15587.0,1336.0,718.0,2931.0,958.0,524.0,2071.0,1439.0,3377.0,47.0,0.0,1668.0,518.0
2033,city,Brigham City,Brigham City,,,,,,Brigham City,,,,,,,7800.0,19199.0,2.461,13473.0,2063.0,3937.0,7473.0,15734.0,1345.0,718.0,2966.0,971.0,529.0,2075.0,1456.0,3413.0,48.0,0.0,1687.0,526.0
2034,city,Brigham City,Brigham City,,,,,,Brigham City,,,,,,,7857.0,19043.0,2.424,13647.0,2106.0,3948.0,7593.0,15943.0,1361.0,745.0,2985.0,963.0,535.0,2087.0,1476.0,3495.0,47.0,0.0,1709.0,540.0
2035,city,Brigham City,Brigham City,,,,,,Brigham City,,,,,,,7893.0,18850.0,2.388,13570.0,2074.0,3949.0,7547.0,15886.0,1358.0,716.0,2904.0,945.0,441.0,2091.0,1483.0,3432.0,48.0,0.0,1722.0,546.0
2036,city,Brigham City,Brigham City,,,,,,Brigham City,,,,,,,8043.0,19011.0,2.364,13481.0,2085.0,3870.0,7526.0,15826.0,1365.0,720.0,2938.0,932.0,446.0,2109.0,1501.0,3470.0,48.0,0.0,1740.0,557.0
2037,city,Brigham City,Brigham City,,,,,,Brigham City,,,,,,,8176.0,19222.0,2.351,13583.0,2099.0,3894.0,7590.0,15941.0,1374.0,725.0,2973.0,921.0,450.0,2121.0,1514.0,3505.0,48.0,0.0,1743.0,567.0
2038,city,Brigham City,Brigham City,,,,,,Brigham City,,,,,,,8329.0,19405.0,2.33,13712.0,2116.0,3919.0,7677.0,16083.0,1388.0,728.0,3004.0,915.0,453.0,2137.0,1532.0,3555.0,48.0,0.0,1744.0,579.0
2039,city,Brigham City,Brigham City,,,,,,Brigham City,,,,,,,8475.0,19596.0,2.312,13836.0,2132.0,3941.0,7763.0,16222.0,1401.0,731.0,3033.0,908.0,457.0,2155.0,1548.0,3603.0,49.0,0.0,1746.0,591.0
2040,city,Brigham City,Brigham City,,,,,,Brigham City,,,,,,,8625.0,19831.0,2.299,13958.0,2151.0,3962.0,7845.0,16350.0,1416.0,735.0,3058.0,904.0,461.0,2173.0,1565.0,3646.0,49.0,0.0,1744.0,599.0
2041,city,Brigham City,Brigham City,,,,,,Brigham City,,,,,,,8766.0,20025.0,2.284,14065.0,2165.0,3981.0,7919.0,16463.0,1429.0,736.0,3080.0,901.0,461.0,2189.0,1581.0,3688.0,49.0,0.0,1740.0,609.0
2042,city,Brigham City,Brigham City,,,,,,Brigham City,,,,,,,8917.0,20221.0,2.268,14173.0,2181.0,3996.0,7996.0,16580.0,1440.0,741.0,3099.0,897.0,468.0,2207.0,1594.0,3727.0,49.0,0.0,1738.0,620.0
2043,city,Brigham City,Brigham City,,,,,,Brigham City,,,,,,,9047.0,20453.0,2.261,14269.0,2200.0,4006.0,8063.0,16685.0,1456.0,744.0,3113.0,893.0,472.0,2224.0,1604.0,3763.0,49.0,0.0,1736.0,631.0
2044,city,Brigham City,Brigham City,,,,,,Brigham City,,,,,,,9203.0,20656.0,2.244,14356.0,2209.0,4015.0,8132.0,16780.0,1464.0,745.0,3126.0,889.0,478.0,2241.0,1615.0,3798.0,49.0,0.0,1733.0,642.0
2045,city,Brigham City,Brigham City,,,,,,Brigham City,,,,,,,9340.0,20898.0,2.237,14450.0,2223.0,4032.0,8195.0,16886.0,1477.0,746.0,3146.0,886.0,481.0,2257.0,1627.0,3830.0,49.0,0.0,1738.0,649.0
2046,city,Brigham City,Brigham City,,,,,,Brigham City,,,,,,,9497.0,21109.0,2.223,14552.0,2240.0,4048.0,8264.0,17015.0,1492.0,748.0,3166.0,882.0,489.0,2275.0,1638.0,3862.0,49.0,0.0,1754.0,660.0
2047,city,Brigham City,Brigham City,,,,,,Brigham City,,,,,,,9657.0,21367.0,2.213,14639.0,2249.0,4064.0,8326.0,17143.0,1501.0,748.0,3186.0,878.0,496.0,2292.0,1651.0,3887.0,49.0,0.0,1780.0,675.0
2048,city,Brigham City,Brigham City,,,,,,Brigham City,,,,,,,9804.0,21587.0,2.202,14725.0,2266.0,4081.0,8378.0,17270.0,1516.0,750.0,3208.0,873.0,502.0,2307.0,1661.0,3908.0,49.0,0.0,1813.0,683.0
2049,city,Brigham City,Brigham City,,,,,,Brigham City,,,,,,,9964.0,21853.0,2.193,14813.0,2279.0,4101.0,8433.0,17415.0,1528.0,751.0,3230.0,871.0,511.0,2325.0,1669.0,3928.0,49.0,0.0,1852.0,701.0
2050,city,Brigham City,Brigham City,,,,,,Brigham City,,,,,,,10111.0,22070.0,2.183,14890.0,2288.0,4117.0,8485.0,17541.0,1537.0,751.0,3252.0,865.0,516.0,2343.0,1678.0,3948.0,49.0,0.0,1890.0,712.0
2051,city,Brigham City,Brigham City,,,,,,Brigham City,,,,,,,10278.0,22329.0,2.173,14946.0,2302.0,4138.0,8506.0,17643.0,1550.0,752.0,3277.0,861.0,524.0,2349.0,1680.0,3953.0,49.0,0.0,1928.0,720.0
2052,city,Brigham City,Brigham City,,,,,,Brigham City,,,,,,,10437.0,22534.0,2.159,15012.0,2310.0,4155.0,8547.0,17764.0,1558.0,752.0,3297.0,858.0,527.0,2363.0,1686.0,3971.0,49.0,0.0,1972.0,731.0
2053,city,Brigham City,Brigham City,,,,,,Brigham City,,,,,,,10573.0,22775.0,2.154,15076.0,2314.0,4167.0,8595.0,17883.0,1563.0,751.0,3314.0,853.0,531.0,2378.0,1694.0,3992.0,49.0,0.0,2014.0,744.0
2054,city,Brigham City,Brigham City,,,,,,Brigham City,,,,,,,10737.0,22973.0,2.14,15133.0,2325.0,4179.0,8629.0,17995.0,1574.0,751.0,3329.0,850.0,533.0,2393.0,1698.0,4005.0,49.0,0.0,2059.0,754.0
2055,city,Brigham City,Brigham City,,,,,,Brigham City,,,,,,,10897.0,23209.0,2.13,15156.0,2331.0,4185.0,8640.0,18069.0,1581.0,750.0,3339.0,846.0,534.0,2401.0,1696.0,4009.0,48.0,0.0,2099.0,766.0
2056,city,Brigham City,Brigham City,,,,,,Brigham City,,,,,,,11040.0,23399.0,2.119,15203.0,2333.0,4187.0,8683.0,18158.0,1585.0,748.0,3345.0,842.0,535.0,2418.0,1703.0,4027.0,48.0,0.0,2132.0,775.0
2057,city,Brigham City,Brigham City,,,,,,Brigham City,,,,,,,11201.0,23632.0,2.11,15243.0,2332.0,4192.0,8719.0,18230.0,1587.0,745.0,3354.0,838.0,537.0,2430.0,1710.0,4042.0,48.0,0.0,2156.0,783.0
2058,city,Brigham City,Brigham City,,,,,,Brigham City,,,,,,,11343.0,23814.0,2.099,15266.0,2332.0,4201.0,8733.0,18265.0,1590.0,742.0,3366.0,835.0,540.0,2436.0,1711.0,4046.0,48.0,0.0,2166.0,785.0
2059,city,Brigham City,Brigham City,,,,,,Brigham City,,,,,,,11506.0,24043.0,2.09,15294.0,2331.0,4205.0,8758.0,18326.0,1593.0,738.0,3375.0,830.0,540.0,2446.0,1716.0,4056.0,48.0,0.0,2182.0,802.0
2060,city,Brigham City,Brigham City,,,,,,Brigham City,,,,,,,11675.0,24270.0,2.079,15341.0,2331.0,4214.0,8796.0,18394.0,1595.0,736.0,3386.0,828.0,541.0,2461.0,1722.0,4072.0,48.0,0.0,2199.0,806.0
2061,city,Brigham City,Brigham City,,,,,,Brigham City,,,,,,,11836.0,24452.0,2.066,15355.0,2331.0,4220.0,8804.0,18422.0,1599.0,732.0,3395.0,825.0,543.0,2464.0,1724.0,4073.0,48.0,0.0,2208.0,811.0
2062,city,Brigham City,Brigham City,,,,,,Brigham City,,,,,,,11979.0,24680.0,2.06,15400.0,2331.0,4227.0,8842.0,18506.0,1601.0,730.0,3405.0,822.0,545.0,2475.0,1730.0,4092.0,48.0,0.0,2227.0,831.0
2063,city,Brigham City,Brigham City,,,,,,Brigham City,,,,,,,12144.0,24860.0,2.047,15448.0,2331.0,4238.0,8879.0,18573.0,1603.0,728.0,3419.0,819.0,547.0,2488.0,1735.0,4109.0,47.0,0.0,2243.0,835.0
2064,city,Brigham City,Brigham City,,,,,,Brigham City,,,,,,,12316.0,25093.0,2.037,15469.0,2332.0,4245.0,8892.0,18618.0,1606.0,726.0,3429.0,816.0,549.0,2494.0,1737.0,4112.0,47.0,0.0,2253.0,849.0
2065,city,Brigham City,Brigham City,,,,,,Brigham City,,,,,,,12452.0,25269.0,2.029,15515.0,2331.0,4255.0,8929.0,18685.0,1608.0,723.0,3442.0,813.0,550.0,2505.0,1743.0,4131.0,47.0,0.0,2266.0,857.0
2023,city,Brighton,Brighton,,,,,,Brighton,,,,,,,151.6,262.4,1.731,216.0,143.3,0.0,72.69999999999999,216.0,38.5,104.8,0.0,0.0,0.0,9.4,0.0,63.3,0.0,0.0,0.0,0.0
2024,city,Brighton,Brighton,,,,,,Brighton,,,,,,,152.6,263.6,1.727,217.0,143.9,0.0,73.1,217.0,38.1,105.8,0.0,0.0,0.0,9.4,0.0,63.7,0.0,0.0,0.0,0.0
2025,city,Brighton,Brighton,,,,,,Brighton,,,,,,,153.5,264.8,1.725,217.39999999999998,143.9,0.0,73.5,217.39999999999998,38.0,105.9,0.0,0.0,0.0,9.4,0.0,64.1,0.0,0.0,0.0,0.0
2026,city,Brighton,Brighton,,,,,,Brighton,,,,,,,154.39999999999998,266.0,1.723,217.7,144.0,0.0,73.69999999999999,217.7,38.0,106.0,0.0,0.0,0.0,9.4,0.0,64.3,0.0,0.0,0.0,0.0
2027,city,Brighton,Brighton,,,,,,Brighton,,,,,,,155.3,267.2,1.721,218.1,144.1,0.0,74.0,218.1,38.0,106.1,0.0,0.0,0.0,9.5,0.0,64.5,0.0,0.0,0.0,0.0
2028,city,Brighton,Brighton,,,,,,Brighton,,,,,,,156.3,268.4,1.717,218.5,144.3,0.0,74.2,218.5,38.0,106.3,0.0,0.0,0.0,9.5,0.0,64.7,0.0,0.0,0.0,0.0
2029,city,Brighton,Brighton,,,,,,Brighton,,,,,,,157.3,269.6,1.714,219.4,144.79999999999998,0.0,74.6,219.4,38.1,106.7,0.0,0.0,0.0,9.5,0.0,65.1,0.0,0.0,0.0,0.0
2030,city,Brighton,Brighton,,,,,,Brighton,,,,,,,158.3,270.8,1.711,220.2,145.6,0.0,74.6,220.2,38.2,107.4,0.0,0.0,0.0,9.5,0.0,65.1,0.0,0.0,0.0,0.0
2031,city,Brighton,Brighton,,,,,,Brighton,,,,,,,159.3,272.0,1.707,220.2,145.5,0.0,74.69999999999999,220.2,38.5,107.0,0.0,0.0,0.0,9.6,0.0,65.1,0.0,0.0,0.0,0.0
2032,city,Brighton,Brighton,,,,,,Brighton,,,,,,,160.3,273.2,1.704,220.7,145.8,0.0,74.9,220.7,38.8,107.0,0.0,0.0,0.0,9.6,0.0,65.3,0.0,0.0,0.0,0.0
2033,city,Brighton,Brighton,,,,,,Brighton,,,,,,,161.3,274.4,1.701,221.0,146.1,0.0,74.9,221.0,39.099999999999994,107.0,0.0,0.0,0.0,9.6,0.0,65.3,0.0,0.0,0.0,0.0
2034,city,Brighton,Brighton,,,,,,Brighton,,,,,,,162.3,275.5,1.697,221.7,146.5,0.0,75.2,221.7,39.400000000000006,107.10000000000001,0.0,0.0,0.0,9.7,0.0,65.5,0.0,0.0,0.0,0.0
2035,city,Brighton,Brighton,,,,,,Brighton,,,,,,,163.3,276.6,1.694,222.3,146.9,0.0,75.4,222.3,39.7,107.2,0.0,0.0,0.0,9.7,0.0,65.7,0.0,0.0,0.0,0.0
2036,city,Brighton,Brighton,,,,,,Brighton,,,,,,,164.3,277.7,1.69,222.8,147.2,0.0,75.6,222.8,40.0,107.2,0.0,0.0,0.0,9.7,0.0,65.9,0.0,0.0,0.0,0.0
2037,city,Brighton,Brighton,,,,,,Brighton,,,,,,,165.3,278.79999999999995,1.687,223.4,147.6,0.0,75.8,223.4,40.3,107.3,0.0,0.0,0.0,9.7,0.0,66.1,0.0,0.0,0.0,0.0
2038,city,Brighton,Brighton,,,,,,Brighton,,,,,,,166.3,279.9,1.683,223.9,147.9,0.0,76.0,223.9,40.599999999999994,107.3,0.0,0.0,0.0,9.7,0.0,66.3,0.0,0.0,0.0,0.0
2039,city,Brighton,Brighton,,,,,,Brighton,,,,,,,167.2,281.0,1.681,224.4,148.2,0.0,76.2,224.4,40.900000000000006,107.3,0.0,0.0,0.0,9.7,0.0,66.5,0.0,0.0,0.0,0.0
2040,city,Brighton,Brighton,,,,,,Brighton,,,,,,,168.1,282.1,1.678,224.89999999999998,148.5,0.0,76.4,224.89999999999998,41.2,107.3,0.0,0.0,0.0,9.7,0.0,66.7,0.0,0.0,0.0,0.0
2041,city,Brighton,Brighton,,,,,,Brighton,,,,,,,169.1,283.2,1.675,225.6,149.0,0.0,76.6,225.6,41.5,107.5,0.0,0.0,0.0,9.7,0.0,66.9,0.0,0.0,0.0,0.0
2042,city,Brighton,Brighton,,,,,,Brighton,,,,,,,170.1,284.1,1.67,226.3,149.5,0.0,76.8,226.3,41.8,107.7,0.0,0.0,0.0,9.7,0.0,67.1,0.0,0.0,0.0,0.0
2043,city,Brighton,Brighton,,,,,,Brighton,,,,,,,171.1,285.0,1.666,227.1,150.1,0.0,77.0,227.1,42.099999999999994,108.0,0.0,0.0,0.0,9.7,0.0,67.3,0.0,0.0,0.0,0.0
2044,city,Brighton,Brighton,,,,,,Brighton,,,,,,,172.0,285.9,1.662,227.89999999999998,150.7,0.0,77.2,227.89999999999998,42.400000000000006,108.3,0.0,0.0,0.0,9.7,0.0,67.5,0.0,0.0,0.0,0.0
2045,city,Brighton,Brighton,,,,,,Brighton,,,,,,,172.9,286.8,1.659,228.7,151.3,0.0,77.4,228.7,42.699999999999996,108.6,0.0,0.0,0.0,9.7,0.0,67.7,0.0,0.0,0.0,0.0
2046,city,Brighton,Brighton,,,,,,Brighton,,,,,,,173.7,287.7,1.656,229.5,151.9,0.0,77.6,229.5,43.0,108.9,0.0,0.0,0.0,9.7,0.0,67.9,0.0,0.0,0.0,0.0
2047,city,Brighton,Brighton,,,,,,Brighton,,,,,,,174.5,288.5,1.653,230.4,152.6,0.0,77.8,230.4,43.300000000000004,109.3,0.0,0.0,0.0,9.7,0.0,68.1,0.0,0.0,0.0,0.0
2048,city,Brighton,Brighton,,,,,,Brighton,,,,,,,175.29999999999998,289.3,1.65,231.3,153.29999999999998,0.0,78.0,231.3,43.599999999999994,109.7,0.0,0.0,0.0,9.7,0.0,68.3,0.0,0.0,0.0,0.0
2049,city,Brighton,Brighton,,,,,,Brighton,,,,,,,176.10000000000002,290.1,1.647,232.1,153.9,0.0,78.2,232.1,43.900000000000006,110.0,0.0,0.0,0.0,9.7,0.0,68.5,0.0,0.0,0.0,0.0
2050,city,Brighton,Brighton,,,,,,Brighton,,,,,,,176.9,290.90000000000003,1.644,232.5,154.3,0.0,78.2,232.5,44.199999999999996,110.1,0.0,0.0,0.0,9.7,0.0,68.5,0.0,0.0,0.0,0.0
2051,city,Brighton,Brighton,,,,,,Brighton,,,,,,,177.7,291.7,1.642,233.10000000000002,154.7,0.0,78.4,233.10000000000002,44.5,110.2,0.0,0.0,0.0,9.7,0.0,68.7,0.0,0.0,0.0,0.0
2052,city,Brighton,Brighton,,,,,,Brighton,,,,,,,178.5,292.5,1.639,233.7,155.1,0.0,78.6,233.7,44.800000000000004,110.3,0.0,0.0,0.0,9.7,0.0,68.9,0.0,0.0,0.0,0.0
2053,city,Brighton,Brighton,,,,,,Brighton,,,,,,,179.29999999999998,293.3,1.636,234.3,155.5,0.0,78.8,234.3,45.099999999999994,110.39999999999999,0.0,0.0,0.0,9.7,0.0,69.1,0.0,0.0,0.0,0.0
2054,city,Brighton,Brighton,,,,,,Brighton,,,,,,,180.10000000000002,294.1,1.633,234.9,155.9,0.0,79.0,234.9,45.400000000000006,110.5,0.0,0.0,0.0,9.7,0.0,69.3,0.0,0.0,0.0,0.0
2055,city,Brighton,Brighton,,,,,,Brighton,,,,,,,180.9,294.8,1.63,235.3,156.1,0.0,79.2,235.3,45.5,110.6,0.0,0.0,0.0,9.7,0.0,69.5,0.0,0.0,0.0,0.0
2056,city,Brighton,Brighton,,,,,,Brighton,,,,,,,181.7,295.4,1.626,235.60000000000002,156.3,0.0,79.3,235.60000000000002,45.599999999999994,110.7,0.0,0.0,0.0,9.7,0.0,69.6,0.0,0.0,0.0,0.0
2057,city,Brighton,Brighton,,,,,,Brighton,,,,,,,182.5,296.0,1.622,235.8,156.5,0.0,79.3,235.8,45.7,110.8,0.0,0.0,0.0,9.7,0.0,69.6,0.0,0.0,0.0,0.0
2058,city,Brighton,Brighton,,,,,,Brighton,,,,,,,183.29999999999998,296.6,1.618,236.0,156.7,0.0,79.3,236.0,45.8,110.89999999999999,0.0,0.0,0.0,9.7,0.0,69.6,0.0,0.0,0.0,0.0
2059,city,Brighton,Brighton,,,,,,Brighton,,,,,,,184.10000000000002,297.2,1.614,236.2,156.9,0.0,79.3,236.2,45.900000000000006,111.0,0.0,0.0,0.0,9.7,0.0,69.6,0.0,0.0,0.0,0.0
2060,city,Brighton,Brighton,,,,,,Brighton,,,,,,,184.9,297.8,1.611,236.4,157.1,0.0,79.3,236.4,46.0,111.1,0.0,0.0,0.0,9.7,0.0,69.6,0.0,0.0,0.0,0.0
2061,city,Brighton,Brighton,,,,,,Brighton,,,,,,,0.0,0.0,0,0.0,0.0,0.0,0.0,0.0,0.0,0.0,0.0,0.0,0.0,0.0,0.0,0.0,0.0,0.0,0.0,0.0
2062,city,Brighton,Brighton,,,,,,Brighton,,,,,,,0.0,0.0,0,0.0,0.0,0.0,0.0,0.0,0.0,0.0,0.0,0.0,0.0,0.0,0.0,0.0,0.0,0.0,0.0,0.0
2063,city,Brighton,Brighton,,,,,,Brighton,,,,,,,0.0,0.0,0,0.0,0.0,0.0,0.0,0.0,0.0,0.0,0.0,0.0,0.0,0.0,0.0,0.0,0.0,0.0,0.0,0.0
2064,city,Brighton,Brighton,,,,,,Brighton,,,,,,,0.0,0.0,0,0.0,0.0,0.0,0.0,0.0,0.0,0.0,0.0,0.0,0.0,0.0,0.0,0.0,0.0,0.0,0.0,0.0
2065,city,Brighton,Brighton,,,,,,Brighton,,,,,,,0.0,0.0,0,0.0,0.0,0.0,0.0,0.0,0.0,0.0,0.0,0.0,0.0,0.0,0.0,0.0,0.0,0.0,0.0,0.0
2023,city,Camp Williams,Camp Williams,,,,,,Camp Williams,,,,,,,0.0,0.0,0,0.0,0.0,0.0,0.0,0.0,0.0,0.0,0.0,0.0,0.0,0.0,0.0,0.0,0.0,0.0,0.0,0.0
2024,city,Camp Williams,Camp Williams,,,,,,Camp Williams,,,,,,,0.0,0.0,0,0.0,0.0,0.0,0.0,0.0,0.0,0.0,0.0,0.0,0.0,0.0,0.0,0.0,0.0,0.0,0.0,0.0
2025,city,Camp Williams,Camp Williams,,,,,,Camp Williams,,,,,,,0.0,0.0,0,0.0,0.0,0.0,0.0,0.0,0.0,0.0,0.0,0.0,0.0,0.0,0.0,0.0,0.0,0.0,0.0,0.0
2026,city,Camp Williams,Camp Williams,,,,,,Camp Williams,,,,,,,0.0,0.0,0,0.0,0.0,0.0,0.0,0.0,0.0,0.0,0.0,0.0,0.0,0.0,0.0,0.0,0.0,0.0,0.0,0.0
2027,city,Camp Williams,Camp Williams,,,,,,Camp Williams,,,,,,,0.0,0.0,0,0.0,0.0,0.0,0.0,0.0,0.0,0.0,0.0,0.0,0.0,0.0,0.0,0.0,0.0,0.0,0.0,0.0
2028,city,Camp Williams,Camp Williams,,,,,,Camp Williams,,,,,,,0.0,0.0,0,0.0,0.0,0.0,0.0,0.0,0.0,0.0,0.0,0.0,0.0,0.0,0.0,0.0,0.0,0.0,0.0,0.0
2029,city,Camp Williams,Camp Williams,,,,,,Camp Williams,,,,,,,0.0,0.0,0,0.0,0.0,0.0,0.0,0.0,0.0,0.0,0.0,0.0,0.0,0.0,0.0,0.0,0.0,0.0,0.0,0.0
2030,city,Camp Williams,Camp Williams,,,,,,Camp Williams,,,,,,,0.0,0.0,0,0.0,0.0,0.0,0.0,0.0,0.0,0.0,0.0,0.0,0.0,0.0,0.0,0.0,0.0,0.0,0.0,0.0
2031,city,Camp Williams,Camp Williams,,,,,,Camp Williams,,,,,,,0.0,0.0,0,0.0,0.0,0.0,0.0,0.0,0.0,0.0,0.0,0.0,0.0,0.0,0.0,0.0,0.0,0.0,0.0,0.0
2032,city,Camp Williams,Camp Williams,,,,,,Camp Williams,,,,,,,0.0,0.0,0,0.0,0.0,0.0,0.0,0.0,0.0,0.0,0.0,0.0,0.0,0.0,0.0,0.0,0.0,0.0,0.0,0.0
2033,city,Camp Williams,Camp Williams,,,,,,Camp Williams,,,,,,,0.0,0.0,0,0.0,0.0,0.0,0.0,0.0,0.0,0.0,0.0,0.0,0.0,0.0,0.0,0.0,0.0,0.0,0.0,0.0
2034,city,Camp Williams,Camp Williams,,,,,,Camp Williams,,,,,,,0.0,0.0,0,0.0,0.0,0.0,0.0,0.0,0.0,0.0,0.0,0.0,0.0,0.0,0.0,0.0,0.0,0.0,0.0,0.0
2035,city,Camp Williams,Camp Williams,,,,,,Camp Williams,,,,,,,0.0,0.0,0,0.0,0.0,0.0,0.0,0.0,0.0,0.0,0.0,0.0,0.0,0.0,0.0,0.0,0.0,0.0,0.0,0.0
2036,city,Camp Williams,Camp Williams,,,,,,Camp Williams,,,,,,,0.0,0.0,0,0.0,0.0,0.0,0.0,0.0,0.0,0.0,0.0,0.0,0.0,0.0,0.0,0.0,0.0,0.0,0.0,0.0
2037,city,Camp Williams,Camp Williams,,,,,,Camp Williams,,,,,,,0.0,0.0,0,0.0,0.0,0.0,0.0,0.0,0.0,0.0,0.0,0.0,0.0,0.0,0.0,0.0,0.0,0.0,0.0,0.0
2038,city,Camp Williams,Camp Williams,,,,,,Camp Williams,,,,,,,0.0,0.0,0,0.0,0.0,0.0,0.0,0.0,0.0,0.0,0.0,0.0,0.0,0.0,0.0,0.0,0.0,0.0,0.0,0.0
2039,city,Camp Williams,Camp Williams,,,,,,Camp Williams,,,,,,,0.0,0.0,0,0.0,0.0,0.0,0.0,0.0,0.0,0.0,0.0,0.0,0.0,0.0,0.0,0.0,0.0,0.0,0.0,0.0
2040,city,Camp Williams,Camp Williams,,,,,,Camp Williams,,,,,,,0.0,0.0,0,0.0,0.0,0.0,0.0,0.0,0.0,0.0,0.0,0.0,0.0,0.0,0.0,0.0,0.0,0.0,0.0,0.0
2041,city,Camp Williams,Camp Williams,,,,,,Camp Williams,,,,,,,0.0,0.0,0,0.0,0.0,0.0,0.0,0.0,0.0,0.0,0.0,0.0,0.0,0.0,0.0,0.0,0.0,0.0,0.0,0.0
2042,city,Camp Williams,Camp Williams,,,,,,Camp Williams,,,,,,,0.0,0.0,0,0.0,0.0,0.0,0.0,0.0,0.0,0.0,0.0,0.0,0.0,0.0,0.0,0.0,0.0,0.0,0.0,0.0
2043,city,Camp Williams,Camp Williams,,,,,,Camp Williams,,,,,,,0.0,0.0,0,0.0,0.0,0.0,0.0,0.0,0.0,0.0,0.0,0.0,0.0,0.0,0.0,0.0,0.0,0.0,0.0,0.0
2044,city,Camp Williams,Camp Williams,,,,,,Camp Williams,,,,,,,0.0,0.0,0,0.0,0.0,0.0,0.0,0.0,0.0,0.0,0.0,0.0,0.0,0.0,0.0,0.0,0.0,0.0,0.0,0.0
2045,city,Camp Williams,Camp Williams,,,,,,Camp Williams,,,,,,,0.0,0.0,0,0.0,0.0,0.0,0.0,0.0,0.0,0.0,0.0,0.0,0.0,0.0,0.0,0.0,0.0,0.0,0.0,0.0
2046,city,Camp Williams,Camp Williams,,,,,,Camp Williams,,,,,,,0.0,0.0,0,0.0,0.0,0.0,0.0,0.0,0.0,0.0,0.0,0.0,0.0,0.0,0.0,0.0,0.0,0.0,0.0,0.0
2047,city,Camp Williams,Camp Williams,,,,,,Camp Williams,,,,,,,0.0,0.0,0,0.0,0.0,0.0,0.0,0.0,0.0,0.0,0.0,0.0,0.0,0.0,0.0,0.0,0.0,0.0,0.0,0.0
2048,city,Camp Williams,Camp Williams,,,,,,Camp Williams,,,,,,,0.0,0.0,0,0.0,0.0,0.0,0.0,0.0,0.0,0.0,0.0,0.0,0.0,0.0,0.0,0.0,0.0,0.0,0.0,0.0
2049,city,Camp Williams,Camp Williams,,,,,,Camp Williams,,,,,,,0.0,0.0,0,0.0,0.0,0.0,0.0,0.0,0.0,0.0,0.0,0.0,0.0,0.0,0.0,0.0,0.0,0.0,0.0,0.0
2050,city,Camp Williams,Camp Williams,,,,,,Camp Williams,,,,,,,0.0,0.0,0,0.0,0.0,0.0,0.0,0.0,0.0,0.0,0.0,0.0,0.0,0.0,0.0,0.0,0.0,0.0,0.0,0.0
2051,city,Camp Williams,Camp Williams,,,,,,Camp Williams,,,,,,,0.0,0.0,0,0.0,0.0,0.0,0.0,0.0,0.0,0.0,0.0,0.0,0.0,0.0,0.0,0.0,0.0,0.0,0.0,0.0
2052,city,Camp Williams,Camp Williams,,,,,,Camp Williams,,,,,,,0.0,0.0,0,0.0,0.0,0.0,0.0,0.0,0.0,0.0,0.0,0.0,0.0,0.0,0.0,0.0,0.0,0.0,0.0,0.0
2053,city,Camp Williams,Camp Williams,,,,,,Camp Williams,,,,,,,0.0,0.0,0,0.0,0.0,0.0,0.0,0.0,0.0,0.0,0.0,0.0,0.0,0.0,0.0,0.0,0.0,0.0,0.0,0.0
2054,city,Camp Williams,Camp Williams,,,,,,Camp Williams,,,,,,,0.0,0.0,0,0.0,0.0,0.0,0.0,0.0,0.0,0.0,0.0,0.0,0.0,0.0,0.0,0.0,0.0,0.0,0.0,0.0
2055,city,Camp Williams,Camp Williams,,,,,,Camp Williams,,,,,,,0.0,0.0,0,0.0,0.0,0.0,0.0,0.0,0.0,0.0,0.0,0.0,0.0,0.0,0.0,0.0,0.0,0.0,0.0,0.0
2056,city,Camp Williams,Camp Williams,,,,,,Camp Williams,,,,,,,0.0,0.0,0,0.0,0.0,0.0,0.0,0.0,0.0,0.0,0.0,0.0,0.0,0.0,0.0,0.0,0.0,0.0,0.0,0.0
2057,city,Camp Williams,Camp Williams,,,,,,Camp Williams,,,,,,,0.0,0.0,0,0.0,0.0,0.0,0.0,0.0,0.0,0.0,0.0,0.0,0.0,0.0,0.0,0.0,0.0,0.0,0.0,0.0
2058,city,Camp Williams,Camp Williams,,,,,,Camp Williams,,,,,,,0.0,0.0,0,0.0,0.0,0.0,0.0,0.0,0.0,0.0,0.0,0.0,0.0,0.0,0.0,0.0,0.0,0.0,0.0,0.0
2059,city,Camp Williams,Camp Williams,,,,,,Camp Williams,,,,,,,0.0,0.0,0,0.0,0.0,0.0,0.0,0.0,0.0,0.0,0.0,0.0,0.0,0.0,0.0,0.0,0.0,0.0,0.0,0.0
2060,city,Camp Williams,Camp Williams,,,,,,Camp Williams,,,,,,,0.0,0.0,0,0.0,0.0,0.0,0.0,0.0,0.0,0.0,0.0,0.0,0.0,0.0,0.0,0.0,0.0,0.0,0.0,0.0
2061,city,Camp Williams,Camp Williams,,,,,,Camp Williams,,,,,,,0.0,0.0,0,0.0,0.0,0.0,0.0,0.0,0.0,0.0,0.0,0.0,0.0,0.0,0.0,0.0,0.0,0.0,0.0,0.0
2062,city,Camp Williams,Camp Williams,,,,,,Camp Williams,,,,,,,0.0,0.0,0,0.0,0.0,0.0,0.0,0.0,0.0,0.0,0.0,0.0,0.0,0.0,0.0,0.0,0.0,0.0,0.0,0.0
2063,city,Camp Williams,Camp Williams,,,,,,Camp Williams,,,,,,,0.0,0.0,0,0.0,0.0,0.0,0.0,0.0,0.0,0.0,0.0,0.0,0.0,0.0,0.0,0.0,0.0,0.0,0.0,0.0
2064,city,Camp Williams,Camp Williams,,,,,,Camp Williams,,,,,,,0.0,0.0,0,0.0,0.0,0.0,0.0,0.0,0.0,0.0,0.0,0.0,0.0,0.0,0.0,0.0,0.0,0.0,0.0,0.0
2065,city,Camp Williams,Camp Williams,,,,,,Camp Williams,,,,,,,0.0,0.0,0,0.0,0.0,0.0,0.0,0.0,0.0,0.0,0.0,0.0,0.0,0.0,0.0,0.0,0.0,0.0,0.0,0.0
2023,city,Cedar Fort,Cedar Fort,,,,,,Cedar Fort,,,,,,,164.0,572.866,3.493,148.0,1.0,13.0,134.0,223.844,0.0,1.0,12.0,1.0,79.0,52.0,2.0,1.0,54.432,0.0,11.402000000000001,10.013
2024,city,Cedar Fort,Cedar Fort,,,,,,Cedar Fort,,,,,,,165.0,572.541,3.47,147.0,1.0,13.0,133.0,216.376,0.0,1.0,12.0,1.0,78.0,52.0,2.0,1.0,54.432,0.0,5.927,9.018
2025,city,Cedar Fort,Cedar Fort,,,,,,Cedar Fort,,,,,,,167.0,578.239,3.463,149.0,1.0,13.0,135.0,230.96,0.0,1.0,12.0,1.0,80.0,52.0,2.0,1.0,54.415,0.0,17.526,10.017
2026,city,Cedar Fort,Cedar Fort,,,,,,Cedar Fort,,,,,,,173.0,584.5310000000001,3.379,150.0,1.0,13.0,136.0,231.818,0.0,1.0,12.0,1.0,80.0,53.0,2.0,1.0,54.415,0.0,17.4,10.004
2027,city,Cedar Fort,Cedar Fort,,,,,,Cedar Fort,,,,,,,174.0,582.859,3.35,150.0,1.0,13.0,136.0,226.369,0.0,1.0,12.0,1.0,80.0,53.0,2.0,1.0,54.44200000000001,0.0,11.914,10.012
2028,city,Cedar Fort,Cedar Fort,,,,,,Cedar Fort,,,,,,,174.0,576.431,3.313,150.0,1.0,13.0,136.0,226.107,0.0,1.0,12.0,1.0,80.0,53.0,2.0,1.0,54.388,0.0,11.706000000000001,10.014
2029,city,Cedar Fort,Cedar Fort,,,,,,Cedar Fort,,,,,,,175.0,572.309,3.27,229.0,2.0,14.0,213.0,439.5,0.0,2.0,13.0,1.0,143.0,60.0,9.0,1.0,54.449,0.0,146.037,10.012
2030,city,Cedar Fort,Cedar Fort,,,,,,Cedar Fort,,,,,,,176.0,571.198,3.245,307.0,2.0,16.0,289.0,392.45,0.0,2.0,15.0,1.0,208.0,64.0,16.0,1.0,53.574,0.0,21.867,10.009
2031,city,Cedar Fort,Cedar Fort,,,,,,Cedar Fort,,,,,,,178.0,571.274,3.209,337.0,2.0,17.0,318.0,424.705,0.0,2.0,16.0,1.0,237.0,64.0,16.0,1.0,53.53,0.0,24.165999999999997,10.008
2032,city,Cedar Fort,Cedar Fort,,,,,,Cedar Fort,,,,,,,179.0,570.745,3.189,416.0,2.0,20.0,394.0,557.98,0.0,2.0,19.0,1.0,306.0,65.0,22.0,1.0,53.547,0.0,78.433,9.998999999999999
2033,city,Cedar Fort,Cedar Fort,,,,,,Cedar Fort,,,,,,,183.0,573.0409999999999,3.131,538.0,4.0,22.0,512.0,688.29,0.0,4.0,21.0,1.0,420.0,66.0,25.0,1.0,53.327,0.0,85.95,11.009
2034,city,Cedar Fort,Cedar Fort,,,,,,Cedar Fort,,,,,,,186.0,576.438,3.099,694.0,15.0,24.0,655.0,831.318,0.0,15.0,23.0,1.0,554.0,67.0,33.0,1.0,54.589999999999996,0.0,71.72,11.009
2035,city,Cedar Fort,Cedar Fort,,,,,,Cedar Fort,,,,,,,186.0,572.9970000000001,3.081,755.0,15.0,24.0,716.0,984.264,0.0,15.0,23.0,1.0,610.0,67.0,38.0,1.0,55.541,0.0,162.714,11.01
2036,city,Cedar Fort,Cedar Fort,,,,,,Cedar Fort,,,,,,,188.0,576.056,3.064,876.0,20.0,28.0,828.0,988.389,0.0,20.0,27.0,1.0,712.0,67.0,48.0,1.0,55.477000000000004,0.0,45.902,11.01
2037,city,Cedar Fort,Cedar Fort,,,,,,Cedar Fort,,,,,,,207.0,627.522,3.032,656.0,14.0,28.0,614.0,758.974,0.0,14.0,27.0,1.0,521.0,59.0,33.0,1.0,56.41,0.0,33.558,13.008
2038,city,Cedar Fort,Cedar Fort,,,,,,Cedar Fort,,,,,,,210.0,631.575,3.008,756.0,17.0,28.0,711.0,920.115,0.0,17.0,27.0,1.0,615.0,60.0,35.0,1.0,57.622,0.0,93.491,13.006
2039,city,Cedar Fort,Cedar Fort,,,,,,Cedar Fort,,,,,,,217.0,645.534,2.975,921.0,18.0,34.0,869.0,1143.278,0.0,18.0,33.0,1.0,764.0,62.0,42.0,1.0,57.558,0.0,151.717,13.004
2040,city,Cedar Fort,Cedar Fort,,,,,,Cedar Fort,,,,,,,219.0,647.165,2.955,1083.0,21.0,38.0,1024.0,1279.41,0.0,21.0,37.0,1.0,910.0,70.0,43.0,1.0,58.504,0.0,122.911,14.998
2041,city,Cedar Fort,Cedar Fort,,,,,,Cedar Fort,,,,,,,228.0,671.1519999999999,2.944,1168.0,21.0,41.0,1106.0,1322.884,0.0,21.0,40.0,1.0,987.0,70.0,48.0,1.0,59.531,0.0,80.343,15.009999999999998
2042,city,Cedar Fort,Cedar Fort,,,,,,Cedar Fort,,,,,,,246.0,716.631,2.913,1196.0,21.0,42.0,1133.0,1341.685,0.0,21.0,41.0,1.0,1013.0,70.0,49.0,1.0,60.575,0.0,70.096,15.015
2043,city,Cedar Fort,Cedar Fort,,,,,,Cedar Fort,,,,,,,253.0,731.2049999999999,2.89,1227.0,21.0,42.0,1164.0,1351.914,0.0,21.0,41.0,1.0,1040.0,71.0,52.0,1.0,60.489000000000004,0.0,48.417,16.006
2044,city,Cedar Fort,Cedar Fort,,,,,,Cedar Fort,,,,,,,258.0,743.105,2.88,1249.0,21.0,42.0,1186.0,1379.69,0.0,21.0,41.0,1.0,1061.0,72.0,52.0,1.0,60.475,0.0,54.199,16.018
2045,city,Cedar Fort,Cedar Fort,,,,,,Cedar Fort,,,,,,,261.0,748.954,2.87,1342.0,21.0,45.0,1276.0,1523.847,0.0,21.0,44.0,1.0,1145.0,77.0,53.0,1.0,61.400999999999996,0.0,103.441,17.006
2046,city,Cedar Fort,Cedar Fort,,,,,,Cedar Fort,,,,,,,289.0,817.1220000000001,2.827,1710.0,25.0,49.0,1636.0,2136.619,0.0,25.0,48.0,1.0,1478.0,91.0,66.0,1.0,62.473,0.0,346.147,18.0
2047,city,Cedar Fort,Cedar Fort,,,,,,Cedar Fort,,,,,,,303.0,844.4399999999999,2.787,2157.0,28.0,60.0,2069.0,2508.1349999999998,0.0,28.0,59.0,1.0,1872.0,114.0,82.0,1.0,64.421,0.0,266.72299999999996,19.993000000000002
2048,city,Cedar Fort,Cedar Fort,,,,,,Cedar Fort,,,,,,,321.0,898.793,2.8,2355.0,30.0,62.0,2263.0,2617.3450000000003,0.0,30.0,61.0,1.0,2050.0,123.0,89.0,1.0,64.317,0.0,177.033,21.0
2049,city,Cedar Fort,Cedar Fort,,,,,,Cedar Fort,,,,,,,356.0,987.23,2.773,2504.0,32.0,65.0,2407.0,2750.795,0.0,32.0,64.0,1.0,2185.0,128.0,93.0,1.0,65.283,0.0,158.517,22.997
2050,city,Cedar Fort,Cedar Fort,,,,,,Cedar Fort,,,,,,,386.0,1059.128,2.744,2639.0,32.0,71.0,2536.0,2916.201,0.0,32.0,70.0,1.0,2301.0,138.0,96.0,1.0,64.541,0.0,187.662,25.0
2051,city,Cedar Fort,Cedar Fort,,,,,,Cedar Fort,,,,,,,480.0,1319.913,2.75,2791.0,33.0,72.0,2686.0,3256.862,0.0,33.0,71.0,1.0,2433.0,152.0,100.0,1.0,65.661,0.0,370.201,30.0
2052,city,Cedar Fort,Cedar Fort,,,,,,Cedar Fort,,,,,,,770.0,2099.002,2.726,2933.0,33.0,76.0,2824.0,3730.536,0.0,33.0,75.0,1.0,2562.0,157.0,104.0,1.0,57.757999999999996,0.0,690.773,49.005
2053,city,Cedar Fort,Cedar Fort,,,,,,Cedar Fort,,,,,,,951.0,2548.944,2.68,3030.0,33.0,78.0,2919.0,3367.1,0.0,33.0,77.0,1.0,2644.0,165.0,109.0,1.0,55.699,0.0,221.369,60.037
2054,city,Cedar Fort,Cedar Fort,,,,,,Cedar Fort,,,,,,,987.0,2631.6549999999997,2.666,3096.0,34.0,79.0,2983.0,3412.498,0.0,34.0,78.0,1.0,2703.0,168.0,111.0,1.0,55.659,0.0,198.819,62.021
2055,city,Cedar Fort,Cedar Fort,,,,,,Cedar Fort,,,,,,,1020.0,2703.561,2.651,3135.0,34.0,79.0,3022.0,3458.262,0.0,34.0,78.0,1.0,2737.0,173.0,111.0,1.0,55.690999999999995,0.0,203.56,64.01
2056,city,Cedar Fort,Cedar Fort,,,,,,Cedar Fort,,,,,,,1019.0,2689.151,2.639,3228.0,35.0,79.0,3114.0,3615.349,0.0,35.0,78.0,1.0,2816.0,180.0,117.0,1.0,55.690999999999995,0.0,266.66200000000003,64.998
2057,city,Cedar Fort,Cedar Fort,,,,,,Cedar Fort,,,,,,,1019.0,2696.802,2.647,3332.0,36.0,80.0,3216.0,3722.2870000000003,0.0,36.0,79.0,1.0,2907.0,188.0,120.0,1.0,55.722,0.0,269.582,64.981
2058,city,Cedar Fort,Cedar Fort,,,,,,Cedar Fort,,,,,,,1018.0,2729.071,2.681,3393.0,36.0,83.0,3274.0,3739.03,0.0,36.0,82.0,1.0,2961.0,189.0,123.0,1.0,55.739000000000004,0.0,223.302,66.986
2059,city,Cedar Fort,Cedar Fort,,,,,,Cedar Fort,,,,,,,1017.0,2755.1639999999998,2.709,3444.0,36.0,85.0,3323.0,3793.554,0.0,36.0,84.0,1.0,3007.0,190.0,125.0,1.0,55.746,0.0,225.797,68.013
2060,city,Cedar Fort,Cedar Fort,,,,,,Cedar Fort,,,,,,,1017.0,2787.467,2.741,3474.0,36.0,85.0,3353.0,3821.429,0.0,36.0,84.0,1.0,3033.0,192.0,127.0,1.0,54.749,0.0,223.701,68.98
2061,city,Cedar Fort,Cedar Fort,,,,,,Cedar Fort,,,,,,,1016.0,2820.7780000000002,2.776,3501.0,38.0,85.0,3378.0,3865.703,0.0,38.0,84.0,1.0,3056.0,193.0,128.0,1.0,54.702,0.0,239.0,70.998
2062,city,Cedar Fort,Cedar Fort,,,,,,Cedar Fort,,,,,,,1015.0,2849.54,2.807,3530.0,38.0,85.0,3407.0,3911.7850000000003,0.0,38.0,84.0,1.0,3081.0,198.0,128.0,0.0,54.657000000000004,0.0,254.101,73.024
2063,city,Cedar Fort,Cedar Fort,,,,,,Cedar Fort,,,,,,,1014.0,2879.456,2.84,3579.0,40.0,86.0,3453.0,3962.003,0.0,40.0,85.0,1.0,3123.0,201.0,129.0,0.0,54.648,0.0,254.35,74.009
2064,city,Cedar Fort,Cedar Fort,,,,,,Cedar Fort,,,,,,,1014.0,2913.942,2.874,3594.0,40.0,86.0,3468.0,3968.43,0.0,40.0,85.0,1.0,3137.0,202.0,129.0,0.0,54.678999999999995,0.0,244.732,75.02
2065,city,Cedar Fort,Cedar Fort,,,,,,Cedar Fort,,,,,,,1012.0,2938.355,2.904,3632.0,40.0,86.0,3506.0,4021.123,0.0,40.0,85.0,1.0,3168.0,207.0,131.0,0.0,54.725,0.0,259.418,74.98
2023,city,Cedar Hills,Cedar Hills,,,,,,Cedar Hills,,,,,,,2752.0,10078.354,3.662,2033.0,515.0,155.0,1363.0,2443.076,347.0,168.0,46.0,109.0,626.0,223.0,196.0,318.0,0.0,0.0,233.853,176.224
2024,city,Cedar Hills,Cedar Hills,,,,,,Cedar Hills,,,,,,,2777.0,10082.811,3.631,2029.0,514.0,158.0,1357.0,2291.629,346.0,168.0,46.0,112.0,620.0,223.0,196.0,318.0,0.0,0.0,91.279,171.352
2025,city,Cedar Hills,Cedar Hills,,,,,,Cedar Hills,,,,,,,2782.0,10000.566,3.595,2031.0,514.0,158.0,1359.0,2483.282,346.0,168.0,46.0,112.0,622.0,223.0,196.0,318.0,0.0,0.0,266.966,185.317
2026,city,Cedar Hills,Cedar Hills,,,,,,Cedar Hills,,,,,,,2789.0,9913.46,3.554,2041.0,516.0,158.0,1367.0,2499.241,347.0,169.0,46.0,112.0,622.0,223.0,199.0,323.0,0.0,0.0,274.161,184.079
2027,city,Cedar Hills,Cedar Hills,,,,,,Cedar Hills,,,,,,,2798.0,9830.72,3.513,2043.0,517.0,159.0,1367.0,2420.216,348.0,169.0,47.0,112.0,621.0,223.0,199.0,324.0,0.0,0.0,194.987,182.227
2028,city,Cedar Hills,Cedar Hills,,,,,,Cedar Hills,,,,,,,2814.0,9767.081,3.471,2047.0,517.0,160.0,1370.0,2440.892,348.0,169.0,47.0,113.0,621.0,224.0,199.0,326.0,0.0,0.0,211.629,182.263
2029,city,Cedar Hills,Cedar Hills,,,,,,Cedar Hills,,,,,,,2821.0,9682.618,3.432,2057.0,518.0,166.0,1373.0,2410.718,349.0,169.0,48.0,118.0,621.0,224.0,200.0,328.0,0.0,0.0,171.493,182.223
2030,city,Cedar Hills,Cedar Hills,,,,,,Cedar Hills,,,,,,,2824.0,9597.956,3.399,2059.0,518.0,167.0,1374.0,2410.684,349.0,169.0,49.0,118.0,621.0,224.0,201.0,328.0,0.0,0.0,170.526,181.15699999999998
2031,city,Cedar Hills,Cedar Hills,,,,,,Cedar Hills,,,,,,,2826.0,9509.051,3.365,2065.0,518.0,172.0,1375.0,2429.1670000000004,349.0,169.0,51.0,121.0,621.0,224.0,201.0,329.0,0.0,0.0,183.024,181.143
2032,city,Cedar Hills,Cedar Hills,,,,,,Cedar Hills,,,,,,,2830.0,9433.814,3.334,2066.0,519.0,172.0,1375.0,2444.7850000000003,350.0,169.0,51.0,121.0,621.0,224.0,201.0,329.0,0.0,0.0,197.811,180.97299999999998
2033,city,Cedar Hills,Cedar Hills,,,,,,Cedar Hills,,,,,,,2830.0,9360.427,3.308,2066.0,519.0,172.0,1375.0,2450.732,350.0,169.0,51.0,121.0,621.0,224.0,201.0,329.0,0.0,0.0,203.597,181.136
2034,city,Cedar Hills,Cedar Hills,,,,,,Cedar Hills,,,,,,,2835.0,9310.075,3.284,2068.0,521.0,172.0,1375.0,2470.296,351.0,170.0,51.0,121.0,621.0,224.0,201.0,329.0,0.0,0.0,219.154,183.143
2035,city,Cedar Hills,Cedar Hills,,,,,,Cedar Hills,,,,,,,2844.0,9282.85,3.264,2065.0,518.0,170.0,1377.0,2450.911,351.0,167.0,51.0,119.0,624.0,224.0,201.0,328.0,0.0,0.0,203.745,182.166
2036,city,Cedar Hills,Cedar Hills,,,,,,Cedar Hills,,,,,,,2845.0,9232.64,3.245,2065.0,518.0,170.0,1377.0,2461.983,351.0,167.0,51.0,119.0,624.0,224.0,201.0,328.0,0.0,0.0,214.819,182.162
2037,city,Cedar Hills,Cedar Hills,,,,,,Cedar Hills,,,,,,,2872.0,9259.513,3.224,2064.0,511.0,173.0,1380.0,2441.038,347.0,164.0,51.0,122.0,621.0,229.0,202.0,328.0,0.0,0.0,193.927,183.109
2038,city,Cedar Hills,Cedar Hills,,,,,,Cedar Hills,,,,,,,2881.0,9231.559,3.204,2066.0,511.0,173.0,1382.0,2460.072,347.0,164.0,51.0,122.0,621.0,229.0,202.0,330.0,0.0,0.0,209.988,184.083
2039,city,Cedar Hills,Cedar Hills,,,,,,Cedar Hills,,,,,,,2885.0,9202.030999999999,3.19,2067.0,512.0,173.0,1382.0,2435.574,348.0,164.0,51.0,122.0,621.0,229.0,202.0,330.0,0.0,0.0,182.524,186.049
2040,city,Cedar Hills,Cedar Hills,,,,,,Cedar Hills,,,,,,,2886.0,9165.272,3.176,2067.0,512.0,173.0,1382.0,2435.223,348.0,164.0,51.0,122.0,621.0,229.0,202.0,330.0,0.0,0.0,182.254,185.968
2041,city,Cedar Hills,Cedar Hills,,,,,,Cedar Hills,,,,,,,2886.0,9126.887999999999,3.162,2069.0,513.0,173.0,1383.0,2419.6150000000002,348.0,165.0,51.0,122.0,621.0,229.0,202.0,331.0,0.0,0.0,164.501,186.11599999999999
2042,city,Cedar Hills,Cedar Hills,,,,,,Cedar Hills,,,,,,,2891.0,9101.407,3.148,2071.0,513.0,173.0,1385.0,2431.361,348.0,165.0,51.0,122.0,621.0,229.0,204.0,331.0,0.0,0.0,174.18,186.181
2043,city,Cedar Hills,Cedar Hills,,,,,,Cedar Hills,,,,,,,2906.0,9112.389,3.136,2071.0,513.0,173.0,1385.0,2452.906,348.0,165.0,51.0,122.0,621.0,229.0,204.0,331.0,0.0,0.0,193.817,188.09
2044,city,Cedar Hills,Cedar Hills,,,,,,Cedar Hills,,,,,,,2914.0,9103.982,3.124,2074.0,513.0,173.0,1388.0,2430.748,348.0,165.0,51.0,122.0,621.0,230.0,206.0,331.0,0.0,0.0,168.526,188.22
2045,city,Cedar Hills,Cedar Hills,,,,,,Cedar Hills,,,,,,,2919.0,9081.743,3.111,2078.0,513.0,175.0,1390.0,2426.192,348.0,165.0,53.0,122.0,621.0,232.0,206.0,331.0,0.0,0.0,160.12199999999999,188.073
2046,city,Cedar Hills,Cedar Hills,,,,,,Cedar Hills,,,,,,,2921.0,9052.366,3.099,2079.0,514.0,175.0,1390.0,2417.436,349.0,165.0,53.0,122.0,621.0,232.0,206.0,331.0,0.0,0.0,150.44299999999998,187.992
2047,city,Cedar Hills,Cedar Hills,,,,,,Cedar Hills,,,,,,,2929.0,9047.29,3.089,2083.0,515.0,177.0,1391.0,2448.138,350.0,165.0,55.0,122.0,621.0,232.0,206.0,332.0,0.0,0.0,176.2,188.939
2048,city,Cedar Hills,Cedar Hills,,,,,,Cedar Hills,,,,,,,2935.0,9026.844,3.076,2086.0,516.0,178.0,1392.0,2444.1580000000004,351.0,165.0,56.0,122.0,621.0,233.0,206.0,332.0,0.0,0.0,168.164,189.993
2049,city,Cedar Hills,Cedar Hills,,,,,,Cedar Hills,,,,,,,2969.0,9064.79,3.053,2088.0,517.0,178.0,1393.0,2503.942,352.0,165.0,56.0,122.0,621.0,233.0,206.0,333.0,0.0,0.0,223.977,191.966
2050,city,Cedar Hills,Cedar Hills,,,,,,Cedar Hills,,,,,,,2981.0,9053.603,3.037,2091.0,517.0,178.0,1396.0,2450.352,352.0,165.0,56.0,122.0,621.0,233.0,206.0,336.0,0.0,0.0,166.363,192.987
2051,city,Cedar Hills,Cedar Hills,,,,,,Cedar Hills,,,,,,,2988.0,9039.748,3.025,2093.0,518.0,178.0,1397.0,2455.86,352.0,166.0,56.0,122.0,621.0,233.0,206.0,337.0,0.0,0.0,168.856,194.007
2052,city,Cedar Hills,Cedar Hills,,,,,,Cedar Hills,,,,,,,2991.0,9013.952,3.014,2094.0,518.0,178.0,1398.0,2462.619,352.0,166.0,56.0,122.0,621.0,233.0,207.0,337.0,0.0,0.0,174.59199999999998,194.025
2053,city,Cedar Hills,Cedar Hills,,,,,,Cedar Hills,,,,,,,2992.0,8976.263,3.0,2095.0,519.0,178.0,1398.0,2510.6499999999996,353.0,166.0,56.0,122.0,621.0,233.0,207.0,337.0,0.0,0.0,221.531,194.11700000000002
2054,city,Cedar Hills,Cedar Hills,,,,,,Cedar Hills,,,,,,,2992.0,8937.365,2.987,2097.0,519.0,178.0,1400.0,2536.38,353.0,166.0,56.0,122.0,621.0,234.0,207.0,338.0,0.0,0.0,245.311,194.067
2055,city,Cedar Hills,Cedar Hills,,,,,,Cedar Hills,,,,,,,2992.0,8899.57,2.974,2098.0,519.0,178.0,1401.0,2541.406,353.0,166.0,56.0,122.0,621.0,234.0,207.0,339.0,0.0,0.0,249.37,194.036
2056,city,Cedar Hills,Cedar Hills,,,,,,Cedar Hills,,,,,,,2992.0,8860.226,2.961,2099.0,520.0,178.0,1401.0,2536.728,354.0,166.0,56.0,122.0,621.0,234.0,207.0,339.0,0.0,0.0,241.741,195.987
2057,city,Cedar Hills,Cedar Hills,,,,,,Cedar Hills,,,,,,,2992.0,8887.103,2.97,2101.0,521.0,178.0,1402.0,2551.291,354.0,167.0,56.0,122.0,621.0,234.0,207.0,340.0,0.0,0.0,252.345,197.947
2058,city,Cedar Hills,Cedar Hills,,,,,,Cedar Hills,,,,,,,2992.0,9003.984,3.009,2104.0,523.0,178.0,1403.0,2559.314,356.0,167.0,56.0,122.0,621.0,234.0,208.0,340.0,0.0,0.0,253.36,201.954
2059,city,Cedar Hills,Cedar Hills,,,,,,Cedar Hills,,,,,,,2992.0,9104.548,3.043,2104.0,523.0,178.0,1403.0,2554.555,356.0,167.0,56.0,122.0,621.0,234.0,208.0,340.0,0.0,0.0,246.514,204.042
2060,city,Cedar Hills,Cedar Hills,,,,,,Cedar Hills,,,,,,,2992.0,9218.144,3.081,2105.0,523.0,178.0,1404.0,2565.832,356.0,167.0,56.0,122.0,621.0,234.0,208.0,341.0,0.0,0.0,253.88400000000001,206.947
2061,city,Cedar Hills,Cedar Hills,,,,,,Cedar Hills,,,,,,,2992.0,9347.161,3.124,2105.0,523.0,178.0,1404.0,2576.524,356.0,167.0,56.0,122.0,621.0,234.0,208.0,341.0,0.0,0.0,259.536,211.989
2062,city,Cedar Hills,Cedar Hills,,,,,,Cedar Hills,,,,,,,2992.0,9460.492,3.162,2107.0,525.0,178.0,1404.0,2585.098,358.0,167.0,56.0,122.0,621.0,234.0,208.0,341.0,0.0,0.0,263.028,215.07
2063,city,Cedar Hills,Cedar Hills,,,,,,Cedar Hills,,,,,,,2992.0,9575.288,3.2,2109.0,525.0,178.0,1406.0,2592.852,358.0,167.0,56.0,122.0,621.0,235.0,209.0,341.0,0.0,0.0,265.823,218.029
2064,city,Cedar Hills,Cedar Hills,,,,,,Cedar Hills,,,,,,,2992.0,9696.987,3.241,2109.0,525.0,178.0,1406.0,2601.973,358.0,167.0,56.0,122.0,621.0,235.0,209.0,341.0,0.0,0.0,270.916,222.057
2065,city,Cedar Hills,Cedar Hills,,,,,,Cedar Hills,,,,,,,2992.0,9808.2,3.278,2112.0,527.0,178.0,1407.0,2605.472,360.0,167.0,56.0,122.0,621.0,235.0,209.0,342.0,0.0,0.0,267.53000000000003,225.94299999999998
2023,city,Centerville,Centerville,,,,,,Centerville,,,,,,,6078.0,16846.565,2.772,9625.0,2811.0,1002.0,5812.0,10633.974,1873.0,938.0,446.0,556.0,1194.0,522.0,410.0,3686.0,35.489,0.0,708.091,265.391
2024,city,Centerville,Centerville,,,,,,Centerville,,,,,,,6178.0,17017.197,2.754,9660.0,2802.0,1011.0,5847.0,10244.675,1860.0,942.0,465.0,546.0,1173.0,599.0,433.0,3642.0,38.264,0.0,282.265,264.149
2025,city,Centerville,Centerville,,,,,,Centerville,,,,,,,6236.0,17023.958,2.73,9754.0,2790.0,1017.0,5947.0,10669.953,1856.0,934.0,460.0,557.0,1170.0,626.0,465.0,3686.0,38.354,0.0,585.796,291.802
2026,city,Centerville,Centerville,,,,,,Centerville,,,,,,,6254.0,16910.877,2.704,9771.0,2778.0,1012.0,5981.0,10776.423,1844.0,934.0,452.0,560.0,1148.0,620.0,495.0,3718.0,38.265,0.0,675.257,291.903
2027,city,Centerville,Centerville,,,,,,Centerville,,,,,,,6264.0,16756.086,2.675,9812.0,2778.0,1013.0,6021.0,10712.064,1847.0,931.0,447.0,566.0,1140.0,613.0,517.0,3751.0,38.445,0.0,569.812,291.809
2028,city,Centerville,Centerville,,,,,,Centerville,,,,,,,6275.0,16607.939,2.647,9804.0,2762.0,1009.0,6033.0,10780.541,1837.0,925.0,445.0,564.0,1108.0,605.0,533.0,3787.0,37.481,0.0,646.87,292.189
2029,city,Centerville,Centerville,,,,,,Centerville,,,,,,,6330.0,16589.119,2.621,9790.0,2753.0,1005.0,6032.0,10808.889,1839.0,914.0,441.0,564.0,1087.0,599.0,544.0,3802.0,38.179,0.0,682.802,297.906
2030,city,Centerville,Centerville,,,,,,Centerville,,,,,,,6365.0,16531.765,2.597,9813.0,2748.0,1003.0,6062.0,10761.767,1848.0,900.0,441.0,562.0,1077.0,596.0,555.0,3834.0,38.135000000000005,0.0,612.585,298.045
2031,city,Centerville,Centerville,,,,,,Centerville,,,,,,,6444.0,16628.128,2.58,9850.0,2758.0,1003.0,6089.0,10758.295,1868.0,890.0,442.0,561.0,1079.0,586.0,576.0,3848.0,38.955,0.0,569.069,300.274
2032,city,Centerville,Centerville,,,,,,Centerville,,,,,,,6517.0,16702.68,2.563,9886.0,2753.0,1002.0,6131.0,10860.66,1877.0,876.0,443.0,559.0,1079.0,583.0,594.0,3875.0,40.289,0.0,630.324,304.045
2033,city,Centerville,Centerville,,,,,,Centerville,,,,,,,6581.0,16750.827,2.545,9935.0,2760.0,1000.0,6175.0,10938.501,1888.0,872.0,442.0,558.0,1074.0,576.0,613.0,3912.0,40.482,0.0,655.8389999999999,307.179
2034,city,Centerville,Centerville,,,,,,Centerville,,,,,,,6651.0,16835.889,2.531,10062.0,2818.0,1001.0,6243.0,11102.036,1901.0,917.0,441.0,560.0,1066.0,573.0,627.0,3977.0,40.287,0.0,686.883,312.866
2035,city,Centerville,Centerville,,,,,,Centerville,,,,,,,6719.0,16905.786,2.516,9922.0,2783.0,999.0,6140.0,10930.743,1893.0,890.0,445.0,554.0,1057.0,569.0,629.0,3885.0,41.345,0.0,657.093,310.31
2036,city,Centerville,Centerville,,,,,,Centerville,,,,,,,6746.0,16860.826,2.499,9930.0,2793.0,1004.0,6133.0,10840.457,1900.0,893.0,456.0,548.0,1040.0,565.0,639.0,3889.0,42.300999999999995,0.0,556.941,311.217
2037,city,Centerville,Centerville,,,,,,Centerville,,,,,,,6846.0,16969.067,2.479,9967.0,2838.0,1008.0,6121.0,10968.028,1933.0,905.0,469.0,539.0,1014.0,582.0,622.0,3903.0,43.415,0.0,643.528,314.086
2038,city,Centerville,Centerville,,,,,,Centerville,,,,,,,6958.0,17152.144,2.465,10108.0,2894.0,1017.0,6197.0,11214.511,1968.0,926.0,480.0,537.0,1022.0,588.0,639.0,3948.0,44.211,0.0,740.168,322.13100000000003
2039,city,Centerville,Centerville,,,,,,Centerville,,,,,,,7006.0,17182.055,2.452,10217.0,2927.0,1024.0,6266.0,11196.706,1985.0,942.0,488.0,536.0,1032.0,594.0,648.0,3992.0,46.166999999999994,0.0,605.455,328.087
2040,city,Centerville,Centerville,,,,,,Centerville,,,,,,,7043.0,17190.304,2.441,10342.0,2965.0,1039.0,6338.0,11296.557,2006.0,959.0,501.0,538.0,1036.0,604.0,653.0,4045.0,46.55499999999999,0.0,579.088,328.915
2041,city,Centerville,Centerville,,,,,,Centerville,,,,,,,7077.0,17195.776,2.43,10428.0,2988.0,1053.0,6387.0,11433.247,2023.0,965.0,513.0,540.0,1044.0,604.0,661.0,4078.0,49.236000000000004,0.0,624.0120000000001,332.0
2042,city,Centerville,Centerville,,,,,,Centerville,,,,,,,7137.0,17281.670000000002,2.421,10513.0,3010.0,1065.0,6438.0,11552.878,2043.0,967.0,523.0,542.0,1051.0,611.0,671.0,4105.0,49.353,0.0,654.525,336.0
2043,city,Centerville,Centerville,,,,,,Centerville,,,,,,,7229.0,17454.593,2.415,10627.0,3055.0,1068.0,6504.0,11786.653,2073.0,982.0,526.0,542.0,1062.0,616.0,682.0,4144.0,49.413000000000004,0.0,768.116,342.124
2044,city,Centerville,Centerville,,,,,,Centerville,,,,,,,7283.0,17558.081,2.411,10769.0,3120.0,1079.0,6570.0,11795.927,2114.0,1006.0,536.0,543.0,1074.0,624.0,688.0,4184.0,48.116,0.0,634.61,344.203
2045,city,Centerville,Centerville,,,,,,Centerville,,,,,,,7355.0,17689.28,2.405,10858.0,3148.0,1089.0,6621.0,11914.28,2127.0,1021.0,544.0,545.0,1079.0,631.0,698.0,4213.0,50.18,0.0,659.0989999999999,347.0
2046,city,Centerville,Centerville,,,,,,Centerville,,,,,,,7392.0,17741.055,2.4,10932.0,3172.0,1102.0,6658.0,11944.373,2144.0,1028.0,550.0,552.0,1081.0,634.0,707.0,4236.0,51.307,0.0,608.985,352.081
2047,city,Centerville,Centerville,,,,,,Centerville,,,,,,,7410.0,17738.165,2.394,10990.0,3191.0,1111.0,6688.0,12043.15,2155.0,1036.0,558.0,553.0,1085.0,637.0,710.0,4256.0,52.12499999999999,0.0,643.785,357.238
2048,city,Centerville,Centerville,,,,,,Centerville,,,,,,,7426.0,17728.381,2.387,11051.0,3209.0,1116.0,6726.0,12212.598,2159.0,1050.0,562.0,554.0,1093.0,640.0,715.0,4278.0,52.187,0.0,750.937,358.468
2049,city,Centerville,Centerville,,,,,,Centerville,,,,,,,7435.0,17698.325,2.38,11095.0,3222.0,1120.0,6753.0,12299.573,2166.0,1056.0,567.0,553.0,1100.0,645.0,718.0,4290.0,51.246,0.0,793.477,359.846
2050,city,Centerville,Centerville,,,,,,Centerville,,,,,,,7909.0,18931.885,2.394,11007.0,3178.0,1096.0,6733.0,12798.672999999999,2132.0,1046.0,550.0,546.0,1102.0,650.0,723.0,4258.0,51.247,0.0,1356.264,384.161
2051,city,Centerville,Centerville,,,,,,Centerville,,,,,,,7984.0,19077.41,2.389,11022.0,3187.0,1098.0,6737.0,12190.131,2139.0,1048.0,553.0,545.0,1103.0,650.0,724.0,4260.0,51.247,0.0,726.843,390.041
2052,city,Centerville,Centerville,,,,,,Centerville,,,,,,,7997.0,19050.52,2.382,11039.0,3194.0,1099.0,6746.0,12277.404,2146.0,1048.0,554.0,545.0,1106.0,653.0,725.0,4262.0,51.248,0.0,796.038,391.121
2053,city,Centerville,Centerville,,,,,,Centerville,,,,,,,7999.0,18989.596,2.374,11052.0,3200.0,1102.0,6750.0,12323.331,2150.0,1050.0,558.0,544.0,1106.0,655.0,725.0,4264.0,51.185,0.0,827.833,392.312
2054,city,Centerville,Centerville,,,,,,Centerville,,,,,,,8018.0,18978.084,2.367,11050.0,3194.0,1104.0,6752.0,12355.029,2146.0,1048.0,560.0,544.0,1106.0,656.0,725.0,4265.0,51.185,0.0,859.648,394.192
2055,city,Centerville,Centerville,,,,,,Centerville,,,,,,,8026.0,18946.851,2.361,11046.0,3192.0,1104.0,6750.0,12309.883,2145.0,1047.0,560.0,544.0,1105.0,656.0,724.0,4265.0,51.123999999999995,0.0,818.645,394.113
2056,city,Centerville,Centerville,,,,,,Centerville,,,,,,,8032.0,19100.203999999998,2.378,11051.0,3192.0,1103.0,6756.0,12370.079,2145.0,1047.0,560.0,543.0,1105.0,656.0,726.0,4269.0,51.123999999999995,0.0,867.03,400.923
2057,city,Centerville,Centerville,,,,,,Centerville,,,,,,,8032.0,19208.069,2.391,11056.0,3188.0,1105.0,6763.0,12340.837,2146.0,1042.0,562.0,543.0,1105.0,658.0,728.0,4272.0,51.126,0.0,825.634,408.077
2058,city,Centerville,Centerville,,,,,,Centerville,,,,,,,8032.0,19345.227,2.409,11070.0,3190.0,1107.0,6773.0,12403.012,2150.0,1040.0,565.0,542.0,1107.0,658.0,729.0,4279.0,51.188,0.0,871.596,410.229
2059,city,Centerville,Centerville,,,,,,Centerville,,,,,,,8032.0,19488.291,2.426,11073.0,3189.0,1108.0,6776.0,12411.714,2152.0,1037.0,567.0,541.0,1107.0,660.0,730.0,4279.0,51.126,0.0,872.435,415.151
2060,city,Centerville,Centerville,,,,,,Centerville,,,,,,,8043.0,19663.869,2.445,11082.0,3189.0,1110.0,6783.0,12438.853,2153.0,1036.0,570.0,540.0,1109.0,663.0,731.0,4280.0,50.061,0.0,887.678,419.113
2061,city,Centerville,Centerville,,,,,,Centerville,,,,,,,8043.0,19819.973,2.464,11084.0,3187.0,1114.0,6783.0,12463.269,2154.0,1033.0,574.0,540.0,1109.0,661.0,732.0,4281.0,50.061,0.0,904.357,424.848
2062,city,Centerville,Centerville,,,,,,Centerville,,,,,,,8043.0,19957.337,2.481,11095.0,3188.0,1117.0,6790.0,12441.055,2156.0,1032.0,576.0,541.0,1109.0,662.0,732.0,4287.0,50.125,0.0,868.084,427.85
2063,city,Centerville,Centerville,,,,,,Centerville,,,,,,,8043.0,20063.173,2.494,11101.0,3187.0,1122.0,6792.0,12398.134,2158.0,1029.0,580.0,542.0,1109.0,662.0,732.0,4289.0,50.18600000000001,0.0,813.872,433.075
2064,city,Centerville,Centerville,,,,,,Centerville,,,,,,,8043.0,20207.793,2.512,11105.0,3188.0,1123.0,6794.0,12478.753,2161.0,1027.0,582.0,541.0,1109.0,662.0,732.0,4291.0,50.125,0.0,888.219,435.411
2065,city,Centerville,Centerville,,,,,,Centerville,,,,,,,8043.0,20359.751,2.531,11111.0,3190.0,1125.0,6796.0,12482.988,2163.0,1027.0,584.0,541.0,1109.0,662.0,732.0,4293.0,50.25,0.0,880.884,440.854
2023,city,Clearfield,Clearfield,,,,,,Clearfield,,,,,,,12240.0,34045.404,2.781,22262.0,1760.0,7917.0,12585.0,24307.898,1136.0,624.0,6438.0,1479.0,2242.0,1778.0,1628.0,6937.0,11.154,0.0,1496.942,537.801
2024,city,Clearfield,Clearfield,,,,,,Clearfield,,,,,,,12390.0,34021.509,2.746,22259.0,1747.0,7911.0,12601.0,23229.778,1123.0,624.0,6466.0,1445.0,2199.0,1877.0,1658.0,6867.0,11.076999999999998,0.0,427.406,532.3
2025,city,Clearfield,Clearfield,,,,,,Clearfield,,,,,,,12499.0,33880.851,2.711,22448.0,1740.0,7891.0,12817.0,24430.124,1121.0,619.0,6406.0,1485.0,2188.0,1902.0,1765.0,6962.0,10.093,0.0,1389.4270000000001,582.605
2026,city,Clearfield,Clearfield,,,,,,Clearfield,,,,,,,12551.0,33638.049,2.68,22438.0,1732.0,7789.0,12917.0,24340.056,1113.0,619.0,6294.0,1495.0,2149.0,1889.0,1844.0,7035.0,10.069999999999999,0.0,1307.182,584.804
2027,city,Clearfield,Clearfield,,,,,,Clearfield,,,,,,,12579.0,33340.451,2.65,22509.0,1736.0,7748.0,13025.0,24360.678,1118.0,618.0,6239.0,1509.0,2129.0,1871.0,1910.0,7115.0,10.117,0.0,1253.947,587.617
2028,city,Clearfield,Clearfield,,,,,,Clearfield,,,,,,,12609.0,33055.956,2.622,22838.0,1728.0,7838.0,13272.0,24751.727,1114.0,614.0,6331.0,1507.0,2257.0,1858.0,1952.0,7205.0,10.129999999999999,0.0,1314.221,589.378
2029,city,Clearfield,Clearfield,,,,,,Clearfield,,,,,,,12700.0,32883.139,2.589,23404.0,1728.0,7895.0,13781.0,25469.288,1119.0,609.0,6389.0,1506.0,2456.0,1845.0,1997.0,7483.0,10.046999999999999,0.0,1461.428,593.812
2030,city,Clearfield,Clearfield,,,,,,Clearfield,,,,,,,12768.0,32700.0,2.561,23729.0,1736.0,7976.0,14017.0,25718.292999999998,1132.0,604.0,6475.0,1501.0,2536.0,1888.0,2044.0,7549.0,10.037,0.0,1381.165,598.091
2031,city,Clearfield,Clearfield,,,,,,Clearfield,,,,,,,12822.0,32480.323,2.533,24003.0,1743.0,8067.0,14193.0,25963.389,1154.0,589.0,6569.0,1498.0,2551.0,1866.0,2086.0,7690.0,9.99,0.0,1349.857,600.546
2032,city,Clearfield,Clearfield,,,,,,Clearfield,,,,,,,12944.0,32426.317,2.505,24291.0,1742.0,8134.0,14415.0,26314.869,1163.0,579.0,6642.0,1492.0,2598.0,1846.0,2120.0,7851.0,10.069999999999999,0.0,1409.7069999999999,604.091
2033,city,Clearfield,Clearfield,,,,,,Clearfield,,,,,,,13016.0,32278.128,2.48,24666.0,1755.0,8213.0,14698.0,26574.104,1176.0,579.0,6726.0,1487.0,2724.0,1832.0,2161.0,7981.0,12.144,0.0,1288.603,607.355
2034,city,Clearfield,Clearfield,,,,,,Clearfield,,,,,,,13094.0,32148.534,2.455,25352.0,1790.0,8295.0,15267.0,27348.060999999998,1185.0,605.0,6810.0,1485.0,2959.0,1822.0,2219.0,8267.0,12.084,0.0,1367.237,616.736
2035,city,Clearfield,Clearfield,,,,,,Clearfield,,,,,,,13182.0,32076.231,2.433,25495.0,1763.0,8283.0,15449.0,27546.797,1180.0,583.0,6827.0,1456.0,3184.0,1806.0,2227.0,8232.0,12.1,0.0,1429.089,610.61
2036,city,Clearfield,Clearfield,,,,,,Clearfield,,,,,,,13231.0,31926.353,2.413,25970.0,1773.0,8287.0,15910.0,27934.73,1189.0,584.0,6844.0,1443.0,3442.0,1793.0,2256.0,8419.0,12.084,0.0,1342.218,610.425
2037,city,Clearfield,Clearfield,,,,,,Clearfield,,,,,,,13470.0,32054.756,2.38,26349.0,1805.0,8236.0,16308.0,28533.957,1201.0,604.0,6819.0,1417.0,3666.0,1746.0,2302.0,8594.0,11.107000000000001,0.0,1552.681,621.168
2038,city,Clearfield,Clearfield,,,,,,Clearfield,,,,,,,13587.0,32075.269,2.361,26625.0,1838.0,8255.0,16532.0,28769.503,1226.0,612.0,6839.0,1416.0,3702.0,1753.0,2355.0,8722.0,10.049,0.0,1505.201,629.252
2039,city,Clearfield,Clearfield,,,,,,Clearfield,,,,,,,13665.0,32036.578,2.344,26853.0,1851.0,8275.0,16727.0,28871.597,1243.0,608.0,6861.0,1414.0,3720.0,1766.0,2387.0,8854.0,11.041,0.0,1370.389,637.167
2040,city,Clearfield,Clearfield,,,,,,Clearfield,,,,,,,13818.0,32174.364,2.328,27135.0,1886.0,8286.0,16963.0,29453.766,1268.0,618.0,6873.0,1413.0,3753.0,1800.0,2432.0,8978.0,10.120000000000001,0.0,1661.815,646.835
2041,city,Clearfield,Clearfield,,,,,,Clearfield,,,,,,,13972.0,32301.035,2.312,27136.0,1871.0,8283.0,16982.0,29265.010000000002,1255.0,616.0,6883.0,1400.0,3758.0,1794.0,2463.0,8967.0,10.049,0.0,1463.961,655.0
2042,city,Clearfield,Clearfield,,,,,,Clearfield,,,,,,,14098.0,32377.91,2.297,27329.0,1881.0,8299.0,17149.0,29483.317,1267.0,614.0,6895.0,1404.0,3782.0,1801.0,2506.0,9060.0,9.062999999999999,0.0,1483.253,662.0
2043,city,Clearfield,Clearfield,,,,,,Clearfield,,,,,,,14215.0,32451.191,2.283,27507.0,1902.0,8309.0,17296.0,29859.344,1287.0,615.0,6906.0,1403.0,3818.0,1814.0,2539.0,9125.0,9.074,0.0,1675.026,668.243
2044,city,Clearfield,Clearfield,,,,,,Clearfield,,,,,,,14288.0,32470.025,2.273,27856.0,1973.0,8345.0,17538.0,29962.862,1337.0,636.0,6930.0,1415.0,3849.0,1827.0,2592.0,9270.0,10.023,0.0,1422.436,674.4
2045,city,Clearfield,Clearfield,,,,,,Clearfield,,,,,,,14395.0,32562.746,2.262,28069.0,2002.0,8365.0,17702.0,30300.997,1353.0,649.0,6944.0,1421.0,3872.0,1837.0,2623.0,9370.0,10.036000000000001,0.0,1538.961,683.0
2046,city,Clearfield,Clearfield,,,,,,Clearfield,,,,,,,14487.0,32624.162,2.252,28316.0,2045.0,8396.0,17875.0,30494.591,1386.0,659.0,6962.0,1434.0,3914.0,1844.0,2668.0,9449.0,10.059999999999999,0.0,1477.375,691.159
2047,city,Clearfield,Clearfield,,,,,,Clearfield,,,,,,,14550.0,32640.026,2.243,28519.0,2078.0,8417.0,18024.0,30755.341,1406.0,672.0,6973.0,1444.0,3946.0,1856.0,2705.0,9517.0,10.024,0.0,1527.848,698.466
2048,city,Clearfield,Clearfield,,,,,,Clearfield,,,,,,,14604.0,32674.852,2.237,28702.0,2116.0,8442.0,18144.0,31210.992,1420.0,696.0,6995.0,1447.0,3974.0,1865.0,2743.0,9562.0,10.036000000000001,0.0,1795.035,703.925
2049,city,Clearfield,Clearfield,,,,,,Clearfield,,,,,,,14638.0,32656.389,2.231,28848.0,2146.0,8464.0,18238.0,31465.872,1433.0,713.0,7018.0,1446.0,3999.0,1870.0,2770.0,9599.0,10.049,0.0,1897.128,710.694
2050,city,Clearfield,Clearfield,,,,,,Clearfield,,,,,,,14708.0,32702.034,2.223,29269.0,2411.0,8501.0,18357.0,31501.331,1484.0,927.0,7040.0,1461.0,4025.0,1880.0,2783.0,9669.0,10.049999999999999,0.0,1505.982,716.3
2051,city,Clearfield,Clearfield,,,,,,Clearfield,,,,,,,14801.0,32804.423,2.216,29390.0,2425.0,8513.0,18452.0,31950.263,1489.0,936.0,7056.0,1457.0,4057.0,1879.0,2818.0,9698.0,10.049999999999999,0.0,1828.141,722.073
2052,city,Clearfield,Clearfield,,,,,,Clearfield,,,,,,,14872.0,32867.082,2.21,29522.0,2462.0,8527.0,18533.0,32118.714,1502.0,960.0,7072.0,1455.0,4075.0,1883.0,2848.0,9727.0,10.049999999999999,0.0,1859.446,727.2189999999999
2053,city,Clearfield,Clearfield,,,,,,Clearfield,,,,,,,14917.0,32860.051999999996,2.203,29674.0,2499.0,8540.0,18635.0,32361.255,1518.0,981.0,7084.0,1456.0,4097.0,1887.0,2879.0,9772.0,10.036000000000001,0.0,1945.636,731.585
2054,city,Clearfield,Clearfield,,,,,,Clearfield,,,,,,,14966.0,32873.003,2.197,29780.0,2522.0,8542.0,18716.0,32565.949999999997,1534.0,988.0,7088.0,1454.0,4114.0,1891.0,2909.0,9802.0,10.036000000000001,0.0,2038.551,737.364
2055,city,Clearfield,Clearfield,,,,,,Clearfield,,,,,,,15018.0,32907.31,2.191,29857.0,2533.0,8549.0,18775.0,32543.865,1540.0,993.0,7095.0,1454.0,4132.0,1892.0,2923.0,9828.0,10.024,0.0,1932.625,744.2139999999999
2056,city,Clearfield,Clearfield,,,,,,Clearfield,,,,,,,15038.0,33151.346,2.205,29930.0,2536.0,8553.0,18841.0,32750.709,1537.0,999.0,7101.0,1452.0,4147.0,1893.0,2944.0,9857.0,10.024,0.0,2056.828,753.856
2057,city,Clearfield,Clearfield,,,,,,Clearfield,,,,,,,15040.0,33327.006,2.216,30017.0,2544.0,8560.0,18913.0,32857.74,1541.0,1003.0,7112.0,1448.0,4161.0,1893.0,2979.0,9880.0,10.024,0.0,2069.574,761.1410000000001
2058,city,Clearfield,Clearfield,,,,,,Clearfield,,,,,,,15062.0,33585.742,2.23,30186.0,2559.0,8567.0,19060.0,33038.166,1550.0,1009.0,7119.0,1448.0,4189.0,1895.0,3024.0,9952.0,10.036000000000001,0.0,2070.698,771.427
2059,city,Clearfield,Clearfield,,,,,,Clearfield,,,,,,,15063.0,33820.987,2.245,30244.0,2566.0,8573.0,19105.0,33084.925,1554.0,1012.0,7128.0,1445.0,4201.0,1895.0,3048.0,9961.0,10.024,0.0,2050.616,780.284
2060,city,Clearfield,Clearfield,,,,,,Clearfield,,,,,,,15075.0,34080.161,2.261,30295.0,2569.0,8581.0,19145.0,33170.238,1556.0,1013.0,7136.0,1445.0,4208.0,1897.0,3067.0,9973.0,10.011,0.0,2078.012,787.211
2061,city,Clearfield,Clearfield,,,,,,Clearfield,,,,,,,15075.0,34335.46,2.278,30349.0,2567.0,8589.0,19193.0,33303.454,1557.0,1010.0,7145.0,1444.0,4217.0,1894.0,3098.0,9984.0,10.011,0.0,2147.726,796.715
2062,city,Clearfield,Clearfield,,,,,,Clearfield,,,,,,,15125.0,34655.8,2.291,30380.0,2563.0,8591.0,19226.0,33457.805,1560.0,1003.0,7149.0,1442.0,4227.0,1892.0,3114.0,9993.0,10.024,0.0,2263.063,804.717
2063,city,Clearfield,Clearfield,,,,,,Clearfield,,,,,,,15132.0,34837.835,2.302,30465.0,2575.0,8598.0,19292.0,33272.653,1565.0,1010.0,7157.0,1441.0,4241.0,1893.0,3143.0,10015.0,10.036000000000001,0.0,1984.472,813.139
2064,city,Clearfield,Clearfield,,,,,,Clearfield,,,,,,,15134.0,35078.476,2.318,30553.0,2592.0,8597.0,19364.0,33510.084,1575.0,1017.0,7159.0,1438.0,4256.0,1895.0,3173.0,10040.0,10.024,0.0,2126.289,820.774
2065,city,Clearfield,Clearfield,,,,,,Clearfield,,,,,,,15136.0,35328.831,2.334,30608.0,2591.0,8598.0,19419.0,33558.515,1577.0,1014.0,7165.0,1433.0,4264.0,1895.0,3201.0,10059.0,10.049999999999999,0.0,2109.747,830.717
2023,city,Clinton,Clinton,,,,,,Clinton,,,,,,,6994.0,24214.963,3.462,5943.0,1777.0,286.0,3880.0,6867.83,1228.0,549.0,53.0,233.0,470.0,548.0,348.0,2514.0,23.322,0.0,595.054,306.455
2024,city,Clinton,Clinton,,,,,,Clinton,,,,,,,6991.0,23913.510000000002,3.421,5956.0,1769.0,284.0,3903.0,7929.0289999999995,1219.0,550.0,55.0,229.0,460.0,596.0,358.0,2489.0,21.146,0.0,1651.716,300.17
2025,city,Clinton,Clinton,,,,,,Clinton,,,,,,,7128.0,23945.457,3.359,6027.0,1764.0,293.0,3970.0,7200.458,1216.0,548.0,54.0,239.0,458.0,605.0,390.0,2517.0,20.185,0.0,821.498,331.774
2026,city,Clinton,Clinton,,,,,,Clinton,,,,,,,7299.0,24011.647,3.29,6047.0,1751.0,296.0,4000.0,6993.778,1203.0,548.0,54.0,242.0,447.0,604.0,410.0,2539.0,19.133,0.0,586.759,340.88599999999997
2027,city,Clinton,Clinton,,,,,,Clinton,,,,,,,7408.0,23957.21,3.234,6089.0,1748.0,300.0,4041.0,7240.789,1204.0,544.0,53.0,247.0,445.0,602.0,426.0,2568.0,18.211,0.0,787.8050000000001,345.774
2028,city,Clinton,Clinton,,,,,,Clinton,,,,,,,7594.0,24050.26,3.167,6096.0,1738.0,297.0,4061.0,7194.084,1200.0,538.0,52.0,245.0,437.0,597.0,435.0,2592.0,17.221,0.0,726.637,354.23
2029,city,Clinton,Clinton,,,,,,Clinton,,,,,,,7651.0,23867.579,3.12,6100.0,1732.0,297.0,4071.0,7278.879,1200.0,532.0,52.0,245.0,431.0,590.0,445.0,2605.0,16.076999999999998,0.0,804.914,357.886
2030,city,Clinton,Clinton,,,,,,Clinton,,,,,,,7692.0,23682.684,3.079,6120.0,1725.0,295.0,4100.0,7204.4169999999995,1205.0,520.0,52.0,243.0,426.0,587.0,455.0,2632.0,16.058,0.0,707.305,361.055
2031,city,Clinton,Clinton,,,,,,Clinton,,,,,,,7725.0,23482.999,3.04,6132.0,1724.0,295.0,4113.0,7679.416,1207.0,517.0,52.0,243.0,431.0,576.0,464.0,2642.0,13.983,0.0,1173.107,360.32599999999996
2032,city,Clinton,Clinton,,,,,,Clinton,,,,,,,7749.0,23288.528000000002,3.005,6140.0,1721.0,294.0,4125.0,7246.435,1209.0,512.0,52.0,242.0,431.0,568.0,472.0,2654.0,13.093,0.0,733.286,360.053
2033,city,Clinton,Clinton,,,,,,Clinton,,,,,,,7853.0,23274.611,2.964,6167.0,1720.0,294.0,4153.0,7434.482,1212.0,508.0,52.0,242.0,429.0,564.0,487.0,2673.0,11.132,0.0,891.1370000000001,365.214
2034,city,Clinton,Clinton,,,,,,Clinton,,,,,,,7979.0,23314.99,2.922,6228.0,1724.0,294.0,4210.0,7408.702,1215.0,509.0,52.0,242.0,427.0,564.0,504.0,2715.0,11.078999999999999,0.0,794.782,374.842
2035,city,Clinton,Clinton,,,,,,Clinton,,,,,,,8139.0,23466.02,2.883,6128.0,1694.0,288.0,4146.0,7464.495,1208.0,486.0,53.0,235.0,422.0,560.0,508.0,2656.0,9.075,0.0,952.0469999999999,375.375
2036,city,Clinton,Clinton,,,,,,Clinton,,,,,,,8240.0,23488.193,2.851,6132.0,1696.0,289.0,4147.0,7048.3189999999995,1210.0,486.0,56.0,233.0,421.0,558.0,510.0,2658.0,9.063999999999998,0.0,526.99,380.266
2037,city,Clinton,Clinton,,,,,,Clinton,,,,,,,8956.0,25371.358,2.833,6188.0,1718.0,288.0,4182.0,7345.57,1226.0,492.0,63.0,225.0,407.0,557.0,493.0,2725.0,8.078,0.0,735.382,414.113
2038,city,Clinton,Clinton,,,,,,Clinton,,,,,,,9221.0,25835.163,2.802,6254.0,1723.0,292.0,4239.0,7611.642,1231.0,492.0,67.0,225.0,412.0,558.0,499.0,2770.0,7.034,0.0,924.437,426.169
2039,city,Clinton,Clinton,,,,,,Clinton,,,,,,,9356.0,25947.43,2.773,6335.0,1730.0,293.0,4312.0,7519.271,1238.0,492.0,68.0,225.0,419.0,569.0,506.0,2818.0,6.023,0.0,744.136,434.114
2040,city,Clinton,Clinton,,,,,,Clinton,,,,,,,9552.0,26297.011,2.753,6418.0,1734.0,296.0,4388.0,7637.258,1240.0,494.0,69.0,227.0,432.0,580.0,518.0,2858.0,5.0600000000000005,0.0,767.313,446.883
2041,city,Clinton,Clinton,,,,,,Clinton,,,,,,,9804.0,26822.838,2.736,6445.0,1738.0,293.0,4414.0,7989.156,1245.0,493.0,67.0,226.0,433.0,578.0,525.0,2878.0,6.029,0.0,1079.127,459.0
2042,city,Clinton,Clinton,,,,,,Clinton,,,,,,,9995.0,27191.216,2.72,6511.0,1742.0,293.0,4476.0,7710.978,1249.0,493.0,67.0,226.0,439.0,586.0,537.0,2914.0,5.034999999999999,0.0,723.943,471.0
2043,city,Clinton,Clinton,,,,,,Clinton,,,,,,,10142.0,27423.766,2.704,6538.0,1740.0,293.0,4505.0,7875.76,1252.0,488.0,67.0,226.0,431.0,592.0,543.0,2939.0,5.041,0.0,851.543,481.17600000000004
2044,city,Clinton,Clinton,,,,,,Clinton,,,,,,,10314.0,27707.64,2.686,5502.0,1202.0,263.0,4037.0,7417.826999999999,816.0,386.0,63.0,200.0,389.0,573.0,493.0,2582.0,5.011,0.0,1422.5220000000002,488.288
2045,city,Clinton,Clinton,,,,,,Clinton,,,,,,,10561.0,28122.242,2.663,5511.0,1196.0,261.0,4054.0,6604.563,812.0,384.0,63.0,198.0,392.0,581.0,492.0,2589.0,5.019,0.0,586.545,502.0
2046,city,Clinton,Clinton,,,,,,Clinton,,,,,,,10750.0,28420.464,2.644,5553.0,1202.0,264.0,4087.0,6671.582,816.0,386.0,65.0,199.0,396.0,586.0,497.0,2608.0,5.03,0.0,602.4350000000001,511.115
2047,city,Clinton,Clinton,,,,,,Clinton,,,,,,,10856.0,28551.494,2.63,5587.0,1204.0,265.0,4118.0,6686.6320000000005,818.0,386.0,65.0,200.0,404.0,593.0,501.0,2620.0,5.011,0.0,574.272,520.348
2048,city,Clinton,Clinton,,,,,,Clinton,,,,,,,11068.0,28985.944,2.619,5487.0,1167.0,265.0,4055.0,6917.5419999999995,807.0,360.0,66.0,199.0,397.0,596.0,456.0,2606.0,5.019,0.0,891.826,533.701
2049,city,Clinton,Clinton,,,,,,Clinton,,,,,,,11639.0,30446.650999999998,2.616,5432.0,1147.0,262.0,4023.0,6825.786,791.0,356.0,66.0,196.0,395.0,599.0,456.0,2573.0,5.0249999999999995,0.0,823.003,565.759
2050,city,Clinton,Clinton,,,,,,Clinton,,,,,,,12050.0,31490.413,2.613,5040.0,1009.0,242.0,3789.0,7278.099,698.0,311.0,59.0,183.0,369.0,585.0,401.0,2434.0,5.0249999999999995,0.0,1646.827,586.246
2051,city,Clinton,Clinton,,,,,,Clinton,,,,,,,12670.0,33044.087,2.608,4963.0,992.0,242.0,3729.0,7085.728,676.0,316.0,60.0,182.0,337.0,578.0,404.0,2410.0,5.0249999999999995,0.0,1500.6370000000002,617.063
2052,city,Clinton,Clinton,,,,,,Clinton,,,,,,,13329.0,34680.581,2.602,4940.0,959.0,242.0,3739.0,6491.187,659.0,300.0,60.0,182.0,339.0,582.0,407.0,2411.0,5.0249999999999995,0.0,891.964,654.1990000000001
2053,city,Clinton,Clinton,,,,,,Clinton,,,,,,,13779.0,35782.133,2.597,4977.0,977.0,244.0,3756.0,6513.574,663.0,314.0,62.0,182.0,341.0,584.0,413.0,2418.0,5.019,0.0,853.014,678.54
2054,city,Clinton,Clinton,,,,,,Clinton,,,,,,,14329.0,36978.389,2.581,4993.0,977.0,243.0,3773.0,6750.054,664.0,313.0,62.0,181.0,342.0,589.0,418.0,2424.0,5.019,0.0,1044.6860000000001,707.346
2055,city,Clinton,Clinton,,,,,,Clinton,,,,,,,14457.0,37134.244,2.569,5011.0,982.0,242.0,3787.0,6766.594,666.0,316.0,62.0,180.0,344.0,590.0,419.0,2434.0,5.011,0.0,1036.3719999999998,714.207
2056,city,Clinton,Clinton,,,,,,Clinton,,,,,,,14541.0,37557.25,2.583,4977.0,984.0,243.0,3750.0,6722.393,666.0,318.0,62.0,181.0,346.0,591.0,376.0,2437.0,5.011,0.0,1012.52,727.86
2057,city,Clinton,Clinton,,,,,,Clinton,,,,,,,14541.0,37781.557,2.598,4989.0,987.0,243.0,3759.0,6560.624,667.0,320.0,62.0,181.0,347.0,593.0,380.0,2439.0,5.011,0.0,832.475,734.139
2058,city,Clinton,Clinton,,,,,,Clinton,,,,,,,14553.0,38086.020000000004,2.617,5007.0,987.0,246.0,3774.0,6653.54,667.0,320.0,65.0,181.0,350.0,594.0,384.0,2446.0,5.019,0.0,897.111,744.414
2059,city,Clinton,Clinton,,,,,,Clinton,,,,,,,14590.0,38455.071,2.636,4976.0,978.0,246.0,3752.0,6679.557000000001,666.0,312.0,66.0,180.0,349.0,595.0,383.0,2425.0,5.011,0.0,946.271,752.274
2060,city,Clinton,Clinton,,,,,,Clinton,,,,,,,14650.0,38871.408,2.653,4967.0,966.0,244.0,3757.0,6731.189,658.0,308.0,66.0,178.0,353.0,597.0,384.0,2423.0,5.004999999999999,0.0,990.974,768.206
2061,city,Clinton,Clinton,,,,,,Clinton,,,,,,,14668.0,39228.322,2.674,4969.0,967.0,243.0,3759.0,6709.201,659.0,308.0,66.0,177.0,353.0,594.0,388.0,2424.0,5.004999999999999,0.0,961.474,773.725
2062,city,Clinton,Clinton,,,,,,Clinton,,,,,,,14721.0,39615.003,2.691,4975.0,968.0,244.0,3763.0,6753.129,660.0,308.0,67.0,177.0,353.0,595.0,389.0,2426.0,5.011,0.0,989.392,783.724
2063,city,Clinton,Clinton,,,,,,Clinton,,,,,,,14805.0,39989.291,2.701,4954.0,956.0,244.0,3754.0,6741.174,653.0,303.0,68.0,176.0,352.0,595.0,392.0,2415.0,5.019,0.0,985.017,797.139
2064,city,Clinton,Clinton,,,,,,Clinton,,,,,,,14980.0,40606.459,2.711,4699.0,897.0,224.0,3578.0,6721.633,622.0,275.0,57.0,167.0,339.0,578.0,382.0,2279.0,5.011,0.0,1202.85,814.764
2065,city,Clinton,Clinton,,,,,,Clinton,,,,,,,14980.0,40926.576,2.732,4708.0,896.0,227.0,3585.0,6440.192,623.0,273.0,60.0,167.0,341.0,580.0,385.0,2279.0,5.0249999999999995,0.0,905.4440000000001,821.723
2023,city,Copperton,Copperton,,,,,,Copperton,,,,,,,307.0,900.884,2.934,165.0,36.0,99.0,30.0,204.324,0.0,36.0,73.0,26.0,1.0,12.0,10.0,7.0,0.0,0.0,19.327,19.997
2024,city,Copperton,Copperton,,,,,,Copperton,,,,,,,319.0,936.477,2.936,161.0,32.0,99.0,30.0,233.455,0.0,32.0,73.0,26.0,1.0,12.0,10.0,7.0,0.0,0.0,52.452,20.004
2025,city,Copperton,Copperton,,,,,,Copperton,,,,,,,322.0,932.509,2.896,160.0,30.0,100.0,30.0,201.097,0.0,30.0,74.0,26.0,1.0,12.0,10.0,7.0,0.0,0.0,19.09,22.008
2026,city,Copperton,Copperton,,,,,,Copperton,,,,,,,327.0,930.383,2.845,159.0,29.0,100.0,30.0,200.773,0.0,29.0,74.0,26.0,1.0,12.0,10.0,7.0,0.0,0.0,19.77,22.004
2027,city,Copperton,Copperton,,,,,,Copperton,,,,,,,329.0,925.335,2.813,159.0,29.0,100.0,30.0,203.375,0.0,29.0,74.0,26.0,1.0,12.0,10.0,7.0,0.0,0.0,21.372,23.003
2028,city,Copperton,Copperton,,,,,,Copperton,,,,,,,332.0,921.687,2.776,154.0,28.0,100.0,26.0,201.546,0.0,28.0,74.0,26.0,0.0,11.0,8.0,7.0,0.0,0.0,24.546,23.001
2029,city,Copperton,Copperton,,,,,,Copperton,,,,,,,332.0,912.801,2.749,155.0,28.0,101.0,26.0,198.688,0.0,28.0,75.0,26.0,0.0,11.0,8.0,7.0,0.0,0.0,20.685,23.003
2030,city,Copperton,Copperton,,,,,,Copperton,,,,,,,332.0,904.359,2.724,155.0,28.0,101.0,26.0,199.942,0.0,28.0,75.0,26.0,0.0,11.0,8.0,7.0,0.0,0.0,21.939,23.003
2031,city,Copperton,Copperton,,,,,,Copperton,,,,,,,343.0,921.337,2.686,159.0,28.0,105.0,26.0,240.127,0.0,28.0,79.0,26.0,0.0,11.0,8.0,7.0,0.0,0.0,57.126,24.001
2032,city,Copperton,Copperton,,,,,,Copperton,,,,,,,347.0,928.098,2.675,195.0,22.0,146.0,27.0,311.455,0.0,22.0,120.0,26.0,0.0,12.0,8.0,7.0,0.0,0.0,91.463,24.992
2033,city,Copperton,Copperton,,,,,,Copperton,,,,,,,350.0,929.88,2.657,232.0,22.0,179.0,31.0,279.215,0.0,22.0,153.0,26.0,0.0,14.0,10.0,7.0,0.0,0.0,22.207,25.008
2034,city,Copperton,Copperton,,,,,,Copperton,,,,,,,353.0,927.004,2.626,258.0,25.0,202.0,31.0,306.775,0.0,25.0,176.0,26.0,0.0,14.0,10.0,7.0,0.0,0.0,22.77,26.005
2035,city,Copperton,Copperton,,,,,,Copperton,,,,,,,354.0,921.775,2.604,263.0,26.0,205.0,32.0,315.364,0.0,26.0,180.0,25.0,0.0,14.0,11.0,7.0,0.0,0.0,26.364,26.001
2036,city,Copperton,Copperton,,,,,,Copperton,,,,,,,356.0,921.078,2.587,274.0,26.0,216.0,32.0,332.171,0.0,26.0,191.0,25.0,0.0,14.0,11.0,7.0,0.0,0.0,32.17,26.001
2037,city,Copperton,Copperton,,,,,,Copperton,,,,,,,361.0,908.811,2.517,153.0,28.0,99.0,26.0,200.251,0.0,28.0,74.0,25.0,0.0,11.0,8.0,7.0,0.0,0.0,20.253,26.999
2038,city,Copperton,Copperton,,,,,,Copperton,,,,,,,361.0,903.718,2.503,154.0,28.0,100.0,26.0,199.808,0.0,28.0,75.0,25.0,0.0,11.0,8.0,7.0,0.0,0.0,18.809,26.999
2039,city,Copperton,Copperton,,,,,,Copperton,,,,,,,363.0,901.058,2.482,155.0,28.0,101.0,26.0,209.049,0.0,28.0,76.0,25.0,0.0,11.0,8.0,7.0,0.0,0.0,26.049,28.0
2040,city,Copperton,Copperton,,,,,,Copperton,,,,,,,367.0,902.345,2.459,156.0,28.0,102.0,26.0,203.338,0.0,28.0,77.0,25.0,0.0,11.0,8.0,7.0,0.0,0.0,19.347,27.991
2041,city,Copperton,Copperton,,,,,,Copperton,,,,,,,367.0,898.253,2.448,237.0,20.0,186.0,31.0,352.533,0.0,20.0,161.0,25.0,0.0,16.0,8.0,7.0,0.0,0.0,86.525,29.008
2042,city,Copperton,Copperton,,,,,,Copperton,,,,,,,367.0,894.556,2.437,277.0,20.0,222.0,35.0,326.939,0.0,20.0,197.0,25.0,0.0,20.0,8.0,7.0,0.0,0.0,20.948,28.99
2043,city,Copperton,Copperton,,,,,,Copperton,,,,,,,369.0,893.809,2.422,311.0,20.0,255.0,36.0,363.53,0.0,20.0,230.0,25.0,0.0,20.0,9.0,7.0,0.0,0.0,23.532,28.998
2044,city,Copperton,Copperton,,,,,,Copperton,,,,,,,369.0,892.117,2.418,334.0,20.0,276.0,38.0,390.412,0.0,20.0,251.0,25.0,0.0,22.0,9.0,7.0,0.0,0.0,26.414,29.999
2045,city,Copperton,Copperton,,,,,,Copperton,,,,,,,370.0,890.823,2.408,345.0,21.0,285.0,39.0,397.894,0.0,21.0,260.0,25.0,0.0,23.0,9.0,7.0,0.0,0.0,22.898,29.996
2046,city,Copperton,Copperton,,,,,,Copperton,,,,,,,370.0,887.979,2.4,351.0,21.0,295.0,35.0,406.638,0.0,21.0,270.0,25.0,0.0,24.0,4.0,7.0,0.0,0.0,24.638,30.999
2047,city,Copperton,Copperton,,,,,,Copperton,,,,,,,370.0,885.214,2.392,354.0,21.0,297.0,36.0,408.557,0.0,21.0,272.0,25.0,0.0,25.0,4.0,7.0,0.0,0.0,23.552,31.005
2048,city,Copperton,Copperton,,,,,,Copperton,,,,,,,370.0,882.425,2.385,357.0,21.0,300.0,36.0,417.937,0.0,21.0,275.0,25.0,0.0,25.0,4.0,7.0,0.0,0.0,28.934,32.002
2049,city,Copperton,Copperton,,,,,,Copperton,,,,,,,370.0,879.784,2.378,359.0,21.0,302.0,36.0,422.083,0.0,21.0,277.0,25.0,0.0,25.0,4.0,7.0,0.0,0.0,31.095,31.987
2050,city,Copperton,Copperton,,,,,,Copperton,,,,,,,370.0,877.13,2.371,359.0,21.0,302.0,36.0,424.114,0.0,21.0,277.0,25.0,0.0,25.0,4.0,7.0,0.0,0.0,32.118,32.996
2051,city,Copperton,Copperton,,,,,,Copperton,,,,,,,370.0,874.399,2.363,360.0,21.0,303.0,36.0,424.871,0.0,21.0,278.0,25.0,0.0,25.0,4.0,7.0,0.0,0.0,31.865,33.006
2052,city,Copperton,Copperton,,,,,,Copperton,,,,,,,371.0,873.423,2.354,361.0,21.0,304.0,36.0,426.32,0.0,21.0,279.0,25.0,0.0,25.0,4.0,7.0,0.0,0.0,32.316,33.004
2053,city,Copperton,Copperton,,,,,,Copperton,,,,,,,371.0,870.551,2.346,361.0,21.0,304.0,36.0,427.31,0.0,21.0,279.0,25.0,0.0,25.0,4.0,7.0,0.0,0.0,32.312,33.998
2054,city,Copperton,Copperton,,,,,,Copperton,,,,,,,371.0,867.656,2.339,361.0,21.0,304.0,36.0,427.551,0.0,21.0,279.0,25.0,0.0,25.0,4.0,7.0,0.0,0.0,32.553,33.997
2055,city,Copperton,Copperton,,,,,,Copperton,,,,,,,371.0,864.622,2.331,361.0,21.0,304.0,36.0,429.652,0.0,21.0,279.0,25.0,0.0,25.0,4.0,7.0,0.0,0.0,33.664,34.987
2056,city,Copperton,Copperton,,,,,,Copperton,,,,,,,372.0,864.061,2.323,361.0,21.0,304.0,36.0,432.538,0.0,21.0,279.0,25.0,0.0,25.0,4.0,7.0,0.0,0.0,36.54,34.998
2057,city,Copperton,Copperton,,,,,,Copperton,,,,,,,372.0,866.283,2.329,361.0,21.0,304.0,36.0,431.606,0.0,21.0,279.0,25.0,0.0,25.0,4.0,7.0,0.0,0.0,34.6,36.006
2058,city,Copperton,Copperton,,,,,,Copperton,,,,,,,372.0,868.708,2.335,361.0,21.0,304.0,36.0,431.088,0.0,21.0,279.0,25.0,0.0,25.0,4.0,7.0,0.0,0.0,34.086,36.002
2059,city,Copperton,Copperton,,,,,,Copperton,,,,,,,372.0,872.837,2.346,361.0,21.0,304.0,36.0,433.537,0.0,21.0,279.0,25.0,0.0,25.0,4.0,7.0,0.0,0.0,35.531,37.006
2060,city,Copperton,Copperton,,,,,,Copperton,,,,,,,372.0,877.317,2.358,361.0,21.0,304.0,36.0,434.812,0.0,21.0,279.0,25.0,0.0,25.0,4.0,7.0,0.0,0.0,35.804,38.007
2061,city,Copperton,Copperton,,,,,,Copperton,,,,,,,374.0,886.148,2.369,361.0,21.0,304.0,36.0,441.88,0.0,21.0,279.0,25.0,0.0,25.0,4.0,7.0,0.0,0.0,41.882,38.998
2062,city,Copperton,Copperton,,,,,,Copperton,,,,,,,374.0,890.742,2.382,361.0,21.0,304.0,36.0,437.082,0.0,21.0,279.0,25.0,0.0,25.0,4.0,7.0,0.0,0.0,37.084,38.998
2063,city,Copperton,Copperton,,,,,,Copperton,,,,,,,374.0,894.902,2.393,361.0,21.0,304.0,36.0,437.924,0.0,21.0,279.0,25.0,0.0,25.0,4.0,7.0,0.0,0.0,36.917,40.006
2064,city,Copperton,Copperton,,,,,,Copperton,,,,,,,374.0,900.197,2.407,361.0,21.0,304.0,36.0,439.717,0.0,21.0,279.0,25.0,0.0,25.0,4.0,7.0,0.0,0.0,37.712,41.006
2065,city,Copperton,Copperton,,,,,,Copperton,,,,,,,374.0,904.94,2.42,361.0,21.0,304.0,36.0,440.376,0.0,21.0,279.0,25.0,0.0,25.0,4.0,7.0,0.0,0.0,38.376,40.999
2023,city,Cottonwood Heights,Cottonwood Heights,,,,,,Cottonwood Heights,,,,,,,12912.0,33812.921,2.619,24680.0,3549.0,2276.0,18855.0,27084.183,2185.0,1364.0,833.0,1443.0,6108.0,2247.0,1728.0,8772.0,4.009,0.0,1573.2920000000001,826.883
2024,city,Cottonwood Heights,Cottonwood Heights,,,,,,Cottonwood Heights,,,,,,,14022.0,36427.453,2.598,24869.0,3520.0,2328.0,19021.0,29997.066,2157.0,1363.0,874.0,1454.0,6060.0,2379.0,1750.0,8832.0,4.023,0.0,4244.883,879.158
2025,city,Cottonwood Heights,Cottonwood Heights,,,,,,Cottonwood Heights,,,,,,,14616.0,37614.736000000004,2.574,25200.0,3529.0,2467.0,19204.0,27866.277,2164.0,1365.0,1005.0,1462.0,6078.0,2425.0,1824.0,8877.0,4.016,0.0,1666.907,995.354
2026,city,Cottonwood Heights,Cottonwood Heights,,,,,,Cottonwood Heights,,,,,,,15077.0,38397.329,2.547,25242.0,3512.0,2477.0,19253.0,28266.29,2155.0,1357.0,1005.0,1472.0,6032.0,2433.0,1865.0,8923.0,4.013,0.0,1990.115,1030.165
2027,city,Cottonwood Heights,Cottonwood Heights,,,,,,Cottonwood Heights,,,,,,,15399.0,38861.411,2.524,25377.0,3521.0,2486.0,19370.0,28371.971999999998,2166.0,1355.0,1001.0,1485.0,6033.0,2463.0,1879.0,8995.0,4.036,0.0,1927.8039999999999,1063.131
2028,city,Cottonwood Heights,Cottonwood Heights,,,,,,Cottonwood Heights,,,,,,,15608.0,38975.856999999996,2.497,25474.0,3519.0,2489.0,19466.0,28377.338,2170.0,1349.0,1002.0,1487.0,6046.0,2484.0,1900.0,9036.0,4.029,0.0,1821.276,1078.033
2029,city,Cottonwood Heights,Cottonwood Heights,,,,,,Cottonwood Heights,,,,,,,15780.0,39019.325,2.473,25546.0,3509.0,2496.0,19541.0,28549.444,2175.0,1334.0,1006.0,1490.0,6068.0,2493.0,1909.0,9071.0,4.013,0.0,1901.27,1098.162
2030,city,Cottonwood Heights,Cottonwood Heights,,,,,,Cottonwood Heights,,,,,,,15906.0,38977.729,2.451,25680.0,3513.0,2523.0,19644.0,28672.583000000002,2188.0,1325.0,1032.0,1491.0,6101.0,2506.0,1931.0,9106.0,4.023,0.0,1873.428,1115.1299999999999
2031,city,Cottonwood Heights,Cottonwood Heights,,,,,,Cottonwood Heights,,,,,,,16000.0,38860.638,2.429,25717.0,3488.0,2572.0,19657.0,28676.683,2198.0,1290.0,1081.0,1491.0,6107.0,2505.0,1944.0,9101.0,4.024,0.0,1830.625,1125.033
2032,city,Cottonwood Heights,Cottonwood Heights,,,,,,Cottonwood Heights,,,,,,,16081.0,38757.767,2.41,25758.0,3488.0,2579.0,19691.0,28686.464,2213.0,1275.0,1086.0,1493.0,6099.0,2504.0,1942.0,9146.0,4.031000000000001,0.0,1782.786,1141.649
2033,city,Cottonwood Heights,Cottonwood Heights,,,,,,Cottonwood Heights,,,,,,,16157.0,38629.508,2.391,25795.0,3435.0,2579.0,19781.0,28695.129,2195.0,1240.0,1086.0,1493.0,6119.0,2508.0,1950.0,9204.0,4.0329999999999995,0.0,1738.7450000000001,1157.348
2034,city,Cottonwood Heights,Cottonwood Heights,,,,,,Cottonwood Heights,,,,,,,16275.0,38650.118,2.375,25222.0,3097.0,2559.0,19566.0,28313.718,1956.0,1141.0,1085.0,1474.0,6109.0,2477.0,1948.0,9032.0,4.051,0.0,1902.4489999999998,1185.22
2035,city,Cottonwood Heights,Cottonwood Heights,,,,,,Cottonwood Heights,,,,,,,16373.0,38660.883,2.361,25084.0,3061.0,2516.0,19507.0,28104.483,1962.0,1099.0,1070.0,1446.0,6108.0,2471.0,1950.0,8978.0,4.047000000000001,0.0,1827.408,1189.032
2036,city,Cottonwood Heights,Cottonwood Heights,,,,,,Cottonwood Heights,,,,,,,16580.0,38979.209,2.351,23944.0,2533.0,2470.0,18941.0,27453.45,1560.0,973.0,1060.0,1410.0,5990.0,2445.0,1879.0,8627.0,4.053,0.0,2291.364,1214.032
2037,city,Cottonwood Heights,Cottonwood Heights,,,,,,Cottonwood Heights,,,,,,,16818.0,39120.902,2.326,24070.0,2758.0,2383.0,18929.0,27083.064000000002,1708.0,1050.0,996.0,1387.0,6032.0,2475.0,1702.0,8720.0,4.039999999999999,0.0,1765.088,1243.935
2038,city,Cottonwood Heights,Cottonwood Heights,,,,,,Cottonwood Heights,,,,,,,16969.0,39256.332,2.313,23892.0,2713.0,2351.0,18828.0,26897.345,1659.0,1054.0,967.0,1384.0,6002.0,2472.0,1634.0,8720.0,4.039999999999999,0.0,1731.368,1269.937
2039,city,Cottonwood Heights,Cottonwood Heights,,,,,,Cottonwood Heights,,,,,,,17120.0,39419.085,2.303,23346.0,2437.0,2341.0,18568.0,26449.129,1438.0,999.0,963.0,1378.0,5963.0,2458.0,1597.0,8550.0,4.023,0.0,1798.105,1301.0
2040,city,Cottonwood Heights,Cottonwood Heights,,,,,,Cottonwood Heights,,,,,,,17302.0,39674.112,2.293,22970.0,2116.0,2302.0,18552.0,26772.328,1206.0,910.0,942.0,1360.0,6042.0,2468.0,1599.0,8443.0,4.026999999999999,0.0,2466.735,1331.57
2041,city,Cottonwood Heights,Cottonwood Heights,,,,,,Cottonwood Heights,,,,,,,17464.0,39875.379,2.283,23073.0,2042.0,2295.0,18736.0,26107.900999999998,1192.0,850.0,937.0,1358.0,6134.0,2499.0,1598.0,8505.0,4.023,0.0,1670.508,1360.372
2042,city,Cottonwood Heights,Cottonwood Heights,,,,,,Cottonwood Heights,,,,,,,17606.0,40032.258,2.274,23435.0,1991.0,2269.0,19175.0,27045.576,1151.0,840.0,927.0,1342.0,6275.0,2587.0,1646.0,8667.0,4.029,0.0,2221.007,1385.538
2043,city,Cottonwood Heights,Cottonwood Heights,,,,,,Cottonwood Heights,,,,,,,17730.0,40123.158,2.263,23897.0,2067.0,2218.0,19612.0,26968.474000000002,1206.0,861.0,869.0,1349.0,6421.0,2648.0,1654.0,8889.0,5.046,0.0,1650.52,1415.91
2044,city,Cottonwood Heights,Cottonwood Heights,,,,,,Cottonwood Heights,,,,,,,17830.0,40135.864,2.251,23889.0,2151.0,2162.0,19576.0,27231.417,1256.0,895.0,859.0,1303.0,6308.0,2706.0,1647.0,8915.0,5.0089999999999995,0.0,1897.472,1439.941
2045,city,Cottonwood Heights,Cottonwood Heights,,,,,,Cottonwood Heights,,,,,,,17925.0,40208.602,2.243,24200.0,2205.0,2137.0,19858.0,27663.868,1313.0,892.0,846.0,1291.0,6367.0,2777.0,1700.0,9014.0,5.004,0.0,1991.076,1467.789
2046,city,Cottonwood Heights,Cottonwood Heights,,,,,,Cottonwood Heights,,,,,,,18066.0,40393.153,2.236,24453.0,2272.0,2130.0,20051.0,27866.956000000002,1368.0,904.0,845.0,1285.0,6382.0,2775.0,1754.0,9140.0,4.988,0.0,1909.996,1498.971
2047,city,Cottonwood Heights,Cottonwood Heights,,,,,,Cottonwood Heights,,,,,,,18185.0,40563.423,2.231,24479.0,2406.0,2107.0,19966.0,29023.128,1447.0,959.0,829.0,1278.0,6515.0,2951.0,1892.0,8608.0,5.004,0.0,3005.855,1533.269
2048,city,Cottonwood Heights,Cottonwood Heights,,,,,,Cottonwood Heights,,,,,,,18280.0,40631.955,2.223,24881.0,2517.0,2079.0,20285.0,28842.914,1520.0,997.0,819.0,1260.0,6634.0,3070.0,1964.0,8617.0,5.0,0.0,2391.791,1565.12
2049,city,Cottonwood Heights,Cottonwood Heights,,,,,,Cottonwood Heights,,,,,,,18352.0,40649.558,2.215,26058.0,2645.0,2097.0,21316.0,29558.657000000003,1605.0,1040.0,820.0,1277.0,6952.0,3240.0,2225.0,8899.0,4.996,0.0,1908.283,1587.375
2050,city,Cottonwood Heights,Cottonwood Heights,,,,,,Cottonwood Heights,,,,,,,18395.0,40609.696,2.208,26974.0,2666.0,2124.0,22184.0,30940.657,1613.0,1053.0,820.0,1304.0,7276.0,3417.0,2331.0,9160.0,5.0,0.0,2345.863,1615.795
2051,city,Cottonwood Heights,Cottonwood Heights,,,,,,Cottonwood Heights,,,,,,,18442.0,40581.445999999996,2.2,27458.0,2783.0,2097.0,22578.0,31452.864,1701.0,1082.0,813.0,1284.0,7316.0,3577.0,2415.0,9270.0,4.996,0.0,2346.575,1643.291
2052,city,Cottonwood Heights,Cottonwood Heights,,,,,,Cottonwood Heights,,,,,,,18473.0,40510.069,2.193,28288.0,2873.0,2119.0,23296.0,32075.594999999998,1764.0,1109.0,813.0,1306.0,7492.0,3754.0,2510.0,9540.0,5.0,0.0,2115.394,1667.203
2053,city,Cottonwood Heights,Cottonwood Heights,,,,,,Cottonwood Heights,,,,,,,18505.0,40451.793,2.186,28900.0,2956.0,2136.0,23808.0,32858.444,1822.0,1134.0,813.0,1323.0,7587.0,3899.0,2594.0,9728.0,5.0,0.0,2261.528,1691.914
2054,city,Cottonwood Heights,Cottonwood Heights,,,,,,Cottonwood Heights,,,,,,,18549.0,40389.282,2.177,29422.0,3144.0,2128.0,24150.0,33538.218,1949.0,1195.0,813.0,1315.0,7585.0,4031.0,2669.0,9865.0,5.0,0.0,2394.364,1716.858
2055,city,Cottonwood Heights,Cottonwood Heights,,,,,,Cottonwood Heights,,,,,,,18571.0,40288.149,2.169,29929.0,3254.0,2113.0,24562.0,34316.862,2020.0,1234.0,813.0,1300.0,7635.0,4165.0,2766.0,9996.0,5.0,0.0,2642.484,1740.377
2056,city,Cottonwood Heights,Cottonwood Heights,,,,,,Cottonwood Heights,,,,,,,18587.0,40187.306000000004,2.162,30595.0,3356.0,2129.0,25110.0,34657.344,2090.0,1266.0,806.0,1323.0,7729.0,4304.0,2853.0,10224.0,5.004,0.0,2291.425,1765.916
2057,city,Cottonwood Heights,Cottonwood Heights,,,,,,Cottonwood Heights,,,,,,,18598.0,40305.391,2.167,31181.0,3401.0,2133.0,25647.0,35382.017,2123.0,1278.0,797.0,1336.0,7879.0,4417.0,2943.0,10408.0,5.004,0.0,2400.733,1795.279
2058,city,Cottonwood Heights,Cottonwood Heights,,,,,,Cottonwood Heights,,,,,,,18610.0,40429.02,2.172,30505.0,3494.0,2010.0,25001.0,35622.042,2184.0,1310.0,781.0,1229.0,7447.0,4476.0,2973.0,10105.0,5.0,0.0,3287.959,1824.084
2059,city,Cottonwood Heights,Cottonwood Heights,,,,,,Cottonwood Heights,,,,,,,18616.0,40622.374,2.182,31278.0,3586.0,2042.0,25650.0,35583.84,2253.0,1333.0,778.0,1264.0,7615.0,4608.0,3079.0,10348.0,5.0,0.0,2441.559,1859.278
2060,city,Cottonwood Heights,Cottonwood Heights,,,,,,Cottonwood Heights,,,,,,,18614.0,40817.204,2.193,31883.0,3689.0,2057.0,26137.0,36344.964,2322.0,1367.0,775.0,1282.0,7710.0,4732.0,3160.0,10535.0,5.0089999999999995,0.0,2567.591,1889.362
2061,city,Cottonwood Heights,Cottonwood Heights,,,,,,Cottonwood Heights,,,,,,,18622.0,41061.814,2.205,32002.0,3832.0,1991.0,26179.0,36734.33,2387.0,1445.0,759.0,1232.0,7598.0,4819.0,3230.0,10532.0,5.0,0.0,2802.413,1924.916
2062,city,Cottonwood Heights,Cottonwood Heights,,,,,,Cottonwood Heights,,,,,,,18625.0,41262.26,2.215,32576.0,3903.0,2004.0,26669.0,37133.236000000004,2434.0,1469.0,759.0,1245.0,7696.0,4932.0,3326.0,10715.0,5.0089999999999995,0.0,2593.311,1958.917
2063,city,Cottonwood Heights,Cottonwood Heights,,,,,,Cottonwood Heights,,,,,,,18628.0,41450.581,2.225,33094.0,3962.0,2023.0,27109.0,37690.197,2480.0,1482.0,759.0,1264.0,7788.0,5041.0,3393.0,10887.0,5.0089999999999995,0.0,2604.8849999999998,1986.304
2064,city,Cottonwood Heights,Cottonwood Heights,,,,,,Cottonwood Heights,,,,,,,18630.0,41683.008,2.237,33482.0,4012.0,2031.0,27439.0,38194.053,2513.0,1499.0,759.0,1272.0,7859.0,5117.0,3451.0,11012.0,5.0,0.0,2680.774,2026.2749999999999
2065,city,Cottonwood Heights,Cottonwood Heights,,,,,,Cottonwood Heights,,,,,,,18631.0,41890.251000000004,2.248,33860.0,4076.0,2038.0,27746.0,38671.68,2561.0,1515.0,759.0,1279.0,7909.0,5210.0,3511.0,11116.0,5.0089999999999995,0.0,2743.697,2062.971
2023,city,Davis County,Davis County,,,,,,Davis County,,,,,,,21.0,62.731,2.987,5.0,0.0,0.0,5.0,37.224000000000004,0.0,0.0,0.0,0.0,0.0,5.0,0.0,0.0,25.349,0.0,5.874,1.001
2024,city,Davis County,Davis County,,,,,,Davis County,,,,,,,22.0,64.001,2.909,5.0,0.0,0.0,5.0,33.275,0.0,0.0,0.0,0.0,0.0,5.0,0.0,0.0,27.187,0.0,0.088,1.001
2025,city,Davis County,Davis County,,,,,,Davis County,,,,,,,23.0,68.155,2.963,5.0,0.0,0.0,5.0,51.039,0.0,0.0,0.0,0.0,0.0,5.0,0.0,0.0,27.251,0.0,17.788999999999998,0.999
2026,city,Davis County,Davis County,,,,,,Davis County,,,,,,,23.0,67.396,2.93,5.0,0.0,0.0,5.0,57.006,0.0,0.0,0.0,0.0,0.0,5.0,0.0,0.0,28.195,0.0,22.811,1.0
2027,city,Davis County,Davis County,,,,,,Davis County,,,,,,,25.0,70.472,2.819,5.0,0.0,0.0,5.0,56.190999999999995,0.0,0.0,0.0,0.0,0.0,5.0,0.0,0.0,28.328,0.0,21.864,0.999
2028,city,Davis County,Davis County,,,,,,Davis County,,,,,,,47.0,124.534,2.65,5.0,0.0,0.0,5.0,38.115,0.0,0.0,0.0,0.0,0.0,5.0,0.0,0.0,29.377,0.0,1.7359999999999998,2.001
2029,city,Davis County,Davis County,,,,,,Davis County,,,,,,,54.0,141.807,2.626,5.0,0.0,0.0,5.0,38.048,0.0,0.0,0.0,0.0,0.0,5.0,0.0,0.0,29.137,0.0,1.912,1.999
2030,city,Davis County,Davis County,,,,,,Davis County,,,,,,,57.0,149.458,2.622,5.0,0.0,0.0,5.0,38.085,0.0,0.0,0.0,0.0,0.0,5.0,0.0,0.0,29.103,0.0,1.9819999999999998,2.0
2031,city,Davis County,Davis County,,,,,,Davis County,,,,,,,58.0,148.906,2.567,5.0,0.0,0.0,5.0,38.989000000000004,0.0,0.0,0.0,0.0,0.0,5.0,0.0,0.0,29.965000000000003,0.0,2.0220000000000002,2.002
2032,city,Davis County,Davis County,,,,,,Davis County,,,,,,,60.0,152.822,2.547,5.0,0.0,0.0,5.0,39.221999999999994,0.0,0.0,0.0,0.0,0.0,5.0,0.0,0.0,30.215999999999998,0.0,2.005,2.0
2033,city,Davis County,Davis County,,,,,,Davis County,,,,,,,60.0,151.402,2.523,5.0,0.0,0.0,5.0,41.4,0.0,0.0,0.0,0.0,0.0,5.0,0.0,0.0,32.385999999999996,0.0,2.013,2.001
2034,city,Davis County,Davis County,,,,,,Davis County,,,,,,,61.0,151.052,2.476,5.0,0.0,0.0,5.0,41.277,0.0,0.0,0.0,0.0,0.0,5.0,0.0,0.0,32.230000000000004,0.0,2.0479999999999996,1.999
2035,city,Davis County,Davis County,,,,,,Davis County,,,,,,,61.0,149.79399999999998,2.456,5.0,0.0,0.0,5.0,42.336,0.0,0.0,0.0,0.0,0.0,5.0,0.0,0.0,33.277,0.0,2.057,2.002
2036,city,Davis County,Davis County,,,,,,Davis County,,,,,,,61.0,148.606,2.436,5.0,0.0,0.0,5.0,43.282,0.0,0.0,0.0,0.0,0.0,5.0,0.0,0.0,34.244,0.0,2.037,2.001
2037,city,Davis County,Davis County,,,,,,Davis County,,,,,,,90.0,222.561,2.473,5.0,0.0,0.0,5.0,47.311,0.0,0.0,0.0,0.0,0.0,5.0,0.0,0.0,35.336,0.0,2.973,4.001
2038,city,Davis County,Davis County,,,,,,Davis County,,,,,,,90.0,221.11700000000002,2.457,5.0,0.0,0.0,5.0,48.043,0.0,0.0,0.0,0.0,0.0,5.0,0.0,0.0,36.172,0.0,2.87,4.002
2039,city,Davis County,Davis County,,,,,,Davis County,,,,,,,90.0,219.706,2.441,5.0,0.0,0.0,5.0,49.031,0.0,0.0,0.0,0.0,0.0,5.0,0.0,0.0,37.132999999999996,0.0,2.8970000000000002,4.001
2040,city,Davis County,Davis County,,,,,,Davis County,,,,,,,90.0,218.446,2.427,5.0,0.0,0.0,5.0,50.306,0.0,0.0,0.0,0.0,0.0,5.0,0.0,0.0,38.459,0.0,2.8480000000000003,3.999
2041,city,Davis County,Davis County,,,,,,Davis County,,,,,,,90.0,217.285,2.414,5.0,0.0,0.0,5.0,50.901,0.0,0.0,0.0,0.0,0.0,5.0,0.0,0.0,39.187,0.0,2.7139999999999995,4.0
2042,city,Davis County,Davis County,,,,,,Davis County,,,,,,,90.0,216.204,2.402,5.0,0.0,0.0,5.0,53.016999999999996,0.0,0.0,0.0,0.0,0.0,5.0,0.0,0.0,41.296,0.0,2.721,4.0
2043,city,Davis County,Davis County,,,,,,Davis County,,,,,,,90.0,215.306,2.392,5.0,0.0,0.0,5.0,54.077999999999996,0.0,0.0,0.0,0.0,0.0,5.0,0.0,0.0,42.354,0.0,2.722,4.001
2044,city,Davis County,Davis County,,,,,,Davis County,,,,,,,90.0,214.443,2.383,5.0,0.0,0.0,5.0,54.806000000000004,0.0,0.0,0.0,0.0,0.0,5.0,0.0,0.0,43.103,0.0,2.6999999999999997,4.002
2045,city,Davis County,Davis County,,,,,,Davis County,,,,,,,90.0,213.67100000000002,2.374,5.0,0.0,0.0,5.0,54.699,0.0,0.0,0.0,0.0,0.0,5.0,0.0,0.0,43.153999999999996,0.0,2.545,4.0
2046,city,Davis County,Davis County,,,,,,Davis County,,,,,,,90.0,212.931,2.366,5.0,0.0,0.0,5.0,57.975,0.0,0.0,0.0,0.0,0.0,5.0,0.0,0.0,46.277,0.0,2.6969999999999996,4.001
2047,city,Davis County,Davis County,,,,,,Davis County,,,,,,,90.0,212.23999999999998,2.358,5.0,0.0,0.0,5.0,58.217,0.0,0.0,0.0,0.0,0.0,5.0,0.0,0.0,46.11,0.0,3.104,4.003
2048,city,Davis County,Davis County,,,,,,Davis County,,,,,,,90.0,211.59799999999998,2.351,5.0,0.0,0.0,5.0,58.829,0.0,0.0,0.0,0.0,0.0,5.0,0.0,0.0,46.166000000000004,0.0,3.658,4.005
2049,city,Davis County,Davis County,,,,,,Davis County,,,,,,,90.0,210.92399999999998,2.344,5.0,0.0,0.0,5.0,59.075,0.0,0.0,0.0,0.0,0.0,5.0,0.0,0.0,46.222,0.0,3.854,3.998
2050,city,Davis County,Davis County,,,,,,Davis County,,,,,,,90.0,210.291,2.337,5.0,0.0,0.0,5.0,57.267,0.0,0.0,0.0,0.0,0.0,5.0,0.0,0.0,46.222,0.0,2.043,4.002
2051,city,Davis County,Davis County,,,,,,Davis County,,,,,,,90.0,209.608,2.329,5.0,0.0,0.0,5.0,58.58,0.0,0.0,0.0,0.0,0.0,5.0,0.0,0.0,46.223,0.0,3.356,4.0
2052,city,Davis County,Davis County,,,,,,Davis County,,,,,,,90.0,208.908,2.321,5.0,0.0,0.0,5.0,58.989,0.0,0.0,0.0,0.0,0.0,5.0,0.0,0.0,46.224,0.0,3.764,4.001
2053,city,Davis County,Davis County,,,,,,Davis County,,,,,,,90.0,208.186,2.313,5.0,0.0,0.0,5.0,59.08,0.0,0.0,0.0,0.0,0.0,5.0,0.0,0.0,46.167,0.0,3.91,4.003
2054,city,Davis County,Davis County,,,,,,Davis County,,,,,,,90.0,207.434,2.305,5.0,0.0,0.0,5.0,59.079,0.0,0.0,0.0,0.0,0.0,5.0,0.0,0.0,46.167,0.0,3.911,4.002
2055,city,Davis County,Davis County,,,,,,Davis County,,,,,,,90.0,206.864,2.298,5.0,0.0,0.0,5.0,57.912,0.0,0.0,0.0,0.0,0.0,5.0,0.0,0.0,45.109,0.0,3.8019999999999996,4.001
2056,city,Davis County,Davis County,,,,,,Davis County,,,,,,,90.0,208.304,2.314,5.0,0.0,0.0,5.0,57.14,0.0,0.0,0.0,0.0,0.0,5.0,0.0,0.0,44.108,0.0,4.033,3.999
2057,city,Davis County,Davis County,,,,,,Davis County,,,,,,,90.0,209.457,2.327,5.0,0.0,0.0,5.0,56.945,0.0,0.0,0.0,0.0,0.0,5.0,0.0,0.0,44.108,0.0,3.8360000000000003,4.001
2058,city,Davis County,Davis County,,,,,,Davis County,,,,,,,90.0,210.92399999999998,2.344,5.0,0.0,0.0,5.0,57.196,0.0,0.0,0.0,0.0,0.0,5.0,0.0,0.0,44.162,0.0,4.032,4.002
2059,city,Davis County,Davis County,,,,,,Davis County,,,,,,,90.0,212.452,2.361,5.0,0.0,0.0,5.0,57.175999999999995,0.0,0.0,0.0,0.0,0.0,5.0,0.0,0.0,44.108,0.0,4.067,4.001
2060,city,Davis County,Davis County,,,,,,Davis County,,,,,,,90.0,214.038,2.378,5.0,0.0,0.0,5.0,57.132999999999996,0.0,0.0,0.0,0.0,0.0,5.0,0.0,0.0,44.053999999999995,0.0,4.078,4.001
2061,city,Davis County,Davis County,,,,,,Davis County,,,,,,,90.0,215.70299999999997,2.397,0.0,0.0,0.0,0.0,52.30799999999999,0.0,0.0,0.0,0.0,0.0,0.0,0.0,0.0,44.053999999999995,0.0,4.255,3.999
2062,city,Davis County,Davis County,,,,,,Davis County,,,,,,,90.0,217.16899999999998,2.413,0.0,0.0,0.0,0.0,52.190000000000005,0.0,0.0,0.0,0.0,0.0,0.0,0.0,0.0,44.109,0.0,4.082,3.999
2063,city,Davis County,Davis County,,,,,,Davis County,,,,,,,90.0,218.299,2.426,0.0,0.0,0.0,0.0,51.993,0.0,0.0,0.0,0.0,0.0,0.0,0.0,0.0,44.165,0.0,3.8270000000000004,4.001
2064,city,Davis County,Davis County,,,,,,Davis County,,,,,,,90.0,219.844,2.443,0.0,0.0,0.0,0.0,52.288000000000004,0.0,0.0,0.0,0.0,0.0,0.0,0.0,0.0,44.109,0.0,4.175,4.004
2065,city,Davis County,Davis County,,,,,,Davis County,,,,,,,90.0,221.465,2.461,0.0,0.0,0.0,0.0,52.358,0.0,0.0,0.0,0.0,0.0,0.0,0.0,0.0,44.22,0.0,4.139,3.999
2023,city,Deer Ridge,Deer Ridge,,,,,,Deer Ridge,,,,,,,27.0,75.908,2.811,0.0,0.0,0.0,0.0,7.989,0.0,0.0,0.0,0.0,0.0,0.0,0.0,0.0,0.0,0.0,5.987,2.003
2024,city,Deer Ridge,Deer Ridge,,,,,,Deer Ridge,,,,,,,28.0,77.253,2.759,0.0,0.0,0.0,0.0,2.536,0.0,0.0,0.0,0.0,0.0,0.0,0.0,0.0,0.0,0.0,0.532,2.004
2025,city,Deer Ridge,Deer Ridge,,,,,,Deer Ridge,,,,,,,31.0,90.972,2.935,0.0,0.0,0.0,0.0,3.723,0.0,0.0,0.0,0.0,0.0,0.0,0.0,0.0,0.0,0.0,1.719,2.003
2026,city,Deer Ridge,Deer Ridge,,,,,,Deer Ridge,,,,,,,38.0,110.182,2.9,0.0,0.0,0.0,0.0,5.048,0.0,0.0,0.0,0.0,0.0,0.0,0.0,0.0,0.0,0.0,2.047,3.001
2027,city,Deer Ridge,Deer Ridge,,,,,,Deer Ridge,,,,,,,39.0,113.757,2.917,0.0,0.0,0.0,0.0,4.438,0.0,0.0,0.0,0.0,0.0,0.0,0.0,0.0,0.0,0.0,1.434,3.004
2028,city,Deer Ridge,Deer Ridge,,,,,,Deer Ridge,,,,,,,43.0,129.3,3.007,0.0,0.0,0.0,0.0,4.558,0.0,0.0,0.0,0.0,0.0,0.0,0.0,0.0,0.0,0.0,1.554,3.004
2029,city,Deer Ridge,Deer Ridge,,,,,,Deer Ridge,,,,,,,44.0,132.589,3.013,0.0,0.0,0.0,0.0,4.533,0.0,0.0,0.0,0.0,0.0,0.0,0.0,0.0,0.0,0.0,1.529,3.004
2030,city,Deer Ridge,Deer Ridge,,,,,,Deer Ridge,,,,,,,44.0,131.332,2.985,0.0,0.0,0.0,0.0,4.539,0.0,0.0,0.0,0.0,0.0,0.0,0.0,0.0,0.0,0.0,1.537,3.003
2031,city,Deer Ridge,Deer Ridge,,,,,,Deer Ridge,,,,,,,44.0,130.137,2.958,0.0,0.0,0.0,0.0,4.64,0.0,0.0,0.0,0.0,0.0,0.0,0.0,0.0,0.0,0.0,1.637,3.002
2032,city,Deer Ridge,Deer Ridge,,,,,,Deer Ridge,,,,,,,47.0,134.627,2.864,0.0,0.0,0.0,0.0,4.85,0.0,0.0,0.0,0.0,0.0,0.0,0.0,0.0,0.0,0.0,1.851,3.0
2033,city,Deer Ridge,Deer Ridge,,,,,,Deer Ridge,,,,,,,51.0,141.925,2.783,0.0,0.0,0.0,0.0,5.05,0.0,0.0,0.0,0.0,0.0,0.0,0.0,0.0,0.0,0.0,2.048,3.002
2034,city,Deer Ridge,Deer Ridge,,,,,,Deer Ridge,,,,,,,53.0,147.244,2.778,0.0,0.0,0.0,0.0,5.274,0.0,0.0,0.0,0.0,0.0,0.0,0.0,0.0,0.0,0.0,2.272,3.002
2035,city,Deer Ridge,Deer Ridge,,,,,,Deer Ridge,,,,,,,55.0,151.75,2.759,0.0,0.0,0.0,0.0,6.208,0.0,0.0,0.0,0.0,0.0,0.0,0.0,0.0,0.0,0.0,2.204,4.004
2036,city,Deer Ridge,Deer Ridge,,,,,,Deer Ridge,,,,,,,55.0,150.98,2.745,0.0,0.0,0.0,0.0,6.376,0.0,0.0,0.0,0.0,0.0,0.0,0.0,0.0,0.0,0.0,2.373,4.004
2037,city,Deer Ridge,Deer Ridge,,,,,,Deer Ridge,,,,,,,56.0,163.595,2.921,0.0,0.0,0.0,0.0,6.18,0.0,0.0,0.0,0.0,0.0,0.0,0.0,0.0,0.0,0.0,2.177,4.002
2038,city,Deer Ridge,Deer Ridge,,,,,,Deer Ridge,,,,,,,56.0,162.821,2.908,0.0,0.0,0.0,0.0,6.175,0.0,0.0,0.0,0.0,0.0,0.0,0.0,0.0,0.0,0.0,2.173,4.002
2039,city,Deer Ridge,Deer Ridge,,,,,,Deer Ridge,,,,,,,56.0,162.121,2.895,0.0,0.0,0.0,0.0,6.054,0.0,0.0,0.0,0.0,0.0,0.0,0.0,0.0,0.0,0.0,2.053,4.001
2040,city,Deer Ridge,Deer Ridge,,,,,,Deer Ridge,,,,,,,56.0,161.433,2.883,0.0,0.0,0.0,0.0,6.06,0.0,0.0,0.0,0.0,0.0,0.0,0.0,0.0,0.0,0.0,2.061,3.999
2041,city,Deer Ridge,Deer Ridge,,,,,,Deer Ridge,,,,,,,56.0,160.788,2.871,0.0,0.0,0.0,0.0,5.862,0.0,0.0,0.0,0.0,0.0,0.0,0.0,0.0,0.0,0.0,1.859,4.002
2042,city,Deer Ridge,Deer Ridge,,,,,,Deer Ridge,,,,,,,56.0,160.143,2.86,0.0,0.0,0.0,0.0,5.755,0.0,0.0,0.0,0.0,0.0,0.0,0.0,0.0,0.0,0.0,1.751,4.004
2043,city,Deer Ridge,Deer Ridge,,,,,,Deer Ridge,,,,,,,57.0,161.336,2.83,0.0,0.0,0.0,0.0,5.867,0.0,0.0,0.0,0.0,0.0,0.0,0.0,0.0,0.0,0.0,1.865,4.002
2044,city,Deer Ridge,Deer Ridge,,,,,,Deer Ridge,,,,,,,57.0,160.782,2.821,0.0,0.0,0.0,0.0,5.828,0.0,0.0,0.0,0.0,0.0,0.0,0.0,0.0,0.0,0.0,1.823,4.005
2045,city,Deer Ridge,Deer Ridge,,,,,,Deer Ridge,,,,,,,57.0,160.221,2.811,0.0,0.0,0.0,0.0,5.76,0.0,0.0,0.0,0.0,0.0,0.0,0.0,0.0,0.0,0.0,1.758,4.002
2046,city,Deer Ridge,Deer Ridge,,,,,,Deer Ridge,,,,,,,57.0,159.669,2.801,0.0,0.0,0.0,0.0,5.715,0.0,0.0,0.0,0.0,0.0,0.0,0.0,0.0,0.0,0.0,1.715,4.0
2047,city,Deer Ridge,Deer Ridge,,,,,,Deer Ridge,,,,,,,57.0,159.1,2.791,0.0,0.0,0.0,0.0,5.707,0.0,0.0,0.0,0.0,0.0,0.0,0.0,0.0,0.0,0.0,1.708,3.999
2048,city,Deer Ridge,Deer Ridge,,,,,,Deer Ridge,,,,,,,57.0,158.556,2.782,0.0,0.0,0.0,0.0,5.705,0.0,0.0,0.0,0.0,0.0,0.0,0.0,0.0,0.0,0.0,1.705,4.0
2049,city,Deer Ridge,Deer Ridge,,,,,,Deer Ridge,,,,,,,57.0,157.997,2.772,0.0,0.0,0.0,0.0,5.724,0.0,0.0,0.0,0.0,0.0,0.0,0.0,0.0,0.0,0.0,1.724,3.999
2050,city,Deer Ridge,Deer Ridge,,,,,,Deer Ridge,,,,,,,57.0,157.399,2.761,0.0,0.0,0.0,0.0,5.746,0.0,0.0,0.0,0.0,0.0,0.0,0.0,0.0,0.0,0.0,1.746,4.0
2051,city,Deer Ridge,Deer Ridge,,,,,,Deer Ridge,,,,,,,57.0,156.791,2.751,0.0,0.0,0.0,0.0,5.816,0.0,0.0,0.0,0.0,0.0,0.0,0.0,0.0,0.0,0.0,1.816,4.0
2052,city,Deer Ridge,Deer Ridge,,,,,,Deer Ridge,,,,,,,57.0,156.168,2.74,0.0,0.0,0.0,0.0,5.89,0.0,0.0,0.0,0.0,0.0,0.0,0.0,0.0,0.0,0.0,1.89,4.001
2053,city,Deer Ridge,Deer Ridge,,,,,,Deer Ridge,,,,,,,57.0,155.519,2.728,0.0,0.0,0.0,0.0,6.485,0.0,0.0,0.0,0.0,0.0,0.0,0.0,0.0,0.0,0.0,2.482,4.002
2054,city,Deer Ridge,Deer Ridge,,,,,,Deer Ridge,,,,,,,57.0,154.878,2.717,0.0,0.0,0.0,0.0,6.749,0.0,0.0,0.0,0.0,0.0,0.0,0.0,0.0,0.0,0.0,2.748,4.001
2055,city,Deer Ridge,Deer Ridge,,,,,,Deer Ridge,,,,,,,58.0,159.677,2.753,0.0,0.0,0.0,0.0,6.842,0.0,0.0,0.0,0.0,0.0,0.0,0.0,0.0,0.0,0.0,2.842,4.001
2056,city,Deer Ridge,Deer Ridge,,,,,,Deer Ridge,,,,,,,59.0,162.927,2.761,0.0,0.0,0.0,0.0,6.801,0.0,0.0,0.0,0.0,0.0,0.0,0.0,0.0,0.0,0.0,2.802,4.0
2057,city,Deer Ridge,Deer Ridge,,,,,,Deer Ridge,,,,,,,59.0,163.403,2.77,0.0,0.0,0.0,0.0,6.922,0.0,0.0,0.0,0.0,0.0,0.0,0.0,0.0,0.0,0.0,2.923,3.999
2058,city,Deer Ridge,Deer Ridge,,,,,,Deer Ridge,,,,,,,59.0,165.473,2.805,0.0,0.0,0.0,0.0,6.932,0.0,0.0,0.0,0.0,0.0,0.0,0.0,0.0,0.0,0.0,2.933,3.999
2059,city,Deer Ridge,Deer Ridge,,,,,,Deer Ridge,,,,,,,59.0,167.254,2.835,0.0,0.0,0.0,0.0,6.855,0.0,0.0,0.0,0.0,0.0,0.0,0.0,0.0,0.0,0.0,2.854,4.001
2060,city,Deer Ridge,Deer Ridge,,,,,,Deer Ridge,,,,,,,59.0,169.266,2.869,0.0,0.0,0.0,0.0,6.938,0.0,0.0,0.0,0.0,0.0,0.0,0.0,0.0,0.0,0.0,2.939,3.999
2061,city,Deer Ridge,Deer Ridge,,,,,,Deer Ridge,,,,,,,59.0,171.551,2.908,0.0,0.0,0.0,0.0,7.004,0.0,0.0,0.0,0.0,0.0,0.0,0.0,0.0,0.0,0.0,3.004,4.0
2062,city,Deer Ridge,Deer Ridge,,,,,,Deer Ridge,,,,,,,59.0,173.558,2.942,0.0,0.0,0.0,0.0,6.975,0.0,0.0,0.0,0.0,0.0,0.0,0.0,0.0,0.0,0.0,2.974,4.001
2063,city,Deer Ridge,Deer Ridge,,,,,,Deer Ridge,,,,,,,59.0,175.591,2.976,0.0,0.0,0.0,0.0,7.075,0.0,0.0,0.0,0.0,0.0,0.0,0.0,0.0,0.0,0.0,3.075,4.001
2064,city,Deer Ridge,Deer Ridge,,,,,,Deer Ridge,,,,,,,59.0,177.746,3.013,0.0,0.0,0.0,0.0,7.135,0.0,0.0,0.0,0.0,0.0,0.0,0.0,0.0,0.0,0.0,3.134,4.001
2065,city,Deer Ridge,Deer Ridge,,,,,,Deer Ridge,,,,,,,59.0,179.716,3.046,0.0,0.0,0.0,0.0,7.092,0.0,0.0,0.0,0.0,0.0,0.0,0.0,0.0,0.0,0.0,3.093,3.999
2023,city,Draper,Draper,,,,,,Draper,,,,,,,17613.0,50601.543,2.873,58868.0,9409.0,7540.0,41919.0,63513.191,6529.0,2880.0,2503.0,5037.0,12494.0,6709.0,3021.0,19695.0,56.133,3.445,3453.668,1131.941
2024,city,Draper,Draper,,,,,,Draper,,,,,,,17816.0,50801.806,2.851,58268.0,9324.0,7481.0,41463.0,62100.952,6431.0,2893.0,2462.0,5019.0,12148.0,6763.0,3122.0,19430.0,58.32599999999999,3.527,2654.769,1116.332
2025,city,Draper,Draper,,,,,,Draper,,,,,,,18142.0,51355.479,2.831,58936.0,9366.0,7578.0,41992.0,63451.096,6464.0,2902.0,2464.0,5114.0,12218.0,6897.0,3261.0,19616.0,58.232,3.485,3216.821,1236.553
2026,city,Draper,Draper,,,,,,Draper,,,,,,,18323.0,51356.084,2.803,59032.0,9343.0,7602.0,42087.0,63707.213,6430.0,2913.0,2461.0,5141.0,12102.0,6911.0,3329.0,19745.0,58.184,3.559,3368.245,1245.223
2027,city,Draper,Draper,,,,,,Draper,,,,,,,18607.0,51720.029,2.78,59645.0,9410.0,7682.0,42553.0,65128.26,6479.0,2931.0,2461.0,5221.0,12113.0,7014.0,3430.0,19996.0,57.510999999999996,3.607,4145.886,1276.256
2028,city,Draper,Draper,,,,,,Draper,,,,,,,18882.0,51984.123,2.753,60158.0,9395.0,7705.0,43058.0,65671.946,6489.0,2906.0,2462.0,5243.0,12219.0,7104.0,3509.0,20226.0,58.428,3.434,4151.918,1300.165
2029,city,Draper,Draper,,,,,,Draper,,,,,,,19137.0,52257.679,2.731,60798.0,9418.0,7742.0,43638.0,65872.251,6520.0,2898.0,2463.0,5279.0,12369.0,7195.0,3584.0,20490.0,59.195,3.22,3689.541,1322.2930000000001
2030,city,Draper,Draper,,,,,,Draper,,,,,,,19417.0,52674.962,2.713,61775.0,9486.0,7760.0,44529.0,67309.781,6602.0,2884.0,2464.0,5296.0,12614.0,7304.0,3792.0,20819.0,59.347,3.152,4120.062,1352.224
2031,city,Draper,Draper,,,,,,Draper,,,,,,,19861.0,53635.337,2.701,62666.0,9551.0,7806.0,45309.0,68485.832,6726.0,2825.0,2466.0,5340.0,12852.0,7329.0,3936.0,21192.0,41.243,3.159,4386.328,1389.11
2032,city,Draper,Draper,,,,,,Draper,,,,,,,20371.0,54790.383,2.69,64039.0,9712.0,7843.0,46484.0,69591.387,6871.0,2841.0,2466.0,5377.0,13192.0,7375.0,4155.0,21762.0,41.312,3.302,4071.203,1436.571
2033,city,Draper,Draper,,,,,,Draper,,,,,,,20947.0,56105.671,2.678,64868.0,9687.0,7831.0,47350.0,70414.987,6916.0,2771.0,2465.0,5366.0,13593.0,7380.0,4206.0,22171.0,41.343,3.457,4013.7,1488.491
2034,city,Draper,Draper,,,,,,Draper,,,,,,,21534.0,57391.1,2.665,66425.0,9874.0,7874.0,48677.0,72202.75,7012.0,2862.0,2465.0,5409.0,13943.0,7466.0,4384.0,22884.0,26.329,3.593,4191.49,1556.345
2035,city,Draper,Draper,,,,,,Draper,,,,,,,22085.0,58609.18,2.654,66495.0,9784.0,7820.0,48891.0,72510.427,7038.0,2746.0,2466.0,5354.0,14237.0,7472.0,4412.0,22770.0,26.31,3.635,4392.359,1593.124
2036,city,Draper,Draper,,,,,,Draper,,,,,,,22623.0,59714.953,2.64,67621.0,9917.0,7784.0,49920.0,73707.622,7139.0,2778.0,2461.0,5323.0,14705.0,7527.0,4472.0,23216.0,26.348,3.607,4411.541,1645.126
2037,city,Draper,Draper,,,,,,Draper,,,,,,,22977.0,60375.342,2.628,69566.0,10304.0,7883.0,51379.0,76065.336,7356.0,2948.0,2496.0,5387.0,15207.0,7553.0,4579.0,24040.0,24.240000000000002,3.572,4784.548,1686.974
2038,city,Draper,Draper,,,,,,Draper,,,,,,,23521.0,61557.569,2.617,71284.0,10477.0,7946.0,52861.0,77351.195,7503.0,2974.0,2492.0,5454.0,15669.0,7702.0,4671.0,24819.0,25.25,3.56,4288.424,1749.9589999999998
2039,city,Draper,Draper,,,,,,Draper,,,,,,,23996.0,62578.922,2.608,73065.0,10726.0,7993.0,54346.0,79607.872,7689.0,3037.0,2493.0,5500.0,16024.0,7893.0,4803.0,25626.0,27.157999999999998,3.554,4705.14,1807.024
2040,city,Draper,Draper,,,,,,Draper,,,,,,,24501.0,63690.777,2.6,74958.0,11006.0,8067.0,55885.0,81247.971,7877.0,3129.0,2493.0,5574.0,16410.0,8081.0,4958.0,26436.0,27.18,3.554,4398.83,1860.407
2041,city,Draper,Draper,,,,,,Draper,,,,,,,25026.0,64867.988,2.592,76807.0,11375.0,8145.0,57287.0,83244.34,8127.0,3248.0,2492.0,5653.0,16855.0,8253.0,5075.0,27104.0,27.157999999999998,3.568,4480.056,1926.558
2042,city,Draper,Draper,,,,,,Draper,,,,,,,25591.0,66078.854,2.582,78085.0,11555.0,8201.0,58329.0,84422.462,8225.0,3330.0,2491.0,5710.0,17127.0,8384.0,5197.0,27621.0,27.199,3.602,4311.197,1995.4569999999999
2043,city,Draper,Draper,,,,,,Draper,,,,,,,26170.0,67336.462,2.573,78901.0,11535.0,8236.0,59130.0,85731.363,8169.0,3366.0,2487.0,5749.0,17310.0,8491.0,5342.0,27987.0,27.244,3.631,4736.563,2062.917
2044,city,Draper,Draper,,,,,,Draper,,,,,,,26701.0,68541.792,2.567,80096.0,11766.0,8287.0,60043.0,87450.158,8339.0,3427.0,2486.0,5801.0,17350.0,8658.0,5495.0,28540.0,28.047,3.627,5185.467,2137.022
2045,city,Draper,Draper,,,,,,Draper,,,,,,,27327.0,69922.606,2.559,81401.0,11996.0,8294.0,61111.0,88032.224,8507.0,3489.0,2440.0,5854.0,17572.0,8871.0,5639.0,29029.0,28.023999999999997,3.619,4385.849,2213.728
2046,city,Draper,Draper,,,,,,Draper,,,,,,,27928.0,71178.484,2.549,83053.0,12221.0,8399.0,62433.0,90314.849,8689.0,3532.0,2439.0,5960.0,17995.0,9090.0,5782.0,29566.0,27.934,3.622,4938.349,2291.949
2047,city,Draper,Draper,,,,,,Draper,,,,,,,28534.0,72455.491,2.539,84413.0,12500.0,8524.0,63389.0,91547.075,8879.0,3621.0,2442.0,6082.0,18347.0,9283.0,5879.0,29880.0,28.023999999999997,3.647,4731.033,2371.37
2048,city,Draper,Draper,,,,,,Draper,,,,,,,28950.0,73267.204,2.531,85492.0,12614.0,8592.0,64286.0,92761.326,8954.0,3660.0,2443.0,6149.0,18700.0,9471.0,5977.0,30138.0,28.0,3.688,4798.46,2439.175
2049,city,Draper,Draper,,,,,,Draper,,,,,,,29433.0,74320.909,2.525,86738.0,12765.0,8650.0,65323.0,94471.056,9057.0,3708.0,2445.0,6205.0,18994.0,9624.0,6240.0,30465.0,27.976000000000003,3.73,5185.313,2516.033
2050,city,Draper,Draper,,,,,,Draper,,,,,,,29738.0,74840.41,2.517,87996.0,12953.0,8715.0,66328.0,96015.2,9198.0,3755.0,2446.0,6269.0,19374.0,9816.0,6335.0,30803.0,28.0,3.771,5402.762,2584.677
2051,city,Draper,Draper,,,,,,Draper,,,,,,,29924.0,75001.06,2.506,89120.0,13131.0,8762.0,67227.0,97200.424,9320.0,3811.0,2447.0,6315.0,19638.0,10015.0,6467.0,31107.0,27.976000000000003,3.805,5419.193,2629.455
2052,city,Draper,Draper,,,,,,Draper,,,,,,,30251.0,75536.612,2.497,89465.0,13297.0,8776.0,67392.0,98400.61,9427.0,3870.0,2449.0,6327.0,19422.0,10169.0,6582.0,31219.0,28.0,3.844,6211.439,2692.327
2053,city,Draper,Draper,,,,,,Draper,,,,,,,30499.0,75821.367,2.486,89983.0,13419.0,8809.0,67755.0,98383.783,9520.0,3899.0,2450.0,6359.0,19517.0,10308.0,6645.0,31285.0,28.0,3.888,5619.968,2748.928
2054,city,Draper,Draper,,,,,,Draper,,,,,,,30907.0,76483.438,2.475,88781.0,12534.0,8857.0,67390.0,97682.736,8587.0,3947.0,2449.0,6408.0,19415.0,10442.0,6746.0,30787.0,28.0,3.919,6052.009,2817.806
2055,city,Draper,Draper,,,,,,Draper,,,,,,,31220.0,76943.355,2.465,88076.0,12637.0,8851.0,66588.0,97082.052,8658.0,3979.0,2450.0,6401.0,18928.0,10402.0,6819.0,30439.0,28.0,3.938,6088.09,2886.022
2056,city,Draper,Draper,,,,,,Draper,,,,,,,31375.0,76911.838,2.451,88381.0,12738.0,8895.0,66748.0,97328.403,8722.0,4016.0,2451.0,6444.0,18901.0,10529.0,6864.0,30454.0,28.023999999999997,3.92,5982.603,2932.862
2057,city,Draper,Draper,,,,,,Draper,,,,,,,31472.0,77312.22,2.457,88568.0,12822.0,8911.0,66835.0,97634.952,8780.0,4042.0,2453.0,6458.0,18769.0,10600.0,6890.0,30576.0,28.023999999999997,3.855,6045.651,2989.421
2058,city,Draper,Draper,,,,,,Draper,,,,,,,31514.0,77666.742,2.465,89239.0,12950.0,8968.0,67321.0,98393.658,8857.0,4093.0,2455.0,6513.0,18904.0,10704.0,6962.0,30751.0,28.0,3.796,6078.75,3044.109
2059,city,Draper,Draper,,,,,,Draper,,,,,,,31606.0,78222.869,2.475,89155.0,12957.0,9006.0,67192.0,98792.752,8838.0,4119.0,2460.0,6546.0,18891.0,10777.0,7045.0,30479.0,28.0,3.757,6498.529,3107.471
2060,city,Draper,Draper,,,,,,Draper,,,,,,,31660.0,78739.172,2.487,89837.0,13057.0,9070.0,67710.0,99139.318,8897.0,4160.0,2460.0,6610.0,19018.0,10887.0,7128.0,30677.0,28.047,3.737,6101.977,3168.561
2061,city,Draper,Draper,,,,,,Draper,,,,,,,31685.0,79276.218,2.502,90344.0,13154.0,9097.0,68093.0,99824.96800000001,8934.0,4220.0,2460.0,6637.0,19093.0,10990.0,7204.0,30806.0,28.0,3.727,6226.382,3222.859
2062,city,Draper,Draper,,,,,,Draper,,,,,,,31472.0,79260.769,2.518,91496.0,13299.0,9161.0,69036.0,102267.818,9022.0,4277.0,2460.0,6701.0,19295.0,11188.0,7343.0,31210.0,28.047,3.719,7480.147,3259.903
2063,city,Draper,Draper,,,,,,Draper,,,,,,,31534.0,79775.997,2.53,92148.0,13456.0,9214.0,69478.0,102286.14199999999,9140.0,4316.0,2461.0,6753.0,19276.0,11269.0,7499.0,31434.0,28.047,3.713,6787.879,3318.507
2064,city,Draper,Draper,,,,,,Draper,,,,,,,31310.0,79731.292,2.547,93799.0,13650.0,9302.0,70847.0,104812.726,9272.0,4378.0,2462.0,6840.0,19583.0,11609.0,7717.0,31938.0,28.0,3.708,7625.545,3356.473
2065,city,Draper,Draper,,,,,,Draper,,,,,,,31330.0,80215.652,2.56,95345.0,13834.0,9373.0,72138.0,105455.223,9397.0,4437.0,2462.0,6911.0,19883.0,11919.0,7927.0,32409.0,28.047,3.703,6667.549,3410.925
2023,city,Eagle Mountain,Eagle Mountain,,,,,,Eagle Mountain,,,,,,,15096.0,59246.81,3.925,5337.0,780.0,1054.0,3503.0,8423.844000000001,436.0,344.0,811.0,243.0,1614.0,1132.0,217.0,540.0,498.956,0.0,1616.654,971.235
2024,city,Eagle Mountain,Eagle Mountain,,,,,,Eagle Mountain,,,,,,,16499.0,63029.235,3.82,5608.0,794.0,1213.0,3601.0,8719.91,432.0,362.0,819.0,394.0,1598.0,1213.0,238.0,552.0,500.971,0.0,1599.867,1011.078
2025,city,Eagle Mountain,Eagle Mountain,,,,,,Eagle Mountain,,,,,,,17795.0,66176.431,3.719,6054.0,816.0,1242.0,3996.0,9186.641,434.0,382.0,837.0,405.0,1891.0,1291.0,257.0,557.0,497.779,0.0,1451.839,1183.022
2026,city,Eagle Mountain,Eagle Mountain,,,,,,Eagle Mountain,,,,,,,19386.0,70041.846,3.613,6485.0,868.0,1345.0,4272.0,10565.834,462.0,406.0,855.0,490.0,1986.0,1362.0,282.0,642.0,496.773,0.0,2301.509,1282.542
2027,city,Eagle Mountain,Eagle Mountain,,,,,,Eagle Mountain,,,,,,,20516.0,72397.539,3.529,6965.0,921.0,1560.0,4484.0,10592.068,502.0,419.0,875.0,685.0,2004.0,1431.0,303.0,746.0,492.00300000000004,0.0,1793.381,1341.662
2028,city,Eagle Mountain,Eagle Mountain,,,,,,Eagle Mountain,,,,,,,21672.0,74805.74,3.452,7232.0,935.0,1571.0,4726.0,10811.836,505.0,430.0,880.0,691.0,2170.0,1471.0,317.0,768.0,488.491,0.0,1685.318,1406.025
2029,city,Eagle Mountain,Eagle Mountain,,,,,,Eagle Mountain,,,,,,,22838.0,77171.669,3.379,7636.0,945.0,1591.0,5100.0,12783.698,506.0,439.0,893.0,698.0,2469.0,1517.0,334.0,780.0,485.02,0.0,3188.86,1473.81
2030,city,Eagle Mountain,Eagle Mountain,,,,,,Eagle Mountain,,,,,,,23862.0,79191.617,3.319,8267.0,971.0,1652.0,5644.0,13356.538,528.0,443.0,915.0,737.0,2881.0,1572.0,365.0,826.0,483.191,0.0,3075.021,1531.334
2031,city,Eagle Mountain,Eagle Mountain,,,,,,Eagle Mountain,,,,,,,24727.0,80828.598,3.269,8915.0,998.0,1747.0,6170.0,13881.057999999999,555.0,443.0,942.0,805.0,3300.0,1597.0,403.0,870.0,481.774,0.0,2905.016,1579.263
2032,city,Eagle Mountain,Eagle Mountain,,,,,,Eagle Mountain,,,,,,,25369.0,81835.181,3.226,9772.0,1044.0,1905.0,6823.0,14386.602,596.0,448.0,970.0,935.0,3809.0,1606.0,463.0,945.0,480.936,0.0,2515.912,1617.755
2033,city,Eagle Mountain,Eagle Mountain,,,,,,Eagle Mountain,,,,,,,26125.0,83262.195,3.187,10787.0,1109.0,1974.0,7704.0,16498.41,638.0,471.0,1004.0,970.0,4466.0,1619.0,546.0,1073.0,479.95799999999997,0.0,3565.1910000000003,1666.259
2034,city,Eagle Mountain,Eagle Mountain,,,,,,Eagle Mountain,,,,,,,26828.0,84695.573,3.157,12279.0,1287.0,2062.0,8930.0,17671.743,692.0,595.0,1026.0,1036.0,5361.0,1644.0,650.0,1275.0,481.189,0.0,3179.217,1732.348
2035,city,Eagle Mountain,Eagle Mountain,,,,,,Eagle Mountain,,,,,,,27712.0,86569.916,3.124,12565.0,1266.0,2080.0,9219.0,18529.474000000002,693.0,573.0,1052.0,1028.0,5620.0,1646.0,687.0,1266.0,476.63,0.0,3716.23,1771.616
2036,city,Eagle Mountain,Eagle Mountain,,,,,,Eagle Mountain,,,,,,,28684.0,88617.77100000001,3.089,13564.0,1308.0,2101.0,10155.0,20304.33,705.0,603.0,1075.0,1026.0,6457.0,1653.0,751.0,1294.0,476.082,0.0,4432.605,1831.636
2037,city,Eagle Mountain,Eagle Mountain,,,,,,Eagle Mountain,,,,,,,29645.0,90167.449,3.042,15517.0,1564.0,2449.0,11504.0,22742.627,852.0,712.0,1144.0,1305.0,7043.0,1717.0,903.0,1841.0,474.464,0.0,4853.041,1898.133
2038,city,Eagle Mountain,Eagle Mountain,,,,,,Eagle Mountain,,,,,,,30796.0,92799.557,3.013,16944.0,1676.0,2625.0,12643.0,23936.715,931.0,745.0,1188.0,1437.0,7778.0,1779.0,1008.0,2078.0,473.101,0.0,4541.746,1977.879
2039,city,Eagle Mountain,Eagle Mountain,,,,,,Eagle Mountain,,,,,,,31979.0,95415.819,2.984,18279.0,1787.0,2821.0,13671.0,25462.413,1007.0,780.0,1231.0,1590.0,8416.0,1859.0,1111.0,2285.0,472.586,0.0,4658.299,2052.5370000000003
2040,city,Eagle Mountain,Eagle Mountain,,,,,,Eagle Mountain,,,,,,,33295.0,98377.463,2.955,19915.0,2012.0,2992.0,14911.0,27107.671,1090.0,922.0,1277.0,1715.0,9190.0,1965.0,1251.0,2505.0,473.056,0.0,4577.967,2141.64
2041,city,Eagle Mountain,Eagle Mountain,,,,,,Eagle Mountain,,,,,,,34507.0,100997.011,2.927,21323.0,2192.0,3179.0,15952.0,28168.079,1173.0,1019.0,1328.0,1851.0,9823.0,2066.0,1352.0,2711.0,473.219,0.0,4151.489,2220.382
2042,city,Eagle Mountain,Eagle Mountain,,,,,,Eagle Mountain,,,,,,,36009.0,104345.734,2.898,22566.0,2311.0,3378.0,16877.0,30251.577999999998,1233.0,1078.0,1360.0,2018.0,10374.0,2163.0,1442.0,2898.0,471.475,0.0,4894.86,2319.27
2043,city,Eagle Mountain,Eagle Mountain,,,,,,Eagle Mountain,,,,,,,37220.0,107062.431,2.876,23861.0,2451.0,3601.0,17809.0,30781.129,1318.0,1133.0,1404.0,2197.0,10960.0,2275.0,1512.0,3062.0,469.78900000000004,0.0,4052.188,2398.135
2044,city,Eagle Mountain,Eagle Mountain,,,,,,Eagle Mountain,,,,,,,38618.0,110224.601,2.854,25205.0,2549.0,3741.0,18915.0,33128.751,1377.0,1172.0,1435.0,2306.0,11716.0,2381.0,1614.0,3204.0,464.649,0.0,4965.209,2493.914
2045,city,Eagle Mountain,Eagle Mountain,,,,,,Eagle Mountain,,,,,,,39990.0,113337.66100000001,2.834,26656.0,2677.0,3945.0,20034.0,34667.548,1466.0,1211.0,1464.0,2481.0,12365.0,2529.0,1760.0,3380.0,464.033,0.0,4965.554,2581.977
2046,city,Eagle Mountain,Eagle Mountain,,,,,,Eagle Mountain,,,,,,,41458.0,116555.767,2.811,28293.0,2812.0,4137.0,21344.0,37133.104,1572.0,1240.0,1518.0,2619.0,13130.0,2725.0,1892.0,3597.0,461.50100000000003,0.0,5697.714,2680.905
2047,city,Eagle Mountain,Eagle Mountain,,,,,,Eagle Mountain,,,,,,,43146.0,120436.801,2.791,29823.0,2966.0,4306.0,22551.0,38618.847,1701.0,1265.0,1552.0,2754.0,13843.0,2911.0,1999.0,3798.0,463.028,0.0,5538.753,2794.08
2048,city,Eagle Mountain,Eagle Mountain,,,,,,Eagle Mountain,,,,,,,45058.0,124797.437,2.77,31795.0,3089.0,4486.0,24220.0,41577.614,1786.0,1303.0,1616.0,2870.0,15038.0,3114.0,2133.0,3935.0,462.278,0.0,6401.467,2918.903
2049,city,Eagle Mountain,Eagle Mountain,,,,,,Eagle Mountain,,,,,,,47293.0,129978.286,2.748,33663.0,3209.0,4645.0,25809.0,43977.372,1874.0,1335.0,1673.0,2972.0,16174.0,3324.0,2252.0,4059.0,455.975,0.0,6792.941,3065.472
2050,city,Eagle Mountain,Eagle Mountain,,,,,,Eagle Mountain,,,,,,,50128.0,136966.067,2.732,35256.0,3308.0,4831.0,27117.0,47218.997,1945.0,1363.0,1727.0,3104.0,17114.0,3476.0,2355.0,4172.0,444.716,0.0,8265.471,3252.791
2051,city,Eagle Mountain,Eagle Mountain,,,,,,Eagle Mountain,,,,,,,53383.0,145267.525,2.721,36717.0,3382.0,5013.0,28322.0,50409.505,1997.0,1385.0,1771.0,3242.0,17994.0,3625.0,2445.0,4258.0,421.241,0.0,9807.145,3464.111
2052,city,Eagle Mountain,Eagle Mountain,,,,,,Eagle Mountain,,,,,,,56828.0,154048.681,2.711,38237.0,3472.0,5175.0,29590.0,53383.424,2055.0,1417.0,1809.0,3366.0,18932.0,3761.0,2530.0,4367.0,387.074,0.0,11063.87,3695.476
2053,city,Eagle Mountain,Eagle Mountain,,,,,,Eagle Mountain,,,,,,,59548.0,160825.928,2.701,39544.0,3598.0,5340.0,30606.0,50420.435,2156.0,1442.0,1844.0,3496.0,19491.0,3933.0,2633.0,4549.0,379.771,0.0,6613.304,3883.357
2054,city,Eagle Mountain,Eagle Mountain,,,,,,Eagle Mountain,,,,,,,60374.0,162386.934,2.69,40833.0,3727.0,5442.0,31664.0,50457.443,2266.0,1461.0,1873.0,3569.0,20107.0,4106.0,2745.0,4706.0,379.49,0.0,5301.607,3943.3540000000003
2055,city,Eagle Mountain,Eagle Mountain,,,,,,Eagle Mountain,,,,,,,60934.0,163155.289,2.678,42081.0,3836.0,5599.0,32646.0,51988.323,2357.0,1479.0,1905.0,3694.0,20695.0,4260.0,2852.0,4839.0,377.692,0.0,5535.916,3993.728
2056,city,Eagle Mountain,Eagle Mountain,,,,,,Eagle Mountain,,,,,,,61262.0,163311.16,2.666,43452.0,3944.0,5827.0,33681.0,53349.67,2443.0,1501.0,1937.0,3890.0,21266.0,4444.0,2971.0,5000.0,377.69399999999996,0.0,5500.219,4019.766
2057,city,Eagle Mountain,Eagle Mountain,,,,,,Eagle Mountain,,,,,,,61393.0,164074.961,2.673,44815.0,4032.0,6028.0,34755.0,55098.112,2510.0,1522.0,1973.0,4055.0,21871.0,4605.0,3098.0,5181.0,375.867,0.0,5845.312,4061.914
2058,city,Eagle Mountain,Eagle Mountain,,,,,,Eagle Mountain,,,,,,,61409.0,166139.599,2.705,46320.0,4132.0,6267.0,35921.0,56853.031,2584.0,1548.0,2021.0,4246.0,22553.0,4778.0,3233.0,5357.0,374.96500000000003,0.0,6026.005,4132.052
2059,city,Eagle Mountain,Eagle Mountain,,,,,,Eagle Mountain,,,,,,,61408.0,167888.144,2.734,47788.0,4224.0,6499.0,37065.0,58125.069,2655.0,1569.0,2060.0,4439.0,23289.0,4924.0,3342.0,5510.0,375.023,0.0,5771.24,4190.836
2060,city,Eagle Mountain,Eagle Mountain,,,,,,Eagle Mountain,,,,,,,61432.0,169908.092,2.766,49226.0,4324.0,6696.0,38206.0,59861.965000000004,2736.0,1588.0,2109.0,4587.0,24041.0,5075.0,3441.0,5649.0,372.094,0.0,6001.95,4261.911
2061,city,Eagle Mountain,Eagle Mountain,,,,,,Eagle Mountain,,,,,,,61431.0,172151.729,2.802,50702.0,4453.0,6904.0,39345.0,61871.261,2814.0,1639.0,2145.0,4759.0,24751.0,5215.0,3556.0,5823.0,369.745,0.0,6460.747,4338.771
2062,city,Eagle Mountain,Eagle Mountain,,,,,,Eagle Mountain,,,,,,,61454.0,174171.785,2.834,52199.0,4587.0,7127.0,40485.0,63390.857,2921.0,1666.0,2193.0,4934.0,25460.0,5355.0,3684.0,5986.0,369.445,0.0,6410.971,4411.431
2063,city,Eagle Mountain,Eagle Mountain,,,,,,Eagle Mountain,,,,,,,61469.0,176206.884,2.867,53626.0,4690.0,7317.0,41619.0,65044.775,3003.0,1687.0,2238.0,5079.0,26157.0,5534.0,3806.0,6122.0,369.375,0.0,6572.816,4476.587
2064,city,Eagle Mountain,Eagle Mountain,,,,,,Eagle Mountain,,,,,,,61468.0,178323.56399999998,2.901,55000.0,4796.0,7476.0,42728.0,66531.396,3088.0,1708.0,2272.0,5204.0,26838.0,5714.0,3937.0,6239.0,368.578,0.0,6610.639,4552.184
2065,city,Eagle Mountain,Eagle Mountain,,,,,,Eagle Mountain,,,,,,,61480.0,180278.082,2.932,56416.0,4919.0,7658.0,43839.0,68063.294,3191.0,1728.0,2328.0,5330.0,27486.0,5912.0,4058.0,6383.0,366.85900000000004,0.0,6662.607,4617.818
2023,city,Eastside Mountains,Eastside Mountains,,,,,,Eastside Mountains,,,,,,,396.4,1249.906,3.153,494.9,273.8,0.0,221.1,506.41299999999995,121.60000000000001,152.2,0.0,0.0,0.8,15.5,22.0,182.8,0.0,0.0,10.512,1.001
2024,city,Eastside Mountains,Eastside Mountains,,,,,,Eastside Mountains,,,,,,,399.3,1258.146,3.151,496.2,274.5,0.0,221.7,507.544,121.4,153.1,0.0,0.0,0.8,15.5,22.3,183.1,0.0,0.0,10.342,1.002
2025,city,Eastside Mountains,Eastside Mountains,,,,,,Eastside Mountains,,,,,,,402.2,1267.103,3.15,497.0,274.8,0.0,222.20000000000002,509.11,121.4,153.4,0.0,0.0,0.8,15.5,22.5,183.4,0.0,0.0,11.109,1.002
2026,city,Eastside Mountains,Eastside Mountains,,,,,,Eastside Mountains,,,,,,,403.1,1269.11,3.148,497.59999999999997,275.09999999999997,0.0,222.5,509.679,121.5,153.6,0.0,0.0,0.8,15.5,22.7,183.5,0.0,0.0,11.079,1.0
2027,city,Eastside Mountains,Eastside Mountains,,,,,,Eastside Mountains,,,,,,,403.9,1271.02,3.147,498.2,275.4,0.0,222.79999999999998,509.938,121.60000000000001,153.8,0.0,0.0,0.8,15.5,22.9,183.6,0.0,0.0,10.737,1.001
2028,city,Eastside Mountains,Eastside Mountains,,,,,,Eastside Mountains,,,,,,,404.7,1272.727,3.145,498.8,275.7,0.0,223.1,510.52299999999997,121.7,154.0,0.0,0.0,0.8,15.5,23.1,183.7,0.0,0.0,10.721,1.001
2029,city,Eastside Mountains,Eastside Mountains,,,,,,Eastside Mountains,,,,,,,405.5,1274.362,3.143,499.7,276.09999999999997,0.0,223.6,511.395,121.8,154.3,0.0,0.0,0.8,15.5,23.4,183.9,0.0,0.0,10.693,1.001
2030,city,Eastside Mountains,Eastside Mountains,,,,,,Eastside Mountains,,,,,,,406.3,1275.917,3.14,500.6,276.7,0.0,223.9,512.3,121.9,154.8,0.0,0.0,0.8,15.5,23.6,184.0,0.0,0.0,10.699,1.001
2031,city,Eastside Mountains,Eastside Mountains,,,,,,Eastside Mountains,,,,,,,407.1,1277.491,3.138,500.90000000000003,276.7,0.0,224.2,512.644,122.10000000000001,154.6,0.0,0.0,0.8,15.5,23.8,184.1,0.0,0.0,10.743,1.001
2032,city,Eastside Mountains,Eastside Mountains,,,,,,Eastside Mountains,,,,,,,407.9,1279.094,3.136,501.70000000000005,277.09999999999997,0.0,224.6,513.488,122.4,154.7,0.0,0.0,0.8,15.5,24.1,184.2,0.0,0.0,10.788,1.0
2033,city,Eastside Mountains,Eastside Mountains,,,,,,Eastside Mountains,,,,,,,408.6,1280.743,3.134,502.40000000000003,277.5,0.0,224.9,514.202,122.7,154.8,0.0,0.0,0.8,15.5,24.3,184.3,0.0,0.0,10.802,1.001
2034,city,Eastside Mountains,Eastside Mountains,,,,,,Eastside Mountains,,,,,,,409.3,1282.419,3.133,503.0,277.8,0.0,225.20000000000002,514.859,122.9,154.9,0.0,0.0,0.8,15.5,24.5,184.4,0.0,0.0,10.859,1.001
2035,city,Eastside Mountains,Eastside Mountains,,,,,,Eastside Mountains,,,,,,,410.0,1284.119,3.132,503.59999999999997,278.09999999999997,0.0,225.5,515.4019999999999,123.10000000000001,155.0,0.0,0.0,0.8,15.5,24.7,184.5,0.0,0.0,10.801,1.001
2036,city,Eastside Mountains,Eastside Mountains,,,,,,Eastside Mountains,,,,,,,410.7,1285.84,3.131,504.2,278.4,0.0,225.79999999999998,516.062,123.3,155.1,0.0,0.0,0.8,15.5,24.9,184.6,0.0,0.0,10.861,1.001
2037,city,Eastside Mountains,Eastside Mountains,,,,,,Eastside Mountains,,,,,,,411.3,1286.655,3.128,505.0,278.9,0.0,226.1,516.779,123.60000000000001,155.3,0.0,0.0,0.8,15.5,25.1,184.7,0.0,0.0,10.779,1.001
2038,city,Eastside Mountains,Eastside Mountains,,,,,,Eastside Mountains,,,,,,,411.9,1288.3,3.128,505.5,279.09999999999997,0.0,226.4,517.278,123.8,155.3,0.0,0.0,0.8,15.5,25.3,184.8,0.0,0.0,10.777,1.0
2039,city,Eastside Mountains,Eastside Mountains,,,,,,Eastside Mountains,,,,,,,412.5,1289.961,3.127,506.1,279.4,0.0,226.70000000000002,517.833,124.0,155.4,0.0,0.0,0.8,15.5,25.5,184.9,0.0,0.0,10.733,1.0
2040,city,Eastside Mountains,Eastside Mountains,,,,,,Eastside Mountains,,,,,,,413.1,1291.625,3.127,506.7,279.7,0.0,227.0,518.437,124.2,155.5,0.0,0.0,0.8,15.5,25.7,185.0,0.0,0.0,10.737,1.0
2041,city,Eastside Mountains,Eastside Mountains,,,,,,Eastside Mountains,,,,,,,413.7,1293.199,3.126,507.4,280.09999999999997,0.0,227.29999999999998,519.064,124.4,155.7,0.0,0.0,0.8,15.5,25.9,185.1,0.0,0.0,10.663,1.001
2042,city,Eastside Mountains,Eastside Mountains,,,,,,Eastside Mountains,,,,,,,414.3,1294.77,3.125,508.1,280.5,0.0,227.6,519.728,124.60000000000001,155.9,0.0,0.0,0.8,15.5,26.1,185.2,0.0,0.0,10.627,1.001
2043,city,Eastside Mountains,Eastside Mountains,,,,,,Eastside Mountains,,,,,,,414.9,1296.35,3.124,508.90000000000003,281.0,0.0,227.9,520.554,124.8,156.2,0.0,0.0,0.8,15.5,26.3,185.3,0.0,0.0,10.652999999999999,1.0
2044,city,Eastside Mountains,Eastside Mountains,,,,,,Eastside Mountains,,,,,,,415.5,1297.841,3.124,509.7,281.5,0.0,228.20000000000002,521.341,125.0,156.5,0.0,0.0,0.8,15.5,26.5,185.4,0.0,0.0,10.64,1.001
2045,city,Eastside Mountains,Eastside Mountains,,,,,,Eastside Mountains,,,,,,,416.1,1299.332,3.123,510.5,282.0,0.0,228.5,522.119,125.2,156.8,0.0,0.0,0.8,15.5,26.7,185.5,0.0,0.0,10.617999999999999,1.0
2046,city,Eastside Mountains,Eastside Mountains,,,,,,Eastside Mountains,,,,,,,416.7,1300.823,3.122,511.2,282.4,0.0,228.79999999999998,522.801,125.4,157.0,0.0,0.0,0.8,15.5,26.9,185.6,0.0,0.0,10.601,1.0
2047,city,Eastside Mountains,Eastside Mountains,,,,,,Eastside Mountains,,,,,,,417.3,1302.309,3.121,512.0,282.9,0.0,229.1,523.5989999999999,125.60000000000001,157.3,0.0,0.0,0.8,15.5,27.1,185.7,0.0,0.0,10.6,1.0
2048,city,Eastside Mountains,Eastside Mountains,,,,,,Eastside Mountains,,,,,,,417.9,1303.703,3.12,512.8,283.4,0.0,229.4,524.399,125.8,157.6,0.0,0.0,0.8,15.5,27.3,185.8,0.0,0.0,10.599,1.0
2049,city,Eastside Mountains,Eastside Mountains,,,,,,Eastside Mountains,,,,,,,418.5,1304.993,3.118,513.6,283.9,0.0,229.70000000000002,525.206,126.0,157.9,0.0,0.0,0.8,15.5,27.5,185.9,0.0,0.0,10.607,1.0
2050,city,Eastside Mountains,Eastside Mountains,,,,,,Eastside Mountains,,,,,,,419.1,1306.276,3.117,514.3000000000001,284.3,0.0,230.0,525.912,126.2,158.1,0.0,0.0,0.8,15.5,27.7,186.0,0.0,0.0,10.612,1.0
2051,city,Eastside Mountains,Eastside Mountains,,,,,,Eastside Mountains,,,,,,,422.7,1317.36,3.117,515.0,284.7,0.0,230.29999999999998,532.734,126.4,158.3,0.0,0.0,0.8,15.5,27.9,186.1,0.0,0.0,16.733999999999998,1.0
2052,city,Eastside Mountains,Eastside Mountains,,,,,,Eastside Mountains,,,,,,,423.3,1318.594,3.115,515.6,285.0,0.0,230.6,527.362,126.60000000000001,158.4,0.0,0.0,0.8,15.5,28.1,186.2,0.0,0.0,10.762,1.0
2053,city,Eastside Mountains,Eastside Mountains,,,,,,Eastside Mountains,,,,,,,423.9,1319.822,3.114,516.1999999999999,285.3,0.0,230.9,528.203,126.8,158.5,0.0,0.0,0.8,15.5,28.3,186.3,0.0,0.0,11.001999999999999,1.001
2054,city,Eastside Mountains,Eastside Mountains,,,,,,Eastside Mountains,,,,,,,424.5,1321.054,3.112,516.8,285.59999999999997,0.0,231.20000000000002,528.908,127.0,158.6,0.0,0.0,0.8,15.5,28.5,186.4,0.0,0.0,11.108,1.0
2055,city,Eastside Mountains,Eastside Mountains,,,,,,Eastside Mountains,,,,,,,425.1,1322.288,3.111,517.4,285.9,0.0,231.5,529.527,127.2,158.7,0.0,0.0,0.8,15.5,28.7,186.5,0.0,0.0,11.127,1.0
2056,city,Eastside Mountains,Eastside Mountains,,,,,,Eastside Mountains,,,,,,,425.7,1323.516,3.109,518.1,286.3,0.0,231.79999999999998,530.191,127.4,158.9,0.0,0.0,0.8,15.5,28.9,186.6,0.0,0.0,11.091000000000001,1.0
2057,city,Eastside Mountains,Eastside Mountains,,,,,,Eastside Mountains,,,,,,,427.3,1327.504,3.107,518.8,286.7,0.0,232.1,530.99,127.60000000000001,159.1,0.0,0.0,0.8,15.5,29.1,186.7,0.0,0.0,11.19,1.0
2058,city,Eastside Mountains,Eastside Mountains,,,,,,Eastside Mountains,,,,,,,427.9,1329.443,3.107,519.4,287.09999999999997,0.0,232.3,531.593,127.8,159.3,0.0,0.0,0.8,15.5,29.2,186.8,0.0,0.0,11.193,1.0
2059,city,Eastside Mountains,Eastside Mountains,,,,,,Eastside Mountains,,,,,,,428.5,1331.306,3.107,519.9,287.4,0.0,232.5,532.061,127.9,159.5,0.0,0.0,0.8,15.5,29.3,186.9,0.0,0.0,11.161,1.0
2060,city,Eastside Mountains,Eastside Mountains,,,,,,Eastside Mountains,,,,,,,429.1,1333.132,3.107,520.5,287.8,0.0,232.7,532.695,128.1,159.7,0.0,0.0,0.8,15.5,29.4,187.0,0.0,0.0,11.195,1.0
2061,city,Eastside Mountains,Eastside Mountains,,,,,,Eastside Mountains,,,,,,,24.0,57.289,2.387,0.0,0.0,0.0,0.0,2.223,0.0,0.0,0.0,0.0,0.0,0.0,0.0,0.0,0.0,0.0,1.2229999999999999,1.0
2062,city,Eastside Mountains,Eastside Mountains,,,,,,Eastside Mountains,,,,,,,24.0,57.884,2.412,0.0,0.0,0.0,0.0,2.209,0.0,0.0,0.0,0.0,0.0,0.0,0.0,0.0,0.0,0.0,1.209,1.0
2063,city,Eastside Mountains,Eastside Mountains,,,,,,Eastside Mountains,,,,,,,24.0,58.483999999999995,2.437,0.0,0.0,0.0,0.0,2.25,0.0,0.0,0.0,0.0,0.0,0.0,0.0,0.0,0.0,0.0,1.25,1.0
2064,city,Eastside Mountains,Eastside Mountains,,,,,,Eastside Mountains,,,,,,,24.0,59.122,2.463,0.0,0.0,0.0,0.0,2.274,0.0,0.0,0.0,0.0,0.0,0.0,0.0,0.0,0.0,0.0,1.274,1.0
2065,city,Eastside Mountains,Eastside Mountains,,,,,,Eastside Mountains,,,,,,,24.0,59.705,2.488,0.0,0.0,0.0,0.0,2.257,0.0,0.0,0.0,0.0,0.0,0.0,0.0,0.0,0.0,0.0,1.257,1.0
2023,city,Elberta,Elberta,,,,,,Elberta,,,,,,,102.0,375.882,3.685,99.0,1.0,2.0,96.0,411.714,0.0,1.0,1.0,1.0,81.0,10.0,1.0,4.0,299.36199999999997,0.0,7.345,6.008
2024,city,Elberta,Elberta,,,,,,Elberta,,,,,,,105.0,386.03000000000003,3.676,97.0,1.0,2.0,94.0,410.229,0.0,1.0,1.0,1.0,79.0,10.0,1.0,4.0,302.38,0.0,4.837,6.012
2025,city,Elberta,Elberta,,,,,,Elberta,,,,,,,108.0,389.774,3.609,98.0,1.0,2.0,95.0,418.745,0.0,1.0,1.0,1.0,80.0,10.0,1.0,4.0,302.306,0.0,11.425,7.011
2026,city,Elberta,Elberta,,,,,,Elberta,,,,,,,109.0,387.416,3.554,98.0,1.0,2.0,95.0,420.466,0.0,1.0,1.0,1.0,80.0,10.0,1.0,4.0,303.312,0.0,12.15,7.003
2027,city,Elberta,Elberta,,,,,,Elberta,,,,,,,109.0,383.111,3.515,98.0,1.0,2.0,95.0,417.11,0.0,1.0,1.0,1.0,80.0,10.0,1.0,4.0,304.49,0.0,7.61,7.007999999999999
2028,city,Elberta,Elberta,,,,,,Elberta,,,,,,,109.0,378.80199999999996,3.475,98.0,1.0,2.0,95.0,416.67,0.0,1.0,1.0,1.0,80.0,10.0,1.0,4.0,304.18,0.0,7.478999999999999,7.01
2029,city,Elberta,Elberta,,,,,,Elberta,,,,,,,109.0,374.76800000000003,3.438,99.0,1.0,2.0,96.0,419.755,0.0,1.0,1.0,1.0,81.0,10.0,1.0,4.0,304.52,0.0,9.228,7.007999999999999
2030,city,Elberta,Elberta,,,,,,Elberta,,,,,,,109.0,370.996,3.404,99.0,1.0,2.0,96.0,421.565,0.0,1.0,1.0,1.0,81.0,10.0,1.0,4.0,307.297,0.0,8.263,7.007
2031,city,Elberta,Elberta,,,,,,Elberta,,,,,,,109.0,367.413,3.371,99.0,1.0,2.0,96.0,421.817,0.0,1.0,1.0,1.0,81.0,10.0,1.0,4.0,308.07,0.0,7.7410000000000005,7.005999999999999
2032,city,Elberta,Elberta,,,,,,Elberta,,,,,,,110.0,370.30400000000003,3.366,99.0,1.0,2.0,96.0,423.394,0.0,1.0,1.0,1.0,81.0,10.0,1.0,4.0,308.165,0.0,9.23,7.0
2033,city,Elberta,Elberta,,,,,,Elberta,,,,,,,111.0,373.577,3.366,99.0,1.0,2.0,96.0,422.347,0.0,1.0,1.0,1.0,81.0,10.0,1.0,4.0,307.91,0.0,8.432,7.005999999999999
2034,city,Elberta,Elberta,,,,,,Elberta,,,,,,,111.0,371.01300000000003,3.342,99.0,1.0,2.0,96.0,428.382,0.0,1.0,1.0,1.0,81.0,10.0,1.0,4.0,313.375,0.0,9.001,7.005999999999999
2035,city,Elberta,Elberta,,,,,,Elberta,,,,,,,112.0,371.389,3.316,99.0,1.0,2.0,96.0,427.499,0.0,1.0,1.0,1.0,81.0,10.0,1.0,4.0,313.036,0.0,8.456999999999999,7.007
2036,city,Elberta,Elberta,,,,,,Elberta,,,,,,,112.0,369.326,3.298,99.0,1.0,2.0,96.0,430.82800000000003,0.0,1.0,1.0,1.0,81.0,10.0,1.0,4.0,315.719,0.0,9.102,7.007
2037,city,Elberta,Elberta,,,,,,Elberta,,,,,,,112.0,359.221,3.207,213.0,4.0,5.0,204.0,548.94,0.0,4.0,4.0,1.0,187.0,10.0,4.0,3.0,316.298,0.0,12.637,7.004
2038,city,Elberta,Elberta,,,,,,Elberta,,,,,,,112.0,357.444,3.191,214.0,4.0,5.0,205.0,553.092,0.0,4.0,4.0,1.0,188.0,10.0,4.0,3.0,319.438,0.0,12.652000000000001,7.003
2039,city,Elberta,Elberta,,,,,,Elberta,,,,,,,112.0,355.835,3.177,215.0,4.0,5.0,206.0,556.107,0.0,4.0,4.0,1.0,189.0,10.0,4.0,3.0,322.119,0.0,11.988,7.003
2040,city,Elberta,Elberta,,,,,,Elberta,,,,,,,112.0,354.253,3.163,216.0,4.0,5.0,207.0,559.855,0.0,4.0,4.0,1.0,190.0,10.0,4.0,3.0,323.786,0.0,13.07,6.9990000000000006
2041,city,Elberta,Elberta,,,,,,Elberta,,,,,,,113.0,356.972,3.159,216.0,4.0,5.0,207.0,560.821,0.0,4.0,4.0,1.0,190.0,10.0,4.0,3.0,325.894,0.0,11.921999999999999,7.004
2042,city,Elberta,Elberta,,,,,,Elberta,,,,,,,113.0,355.47,3.146,216.0,4.0,5.0,207.0,562.397,0.0,4.0,4.0,1.0,190.0,10.0,4.0,3.0,329.101,0.0,10.288,7.007
2043,city,Elberta,Elberta,,,,,,Elberta,,,,,,,113.0,354.079,3.133,216.0,4.0,5.0,207.0,566.456,0.0,4.0,4.0,1.0,190.0,10.0,4.0,3.0,332.69,0.0,10.763,7.003
2044,city,Elberta,Elberta,,,,,,Elberta,,,,,,,114.0,354.586,3.11,216.0,4.0,5.0,207.0,571.195,0.0,4.0,4.0,1.0,190.0,10.0,4.0,3.0,336.63300000000004,0.0,11.554,7.007999999999999
2045,city,Elberta,Elberta,,,,,,Elberta,,,,,,,114.0,353.284,3.099,216.0,4.0,5.0,207.0,574.386,0.0,4.0,4.0,1.0,190.0,10.0,4.0,3.0,340.206,0.0,11.178,7.003
2046,city,Elberta,Elberta,,,,,,Elberta,,,,,,,115.0,356.895,3.103,216.0,4.0,5.0,207.0,579.567,0.0,4.0,4.0,1.0,190.0,10.0,4.0,3.0,344.608,0.0,11.959,7.0
2047,city,Elberta,Elberta,,,,,,Elberta,,,,,,,120.0,371.38300000000004,3.095,216.0,4.0,5.0,207.0,590.3290000000001,0.0,4.0,4.0,1.0,190.0,10.0,4.0,3.0,348.262,0.0,18.069,7.997
2048,city,Elberta,Elberta,,,,,,Elberta,,,,,,,122.0,376.66,3.087,216.0,4.0,5.0,207.0,591.8299999999999,0.0,4.0,4.0,1.0,190.0,10.0,4.0,3.0,352.721,0.0,15.109,8.0
2049,city,Elberta,Elberta,,,,,,Elberta,,,,,,,129.0,393.735,3.052,216.0,4.0,5.0,207.0,606.001,0.0,4.0,4.0,1.0,190.0,10.0,4.0,3.0,360.566,0.0,21.437,7.9990000000000006
2050,city,Elberta,Elberta,,,,,,Elberta,,,,,,,141.0,432.30899999999997,3.066,216.0,4.0,5.0,207.0,623.054,0.0,4.0,4.0,1.0,190.0,10.0,4.0,3.0,370.118,0.0,28.936,8.0
2051,city,Elberta,Elberta,,,,,,Elberta,,,,,,,163.0,486.567,2.985,216.0,4.0,5.0,207.0,653.9300000000001,0.0,4.0,4.0,1.0,190.0,10.0,4.0,3.0,382.85699999999997,0.0,45.074,10.0
2052,city,Elberta,Elberta,,,,,,Elberta,,,,,,,251.0,699.509,2.787,216.0,4.0,5.0,207.0,763.743,0.0,4.0,4.0,1.0,190.0,10.0,4.0,3.0,401.258,0.0,130.483,16.003
2053,city,Elberta,Elberta,,,,,,Elberta,,,,,,,311.0,848.3729999999999,2.728,216.0,4.0,5.0,207.0,696.047,0.0,4.0,4.0,1.0,190.0,10.0,4.0,3.0,404.084,0.0,54.95100000000001,21.013
2054,city,Elberta,Elberta,,,,,,Elberta,,,,,,,324.0,881.61,2.721,216.0,4.0,5.0,207.0,665.7860000000001,0.0,4.0,4.0,1.0,190.0,10.0,4.0,3.0,402.748,0.0,26.029999999999998,21.008
2055,city,Elberta,Elberta,,,,,,Elberta,,,,,,,329.0,888.222,2.7,216.0,4.0,5.0,207.0,665.6659999999999,0.0,4.0,4.0,1.0,190.0,10.0,4.0,3.0,400.961,0.0,26.701,22.004
2056,city,Elberta,Elberta,,,,,,Elberta,,,,,,,329.0,884.498,2.688,216.0,4.0,5.0,207.0,664.852,0.0,4.0,4.0,1.0,190.0,10.0,4.0,3.0,400.973,0.0,25.878,21.999000000000002
2057,city,Elberta,Elberta,,,,,,Elberta,,,,,,,329.0,887.0419999999999,2.696,216.0,4.0,5.0,207.0,666.206,0.0,4.0,4.0,1.0,190.0,10.0,4.0,3.0,401.208,0.0,27.003,21.994999999999997
2058,city,Elberta,Elberta,,,,,,Elberta,,,,,,,329.0,898.107,2.73,216.0,4.0,5.0,207.0,664.402,0.0,4.0,4.0,1.0,190.0,10.0,4.0,3.0,399.312,0.0,27.096,21.994999999999997
2059,city,Elberta,Elberta,,,,,,Elberta,,,,,,,329.0,907.626,2.759,216.0,4.0,5.0,207.0,662.665,0.0,4.0,4.0,1.0,190.0,10.0,4.0,3.0,397.297,0.0,26.363,23.005000000000003
2060,city,Elberta,Elberta,,,,,,Elberta,,,,,,,329.0,918.38,2.791,216.0,4.0,5.0,207.0,662.553,0.0,4.0,4.0,1.0,190.0,10.0,4.0,3.0,396.412,0.0,27.147,22.994999999999997
2061,city,Elberta,Elberta,,,,,,Elberta,,,,,,,329.0,930.5930000000001,2.829,216.0,4.0,5.0,207.0,661.826,0.0,4.0,4.0,1.0,190.0,10.0,4.0,3.0,395.07599999999996,0.0,27.75,23.0
2062,city,Elberta,Elberta,,,,,,Elberta,,,,,,,329.0,941.321,2.861,216.0,4.0,5.0,207.0,662.235,0.0,4.0,4.0,1.0,190.0,10.0,4.0,3.0,394.753,0.0,27.472,24.008
2063,city,Elberta,Elberta,,,,,,Elberta,,,,,,,329.0,952.187,2.894,216.0,4.0,5.0,207.0,661.037,0.0,4.0,4.0,1.0,190.0,10.0,4.0,3.0,392.633,0.0,28.401000000000003,24.003
2064,city,Elberta,Elberta,,,,,,Elberta,,,,,,,329.0,963.7059999999999,2.929,216.0,4.0,5.0,207.0,660.804,0.0,4.0,4.0,1.0,190.0,10.0,4.0,3.0,391.853,0.0,28.946,24.006
2065,city,Elberta,Elberta,,,,,,Elberta,,,,,,,329.0,974.235,2.961,216.0,4.0,5.0,207.0,660.763,0.0,4.0,4.0,1.0,190.0,10.0,4.0,3.0,392.203,0.0,28.566000000000003,23.994
2023,city,Elk Ridge,Elk Ridge,,,,,,Elk Ridge,,,,,,,1174.0,3888.37,3.312,73.0,6.0,14.0,53.0,221.679,6.0,0.0,0.0,14.0,8.0,4.0,1.0,40.0,2.016,0.0,71.56700000000001,75.096
2024,city,Elk Ridge,Elk Ridge,,,,,,Elk Ridge,,,,,,,1192.0,3924.072,3.292,73.0,6.0,14.0,53.0,245.194,6.0,0.0,0.0,14.0,8.0,4.0,1.0,40.0,2.016,0.0,95.02499999999999,75.155
2025,city,Elk Ridge,Elk Ridge,,,,,,Elk Ridge,,,,,,,1244.0,4064.6000000000004,3.267,73.0,6.0,14.0,53.0,230.20499999999998,6.0,0.0,0.0,14.0,8.0,4.0,1.0,40.0,2.015,0.0,73.05099999999999,82.142
2026,city,Elk Ridge,Elk Ridge,,,,,,Elk Ridge,,,,,,,1284.0,4160.969,3.241,73.0,6.0,14.0,53.0,233.145,6.0,0.0,0.0,14.0,8.0,4.0,1.0,40.0,2.015,0.0,73.093,85.036
2027,city,Elk Ridge,Elk Ridge,,,,,,Elk Ridge,,,,,,,1317.0,4220.536,3.205,73.0,6.0,14.0,53.0,241.23,6.0,0.0,0.0,14.0,8.0,4.0,1.0,40.0,2.016,0.0,80.105,86.107
2028,city,Elk Ridge,Elk Ridge,,,,,,Elk Ridge,,,,,,,1377.0,4374.8,3.177,73.0,6.0,14.0,53.0,338.534,6.0,0.0,0.0,14.0,8.0,4.0,1.0,40.0,2.014,0.0,173.39,90.13
2029,city,Elk Ridge,Elk Ridge,,,,,,Elk Ridge,,,,,,,1441.0,4544.298,3.154,73.0,6.0,14.0,53.0,333.73,6.0,0.0,0.0,14.0,8.0,4.0,1.0,40.0,1.008,0.0,166.606,93.115
2030,city,Elk Ridge,Elk Ridge,,,,,,Elk Ridge,,,,,,,1502.0,4712.992,3.138,74.0,6.0,14.0,54.0,301.13300000000004,6.0,0.0,0.0,14.0,8.0,4.0,1.0,41.0,1.011,0.0,129.038,97.084
2031,city,Elk Ridge,Elk Ridge,,,,,,Elk Ridge,,,,,,,1549.0,4836.146,3.122,74.0,6.0,14.0,54.0,338.491,6.0,0.0,0.0,14.0,8.0,4.0,1.0,41.0,1.01,0.0,163.401,100.08
2032,city,Elk Ridge,Elk Ridge,,,,,,Elk Ridge,,,,,,,1595.0,4951.46,3.104,93.0,11.0,14.0,68.0,415.471,11.0,0.0,0.0,14.0,8.0,4.0,1.0,55.0,1.01,0.0,219.476,101.985
2033,city,Elk Ridge,Elk Ridge,,,,,,Elk Ridge,,,,,,,1641.0,5064.6939999999995,3.086,104.0,12.0,14.0,78.0,371.148,12.0,0.0,0.0,14.0,8.0,4.0,2.0,64.0,0.0,0.0,162.07,105.079
2034,city,Elk Ridge,Elk Ridge,,,,,,Elk Ridge,,,,,,,1670.0,5126.74,3.07,135.0,22.0,15.0,98.0,351.451,16.0,6.0,1.0,14.0,8.0,6.0,2.0,82.0,0.0,0.0,108.367,108.083
2035,city,Elk Ridge,Elk Ridge,,,,,,Elk Ridge,,,,,,,1691.0,5166.476,3.055,137.0,21.0,16.0,100.0,324.361,16.0,5.0,2.0,14.0,10.0,6.0,2.0,82.0,0.0,0.0,79.264,108.099
2036,city,Elk Ridge,Elk Ridge,,,,,,Elk Ridge,,,,,,,1709.0,5180.831,3.031,146.0,23.0,16.0,107.0,337.121,17.0,6.0,2.0,14.0,10.0,7.0,3.0,87.0,0.0,0.0,83.026,108.09700000000001
2037,city,Elk Ridge,Elk Ridge,,,,,,Elk Ridge,,,,,,,1782.0,5464.862,3.067,74.0,6.0,15.0,53.0,278.235,6.0,0.0,0.0,15.0,8.0,4.0,1.0,40.0,0.0,0.0,90.166,114.069
2038,city,Elk Ridge,Elk Ridge,,,,,,Elk Ridge,,,,,,,1790.0,5463.505999999999,3.052,74.0,6.0,15.0,53.0,286.391,6.0,0.0,0.0,15.0,8.0,4.0,1.0,40.0,0.0,0.0,97.339,115.05199999999999
2039,city,Elk Ridge,Elk Ridge,,,,,,Elk Ridge,,,,,,,1823.0,5552.624,3.046,74.0,6.0,15.0,53.0,389.57,6.0,0.0,0.0,15.0,8.0,4.0,1.0,40.0,0.0,0.0,198.538,117.03
2040,city,Elk Ridge,Elk Ridge,,,,,,Elk Ridge,,,,,,,1846.0,5602.9400000000005,3.035,74.0,6.0,15.0,53.0,285.629,6.0,0.0,0.0,15.0,8.0,4.0,1.0,40.0,0.0,0.0,92.65,118.979
2041,city,Elk Ridge,Elk Ridge,,,,,,Elk Ridge,,,,,,,1863.0,5630.5689999999995,3.022,74.0,6.0,15.0,53.0,274.38,6.0,0.0,0.0,15.0,8.0,4.0,1.0,40.0,0.0,0.0,80.306,120.075
2042,city,Elk Ridge,Elk Ridge,,,,,,Elk Ridge,,,,,,,1884.0,5667.324,3.008,74.0,6.0,15.0,53.0,322.352,6.0,0.0,0.0,15.0,8.0,4.0,1.0,40.0,0.0,0.0,126.233,122.12
2043,city,Elk Ridge,Elk Ridge,,,,,,Elk Ridge,,,,,,,1922.0,5762.657999999999,2.998,74.0,6.0,15.0,53.0,295.355,6.0,0.0,0.0,15.0,8.0,4.0,1.0,40.0,0.0,0.0,96.297,125.06
2044,city,Elk Ridge,Elk Ridge,,,,,,Elk Ridge,,,,,,,1949.0,5819.606,2.986,74.0,6.0,15.0,53.0,315.848,6.0,0.0,0.0,15.0,8.0,4.0,1.0,40.0,0.0,0.0,115.69999999999999,126.148
2045,city,Elk Ridge,Elk Ridge,,,,,,Elk Ridge,,,,,,,1980.0,5893.784,2.977,74.0,6.0,15.0,53.0,329.4,6.0,0.0,0.0,15.0,8.0,4.0,1.0,40.0,0.0,0.0,127.35199999999999,128.047
2046,city,Elk Ridge,Elk Ridge,,,,,,Elk Ridge,,,,,,,2008.0,5963.093,2.97,74.0,6.0,15.0,53.0,325.64099999999996,6.0,0.0,0.0,15.0,8.0,4.0,1.0,40.0,0.0,0.0,122.645,128.995
2047,city,Elk Ridge,Elk Ridge,,,,,,Elk Ridge,,,,,,,2046.0,6069.686,2.967,74.0,6.0,15.0,53.0,316.48900000000003,6.0,0.0,0.0,15.0,8.0,4.0,1.0,40.0,0.0,0.0,109.533,132.95600000000002
2048,city,Elk Ridge,Elk Ridge,,,,,,Elk Ridge,,,,,,,2084.0,6155.488,2.954,87.0,9.0,16.0,62.0,386.923,9.0,0.0,1.0,15.0,8.0,9.0,1.0,44.0,0.0,0.0,164.929,134.995
2049,city,Elk Ridge,Elk Ridge,,,,,,Elk Ridge,,,,,,,2119.0,6238.46,2.944,103.0,12.0,17.0,74.0,393.192,10.0,2.0,2.0,15.0,8.0,10.0,1.0,55.0,0.0,0.0,153.216,136.976
2050,city,Elk Ridge,Elk Ridge,,,,,,Elk Ridge,,,,,,,2139.0,6277.406,2.935,113.0,18.0,19.0,76.0,365.975,15.0,3.0,4.0,15.0,8.0,11.0,1.0,56.0,0.0,0.0,114.983,137.99099999999999
2051,city,Elk Ridge,Elk Ridge,,,,,,Elk Ridge,,,,,,,2158.0,6304.637,2.922,120.0,20.0,19.0,81.0,381.58,16.0,4.0,4.0,15.0,8.0,13.0,1.0,59.0,1.01,0.0,121.564,139.006
2052,city,Elk Ridge,Elk Ridge,,,,,,Elk Ridge,,,,,,,2167.0,6304.258,2.909,132.0,22.0,21.0,89.0,378.255,18.0,4.0,6.0,15.0,8.0,18.0,1.0,62.0,1.013,0.0,104.224,141.018
2053,city,Elk Ridge,Elk Ridge,,,,,,Elk Ridge,,,,,,,2204.0,6362.681,2.887,139.0,22.0,21.0,96.0,386.134,18.0,4.0,6.0,15.0,8.0,20.0,2.0,66.0,1.013,0.0,102.03399999999999,144.087
2054,city,Elk Ridge,Elk Ridge,,,,,,Elk Ridge,,,,,,,2262.0,6481.889999999999,2.866,144.0,25.0,21.0,98.0,415.043,21.0,4.0,6.0,15.0,8.0,20.0,2.0,68.0,1.012,0.0,121.979,148.05200000000002
2055,city,Elk Ridge,Elk Ridge,,,,,,Elk Ridge,,,,,,,2278.0,6497.587,2.852,150.0,25.0,22.0,103.0,418.993,21.0,4.0,7.0,15.0,8.0,22.0,2.0,71.0,1.013,0.0,118.953,149.028
2056,city,Elk Ridge,Elk Ridge,,,,,,Elk Ridge,,,,,,,2278.0,6469.486,2.84,157.0,27.0,22.0,108.0,422.627,22.0,5.0,7.0,15.0,8.0,25.0,3.0,72.0,1.013,0.0,115.624,148.99099999999999
2057,city,Elk Ridge,Elk Ridge,,,,,,Elk Ridge,,,,,,,2278.0,6488.682,2.848,161.0,27.0,22.0,112.0,432.818,22.0,5.0,7.0,15.0,8.0,25.0,6.0,73.0,1.013,0.0,120.846,149.95999999999998
2058,city,Elk Ridge,Elk Ridge,,,,,,Elk Ridge,,,,,,,2278.0,6572.167,2.885,162.0,27.0,22.0,113.0,437.289,22.0,5.0,7.0,15.0,8.0,25.0,6.0,74.0,1.013,0.0,121.31,152.965
2059,city,Elk Ridge,Elk Ridge,,,,,,Elk Ridge,,,,,,,2299.0,6694.729,2.912,166.0,29.0,22.0,115.0,479.28499999999997,24.0,5.0,7.0,15.0,8.0,25.0,6.0,76.0,1.014,0.0,156.24200000000002,156.03199999999998
2060,city,Elk Ridge,Elk Ridge,,,,,,Elk Ridge,,,,,,,2299.0,6776.419,2.948,170.0,30.0,22.0,118.0,453.956,25.0,5.0,7.0,15.0,8.0,26.0,7.0,77.0,1.014,0.0,122.982,159.959
2061,city,Elk Ridge,Elk Ridge,,,,,,Elk Ridge,,,,,,,2301.0,6875.161,2.988,172.0,31.0,22.0,119.0,465.928,26.0,5.0,7.0,15.0,8.0,26.0,7.0,78.0,1.013,0.0,130.92399999999998,161.99099999999999
2062,city,Elk Ridge,Elk Ridge,,,,,,Elk Ridge,,,,,,,2301.0,6956.733,3.023,173.0,32.0,22.0,119.0,464.77500000000003,26.0,6.0,7.0,15.0,8.0,26.0,7.0,78.0,1.012,0.0,124.707,166.05200000000002
2063,city,Elk Ridge,Elk Ridge,,,,,,Elk Ridge,,,,,,,2301.0,7039.358,3.059,174.0,33.0,22.0,119.0,472.01099999999997,27.0,6.0,7.0,15.0,8.0,26.0,7.0,78.0,1.012,0.0,128.978,168.02300000000002
2064,city,Elk Ridge,Elk Ridge,,,,,,Elk Ridge,,,,,,,2301.0,7126.950000000001,3.097,178.0,34.0,22.0,122.0,480.717,28.0,6.0,7.0,15.0,8.0,27.0,7.0,80.0,1.013,0.0,131.66,170.043
2065,city,Elk Ridge,Elk Ridge,,,,,,Elk Ridge,,,,,,,2301.0,7206.997,3.132,178.0,34.0,22.0,122.0,482.908,28.0,6.0,7.0,15.0,8.0,27.0,7.0,80.0,1.013,0.0,129.939,173.95600000000002
2023,city,Emigration Canyon,Emigration Canyon,,,,,,Emigration Canyon,,,,,,,580.1,1490.1,2.569,10.0,0.0,0.0,10.0,10.0,0.0,0.0,0.0,0.0,0.0,10.0,0.0,0.0,0.0,0.0,0.0,0.0
2024,city,Emigration Canyon,Emigration Canyon,,,,,,Emigration Canyon,,,,,,,583.9000000000001,1496.4,2.563,10.0,0.0,0.0,10.0,10.0,0.0,0.0,0.0,0.0,0.0,10.0,0.0,0.0,0.0,0.0,0.0,0.0
2025,city,Emigration Canyon,Emigration Canyon,,,,,,Emigration Canyon,,,,,,,587.6,1502.7,2.557,10.0,0.0,0.0,10.0,10.0,0.0,0.0,0.0,0.0,0.0,10.0,0.0,0.0,0.0,0.0,0.0,0.0
2026,city,Emigration Canyon,Emigration Canyon,,,,,,Emigration Canyon,,,,,,,591.3,1509.0,2.552,10.0,0.0,0.0,10.0,10.0,0.0,0.0,0.0,0.0,0.0,10.0,0.0,0.0,0.0,0.0,0.0,0.0
2027,city,Emigration Canyon,Emigration Canyon,,,,,,Emigration Canyon,,,,,,,595.0,1515.3,2.547,10.0,0.0,0.0,10.0,10.0,0.0,0.0,0.0,0.0,0.0,10.0,0.0,0.0,0.0,0.0,0.0,0.0
2028,city,Emigration Canyon,Emigration Canyon,,,,,,Emigration Canyon,,,,,,,598.8,1521.7,2.541,10.0,0.0,0.0,10.0,10.0,0.0,0.0,0.0,0.0,0.0,10.0,0.0,0.0,0.0,0.0,0.0,0.0
2029,city,Emigration Canyon,Emigration Canyon,,,,,,Emigration Canyon,,,,,,,602.6,1528.1,2.536,10.0,0.0,0.0,10.0,10.0,0.0,0.0,0.0,0.0,0.0,10.0,0.0,0.0,0.0,0.0,0.0,0.0
2030,city,Emigration Canyon,Emigration Canyon,,,,,,Emigration Canyon,,,,,,,606.4,1534.5,2.531,10.0,0.0,0.0,10.0,10.0,0.0,0.0,0.0,0.0,0.0,10.0,0.0,0.0,0.0,0.0,0.0,0.0
2031,city,Emigration Canyon,Emigration Canyon,,,,,,Emigration Canyon,,,,,,,610.4,1540.9,2.524,10.0,0.0,0.0,10.0,10.0,0.0,0.0,0.0,0.0,0.0,10.0,0.0,0.0,0.0,0.0,0.0,0.0
2032,city,Emigration Canyon,Emigration Canyon,,,,,,Emigration Canyon,,,,,,,614.5,1547.1999999999998,2.518,10.0,0.0,0.0,10.0,10.0,0.0,0.0,0.0,0.0,0.0,10.0,0.0,0.0,0.0,0.0,0.0,0.0
2033,city,Emigration Canyon,Emigration Canyon,,,,,,Emigration Canyon,,,,,,,618.6,1553.5,2.511,10.0,0.0,0.0,10.0,10.0,0.0,0.0,0.0,0.0,0.0,10.0,0.0,0.0,0.0,0.0,0.0,0.0
2034,city,Emigration Canyon,Emigration Canyon,,,,,,Emigration Canyon,,,,,,,622.7,1559.6999999999998,2.505,10.0,0.0,0.0,10.0,10.0,0.0,0.0,0.0,0.0,0.0,10.0,0.0,0.0,0.0,0.0,0.0,0.0
2035,city,Emigration Canyon,Emigration Canyon,,,,,,Emigration Canyon,,,,,,,626.7,1565.8000000000002,2.498,10.0,0.0,0.0,10.0,10.0,0.0,0.0,0.0,0.0,0.0,10.0,0.0,0.0,0.0,0.0,0.0,0.0
2036,city,Emigration Canyon,Emigration Canyon,,,,,,Emigration Canyon,,,,,,,630.5,1571.9,2.493,10.0,0.0,0.0,10.0,10.0,0.0,0.0,0.0,0.0,0.0,10.0,0.0,0.0,0.0,0.0,0.0,0.0
2037,city,Emigration Canyon,Emigration Canyon,,,,,,Emigration Canyon,,,,,,,634.3,1577.8999999999999,2.488,10.0,0.0,0.0,10.0,10.0,0.0,0.0,0.0,0.0,0.0,10.0,0.0,0.0,0.0,0.0,0.0,0.0
2038,city,Emigration Canyon,Emigration Canyon,,,,,,Emigration Canyon,,,,,,,638.1,1583.8999999999999,2.482,10.0,0.0,0.0,10.0,10.0,0.0,0.0,0.0,0.0,0.0,10.0,0.0,0.0,0.0,0.0,0.0,0.0
2039,city,Emigration Canyon,Emigration Canyon,,,,,,Emigration Canyon,,,,,,,641.8,1589.8000000000002,2.477,10.0,0.0,0.0,10.0,10.0,0.0,0.0,0.0,0.0,0.0,10.0,0.0,0.0,0.0,0.0,0.0,0.0
2040,city,Emigration Canyon,Emigration Canyon,,,,,,Emigration Canyon,,,,,,,645.3,1595.6,2.473,10.0,0.0,0.0,10.0,10.0,0.0,0.0,0.0,0.0,0.0,10.0,0.0,0.0,0.0,0.0,0.0,0.0
2041,city,Emigration Canyon,Emigration Canyon,,,,,,Emigration Canyon,,,,,,,649.4,1601.3000000000002,2.466,10.0,0.0,0.0,10.0,10.0,0.0,0.0,0.0,0.0,0.0,10.0,0.0,0.0,0.0,0.0,0.0,0.0
2042,city,Emigration Canyon,Emigration Canyon,,,,,,Emigration Canyon,,,,,,,653.3,1606.8999999999999,2.46,10.0,0.0,0.0,10.0,10.0,0.0,0.0,0.0,0.0,0.0,10.0,0.0,0.0,0.0,0.0,0.0,0.0
2043,city,Emigration Canyon,Emigration Canyon,,,,,,Emigration Canyon,,,,,,,657.0,1612.3,2.454,10.0,0.0,0.0,10.0,10.0,0.0,0.0,0.0,0.0,0.0,10.0,0.0,0.0,0.0,0.0,0.0,0.0
2044,city,Emigration Canyon,Emigration Canyon,,,,,,Emigration Canyon,,,,,,,660.7,1617.6,2.448,10.0,0.0,0.0,10.0,10.0,0.0,0.0,0.0,0.0,0.0,10.0,0.0,0.0,0.0,0.0,0.0,0.0
2045,city,Emigration Canyon,Emigration Canyon,,,,,,Emigration Canyon,,,,,,,664.2,1622.6999999999998,2.443,10.0,0.0,0.0,10.0,10.0,0.0,0.0,0.0,0.0,0.0,10.0,0.0,0.0,0.0,0.0,0.0,0.0
2046,city,Emigration Canyon,Emigration Canyon,,,,,,Emigration Canyon,,,,,,,667.6,1627.8000000000002,2.438,10.0,0.0,0.0,10.0,10.0,0.0,0.0,0.0,0.0,0.0,10.0,0.0,0.0,0.0,0.0,0.0,0.0
2047,city,Emigration Canyon,Emigration Canyon,,,,,,Emigration Canyon,,,,,,,670.8,1632.7999999999997,2.434,10.0,0.0,0.0,10.0,10.0,0.0,0.0,0.0,0.0,0.0,10.0,0.0,0.0,0.0,0.0,0.0,0.0
2048,city,Emigration Canyon,Emigration Canyon,,,,,,Emigration Canyon,,,,,,,673.9,1637.6,2.43,10.0,0.0,0.0,10.0,10.0,0.0,0.0,0.0,0.0,0.0,10.0,0.0,0.0,0.0,0.0,0.0,0.0
2049,city,Emigration Canyon,Emigration Canyon,,,,,,Emigration Canyon,,,,,,,676.9,1642.3,2.426,10.0,0.0,0.0,10.0,10.0,0.0,0.0,0.0,0.0,0.0,10.0,0.0,0.0,0.0,0.0,0.0,0.0
2050,city,Emigration Canyon,Emigration Canyon,,,,,,Emigration Canyon,,,,,,,679.9000000000001,1646.8,2.422,10.0,0.0,0.0,10.0,10.0,0.0,0.0,0.0,0.0,0.0,10.0,0.0,0.0,0.0,0.0,0.0,0.0
2051,city,Emigration Canyon,Emigration Canyon,,,,,,Emigration Canyon,,,,,,,682.9,1651.3,2.418,10.0,0.0,0.0,10.0,10.0,0.0,0.0,0.0,0.0,0.0,10.0,0.0,0.0,0.0,0.0,0.0,0.0
2052,city,Emigration Canyon,Emigration Canyon,,,,,,Emigration Canyon,,,,,,,685.9000000000001,1655.6,2.414,10.0,0.0,0.0,10.0,10.0,0.0,0.0,0.0,0.0,0.0,10.0,0.0,0.0,0.0,0.0,0.0,0.0
2053,city,Emigration Canyon,Emigration Canyon,,,,,,Emigration Canyon,,,,,,,688.9,1659.7999999999997,2.409,10.0,0.0,0.0,10.0,10.0,0.0,0.0,0.0,0.0,0.0,10.0,0.0,0.0,0.0,0.0,0.0,0.0
2054,city,Emigration Canyon,Emigration Canyon,,,,,,Emigration Canyon,,,,,,,691.9,1663.9,2.405,10.0,0.0,0.0,10.0,10.0,0.0,0.0,0.0,0.0,0.0,10.0,0.0,0.0,0.0,0.0,0.0,0.0
2055,city,Emigration Canyon,Emigration Canyon,,,,,,Emigration Canyon,,,,,,,695.0,1667.8999999999999,2.4,10.0,0.0,0.0,10.0,10.0,0.0,0.0,0.0,0.0,0.0,10.0,0.0,0.0,0.0,0.0,0.0,0.0
2056,city,Emigration Canyon,Emigration Canyon,,,,,,Emigration Canyon,,,,,,,698.1,1671.8000000000002,2.395,10.0,0.0,0.0,10.0,10.0,0.0,0.0,0.0,0.0,0.0,10.0,0.0,0.0,0.0,0.0,0.0,0.0
2057,city,Emigration Canyon,Emigration Canyon,,,,,,Emigration Canyon,,,,,,,701.1,1675.7,2.39,10.0,0.0,0.0,10.0,10.0,0.0,0.0,0.0,0.0,0.0,10.0,0.0,0.0,0.0,0.0,0.0,0.0
2058,city,Emigration Canyon,Emigration Canyon,,,,,,Emigration Canyon,,,,,,,704.0999999999999,1679.3999999999999,2.385,10.0,0.0,0.0,10.0,10.0,0.0,0.0,0.0,0.0,0.0,10.0,0.0,0.0,0.0,0.0,0.0,0.0
2059,city,Emigration Canyon,Emigration Canyon,,,,,,Emigration Canyon,,,,,,,707.2,1683.1,2.38,10.0,0.0,0.0,10.0,10.0,0.0,0.0,0.0,0.0,0.0,10.0,0.0,0.0,0.0,0.0,0.0,0.0
2060,city,Emigration Canyon,Emigration Canyon,,,,,,Emigration Canyon,,,,,,,710.4,1686.7,2.374,10.0,0.0,0.0,10.0,10.0,0.0,0.0,0.0,0.0,0.0,10.0,0.0,0.0,0.0,0.0,0.0,0.0
2061,city,Emigration Canyon,Emigration Canyon,,,,,,Emigration Canyon,,,,,,,0.0,0.0,0,0.0,0.0,0.0,0.0,0.0,0.0,0.0,0.0,0.0,0.0,0.0,0.0,0.0,0.0,0.0,0.0,0.0
2062,city,Emigration Canyon,Emigration Canyon,,,,,,Emigration Canyon,,,,,,,0.0,0.0,0,0.0,0.0,0.0,0.0,0.0,0.0,0.0,0.0,0.0,0.0,0.0,0.0,0.0,0.0,0.0,0.0,0.0
2063,city,Emigration Canyon,Emigration Canyon,,,,,,Emigration Canyon,,,,,,,0.0,0.0,0,0.0,0.0,0.0,0.0,0.0,0.0,0.0,0.0,0.0,0.0,0.0,0.0,0.0,0.0,0.0,0.0,0.0
2064,city,Emigration Canyon,Emigration Canyon,,,,,,Emigration Canyon,,,,,,,0.0,0.0,0,0.0,0.0,0.0,0.0,0.0,0.0,0.0,0.0,0.0,0.0,0.0,0.0,0.0,0.0,0.0,0.0,0.0
2065,city,Emigration Canyon,Emigration Canyon,,,,,,Emigration Canyon,,,,,,,0.0,0.0,0,0.0,0.0,0.0,0.0,0.0,0.0,0.0,0.0,0.0,0.0,0.0,0.0,0.0,0.0,0.0,0.0,0.0
2023,city,Fairfield,Fairfield,,,,,,Fairfield,,,,,,,58.0,237.002,4.086,398.0,5.0,6.0,387.0,534.425,0.0,5.0,6.0,0.0,342.0,44.0,1.0,0.0,95.756,0.0,36.664,4.005
2024,city,Fairfield,Fairfield,,,,,,Fairfield,,,,,,,63.0,252.285,4.005,396.0,5.0,6.0,385.0,505.489,0.0,5.0,6.0,0.0,339.0,45.0,1.0,0.0,96.763,0.0,8.717,4.008
2025,city,Fairfield,Fairfield,,,,,,Fairfield,,,,,,,68.0,260.292,3.828,396.0,5.0,6.0,385.0,522.481,0.0,5.0,6.0,0.0,339.0,45.0,1.0,0.0,96.73700000000001,0.0,25.735999999999997,4.007
2026,city,Fairfield,Fairfield,,,,,,Fairfield,,,,,,,75.0,279.359,3.725,397.0,5.0,6.0,386.0,524.164,0.0,5.0,6.0,0.0,340.0,45.0,1.0,0.0,96.73700000000001,0.0,25.423000000000002,5.0009999999999994
2027,city,Fairfield,Fairfield,,,,,,Fairfield,,,,,,,76.0,279.046,3.672,397.0,5.0,6.0,386.0,516.19,0.0,5.0,6.0,0.0,340.0,45.0,1.0,0.0,96.791,0.0,17.392,5.004999999999999
2028,city,Fairfield,Fairfield,,,,,,Fairfield,,,,,,,76.0,275.853,3.63,399.0,5.0,6.0,388.0,517.8629999999999,0.0,5.0,6.0,0.0,342.0,45.0,1.0,0.0,96.69399999999999,0.0,17.162,5.006
2029,city,Fairfield,Fairfield,,,,,,Fairfield,,,,,,,76.0,272.864,3.59,399.0,5.0,6.0,388.0,517.312,0.0,5.0,6.0,0.0,342.0,45.0,1.0,0.0,96.8,0.0,16.504,5.004999999999999
2030,city,Fairfield,Fairfield,,,,,,Fairfield,,,,,,,76.0,270.072,3.554,399.0,5.0,6.0,388.0,517.634,0.0,5.0,6.0,0.0,342.0,45.0,1.0,0.0,97.042,0.0,16.589,5.004999999999999
2031,city,Fairfield,Fairfield,,,,,,Fairfield,,,,,,,77.0,270.156,3.509,399.0,5.0,6.0,388.0,518.686,0.0,5.0,6.0,0.0,342.0,45.0,1.0,0.0,96.965,0.0,17.713,5.004999999999999
2032,city,Fairfield,Fairfield,,,,,,Fairfield,,,,,,,77.0,267.716,3.477,399.0,5.0,6.0,388.0,520.751,0.0,5.0,6.0,0.0,342.0,45.0,1.0,0.0,98.006,0.0,18.745,5.0
2033,city,Fairfield,Fairfield,,,,,,Fairfield,,,,,,,77.0,265.647,3.45,399.0,5.0,6.0,388.0,520.722,0.0,5.0,6.0,0.0,342.0,45.0,1.0,0.0,97.605,0.0,19.113,5.004999999999999
2034,city,Fairfield,Fairfield,,,,,,Fairfield,,,,,,,77.0,263.804,3.426,400.0,5.0,6.0,389.0,523.505,0.0,5.0,6.0,0.0,343.0,45.0,1.0,0.0,98.05799999999999,0.0,20.445,5.004999999999999
2035,city,Fairfield,Fairfield,,,,,,Fairfield,,,,,,,77.0,262.158,3.405,399.0,5.0,6.0,388.0,521.031,0.0,5.0,6.0,0.0,343.0,44.0,1.0,0.0,97.95,0.0,19.076,5.004999999999999
2036,city,Fairfield,Fairfield,,,,,,Fairfield,,,,,,,77.0,260.686,3.386,399.0,5.0,6.0,388.0,524.399,0.0,5.0,6.0,0.0,343.0,44.0,1.0,0.0,99.859,0.0,20.535,5.004999999999999
2037,city,Fairfield,Fairfield,,,,,,Fairfield,,,,,,,77.0,261.802,3.4,399.0,5.0,6.0,388.0,525.258,0.0,5.0,6.0,0.0,343.0,43.0,2.0,0.0,102.746,0.0,18.509,5.004
2038,city,Fairfield,Fairfield,,,,,,Fairfield,,,,,,,77.0,260.471,3.383,399.0,5.0,6.0,388.0,525.586,0.0,5.0,6.0,0.0,343.0,43.0,2.0,0.0,103.11099999999999,0.0,18.474,5.0009999999999994
2039,city,Fairfield,Fairfield,,,,,,Fairfield,,,,,,,77.0,259.267,3.367,400.0,5.0,6.0,389.0,525.485,0.0,5.0,6.0,0.0,344.0,43.0,2.0,0.0,102.99600000000001,0.0,17.486,5.0009999999999994
2040,city,Fairfield,Fairfield,,,,,,Fairfield,,,,,,,77.0,258.087,3.352,400.0,5.0,6.0,389.0,528.463,0.0,5.0,6.0,0.0,344.0,43.0,2.0,0.0,105.913,0.0,17.552,5.0
2041,city,Fairfield,Fairfield,,,,,,Fairfield,,,,,,,77.0,256.981,3.337,400.0,5.0,6.0,389.0,526.7800000000001,0.0,5.0,6.0,0.0,344.0,43.0,2.0,0.0,105.94200000000001,0.0,15.836,5.004
2042,city,Fairfield,Fairfield,,,,,,Fairfield,,,,,,,77.0,255.87199999999999,3.323,400.0,5.0,6.0,389.0,526.931,0.0,5.0,6.0,0.0,344.0,43.0,2.0,0.0,107.009,0.0,14.917,5.004999999999999
2043,city,Fairfield,Fairfield,,,,,,Fairfield,,,,,,,77.0,254.846,3.31,400.0,5.0,6.0,389.0,528.48,0.0,5.0,6.0,0.0,344.0,43.0,2.0,0.0,107.874,0.0,15.604,5.0009999999999994
2044,city,Fairfield,Fairfield,,,,,,Fairfield,,,,,,,77.0,253.902,3.297,400.0,5.0,6.0,389.0,529.114,0.0,5.0,6.0,0.0,344.0,43.0,2.0,0.0,108.853,0.0,15.256,5.004999999999999
2045,city,Fairfield,Fairfield,,,,,,Fairfield,,,,,,,77.0,252.945,3.285,400.0,5.0,6.0,389.0,529.426,0.0,5.0,6.0,0.0,344.0,43.0,2.0,0.0,109.71000000000001,0.0,14.712,5.0009999999999994
2046,city,Fairfield,Fairfield,,,,,,Fairfield,,,,,,,77.0,252.005,3.273,400.0,5.0,6.0,389.0,530.191,0.0,5.0,6.0,0.0,344.0,43.0,2.0,0.0,110.84,0.0,14.350999999999999,5.0
2047,city,Fairfield,Fairfield,,,,,,Fairfield,,,,,,,78.0,255.9,3.281,400.0,5.0,6.0,389.0,533.055,0.0,5.0,6.0,0.0,344.0,43.0,2.0,0.0,112.73299999999999,0.0,15.325,4.9990000000000006
2048,city,Fairfield,Fairfield,,,,,,Fairfield,,,,,,,78.0,254.955,3.269,400.0,5.0,6.0,389.0,535.866,0.0,5.0,6.0,0.0,344.0,43.0,2.0,0.0,116.571,0.0,14.298,5.0
2049,city,Fairfield,Fairfield,,,,,,Fairfield,,,,,,,78.0,253.97899999999998,3.256,400.0,5.0,6.0,389.0,536.969,0.0,5.0,6.0,0.0,344.0,43.0,2.0,0.0,117.509,0.0,14.459999999999999,5.0
2050,city,Fairfield,Fairfield,,,,,,Fairfield,,,,,,,83.0,267.826,3.227,473.0,6.0,8.0,459.0,703.052,0.0,6.0,8.0,0.0,406.0,49.0,4.0,0.0,121.018,0.0,104.033,5.0
2051,city,Fairfield,Fairfield,,,,,,Fairfield,,,,,,,108.0,329.508,3.051,504.0,7.0,9.0,488.0,701.758,0.0,7.0,9.0,0.0,434.0,49.0,5.0,0.0,125.263,0.0,65.497,7.0
2052,city,Fairfield,Fairfield,,,,,,Fairfield,,,,,,,319.0,858.416,2.691,522.0,7.0,9.0,506.0,1027.346,0.0,7.0,9.0,0.0,450.0,51.0,5.0,0.0,111.459,0.0,373.881,20.000999999999998
2053,city,Fairfield,Fairfield,,,,,,Fairfield,,,,,,,414.0,1099.152,2.655,578.0,8.0,11.0,559.0,815.604,0.0,8.0,11.0,0.0,500.0,54.0,5.0,0.0,110.39,0.0,100.2,27.017
2054,city,Fairfield,Fairfield,,,,,,Fairfield,,,,,,,417.0,1099.185,2.636,612.0,8.0,13.0,591.0,799.913,0.0,8.0,13.0,0.0,530.0,55.0,6.0,0.0,110.3,0.0,49.603,28.011
2055,city,Fairfield,Fairfield,,,,,,Fairfield,,,,,,,417.0,1094.846,2.626,641.0,8.0,14.0,619.0,831.203,0.0,8.0,14.0,0.0,557.0,55.0,7.0,0.0,110.36800000000001,0.0,51.833999999999996,28.004
2056,city,Fairfield,Fairfield,,,,,,Fairfield,,,,,,,417.0,1090.33,2.615,656.0,8.0,15.0,633.0,845.318,0.0,8.0,15.0,0.0,570.0,55.0,8.0,0.0,110.37,0.0,50.951,27.999000000000002
2057,city,Fairfield,Fairfield,,,,,,Fairfield,,,,,,,417.0,1093.415,2.622,660.0,8.0,15.0,637.0,850.764,0.0,8.0,15.0,0.0,574.0,55.0,8.0,0.0,108.407,0.0,53.363,28.990000000000002
2058,city,Fairfield,Fairfield,,,,,,Fairfield,,,,,,,417.0,1106.827,2.654,663.0,8.0,15.0,640.0,853.117,0.0,8.0,15.0,0.0,577.0,55.0,8.0,0.0,107.428,0.0,53.695,28.995
2059,city,Fairfield,Fairfield,,,,,,Fairfield,,,,,,,417.0,1118.365,2.682,704.0,8.0,15.0,681.0,949.665,0.0,8.0,15.0,0.0,615.0,56.0,10.0,0.0,107.434,0.0,109.226,29.005
2060,city,Fairfield,Fairfield,,,,,,Fairfield,,,,,,,417.0,1131.399,2.713,731.0,8.0,15.0,708.0,925.643,0.0,8.0,15.0,0.0,639.0,57.0,12.0,0.0,107.468,0.0,57.182,29.990000000000002
2061,city,Fairfield,Fairfield,,,,,,Fairfield,,,,,,,417.0,1146.203,2.749,760.0,9.0,15.0,736.0,957.3100000000001,0.0,9.0,15.0,0.0,663.0,59.0,14.0,0.0,107.379,0.0,59.933,29.999000000000002
2062,city,Fairfield,Fairfield,,,,,,Fairfield,,,,,,,417.0,1159.205,2.78,764.0,10.0,15.0,739.0,960.831,0.0,10.0,15.0,0.0,666.0,59.0,14.0,0.0,107.292,0.0,59.532000000000004,30.011
2063,city,Fairfield,Fairfield,,,,,,Fairfield,,,,,,,417.0,1172.378,2.811,773.0,10.0,15.0,748.0,972.283,0.0,10.0,15.0,0.0,675.0,59.0,14.0,0.0,107.266,0.0,62.013,30.002000000000002
2064,city,Fairfield,Fairfield,,,,,,Fairfield,,,,,,,417.0,1186.343,2.845,779.0,10.0,15.0,754.0,980.857,0.0,10.0,15.0,0.0,680.0,60.0,14.0,0.0,107.33,0.0,63.519,31.01
2065,city,Fairfield,Fairfield,,,,,,Fairfield,,,,,,,417.0,1199.103,2.876,782.0,10.0,15.0,757.0,982.25,0.0,10.0,15.0,0.0,683.0,60.0,14.0,0.0,106.41,0.0,62.846999999999994,30.990000000000002
2023,city,Farmington,Farmington,,,,,,Farmington,,,,,,,8091.0,27139.182,3.354,15439.0,3083.0,615.0,11741.0,16936.135,1978.0,1105.0,161.0,454.0,947.0,2270.0,1485.0,7039.0,71.99199999999999,0.0,1070.614,354.527
2024,city,Farmington,Farmington,,,,,,Farmington,,,,,,,8594.0,28080.527,3.267,15488.0,3078.0,610.0,11800.0,18913.836,1962.0,1116.0,168.0,442.0,936.0,2364.0,1506.0,6994.0,63.437000000000005,0.0,2995.193,367.208
2025,city,Farmington,Farmington,,,,,,Farmington,,,,,,,9150.0,29115.743,3.182,15591.0,3069.0,619.0,11903.0,17287.43,1958.0,1111.0,167.0,452.0,933.0,2379.0,1544.0,7047.0,62.575,0.0,1207.143,426.709
2026,city,Farmington,Farmington,,,,,,Farmington,,,,,,,9694.0,30086.774,3.104,15595.0,3046.0,620.0,11929.0,17293.331,1935.0,1111.0,163.0,457.0,916.0,2364.0,1583.0,7066.0,65.454,0.0,1181.029,451.848
2027,city,Farmington,Farmington,,,,,,Farmington,,,,,,,10431.0,31391.045,3.009,15631.0,3047.0,623.0,11961.0,18539.877,1939.0,1108.0,162.0,461.0,909.0,2338.0,1611.0,7103.0,64.75,0.0,2357.4429999999998,486.683
2028,city,Farmington,Farmington,,,,,,Farmington,,,,,,,10832.0,31863.651,2.942,15619.0,3037.0,622.0,11960.0,17830.072,1936.0,1101.0,161.0,461.0,882.0,2316.0,1631.0,7131.0,61.793,0.0,1643.9569999999999,505.325
2029,city,Farmington,Farmington,,,,,,Farmington,,,,,,,11531.0,33100.239,2.871,15612.0,3032.0,618.0,11962.0,18362.229,1938.0,1094.0,157.0,461.0,861.0,2292.0,1657.0,7152.0,59.278999999999996,0.0,2151.121,539.831
2030,city,Farmington,Farmington,,,,,,Farmington,,,,,,,12354.0,34533.15,2.795,15664.0,3036.0,617.0,12011.0,18883.603,1959.0,1077.0,157.0,460.0,855.0,2273.0,1684.0,7199.0,57.204,0.0,2585.3120000000004,577.088
2031,city,Farmington,Farmington,,,,,,Farmington,,,,,,,13113.0,35907.164000000004,2.738,15632.0,3015.0,614.0,12003.0,18603.649,1963.0,1052.0,154.0,460.0,859.0,2246.0,1697.0,7201.0,55.934,0.0,2301.158,614.562
2032,city,Farmington,Farmington,,,,,,Farmington,,,,,,,13661.0,36739.514,2.689,15647.0,3009.0,615.0,12023.0,17873.211,1972.0,1037.0,156.0,459.0,858.0,2220.0,1715.0,7230.0,55.396,0.0,1532.7179999999998,638.093
2033,city,Farmington,Farmington,,,,,,Farmington,,,,,,,13934.0,36993.883,2.655,15666.0,3009.0,612.0,12045.0,17596.631,1979.0,1030.0,156.0,456.0,852.0,2202.0,1723.0,7268.0,55.663,0.0,1225.588,649.379
2034,city,Farmington,Farmington,,,,,,Farmington,,,,,,,14415.0,37765.561,2.62,15827.0,3076.0,614.0,12137.0,18424.034,1991.0,1085.0,156.0,458.0,847.0,2186.0,1746.0,7358.0,57.407999999999994,0.0,1865.911,673.713
2035,city,Farmington,Farmington,,,,,,Farmington,,,,,,,14824.0,38310.226,2.584,15573.0,3019.0,618.0,11936.0,17984.062,1981.0,1038.0,166.0,452.0,831.0,2165.0,1749.0,7191.0,56.469,0.0,1667.9099999999999,686.684
2036,city,Farmington,Farmington,,,,,,Farmington,,,,,,,15054.0,38536.315,2.56,15571.0,3031.0,622.0,11918.0,17511.694,1989.0,1042.0,179.0,443.0,821.0,2149.0,1760.0,7188.0,57.409,0.0,1187.8029999999999,695.483
2037,city,Farmington,Farmington,,,,,,Farmington,,,,,,,14437.0,36889.842,2.555,15664.0,3068.0,625.0,11971.0,17608.277000000002,1996.0,1072.0,186.0,439.0,788.0,2142.0,1767.0,7274.0,53.511,0.0,1221.581,669.183
2038,city,Farmington,Farmington,,,,,,Farmington,,,,,,,14669.0,37142.594,2.532,15786.0,3114.0,630.0,12042.0,18161.626,2016.0,1098.0,194.0,436.0,787.0,2148.0,1767.0,7340.0,55.265,0.0,1639.09,681.2710000000001
2039,city,Farmington,Farmington,,,,,,Farmington,,,,,,,14958.0,37501.902,2.507,15922.0,3155.0,620.0,12147.0,18076.499,2035.0,1120.0,202.0,418.0,793.0,2158.0,1785.0,7411.0,56.202,0.0,1401.112,697.181
2040,city,Farmington,Farmington,,,,,,Farmington,,,,,,,15138.0,37669.274,2.488,16046.0,3190.0,623.0,12233.0,18205.191,2041.0,1149.0,210.0,413.0,805.0,2182.0,1796.0,7450.0,55.664,0.0,1397.7079999999999,705.821
2041,city,Farmington,Farmington,,,,,,Farmington,,,,,,,15250.0,37718.466,2.473,16151.0,3207.0,631.0,12313.0,18231.44,2052.0,1155.0,218.0,413.0,817.0,2181.0,1815.0,7500.0,57.273,0.0,1310.168,713.0
2042,city,Farmington,Farmington,,,,,,Farmington,,,,,,,15407.0,37868.259,2.458,16251.0,3228.0,634.0,12389.0,18533.37,2070.0,1158.0,220.0,414.0,825.0,2191.0,1830.0,7543.0,57.41,0.0,1499.958,725.0
2043,city,Farmington,Farmington,,,,,,Farmington,,,,,,,15629.0,38166.125,2.442,16326.0,3234.0,637.0,12455.0,18635.322,2075.0,1159.0,223.0,414.0,834.0,2200.0,1841.0,7580.0,55.462,0.0,1517.588,736.2660000000001
2044,city,Farmington,Farmington,,,,,,Farmington,,,,,,,15835.0,38396.361,2.425,16443.0,3267.0,632.0,12544.0,18464.008,2105.0,1162.0,218.0,414.0,840.0,2213.0,1856.0,7635.0,56.132999999999996,0.0,1216.429,748.444
2045,city,Farmington,Farmington,,,,,,Farmington,,,,,,,16002.0,38653.734,2.416,16210.0,3247.0,618.0,12345.0,18278.219,2084.0,1163.0,215.0,403.0,832.0,2202.0,1841.0,7470.0,57.205999999999996,0.0,1249.016,762.0
2046,city,Farmington,Farmington,,,,,,Farmington,,,,,,,16251.0,39034.526,2.402,16267.0,3252.0,626.0,12389.0,18270.764,2088.0,1164.0,221.0,405.0,842.0,2208.0,1847.0,7492.0,58.349000000000004,0.0,1169.238,776.178
2047,city,Farmington,Farmington,,,,,,Farmington,,,,,,,16481.0,39323.745,2.386,16290.0,3253.0,631.0,12406.0,18431.243000000002,2088.0,1165.0,223.0,408.0,842.0,2216.0,1850.0,7498.0,58.138,0.0,1291.573,791.528
2048,city,Farmington,Farmington,,,,,,Farmington,,,,,,,16772.0,39762.86,2.371,16284.0,3253.0,621.0,12410.0,18866.727,2088.0,1165.0,222.0,399.0,842.0,2222.0,1853.0,7493.0,58.21,0.0,1716.455,808.062
2049,city,Farmington,Farmington,,,,,,Farmington,,,,,,,16999.0,40066.505,2.357,16307.0,3256.0,620.0,12431.0,18677.136000000002,2091.0,1165.0,222.0,398.0,845.0,2226.0,1854.0,7506.0,58.281,0.0,1489.2069999999999,822.649
2050,city,Farmington,Farmington,,,,,,Farmington,,,,,,,17048.0,40034.492,2.348,16340.0,3268.0,610.0,12462.0,18206.314,2102.0,1166.0,228.0,382.0,848.0,2238.0,1858.0,7518.0,58.281,0.0,977.683,830.349
2051,city,Farmington,Farmington,,,,,,Farmington,,,,,,,17175.0,40144.639,2.337,16341.0,3260.0,614.0,12467.0,18753.376,2098.0,1162.0,232.0,382.0,848.0,2239.0,1859.0,7521.0,58.281,0.0,1517.006,837.086
2052,city,Farmington,Farmington,,,,,,Farmington,,,,,,,17311.0,40259.659,2.326,16351.0,3263.0,615.0,12473.0,18833.2,2101.0,1162.0,235.0,380.0,848.0,2241.0,1859.0,7525.0,58.283,0.0,1574.66,849.2560000000001
2053,city,Farmington,Farmington,,,,,,Farmington,,,,,,,17652.0,40816.47,2.312,16119.0,3189.0,604.0,12326.0,18700.369,2063.0,1126.0,234.0,370.0,839.0,2237.0,1853.0,7397.0,57.208,0.0,1655.47,868.695
2054,city,Farmington,Farmington,,,,,,Farmington,,,,,,,17937.0,41280.449,2.301,16132.0,3191.0,607.0,12334.0,18779.196,2065.0,1126.0,237.0,370.0,839.0,2241.0,1854.0,7400.0,57.208,0.0,1704.555,885.434
2055,city,Farmington,Farmington,,,,,,Farmington,,,,,,,18140.0,41561.115,2.291,16138.0,3192.0,607.0,12339.0,18800.38,2066.0,1126.0,237.0,370.0,839.0,2243.0,1854.0,7403.0,57.138,0.0,1708.981,896.261
2056,city,Farmington,Farmington,,,,,,Farmington,,,,,,,18293.0,42131.008,2.303,15790.0,3083.0,592.0,12115.0,18580.081,2004.0,1079.0,235.0,357.0,819.0,2233.0,1810.0,7253.0,57.138,0.0,1814.114,918.824
2057,city,Farmington,Farmington,,,,,,Farmington,,,,,,,18830.0,43336.663,2.301,15654.0,3048.0,590.0,12016.0,19066.216,1991.0,1057.0,235.0,355.0,804.0,2235.0,1754.0,7223.0,57.139,0.0,2401.896,953.18
2058,city,Farmington,Farmington,,,,,,Farmington,,,,,,,19085.0,44069.824,2.309,14921.0,3023.0,572.0,11326.0,17942.912,1977.0,1046.0,227.0,345.0,683.0,2195.0,1646.0,6802.0,57.211,0.0,1989.1589999999999,975.541
2059,city,Farmington,Farmington,,,,,,Farmington,,,,,,,19129.0,44445.173,2.323,14922.0,3021.0,573.0,11328.0,17619.41,1978.0,1043.0,228.0,345.0,683.0,2195.0,1646.0,6804.0,57.14,0.0,1648.908,991.359
2060,city,Farmington,Farmington,,,,,,Farmington,,,,,,,19272.0,45022.704,2.336,14905.0,3009.0,572.0,11324.0,17792.125,1974.0,1035.0,229.0,343.0,683.0,2196.0,1644.0,6801.0,57.068999999999996,0.0,1823.7830000000001,1006.272
2061,city,Farmington,Farmington,,,,,,Farmington,,,,,,,19337.0,45468.241,2.351,14743.0,3006.0,569.0,11168.0,17588.069,1974.0,1032.0,229.0,340.0,683.0,2188.0,1496.0,6801.0,57.068999999999996,0.0,1766.3600000000001,1021.64
2062,city,Farmington,Farmington,,,,,,Farmington,,,,,,,19427.0,45876.734,2.361,14747.0,3004.0,570.0,11173.0,17610.877,1975.0,1029.0,230.0,340.0,684.0,2188.0,1497.0,6804.0,57.14,0.0,1771.101,1035.638
2063,city,Farmington,Farmington,,,,,,Farmington,,,,,,,19512.0,46220.516,2.369,14727.0,3001.0,560.0,11166.0,17549.004,1975.0,1026.0,227.0,333.0,684.0,2187.0,1496.0,6799.0,57.212,0.0,1717.61,1047.181
2064,city,Farmington,Farmington,,,,,,Farmington,,,,,,,19594.0,46677.497,2.382,14737.0,3001.0,562.0,11174.0,17646.659,1975.0,1026.0,229.0,333.0,685.0,2187.0,1498.0,6804.0,57.14,0.0,1787.516,1065.002
2065,city,Farmington,Farmington,,,,,,Farmington,,,,,,,19765.0,47201.770000000004,2.388,14742.0,2998.0,564.0,11180.0,17892.879,1975.0,1023.0,231.0,333.0,687.0,2188.0,1498.0,6807.0,56.28,0.0,2009.962,1084.635
2023,city,Farr West,Farr West,,,,,,Farr West,,,,,,,2630.0,8171.812,3.107,8084.0,1155.0,4253.0,2676.0,8701.772,708.0,447.0,2524.0,1729.0,278.0,602.0,275.0,1521.0,56.179,0.0,459.313,102.277
2024,city,Farr West,Farr West,,,,,,Farr West,,,,,,,2875.0,8786.468,3.056,8141.0,1140.0,4286.0,2715.0,9417.208999999999,693.0,447.0,2531.0,1755.0,258.0,647.0,276.0,1534.0,53.067,0.0,1112.143,111.0
2025,city,Farr West,Farr West,,,,,,Farr West,,,,,,,3112.0,9339.106,3.001,8219.0,1138.0,4301.0,2780.0,9120.006,693.0,445.0,2532.0,1769.0,258.0,658.0,313.0,1551.0,51.101,0.0,719.812,130.096
2026,city,Farr West,Farr West,,,,,,Farr West,,,,,,,3328.0,9780.780999999999,2.939,8256.0,1135.0,4307.0,2814.0,9153.876999999999,690.0,445.0,2532.0,1775.0,258.0,659.0,330.0,1567.0,50.131,0.0,707.6460000000001,140.1
2027,city,Farr West,Farr West,,,,,,Farr West,,,,,,,3513.0,10128.731,2.883,8306.0,1135.0,4310.0,2861.0,9115.015,690.0,445.0,2534.0,1776.0,255.0,670.0,354.0,1582.0,50.263,0.0,610.576,148.175
2028,city,Farr West,Farr West,,,,,,Farr West,,,,,,,3616.0,10281.042,2.843,8337.0,1135.0,4313.0,2889.0,9043.75,690.0,445.0,2537.0,1776.0,255.0,673.0,364.0,1597.0,50.167,0.0,503.337,153.25
2029,city,Farr West,Farr West,,,,,,Farr West,,,,,,,3814.0,10715.054,2.809,8371.0,1134.0,4315.0,2922.0,9351.912,690.0,444.0,2539.0,1776.0,257.0,677.0,376.0,1612.0,48.127,0.0,768.71,164.073
2030,city,Farr West,Farr West,,,,,,Farr West,,,,,,,3942.0,10925.341,2.772,8394.0,1128.0,4317.0,2949.0,9274.888,690.0,438.0,2543.0,1774.0,257.0,685.0,385.0,1622.0,48.065,0.0,661.481,171.34199999999998
2031,city,Farr West,Farr West,,,,,,Farr West,,,,,,,4056.0,11139.675000000001,2.746,8410.0,1127.0,4318.0,2965.0,9283.173,690.0,437.0,2544.0,1774.0,257.0,684.0,388.0,1636.0,48.065,0.0,646.952,178.154
2032,city,Farr West,Farr West,,,,,,Farr West,,,,,,,4243.0,11483.386,2.706,8425.0,1126.0,4321.0,2978.0,9548.621,690.0,436.0,2548.0,1773.0,258.0,684.0,391.0,1645.0,45.0,0.0,893.424,185.195
2033,city,Farr West,Farr West,,,,,,Farr West,,,,,,,4378.0,11715.599,2.676,8439.0,1125.0,4317.0,2997.0,9276.947,690.0,435.0,2550.0,1767.0,259.0,684.0,400.0,1654.0,46.093,0.0,598.692,193.16199999999998
2034,city,Farr West,Farr West,,,,,,Farr West,,,,,,,4757.0,12395.385,2.606,8456.0,1125.0,4317.0,3014.0,10078.821,690.0,435.0,2551.0,1766.0,263.0,684.0,405.0,1662.0,44.151,0.0,1364.234,214.437
2035,city,Farr West,Farr West,,,,,,Farr West,,,,,,,5070.0,12895.875,2.544,8389.0,1099.0,4299.0,2991.0,9551.598,687.0,412.0,2552.0,1747.0,265.0,684.0,405.0,1637.0,43.087,0.0,894.371,225.137
2036,city,Farr West,Farr West,,,,,,Farr West,,,,,,,5206.0,13068.395,2.51,8391.0,1099.0,4293.0,2999.0,9202.956,687.0,412.0,2556.0,1737.0,266.0,684.0,408.0,1641.0,43.148,0.0,536.668,232.138
2037,city,Farr West,Farr West,,,,,,Farr West,,,,,,,5220.0,13140.892,2.517,8183.0,1090.0,4286.0,2807.0,8938.475,689.0,401.0,2552.0,1734.0,253.0,683.0,313.0,1558.0,43.24,0.0,479.09900000000005,233.138
2038,city,Farr West,Farr West,,,,,,Farr West,,,,,,,5344.0,13321.922999999999,2.493,8190.0,1090.0,4288.0,2812.0,9212.732,689.0,401.0,2554.0,1734.0,253.0,683.0,314.0,1562.0,42.263999999999996,0.0,741.3330000000001,239.137
2039,city,Farr West,Farr West,,,,,,Farr West,,,,,,,5629.0,13826.05,2.456,8213.0,1090.0,4293.0,2830.0,9675.376,689.0,401.0,2559.0,1734.0,258.0,685.0,316.0,1571.0,40.196,0.0,1167.181,255.0
2040,city,Farr West,Farr West,,,,,,Farr West,,,,,,,5757.0,13993.525,2.431,8224.0,1090.0,4295.0,2839.0,9067.712,689.0,401.0,2561.0,1734.0,258.0,687.0,317.0,1577.0,40.144,0.0,543.284,260.285
2041,city,Farr West,Farr West,,,,,,Farr West,,,,,,,6064.0,14519.324,2.394,8228.0,1090.0,4296.0,2842.0,9656.932,689.0,401.0,2562.0,1734.0,258.0,687.0,317.0,1580.0,39.272999999999996,0.0,1112.956,276.702
2042,city,Farr West,Farr West,,,,,,Farr West,,,,,,,6201.0,14695.265,2.37,8235.0,1090.0,4296.0,2849.0,9217.588,689.0,401.0,2562.0,1734.0,259.0,689.0,317.0,1584.0,39.249,0.0,658.038,285.3
2043,city,Farr West,Farr West,,,,,,Farr West,,,,,,,6349.0,14902.27,2.347,8245.0,1090.0,4298.0,2857.0,9365.631,689.0,401.0,2564.0,1734.0,260.0,691.0,318.0,1588.0,37.236000000000004,0.0,789.886,293.508
2044,city,Farr West,Farr West,,,,,,Farr West,,,,,,,6469.0,15064.849,2.329,8258.0,1091.0,4301.0,2866.0,9281.024000000001,690.0,401.0,2567.0,1734.0,261.0,693.0,319.0,1593.0,37.185,0.0,686.383,299.46000000000004
2045,city,Farr West,Farr West,,,,,,Farr West,,,,,,,6650.0,15421.408,2.319,8259.0,1085.0,4305.0,2869.0,9394.727,689.0,396.0,2571.0,1734.0,261.0,694.0,321.0,1593.0,36.13,0.0,788.2869999999999,311.311
2046,city,Farr West,Farr West,,,,,,Farr West,,,,,,,6729.0,15558.718,2.312,8272.0,1086.0,4306.0,2880.0,9275.591,690.0,396.0,2572.0,1734.0,263.0,697.0,325.0,1595.0,35.224000000000004,0.0,650.102,318.26099999999997
2047,city,Farr West,Farr West,,,,,,Farr West,,,,,,,6860.0,15748.759999999998,2.296,8279.0,1087.0,4306.0,2886.0,9377.882,691.0,396.0,2572.0,1734.0,264.0,699.0,326.0,1597.0,35.074,0.0,738.337,325.469
2048,city,Farr West,Farr West,,,,,,Farr West,,,,,,,6992.0,15946.014,2.281,8408.0,1089.0,4319.0,3000.0,9949.948,693.0,396.0,2585.0,1734.0,293.0,704.0,368.0,1635.0,33.192,0.0,1175.546,333.208
2049,city,Farr West,Farr West,,,,,,Farr West,,,,,,,7222.0,16365.078,2.266,8524.0,1096.0,4328.0,3100.0,9826.698,700.0,396.0,2594.0,1734.0,323.0,708.0,400.0,1669.0,33.072,0.0,923.57,346.053
2050,city,Farr West,Farr West,,,,,,Farr West,,,,,,,7332.0,16489.875,2.249,8676.0,1111.0,4353.0,3212.0,9898.136,715.0,396.0,2619.0,1734.0,354.0,717.0,442.0,1699.0,34.102,0.0,836.037,352.0
2051,city,Farr West,Farr West,,,,,,Farr West,,,,,,,7434.0,16643.94,2.239,8734.0,1111.0,4369.0,3254.0,9730.635,715.0,396.0,2635.0,1734.0,364.0,719.0,455.0,1716.0,33.144999999999996,0.0,604.064,359.427
2052,city,Farr West,Farr West,,,,,,Farr West,,,,,,,7470.0,16670.985,2.232,8804.0,1111.0,4378.0,3315.0,9877.876,715.0,396.0,2644.0,1734.0,369.0,733.0,468.0,1745.0,33.169,0.0,677.963,362.739
2053,city,Farr West,Farr West,,,,,,Farr West,,,,,,,7481.0,16629.3,2.223,8876.0,1111.0,4389.0,3376.0,9970.427,715.0,396.0,2655.0,1734.0,374.0,742.0,485.0,1775.0,34.149,0.0,694.0649999999999,366.211
2054,city,Farr West,Farr West,,,,,,Farr West,,,,,,,7482.0,16568.712,2.214,8937.0,1111.0,4394.0,3432.0,10037.511,715.0,396.0,2660.0,1734.0,380.0,758.0,501.0,1793.0,34.102,0.0,698.788,367.62
2055,city,Farr West,Farr West,,,,,,Farr West,,,,,,,7527.0,16578.722999999998,2.203,8986.0,1111.0,4399.0,3476.0,10132.636,715.0,396.0,2665.0,1734.0,386.0,767.0,515.0,1808.0,33.073,0.0,741.355,372.20500000000004
2056,city,Farr West,Farr West,,,,,,Farr West,,,,,,,7586.0,16635.665,2.193,9044.0,1111.0,4401.0,3532.0,10238.92,715.0,396.0,2667.0,1734.0,387.0,785.0,535.0,1825.0,33.024,0.0,786.049,375.845
2057,city,Farr West,Farr West,,,,,,Farr West,,,,,,,7586.0,16775.751,2.211,9102.0,1111.0,4406.0,3585.0,10283.552,715.0,396.0,2672.0,1734.0,391.0,798.0,550.0,1846.0,32.192,0.0,765.565,383.79499999999996
2058,city,Farr West,Farr West,,,,,,Farr West,,,,,,,7584.0,16902.624,2.229,9157.0,1111.0,4410.0,3636.0,10280.395,715.0,396.0,2676.0,1734.0,397.0,809.0,571.0,1859.0,32.22,0.0,701.328,389.845
2059,city,Farr West,Farr West,,,,,,Farr West,,,,,,,7582.0,17032.297000000002,2.246,9211.0,1111.0,4414.0,3686.0,10500.609,715.0,396.0,2680.0,1734.0,402.0,819.0,587.0,1878.0,33.23,0.0,861.92,394.462
2060,city,Farr West,Farr West,,,,,,Farr West,,,,,,,7580.0,17160.011000000002,2.264,9287.0,1111.0,4423.0,3753.0,10611.545,715.0,396.0,2689.0,1734.0,404.0,843.0,609.0,1897.0,32.247,0.0,891.557,400.745
2061,city,Farr West,Farr West,,,,,,Farr West,,,,,,,7574.0,17289.047,2.283,9337.0,1109.0,4429.0,3799.0,10680.012999999999,715.0,394.0,2695.0,1734.0,407.0,844.0,628.0,1920.0,32.15,0.0,904.9159999999999,405.94899999999996
2062,city,Farr West,Farr West,,,,,,Farr West,,,,,,,7570.0,17412.356,2.3,9409.0,1109.0,4441.0,3859.0,10736.596,715.0,394.0,2707.0,1734.0,413.0,858.0,645.0,1943.0,32.77,0.0,883.669,411.154
2063,city,Farr West,Farr West,,,,,,Farr West,,,,,,,7565.0,17531.682,2.317,9471.0,1109.0,4449.0,3913.0,10773.626,715.0,394.0,2715.0,1734.0,418.0,869.0,659.0,1967.0,33.0,0.0,853.474,416.154
2064,city,Farr West,Farr West,,,,,,Farr West,,,,,,,7557.0,17648.25,2.335,9529.0,1109.0,4455.0,3965.0,10852.962,715.0,394.0,2721.0,1734.0,423.0,879.0,675.0,1988.0,32.099,0.0,870.606,421.255
2065,city,Farr West,Farr West,,,,,,Farr West,,,,,,,7555.0,17780.337,2.353,9566.0,1100.0,4459.0,4007.0,10853.612,706.0,394.0,2725.0,1734.0,427.0,888.0,694.0,1998.0,31.196,0.0,829.568,426.847
2023,city,Fruit Heights,Fruit Heights,,,,,,Fruit Heights,,,,,,,1982.0,5899.739,2.977,695.0,55.0,35.0,605.0,898.51,35.0,20.0,19.0,16.0,44.0,95.0,11.0,455.0,3.042,0.0,112.338,88.131
2024,city,Fruit Heights,Fruit Heights,,,,,,Fruit Heights,,,,,,,1983.0,5835.374,2.943,690.0,55.0,35.0,600.0,812.744,35.0,20.0,19.0,16.0,44.0,96.0,11.0,449.0,3.021,0.0,35.677,84.047
2025,city,Fruit Heights,Fruit Heights,,,,,,Fruit Heights,,,,,,,1992.0,5792.621,2.908,691.0,55.0,35.0,601.0,882.049,35.0,20.0,19.0,16.0,44.0,96.0,12.0,449.0,3.028,0.0,95.084,92.93700000000001
2026,city,Fruit Heights,Fruit Heights,,,,,,Fruit Heights,,,,,,,1997.0,5740.415,2.875,689.0,54.0,35.0,600.0,881.735,34.0,20.0,19.0,16.0,44.0,95.0,12.0,449.0,3.021,0.0,96.745,92.97
2027,city,Fruit Heights,Fruit Heights,,,,,,Fruit Heights,,,,,,,2011.0,5718.401,2.844,688.0,52.0,35.0,601.0,960.0980000000001,34.0,18.0,19.0,16.0,44.0,94.0,13.0,450.0,1.012,0.0,177.147,93.93900000000001
2028,city,Fruit Heights,Fruit Heights,,,,,,Fruit Heights,,,,,,,2041.0,5727.034,2.806,689.0,52.0,35.0,602.0,886.906,34.0,18.0,19.0,16.0,42.0,93.0,14.0,453.0,1.013,0.0,101.83200000000001,95.061
2029,city,Fruit Heights,Fruit Heights,,,,,,Fruit Heights,,,,,,,2051.0,5688.731,2.774,688.0,52.0,35.0,601.0,881.961,34.0,18.0,19.0,16.0,42.0,91.0,14.0,454.0,1.005,0.0,96.987,95.969
2030,city,Fruit Heights,Fruit Heights,,,,,,Fruit Heights,,,,,,,2057.0,5646.099,2.745,689.0,54.0,35.0,600.0,881.51,36.0,18.0,19.0,16.0,42.0,90.0,14.0,454.0,1.004,0.0,95.49,96.015
2031,city,Fruit Heights,Fruit Heights,,,,,,Fruit Heights,,,,,,,2074.0,5619.355,2.709,688.0,53.0,35.0,600.0,915.381,36.0,17.0,19.0,16.0,42.0,89.0,14.0,455.0,0.999,0.0,129.293,97.089
2032,city,Fruit Heights,Fruit Heights,,,,,,Fruit Heights,,,,,,,2094.0,5616.111,2.682,686.0,53.0,35.0,598.0,886.953,36.0,17.0,19.0,16.0,42.0,87.0,14.0,455.0,1.007,0.0,102.92999999999999,97.015
2033,city,Fruit Heights,Fruit Heights,,,,,,Fruit Heights,,,,,,,2135.0,5670.289000000001,2.656,688.0,53.0,35.0,600.0,930.734,36.0,17.0,19.0,16.0,42.0,87.0,15.0,456.0,1.012,0.0,142.664,99.05799999999999
2034,city,Fruit Heights,Fruit Heights,,,,,,Fruit Heights,,,,,,,2148.0,5654.219,2.632,693.0,54.0,36.0,603.0,894.308,37.0,17.0,19.0,17.0,42.0,87.0,15.0,459.0,1.007,0.0,100.34299999999999,99.958
2035,city,Fruit Heights,Fruit Heights,,,,,,Fruit Heights,,,,,,,2169.0,5660.448,2.61,682.0,51.0,37.0,594.0,911.236,36.0,15.0,20.0,17.0,42.0,87.0,15.0,450.0,1.008,0.0,128.129,100.1
2036,city,Fruit Heights,Fruit Heights,,,,,,Fruit Heights,,,,,,,2175.0,5623.767,2.586,679.0,52.0,37.0,590.0,878.393,37.0,15.0,20.0,17.0,41.0,84.0,15.0,450.0,1.007,0.0,98.317,100.07
2037,city,Fruit Heights,Fruit Heights,,,,,,Fruit Heights,,,,,,,2161.0,5489.317999999999,2.54,693.0,56.0,37.0,600.0,888.328,37.0,19.0,22.0,15.0,37.0,90.0,17.0,456.0,0.0,0.0,96.3,99.027
2038,city,Fruit Heights,Fruit Heights,,,,,,Fruit Heights,,,,,,,2171.0,5481.898,2.525,693.0,56.0,37.0,600.0,899.362,37.0,19.0,22.0,15.0,37.0,90.0,17.0,456.0,0.0,0.0,104.32300000000001,102.042
2039,city,Fruit Heights,Fruit Heights,,,,,,Fruit Heights,,,,,,,2199.0,5505.325,2.504,697.0,57.0,38.0,602.0,970.2600000000001,38.0,19.0,23.0,15.0,37.0,90.0,17.0,458.0,1.004,0.0,169.23,103.027
2040,city,Fruit Heights,Fruit Heights,,,,,,Fruit Heights,,,,,,,2218.0,5517.623,2.488,700.0,57.0,38.0,605.0,927.304,38.0,19.0,23.0,15.0,37.0,91.0,18.0,459.0,0.0,0.0,123.33,103.974
2041,city,Fruit Heights,Fruit Heights,,,,,,Fruit Heights,,,,,,,2244.0,5538.928,2.468,703.0,59.0,38.0,606.0,930.892,40.0,19.0,23.0,15.0,37.0,91.0,18.0,460.0,0.0,0.0,122.892,105.0
2042,city,Fruit Heights,Fruit Heights,,,,,,Fruit Heights,,,,,,,2266.0,5554.101000000001,2.451,703.0,59.0,38.0,606.0,930.7470000000001,40.0,19.0,23.0,15.0,37.0,91.0,18.0,460.0,0.0,0.0,121.747,106.0
2043,city,Fruit Heights,Fruit Heights,,,,,,Fruit Heights,,,,,,,2278.0,5561.475,2.441,704.0,59.0,38.0,607.0,924.239,40.0,19.0,23.0,15.0,37.0,91.0,18.0,461.0,0.0,0.0,113.201,107.039
2044,city,Fruit Heights,Fruit Heights,,,,,,Fruit Heights,,,,,,,2292.0,5564.764999999999,2.428,707.0,60.0,38.0,609.0,915.043,41.0,19.0,23.0,15.0,37.0,91.0,18.0,463.0,0.0,0.0,98.979,109.065
2045,city,Fruit Heights,Fruit Heights,,,,,,Fruit Heights,,,,,,,2294.0,5553.871,2.421,707.0,60.0,38.0,609.0,901.875,41.0,19.0,23.0,15.0,37.0,91.0,18.0,463.0,0.0,0.0,85.875,109.0
2046,city,Fruit Heights,Fruit Heights,,,,,,Fruit Heights,,,,,,,2312.0,5572.258,2.41,709.0,60.0,40.0,609.0,948.5350000000001,41.0,19.0,23.0,17.0,37.0,91.0,18.0,463.0,0.0,0.0,129.50900000000001,110.02600000000001
2047,city,Fruit Heights,Fruit Heights,,,,,,Fruit Heights,,,,,,,2315.0,5558.381,2.401,714.0,62.0,40.0,612.0,940.5730000000001,43.0,19.0,23.0,17.0,37.0,91.0,18.0,466.0,0.0,0.0,114.498,112.075
2048,city,Fruit Heights,Fruit Heights,,,,,,Fruit Heights,,,,,,,2320.0,5547.822,2.391,716.0,64.0,40.0,612.0,951.535,45.0,19.0,23.0,17.0,37.0,91.0,18.0,466.0,0.0,0.0,123.388,112.147
2049,city,Fruit Heights,Fruit Heights,,,,,,Fruit Heights,,,,,,,2320.0,5529.915,2.384,721.0,65.0,40.0,616.0,963.172,46.0,19.0,23.0,17.0,38.0,92.0,18.0,468.0,0.0,0.0,130.22,111.951
2050,city,Fruit Heights,Fruit Heights,,,,,,Fruit Heights,,,,,,,2316.0,5499.044,2.374,722.0,65.0,40.0,617.0,1002.989,46.0,19.0,23.0,17.0,38.0,93.0,18.0,468.0,0.0,0.0,168.943,112.047
2051,city,Fruit Heights,Fruit Heights,,,,,,Fruit Heights,,,,,,,2360.0,5579.373,2.364,724.0,66.0,41.0,617.0,955.0319999999999,47.0,19.0,24.0,17.0,38.0,93.0,18.0,468.0,0.0,0.0,115.021,116.012
2052,city,Fruit Heights,Fruit Heights,,,,,,Fruit Heights,,,,,,,2374.0,5583.11,2.352,725.0,67.0,40.0,618.0,970.628,48.0,19.0,24.0,16.0,38.0,93.0,18.0,469.0,0.0,0.0,129.59199999999998,116.036
2053,city,Fruit Heights,Fruit Heights,,,,,,Fruit Heights,,,,,,,2374.0,5563.608,2.344,726.0,67.0,40.0,619.0,976.798,48.0,19.0,24.0,16.0,39.0,93.0,18.0,469.0,0.0,0.0,134.70600000000002,116.093
2054,city,Fruit Heights,Fruit Heights,,,,,,Fruit Heights,,,,,,,2380.0,5552.138,2.333,726.0,67.0,40.0,619.0,991.0360000000001,48.0,19.0,24.0,16.0,39.0,93.0,18.0,469.0,0.0,0.0,146.98,118.05799999999999
2055,city,Fruit Heights,Fruit Heights,,,,,,Fruit Heights,,,,,,,2380.0,5536.732,2.326,726.0,67.0,40.0,619.0,975.239,48.0,19.0,24.0,16.0,39.0,93.0,18.0,469.0,0.0,0.0,131.20499999999998,118.034
2056,city,Fruit Heights,Fruit Heights,,,,,,Fruit Heights,,,,,,,2380.0,5575.638,2.343,727.0,67.0,40.0,620.0,985.189,48.0,19.0,24.0,16.0,39.0,93.0,18.0,470.0,0.0,0.0,139.20999999999998,118.97800000000001
2057,city,Fruit Heights,Fruit Heights,,,,,,Fruit Heights,,,,,,,2380.0,5606.782,2.356,728.0,67.0,41.0,620.0,981.502,48.0,19.0,25.0,16.0,39.0,93.0,18.0,470.0,0.0,0.0,132.48,121.02199999999999
2058,city,Fruit Heights,Fruit Heights,,,,,,Fruit Heights,,,,,,,2380.0,5646.383,2.372,730.0,68.0,41.0,621.0,991.368,49.0,19.0,25.0,16.0,39.0,94.0,18.0,470.0,0.0,0.0,139.3,122.068
2059,city,Fruit Heights,Fruit Heights,,,,,,Fruit Heights,,,,,,,2412.0,5737.286,2.379,730.0,68.0,41.0,621.0,1052.0449999999998,49.0,19.0,25.0,16.0,39.0,94.0,18.0,470.0,0.0,0.0,197.00100000000003,125.045
2060,city,Fruit Heights,Fruit Heights,,,,,,Fruit Heights,,,,,,,2412.0,5780.3150000000005,2.396,730.0,68.0,41.0,621.0,998.4189999999999,49.0,19.0,25.0,16.0,39.0,94.0,18.0,470.0,0.0,0.0,142.38400000000001,126.03399999999999
2061,city,Fruit Heights,Fruit Heights,,,,,,Fruit Heights,,,,,,,2412.0,5825.5599999999995,2.415,730.0,68.0,41.0,621.0,1005.5149999999999,49.0,19.0,25.0,16.0,39.0,94.0,18.0,470.0,0.0,0.0,148.56,126.95400000000001
2062,city,Fruit Heights,Fruit Heights,,,,,,Fruit Heights,,,,,,,2412.0,5865.376,2.432,731.0,68.0,41.0,622.0,1002.517,49.0,19.0,25.0,16.0,39.0,94.0,18.0,471.0,0.0,0.0,142.563,128.95499999999998
2063,city,Fruit Heights,Fruit Heights,,,,,,Fruit Heights,,,,,,,2412.0,5896.053,2.444,731.0,68.0,41.0,622.0,993.6410000000001,49.0,19.0,25.0,16.0,39.0,94.0,18.0,471.0,0.0,0.0,133.619,129.023
2064,city,Fruit Heights,Fruit Heights,,,,,,Fruit Heights,,,,,,,2412.0,5937.971,2.462,731.0,68.0,41.0,622.0,1007.918,49.0,19.0,25.0,16.0,39.0,94.0,18.0,471.0,0.0,0.0,145.795,131.124
2065,city,Fruit Heights,Fruit Heights,,,,,,Fruit Heights,,,,,,,2412.0,5982.017,2.48,731.0,68.0,41.0,622.0,1008.5000000000001,49.0,19.0,25.0,16.0,39.0,94.0,18.0,471.0,0.0,0.0,144.546,132.956
2023,city,Genola,Genola,,,,,,Genola,,,,,,,458.0,1919.359,4.191,269.0,0.0,39.0,230.0,496.598,0.0,0.0,34.0,5.0,186.0,41.0,3.0,0.0,125.995,0.0,72.565,29.037000000000003
2024,city,Genola,Genola,,,,,,Genola,,,,,,,464.0,1921.299,4.141,267.0,0.0,40.0,227.0,435.942,0.0,0.0,34.0,6.0,183.0,41.0,3.0,0.0,127.001,0.0,13.885,28.057
2025,city,Genola,Genola,,,,,,Genola,,,,,,,471.0,1921.7569999999998,4.08,268.0,0.0,40.0,228.0,465.004,0.0,0.0,34.0,6.0,184.0,41.0,3.0,0.0,125.961,0.0,40.99,30.051
2026,city,Genola,Genola,,,,,,Genola,,,,,,,474.0,1910.141,4.03,268.0,0.0,40.0,228.0,465.956,0.0,0.0,34.0,6.0,184.0,41.0,3.0,0.0,127.97500000000001,0.0,39.967,30.012
2027,city,Genola,Genola,,,,,,Genola,,,,,,,476.0,1894.541,3.98,269.0,0.0,40.0,229.0,454.478,0.0,0.0,34.0,6.0,184.0,41.0,3.0,1.0,128.046,0.0,27.391000000000002,30.038
2028,city,Genola,Genola,,,,,,Genola,,,,,,,480.0,1882.607,3.922,270.0,0.0,40.0,230.0,455.057,0.0,0.0,34.0,6.0,185.0,41.0,3.0,1.0,127.917,0.0,27.098,30.042
2029,city,Genola,Genola,,,,,,Genola,,,,,,,481.0,1863.5240000000001,3.874,270.0,0.0,40.0,230.0,454.193,0.0,0.0,34.0,6.0,185.0,41.0,3.0,1.0,128.059,0.0,26.096,30.038
2030,city,Genola,Genola,,,,,,Genola,,,,,,,481.0,1843.9070000000002,3.833,270.0,0.0,40.0,230.0,454.63,0.0,0.0,34.0,6.0,185.0,41.0,3.0,1.0,128.377,0.0,26.227999999999998,30.027
2031,city,Genola,Genola,,,,,,Genola,,,,,,,481.0,1825.267,3.795,270.0,0.0,40.0,230.0,456.261,0.0,0.0,34.0,6.0,185.0,41.0,3.0,1.0,129.287,0.0,27.948,29.023
2032,city,Genola,Genola,,,,,,Genola,,,,,,,481.0,1808.292,3.759,270.0,0.0,40.0,230.0,457.899,0.0,0.0,34.0,6.0,185.0,41.0,3.0,1.0,129.328,0.0,29.575000000000003,28.997
2033,city,Genola,Genola,,,,,,Genola,,,,,,,481.0,1793.884,3.729,270.0,0.0,40.0,230.0,459.99,0.0,0.0,34.0,6.0,185.0,41.0,3.0,1.0,130.811,0.0,30.156,29.021
2034,city,Genola,Genola,,,,,,Genola,,,,,,,482.0,1782.905,3.699,276.0,0.0,40.0,236.0,475.938,0.0,0.0,34.0,6.0,190.0,42.0,3.0,1.0,132.426,0.0,37.489000000000004,30.022
2035,city,Genola,Genola,,,,,,Genola,,,,,,,484.0,1775.94,3.669,277.0,0.0,40.0,237.0,471.818,0.0,0.0,34.0,6.0,191.0,42.0,3.0,1.0,133.292,0.0,32.498999999999995,29.027
2036,city,Genola,Genola,,,,,,Genola,,,,,,,484.0,1765.665,3.648,279.0,0.0,40.0,239.0,474.09,0.0,0.0,34.0,6.0,193.0,42.0,3.0,1.0,133.146,0.0,32.916000000000004,29.027
2037,city,Genola,Genola,,,,,,Genola,,,,,,,487.0,1772.387,3.639,270.0,0.0,40.0,230.0,463.426,0.0,0.0,35.0,5.0,186.0,41.0,3.0,0.0,133.973,0.0,29.434,30.019
2038,city,Genola,Genola,,,,,,Genola,,,,,,,487.0,1763.145,3.62,270.0,0.0,40.0,230.0,464.848,0.0,0.0,35.0,5.0,186.0,41.0,3.0,0.0,135.457,0.0,29.38,30.012
2039,city,Genola,Genola,,,,,,Genola,,,,,,,487.0,1754.781,3.603,270.0,0.0,40.0,230.0,464.077,0.0,0.0,35.0,5.0,186.0,41.0,3.0,0.0,136.31900000000002,0.0,27.748,30.008
2040,city,Genola,Genola,,,,,,Genola,,,,,,,489.0,1754.191,3.587,270.0,0.0,40.0,230.0,466.088,0.0,0.0,35.0,5.0,186.0,41.0,3.0,0.0,135.162,0.0,30.928,29.994
2041,city,Genola,Genola,,,,,,Genola,,,,,,,490.0,1750.657,3.573,270.0,0.0,40.0,230.0,463.453,0.0,0.0,35.0,5.0,186.0,41.0,3.0,0.0,135.202,0.0,27.230999999999998,31.019
2042,city,Genola,Genola,,,,,,Genola,,,,,,,491.0,1747.074,3.558,270.0,0.0,40.0,230.0,461.114,0.0,0.0,35.0,5.0,186.0,41.0,3.0,0.0,136.285,0.0,23.799,31.031
2043,city,Genola,Genola,,,,,,Genola,,,,,,,492.0,1745.608,3.548,270.0,0.0,40.0,230.0,466.068,0.0,0.0,35.0,5.0,186.0,41.0,3.0,0.0,139.125,0.0,25.928,31.013
2044,city,Genola,Genola,,,,,,Genola,,,,,,,493.0,1739.958,3.529,270.0,0.0,40.0,230.0,466.534,0.0,0.0,35.0,5.0,186.0,41.0,3.0,0.0,140.095,0.0,25.403,31.037000000000003
2045,city,Genola,Genola,,,,,,Genola,,,,,,,494.0,1738.1219999999998,3.518,270.0,0.0,40.0,230.0,467.495,0.0,0.0,35.0,5.0,186.0,41.0,3.0,0.0,141.921,0.0,24.563,31.012
2046,city,Genola,Genola,,,,,,Genola,,,,,,,494.0,1731.473,3.505,270.0,0.0,40.0,230.0,469.069,0.0,0.0,35.0,5.0,186.0,41.0,3.0,0.0,143.083,0.0,24.988,31.0
2047,city,Genola,Genola,,,,,,Genola,,,,,,,495.0,1724.073,3.483,357.0,2.0,41.0,314.0,635.4699999999999,0.0,2.0,36.0,5.0,246.0,61.0,7.0,0.0,145.95,0.0,100.53399999999999,31.991
2048,city,Genola,Genola,,,,,,Genola,,,,,,,499.0,1728.448,3.464,384.0,4.0,43.0,337.0,594.117,0.0,4.0,38.0,5.0,263.0,67.0,7.0,0.0,145.712,0.0,31.408,33.0
2049,city,Genola,Genola,,,,,,Genola,,,,,,,506.0,1740.154,3.439,407.0,6.0,44.0,357.0,623.26,0.0,6.0,39.0,5.0,278.0,71.0,8.0,0.0,148.645,0.0,34.618,32.994
2050,city,Genola,Genola,,,,,,Genola,,,,,,,511.0,1750.012,3.425,420.0,6.0,44.0,370.0,641.8090000000001,0.0,6.0,39.0,5.0,288.0,74.0,8.0,0.0,153.29,0.0,35.518,32.998000000000005
2051,city,Genola,Genola,,,,,,Genola,,,,,,,534.0,1811.633,3.393,427.0,6.0,45.0,376.0,674.1800000000001,0.0,6.0,40.0,5.0,292.0,76.0,8.0,0.0,155.568,0.0,56.612,35.0
2052,city,Genola,Genola,,,,,,Genola,,,,,,,552.0,1859.9660000000001,3.37,430.0,6.0,45.0,379.0,681.7270000000001,0.0,6.0,40.0,5.0,294.0,77.0,8.0,0.0,165.165,0.0,50.559,36.005
2053,city,Genola,Genola,,,,,,Genola,,,,,,,554.0,1854.894,3.348,436.0,8.0,45.0,383.0,686.225,1.0,7.0,40.0,5.0,298.0,77.0,8.0,0.0,166.09,0.0,48.111999999999995,36.021
2054,city,Genola,Genola,,,,,,Genola,,,,,,,554.0,1846.4379999999999,3.333,443.0,8.0,46.0,389.0,693.028,1.0,7.0,41.0,5.0,304.0,77.0,8.0,0.0,165.958,0.0,48.06,36.012
2055,city,Genola,Genola,,,,,,Genola,,,,,,,554.0,1838.223,3.318,447.0,8.0,46.0,393.0,698.1030000000001,1.0,7.0,41.0,5.0,308.0,77.0,8.0,0.0,166.055,0.0,49.041000000000004,36.007000000000005
2056,city,Genola,Genola,,,,,,Genola,,,,,,,554.0,1829.669,3.303,455.0,8.0,47.0,400.0,709.956,1.0,7.0,42.0,5.0,315.0,77.0,8.0,0.0,165.048,0.0,52.91,36.998000000000005
2057,city,Genola,Genola,,,,,,Genola,,,,,,,554.0,1835.512,3.313,457.0,8.0,47.0,402.0,709.226,1.0,7.0,42.0,5.0,316.0,78.0,8.0,0.0,165.144,0.0,50.091,36.99
2058,city,Genola,Genola,,,,,,Genola,,,,,,,554.0,1860.921,3.359,461.0,8.0,47.0,406.0,712.6400000000001,1.0,7.0,42.0,5.0,320.0,78.0,8.0,0.0,164.183,0.0,50.464,36.992
2059,city,Genola,Genola,,,,,,Genola,,,,,,,554.0,1882.782,3.399,462.0,8.0,47.0,407.0,712.344,1.0,7.0,42.0,5.0,321.0,78.0,8.0,0.0,164.191,0.0,49.148,37.008
2060,city,Genola,Genola,,,,,,Genola,,,,,,,554.0,1907.4759999999999,3.443,463.0,8.0,47.0,408.0,716.888,1.0,7.0,42.0,5.0,322.0,78.0,8.0,0.0,164.242,0.0,50.658,38.988
2061,city,Genola,Genola,,,,,,Genola,,,,,,,554.0,1935.522,3.494,463.0,8.0,47.0,408.0,717.8919999999999,1.0,7.0,42.0,5.0,322.0,78.0,8.0,0.0,164.108,0.0,51.784,38.998000000000005
2062,city,Genola,Genola,,,,,,Genola,,,,,,,554.0,1960.159,3.538,463.0,8.0,47.0,408.0,716.239,1.0,7.0,42.0,5.0,322.0,78.0,8.0,0.0,162.962,0.0,51.265,39.013
2063,city,Genola,Genola,,,,,,Genola,,,,,,,554.0,1985.114,3.583,463.0,8.0,47.0,408.0,718.9259999999999,1.0,7.0,42.0,5.0,322.0,78.0,8.0,0.0,162.922,0.0,52.998,40.005
2064,city,Genola,Genola,,,,,,Genola,,,,,,,554.0,2011.569,3.631,463.0,8.0,47.0,408.0,720.0310000000001,1.0,7.0,42.0,5.0,322.0,78.0,8.0,0.0,162.007,0.0,54.014,41.012
2065,city,Genola,Genola,,,,,,Genola,,,,,,,554.0,2035.745,3.675,463.0,8.0,47.0,408.0,718.4350000000001,1.0,7.0,42.0,5.0,322.0,78.0,8.0,0.0,161.137,0.0,53.306,40.988
2023,city,Goshen,Goshen,,,,,,Goshen,,,,,,,381.0,1370.888,3.598,343.0,13.0,13.0,317.0,562.664,11.0,2.0,12.0,1.0,254.0,62.0,1.0,0.0,149.177,0.0,46.456,24.029999999999998
2024,city,Goshen,Goshen,,,,,,Goshen,,,,,,,388.0,1392.3690000000001,3.589,341.0,13.0,13.0,315.0,542.085,11.0,2.0,12.0,1.0,252.0,62.0,1.0,0.0,151.19,0.0,25.845000000000002,24.049
2025,city,Goshen,Goshen,,,,,,Goshen,,,,,,,394.0,1397.345,3.547,343.0,13.0,13.0,317.0,561.077,11.0,2.0,12.0,1.0,253.0,63.0,1.0,0.0,151.153,0.0,40.88,26.046000000000003
2026,city,Goshen,Goshen,,,,,,Goshen,,,,,,,397.0,1393.486,3.51,343.0,13.0,13.0,317.0,568.03,11.0,2.0,12.0,1.0,253.0,63.0,1.0,0.0,152.159,0.0,46.859,26.01
2027,city,Goshen,Goshen,,,,,,Goshen,,,,,,,419.0,1438.835,3.434,344.0,13.0,13.0,318.0,604.3330000000001,11.0,2.0,12.0,1.0,254.0,63.0,1.0,0.0,152.245,0.0,80.052,28.034
2028,city,Goshen,Goshen,,,,,,Goshen,,,,,,,439.0,1473.695,3.357,344.0,13.0,13.0,318.0,587.423,11.0,2.0,12.0,1.0,254.0,63.0,1.0,0.0,152.09,0.0,62.291000000000004,29.041
2029,city,Goshen,Goshen,,,,,,Goshen,,,,,,,454.0,1509.9080000000001,3.326,344.0,13.0,13.0,318.0,570.023,11.0,2.0,12.0,1.0,254.0,63.0,1.0,0.0,152.261,0.0,44.727000000000004,29.035
2030,city,Goshen,Goshen,,,,,,Goshen,,,,,,,486.0,1612.494,3.318,344.0,13.0,13.0,318.0,642.6500000000001,11.0,2.0,12.0,1.0,254.0,63.0,1.0,0.0,152.637,0.0,114.986,31.027
2031,city,Goshen,Goshen,,,,,,Goshen,,,,,,,543.0,1787.208,3.291,344.0,13.0,13.0,318.0,658.549,11.0,2.0,12.0,1.0,254.0,63.0,1.0,0.0,151.51,0.0,128.01100000000002,35.028
2032,city,Goshen,Goshen,,,,,,Goshen,,,,,,,570.0,1850.0420000000001,3.246,344.0,13.0,13.0,318.0,609.556,11.0,2.0,12.0,1.0,254.0,63.0,1.0,0.0,152.566,0.0,76.994,35.995
2033,city,Goshen,Goshen,,,,,,Goshen,,,,,,,605.0,1936.578,3.201,344.0,13.0,13.0,318.0,632.0840000000001,11.0,2.0,12.0,1.0,254.0,63.0,1.0,0.0,152.948,0.0,97.107,38.028999999999996
2034,city,Goshen,Goshen,,,,,,Goshen,,,,,,,627.0,1987.6490000000001,3.17,344.0,13.0,13.0,318.0,600.327,11.0,2.0,12.0,1.0,254.0,63.0,1.0,0.0,155.676,0.0,60.619,40.032
2035,city,Goshen,Goshen,,,,,,Goshen,,,,,,,644.0,2030.187,3.152,344.0,13.0,13.0,318.0,616.142,11.0,2.0,12.0,1.0,254.0,63.0,1.0,0.0,155.508,0.0,76.59700000000001,40.036
2036,city,Goshen,Goshen,,,,,,Goshen,,,,,,,656.0,2053.503,3.13,344.0,13.0,13.0,318.0,595.524,11.0,2.0,12.0,1.0,254.0,63.0,1.0,0.0,156.345,0.0,53.141,42.038000000000004
2037,city,Goshen,Goshen,,,,,,Goshen,,,,,,,649.0,1975.455,3.044,354.0,13.0,13.0,328.0,616.1659999999999,11.0,2.0,12.0,1.0,264.0,63.0,1.0,0.0,157.142,0.0,63.0,42.026
2038,city,Goshen,Goshen,,,,,,Goshen,,,,,,,655.0,1974.363,3.014,355.0,13.0,13.0,329.0,606.912,11.0,2.0,12.0,1.0,265.0,63.0,1.0,0.0,157.698,0.0,52.198,42.018
2039,city,Goshen,Goshen,,,,,,Goshen,,,,,,,674.0,2014.6879999999999,2.989,355.0,13.0,13.0,329.0,630.255,11.0,2.0,12.0,1.0,265.0,63.0,1.0,0.0,157.524,0.0,73.72,44.011
2040,city,Goshen,Goshen,,,,,,Goshen,,,,,,,687.0,2046.355,2.979,355.0,13.0,13.0,329.0,612.714,11.0,2.0,12.0,1.0,265.0,63.0,1.0,0.0,160.38,0.0,52.342,44.992
2041,city,Goshen,Goshen,,,,,,Goshen,,,,,,,692.0,2050.245,2.963,355.0,13.0,13.0,329.0,609.221,11.0,2.0,12.0,1.0,265.0,63.0,1.0,0.0,161.435,0.0,47.76,45.028999999999996
2042,city,Goshen,Goshen,,,,,,Goshen,,,,,,,718.0,2117.17,2.949,355.0,13.0,13.0,329.0,664.143,11.0,2.0,12.0,1.0,265.0,63.0,1.0,0.0,163.542,0.0,99.557,46.046
2043,city,Goshen,Goshen,,,,,,Goshen,,,,,,,739.0,2171.244,2.938,355.0,13.0,13.0,329.0,659.1320000000001,11.0,2.0,12.0,1.0,265.0,63.0,1.0,0.0,163.32,0.0,92.788,48.023
2044,city,Goshen,Goshen,,,,,,Goshen,,,,,,,772.0,2264.264,2.933,355.0,13.0,13.0,329.0,638.3789999999999,11.0,2.0,12.0,1.0,265.0,63.0,1.0,0.0,163.277,0.0,70.044,50.058
2045,city,Goshen,Goshen,,,,,,Goshen,,,,,,,798.0,2343.965,2.937,355.0,13.0,13.0,329.0,661.6510000000001,11.0,2.0,12.0,1.0,265.0,63.0,1.0,0.0,165.07,0.0,90.562,51.019
2046,city,Goshen,Goshen,,,,,,Goshen,,,,,,,828.0,2418.594,2.921,355.0,13.0,13.0,329.0,647.851,11.0,2.0,12.0,1.0,265.0,63.0,1.0,0.0,166.257,0.0,73.595,52.998
2047,city,Goshen,Goshen,,,,,,Goshen,,,,,,,856.0,2482.646,2.9,355.0,13.0,13.0,329.0,643.366,11.0,2.0,12.0,1.0,265.0,63.0,1.0,0.0,168.09199999999998,0.0,66.28999999999999,53.982
2048,city,Goshen,Goshen,,,,,,Goshen,,,,,,,883.0,2537.137,2.873,355.0,13.0,13.0,329.0,667.8420000000001,11.0,2.0,12.0,1.0,265.0,63.0,1.0,0.0,167.81900000000002,0.0,88.025,56.998
2049,city,Goshen,Goshen,,,,,,Goshen,,,,,,,921.0,2625.709,2.851,355.0,13.0,13.0,329.0,680.3199999999999,11.0,2.0,12.0,1.0,265.0,63.0,1.0,0.0,168.732,0.0,97.6,58.989
2050,city,Goshen,Goshen,,,,,,Goshen,,,,,,,975.0,2779.897,2.851,355.0,13.0,13.0,329.0,707.1479999999999,11.0,2.0,12.0,1.0,265.0,63.0,1.0,0.0,167.41,0.0,120.74000000000001,63.996
2051,city,Goshen,Goshen,,,,,,Goshen,,,,,,,1055.0,3009.249,2.852,355.0,13.0,13.0,329.0,737.557,11.0,2.0,12.0,1.0,265.0,63.0,1.0,0.0,162.64,0.0,150.91500000000002,69.003
2052,city,Goshen,Goshen,,,,,,Goshen,,,,,,,1167.0,3327.661,2.851,355.0,13.0,13.0,329.0,767.5029999999999,11.0,2.0,12.0,1.0,265.0,63.0,1.0,0.0,155.031,0.0,182.46300000000002,75.01
2053,city,Goshen,Goshen,,,,,,Goshen,,,,,,,1196.0,3386.548,2.832,357.0,13.0,13.0,331.0,668.64,11.0,2.0,12.0,1.0,267.0,63.0,1.0,0.0,155.962,0.0,78.63,77.04599999999999
2054,city,Goshen,Goshen,,,,,,Goshen,,,,,,,1213.0,3409.33,2.811,358.0,13.0,13.0,332.0,671.594,11.0,2.0,12.0,1.0,268.0,63.0,1.0,0.0,155.838,0.0,78.729,79.028
2055,city,Goshen,Goshen,,,,,,Goshen,,,,,,,1224.0,3427.735,2.8,358.0,13.0,13.0,332.0,674.437,11.0,2.0,12.0,1.0,268.0,63.0,1.0,0.0,154.917,0.0,81.505,80.015
2056,city,Goshen,Goshen,,,,,,Goshen,,,,,,,1227.0,3418.9860000000003,2.786,360.0,13.0,13.0,334.0,676.2729999999999,11.0,2.0,12.0,1.0,270.0,63.0,1.0,0.0,154.922,0.0,80.356,80.995
2057,city,Goshen,Goshen,,,,,,Goshen,,,,,,,1227.0,3429.024,2.795,360.0,13.0,13.0,334.0,674.623,11.0,2.0,12.0,1.0,270.0,63.0,1.0,0.0,155.013,0.0,78.63,80.97800000000001
2058,city,Goshen,Goshen,,,,,,Goshen,,,,,,,1246.0,3506.681,2.814,361.0,13.0,13.0,335.0,718.9399999999999,11.0,2.0,12.0,1.0,271.0,63.0,1.0,0.0,155.061,0.0,118.895,83.97999999999999
2059,city,Goshen,Goshen,,,,,,Goshen,,,,,,,1250.0,3554.594,2.844,361.0,13.0,13.0,335.0,688.002,11.0,2.0,12.0,1.0,271.0,63.0,1.0,0.0,154.055,0.0,87.931,85.018
2060,city,Goshen,Goshen,,,,,,Goshen,,,,,,,1250.0,3597.422,2.878,361.0,13.0,13.0,335.0,681.313,11.0,2.0,12.0,1.0,271.0,63.0,1.0,0.0,153.09,0.0,80.244,86.97800000000001
2061,city,Goshen,Goshen,,,,,,Goshen,,,,,,,1251.0,3647.0660000000003,2.915,361.0,13.0,13.0,335.0,688.0419999999999,11.0,2.0,12.0,1.0,271.0,63.0,1.0,0.0,152.966,0.0,86.082,87.996
2062,city,Goshen,Goshen,,,,,,Goshen,,,,,,,1251.0,3689.793,2.949,362.0,13.0,13.0,336.0,686.1769999999999,11.0,2.0,12.0,1.0,272.0,63.0,1.0,0.0,152.84,0.0,81.30799999999999,90.02799999999999
2063,city,Goshen,Goshen,,,,,,Goshen,,,,,,,1251.0,3733.074,2.984,362.0,13.0,13.0,336.0,689.8720000000001,11.0,2.0,12.0,1.0,272.0,63.0,1.0,0.0,152.802,0.0,84.056,91.011
2064,city,Goshen,Goshen,,,,,,Goshen,,,,,,,1255.0,3792.993,3.022,362.0,13.0,13.0,336.0,702.784,11.0,2.0,12.0,1.0,272.0,63.0,1.0,0.0,151.881,0.0,94.88,94.025
2065,city,Goshen,Goshen,,,,,,Goshen,,,,,,,1255.0,3835.09,3.056,362.0,13.0,13.0,336.0,691.735,11.0,2.0,12.0,1.0,272.0,63.0,1.0,0.0,151.002,0.0,84.756,93.976
2023,city,HAFB,HAFB,,,,,,HAFB,,,,,,,439.0,1224.933,2.79,27075.0,263.0,451.0,26361.0,28238.339,217.0,46.0,450.0,1.0,2748.0,22667.0,242.0,704.0,0.0,0.0,1144.31,19.028
2024,city,HAFB,HAFB,,,,,,HAFB,,,,,,,439.0,1211.624,2.76,27530.0,261.0,487.0,26782.0,27660.731,215.0,46.0,486.0,1.0,2705.0,23140.0,242.0,695.0,0.0,0.0,111.72,19.011000000000003
2025,city,HAFB,HAFB,,,,,,HAFB,,,,,,,439.0,1198.932,2.731,28021.0,260.0,711.0,27050.0,29017.771,214.0,46.0,710.0,1.0,2814.0,23294.0,244.0,698.0,0.0,0.0,976.785,19.987
2026,city,HAFB,HAFB,,,,,,HAFB,,,,,,,439.0,1186.171,2.702,28322.0,256.0,905.0,27161.0,29356.492,210.0,46.0,904.0,1.0,2819.0,23388.0,251.0,703.0,0.0,0.0,1014.499,19.993
2027,city,HAFB,HAFB,,,,,,HAFB,,,,,,,439.0,1173.056,2.672,28576.0,256.0,1006.0,27314.0,29597.343999999997,210.0,46.0,1004.0,2.0,2791.0,23546.0,260.0,717.0,0.0,0.0,1001.358,19.987
2028,city,HAFB,HAFB,,,,,,HAFB,,,,,,,439.0,1160.518,2.644,28696.0,255.0,999.0,27442.0,29792.102,209.0,46.0,997.0,2.0,2713.0,23730.0,266.0,733.0,0.0,0.0,1076.089,20.013
2029,city,HAFB,HAFB,,,,,,HAFB,,,,,,,439.0,1147.73,2.614,28858.0,256.0,991.0,27611.0,29915.387000000002,210.0,46.0,989.0,2.0,2667.0,23923.0,283.0,738.0,0.0,0.0,1037.394,19.993
2030,city,HAFB,HAFB,,,,,,HAFB,,,,,,,439.0,1135.511,2.587,29151.0,257.0,991.0,27903.0,30199.981,211.0,46.0,989.0,2.0,2641.0,24217.0,294.0,751.0,0.0,0.0,1028.978,20.003
2031,city,HAFB,HAFB,,,,,,HAFB,,,,,,,439.0,1123.829,2.56,29047.0,257.0,991.0,27799.0,30095.010000000002,212.0,45.0,989.0,2.0,2645.0,24084.0,310.0,760.0,0.0,0.0,1027.991,20.017999999999997
2032,city,HAFB,HAFB,,,,,,HAFB,,,,,,,439.0,1112.595,2.534,29154.0,259.0,991.0,27904.0,30163.25,214.0,45.0,989.0,2.0,2643.0,24150.0,327.0,784.0,0.0,0.0,989.247,20.003
2033,city,HAFB,HAFB,,,,,,HAFB,,,,,,,439.0,1102.286,2.511,29233.0,260.0,990.0,27983.0,30248.015,215.0,45.0,988.0,2.0,2626.0,24200.0,345.0,812.0,0.0,0.0,995.0029999999999,20.012
2034,city,HAFB,HAFB,,,,,,HAFB,,,,,,,439.0,1092.492,2.489,29405.0,265.0,985.0,28155.0,30426.546000000002,220.0,45.0,983.0,2.0,2601.0,24301.0,369.0,884.0,0.0,0.0,1001.555,19.991
2035,city,HAFB,HAFB,,,,,,HAFB,,,,,,,439.0,1083.362,2.468,29349.0,266.0,987.0,28096.0,30373.395,222.0,44.0,985.0,2.0,2569.0,24290.0,372.0,865.0,0.0,0.0,1004.375,20.02
2036,city,HAFB,HAFB,,,,,,HAFB,,,,,,,439.0,1074.743,2.448,29460.0,267.0,994.0,28199.0,30478.568999999996,223.0,44.0,991.0,3.0,2537.0,24399.0,391.0,872.0,0.0,0.0,998.554,20.014000000000003
2037,city,HAFB,HAFB,,,,,,HAFB,,,,,,,439.0,1066.8790000000001,2.43,29624.0,261.0,1002.0,28361.0,30637.335,222.0,39.0,1000.0,2.0,2493.0,24552.0,393.0,923.0,0.0,0.0,993.329,20.006
2038,city,HAFB,HAFB,,,,,,HAFB,,,,,,,439.0,1060.039,2.415,29723.0,265.0,1006.0,28452.0,30704.756,226.0,39.0,1004.0,2.0,2516.0,24554.0,410.0,972.0,0.0,0.0,961.749,20.008000000000003
2039,city,HAFB,HAFB,,,,,,HAFB,,,,,,,439.0,1053.354,2.399,29812.0,266.0,1007.0,28539.0,30805.870000000003,227.0,39.0,1005.0,2.0,2537.0,24562.0,422.0,1018.0,0.0,0.0,973.864,20.006
2040,city,HAFB,HAFB,,,,,,HAFB,,,,,,,439.0,1047.392,2.386,29918.0,270.0,1010.0,28638.0,30898.537,231.0,39.0,1008.0,2.0,2553.0,24587.0,439.0,1059.0,0.0,0.0,960.5419999999999,19.994
2041,city,HAFB,HAFB,,,,,,HAFB,,,,,,,439.0,1041.888,2.373,29956.0,270.0,1013.0,28673.0,30892.82,231.0,39.0,1010.0,3.0,2563.0,24574.0,446.0,1090.0,0.0,0.0,916.8199999999999,20.0
2042,city,HAFB,HAFB,,,,,,HAFB,,,,,,,439.0,1036.768,2.362,30022.0,272.0,1013.0,28737.0,30962.777,233.0,39.0,1010.0,3.0,2578.0,24579.0,461.0,1119.0,0.0,0.0,920.777,20.0
2043,city,HAFB,HAFB,,,,,,HAFB,,,,,,,439.0,1032.516,2.352,30065.0,272.0,1013.0,28780.0,31008.707,233.0,39.0,1010.0,3.0,2593.0,24582.0,468.0,1137.0,0.0,0.0,922.6990000000001,21.008000000000003
2044,city,HAFB,HAFB,,,,,,HAFB,,,,,,,439.0,1028.426,2.343,30104.0,272.0,1013.0,28819.0,31041.387000000002,233.0,39.0,1010.0,3.0,2600.0,24588.0,472.0,1159.0,0.0,0.0,916.374,21.012
2045,city,HAFB,HAFB,,,,,,HAFB,,,,,,,439.0,1024.769,2.334,30134.0,272.0,1013.0,28849.0,31019.662000000004,233.0,39.0,1010.0,3.0,2609.0,24595.0,479.0,1166.0,0.0,0.0,864.662,21.0
2046,city,HAFB,HAFB,,,,,,HAFB,,,,,,,439.0,1021.268,2.326,30155.0,274.0,1016.0,28865.0,31092.599000000002,235.0,39.0,1013.0,3.0,2614.0,24598.0,483.0,1170.0,0.0,0.0,916.5930000000001,21.004
2047,city,HAFB,HAFB,,,,,,HAFB,,,,,,,448.0,1032.848,2.305,30166.0,274.0,1016.0,28876.0,31243.174,235.0,39.0,1013.0,3.0,2621.0,24600.0,483.0,1172.0,0.0,0.0,1056.16,21.014000000000003
2048,city,HAFB,HAFB,,,,,,HAFB,,,,,,,453.0,1037.692,2.291,30175.0,274.0,1016.0,28885.0,31441.805999999997,235.0,39.0,1013.0,3.0,2624.0,24602.0,484.0,1175.0,0.0,0.0,1244.777,22.029
2049,city,HAFB,HAFB,,,,,,HAFB,,,,,,,453.0,1034.449,2.284,30179.0,274.0,1016.0,28889.0,31512.694,235.0,39.0,1013.0,3.0,2626.0,24602.0,485.0,1176.0,0.0,0.0,1311.703,21.99
2050,city,HAFB,HAFB,,,,,,HAFB,,,,,,,453.0,1031.408,2.277,30182.0,274.0,1016.0,28892.0,30899.218,235.0,39.0,1013.0,3.0,2627.0,24602.0,487.0,1176.0,0.0,0.0,695.2080000000001,22.009
2051,city,HAFB,HAFB,,,,,,HAFB,,,,,,,453.0,1028.119,2.27,30182.0,274.0,1016.0,28892.0,31346.559,235.0,39.0,1013.0,3.0,2627.0,24602.0,487.0,1176.0,0.0,0.0,1142.557,22.002
2052,city,HAFB,HAFB,,,,,,HAFB,,,,,,,453.0,1024.759,2.262,30182.0,274.0,1016.0,28892.0,31485.087,235.0,39.0,1013.0,3.0,2627.0,24602.0,487.0,1176.0,0.0,0.0,1281.08,22.007
2053,city,HAFB,HAFB,,,,,,HAFB,,,,,,,453.0,1021.284,2.254,30183.0,275.0,1016.0,28892.0,31536.259,236.0,39.0,1013.0,3.0,2627.0,24602.0,487.0,1176.0,0.0,0.0,1331.242,22.017999999999997
2054,city,HAFB,HAFB,,,,,,HAFB,,,,,,,453.0,1017.6700000000001,2.247,30184.0,275.0,1016.0,28893.0,31537.420000000002,236.0,39.0,1013.0,3.0,2627.0,24602.0,487.0,1177.0,0.0,0.0,1331.409,22.011000000000003
2055,city,HAFB,HAFB,,,,,,HAFB,,,,,,,453.0,1014.928,2.24,30185.0,275.0,1016.0,28894.0,31501.226000000002,236.0,39.0,1013.0,3.0,2627.0,24602.0,487.0,1178.0,0.0,0.0,1294.221,22.007
2056,city,HAFB,HAFB,,,,,,HAFB,,,,,,,453.0,1021.854,2.256,30185.0,275.0,1016.0,28894.0,31579.754,236.0,39.0,1013.0,3.0,2627.0,24602.0,487.0,1178.0,0.0,0.0,1372.759,21.996
2057,city,HAFB,HAFB,,,,,,HAFB,,,,,,,453.0,1027.3980000000001,2.268,30185.0,275.0,1016.0,28894.0,31513.962,236.0,39.0,1013.0,3.0,2627.0,24602.0,487.0,1178.0,0.0,0.0,1305.9569999999999,23.004
2058,city,HAFB,HAFB,,,,,,HAFB,,,,,,,453.0,1034.4470000000001,2.284,30186.0,275.0,1016.0,28895.0,31581.362,236.0,39.0,1013.0,3.0,2628.0,24602.0,487.0,1178.0,0.0,0.0,1372.35,23.013
2059,city,HAFB,HAFB,,,,,,HAFB,,,,,,,453.0,1041.799,2.3,30186.0,275.0,1016.0,28895.0,31593.715,236.0,39.0,1013.0,3.0,2628.0,24602.0,487.0,1178.0,0.0,0.0,1384.7069999999999,23.009
2060,city,HAFB,HAFB,,,,,,HAFB,,,,,,,453.0,1049.418,2.317,30186.0,275.0,1016.0,28895.0,31597.461000000003,236.0,39.0,1013.0,3.0,2628.0,24602.0,487.0,1178.0,0.0,0.0,1388.454,23.007
2061,city,HAFB,HAFB,,,,,,HAFB,,,,,,,453.0,1057.43,2.334,30115.0,275.0,1016.0,28824.0,31584.299,236.0,39.0,1013.0,3.0,2629.0,24525.0,491.0,1179.0,0.0,0.0,1445.306,23.991
2062,city,HAFB,HAFB,,,,,,HAFB,,,,,,,453.0,1064.479,2.35,30119.0,275.0,1017.0,28827.0,31529.709,236.0,39.0,1014.0,3.0,2630.0,24526.0,492.0,1179.0,0.0,0.0,1386.717,23.991
2063,city,HAFB,HAFB,,,,,,HAFB,,,,,,,453.0,1069.912,2.362,30124.0,275.0,1017.0,28832.0,31447.928,236.0,39.0,1014.0,3.0,2630.0,24526.0,495.0,1181.0,0.0,0.0,1299.924,24.004
2064,city,HAFB,HAFB,,,,,,HAFB,,,,,,,453.0,1077.334,2.378,30126.0,275.0,1017.0,28834.0,31568.494,236.0,39.0,1014.0,3.0,2630.0,24527.0,495.0,1182.0,0.0,0.0,1418.471,24.023
2065,city,HAFB,HAFB,,,,,,HAFB,,,,,,,453.0,1085.133,2.395,30127.0,275.0,1017.0,28835.0,31558.353,236.0,39.0,1014.0,3.0,2630.0,24527.0,496.0,1182.0,0.0,0.0,1406.3609999999999,24.991999999999997
2023,city,Harrisville,Harrisville,,,,,,Harrisville,,,,,,,2267.0,6627.239,2.923,2319.0,774.0,178.0,1367.0,2654.224,638.0,136.0,63.0,115.0,127.0,477.0,146.0,617.0,21.066,0.0,222.909,91.248
2024,city,Harrisville,Harrisville,,,,,,Harrisville,,,,,,,2267.0,6580.46,2.903,2336.0,756.0,189.0,1391.0,2562.429,621.0,135.0,71.0,118.0,119.0,500.0,147.0,625.0,21.029,0.0,117.402,88.0
2025,city,Harrisville,Harrisville,,,,,,Harrisville,,,,,,,2268.0,6525.073,2.877,2355.0,755.0,189.0,1411.0,2655.248,621.0,134.0,71.0,118.0,120.0,502.0,153.0,636.0,21.042,0.0,184.137,95.07
2026,city,Harrisville,Harrisville,,,,,,Harrisville,,,,,,,2270.0,6472.052,2.851,2361.0,751.0,189.0,1421.0,2805.286,617.0,134.0,71.0,118.0,118.0,504.0,160.0,639.0,21.052999999999997,0.0,327.162,96.07
2027,city,Harrisville,Harrisville,,,,,,Harrisville,,,,,,,2275.0,6431.5960000000005,2.827,2380.0,751.0,190.0,1439.0,2686.1099999999997,617.0,134.0,72.0,118.0,117.0,509.0,166.0,647.0,21.112000000000002,0.0,188.88400000000001,96.113
2028,city,Harrisville,Harrisville,,,,,,Harrisville,,,,,,,2277.0,6379.06,2.802,2388.0,750.0,190.0,1448.0,2690.349,617.0,133.0,72.0,118.0,117.0,509.0,167.0,655.0,21.070999999999998,0.0,185.125,96.155
2029,city,Harrisville,Harrisville,,,,,,Harrisville,,,,,,,2277.0,6322.007,2.776,2398.0,750.0,190.0,1458.0,2713.628,617.0,133.0,72.0,118.0,117.0,510.0,171.0,660.0,21.055,0.0,197.52700000000002,97.044
2030,city,Harrisville,Harrisville,,,,,,Harrisville,,,,,,,2277.0,6278.357999999999,2.757,2420.0,750.0,193.0,1477.0,2753.172,617.0,133.0,75.0,118.0,117.0,517.0,176.0,667.0,21.029,0.0,212.945,99.198
2031,city,Harrisville,Harrisville,,,,,,Harrisville,,,,,,,2277.0,6227.409,2.735,2421.0,749.0,194.0,1478.0,2718.8469999999998,617.0,132.0,76.0,118.0,117.0,515.0,178.0,668.0,21.029,0.0,176.732,100.087
2032,city,Harrisville,Harrisville,,,,,,Harrisville,,,,,,,2296.0,6246.654,2.721,2420.0,747.0,192.0,1481.0,2737.7110000000002,617.0,130.0,76.0,116.0,117.0,514.0,180.0,670.0,21.0,0.0,195.603,101.107
2033,city,Harrisville,Harrisville,,,,,,Harrisville,,,,,,,2358.0,6396.879,2.713,2428.0,746.0,192.0,1490.0,2728.077,617.0,129.0,76.0,116.0,120.0,514.0,182.0,674.0,21.042,0.0,174.945,104.087
2034,city,Harrisville,Harrisville,,,,,,Harrisville,,,,,,,2400.0,6475.517,2.698,2446.0,746.0,192.0,1508.0,2757.7569999999996,617.0,129.0,76.0,116.0,121.0,515.0,187.0,685.0,21.073,0.0,183.465,107.21900000000001
2035,city,Harrisville,Harrisville,,,,,,Harrisville,,,,,,,2423.0,6508.865,2.686,2427.0,739.0,192.0,1496.0,2738.563,615.0,124.0,77.0,115.0,122.0,515.0,187.0,672.0,21.043,0.0,183.454,107.066
2036,city,Harrisville,Harrisville,,,,,,Harrisville,,,,,,,2444.0,6529.724,2.672,2432.0,739.0,193.0,1500.0,2752.517,615.0,124.0,78.0,115.0,124.0,515.0,188.0,673.0,21.073,0.0,191.377,108.06400000000001
2037,city,Harrisville,Harrisville,,,,,,Harrisville,,,,,,,2327.0,6149.302,2.643,2418.0,723.0,210.0,1485.0,2778.8779999999997,602.0,121.0,98.0,112.0,120.0,507.0,192.0,666.0,21.116,0.0,236.701,103.061
2038,city,Harrisville,Harrisville,,,,,,Harrisville,,,,,,,2338.0,6142.944,2.627,2436.0,723.0,213.0,1500.0,2741.149,602.0,121.0,101.0,112.0,122.0,511.0,196.0,671.0,21.134,0.0,178.957,105.06
2039,city,Harrisville,Harrisville,,,,,,Harrisville,,,,,,,2409.0,6325.733,2.626,2444.0,723.0,214.0,1507.0,2945.116,602.0,121.0,102.0,112.0,123.0,514.0,197.0,673.0,21.104,0.0,371.01300000000003,109.0
2040,city,Harrisville,Harrisville,,,,,,Harrisville,,,,,,,2453.0,6432.225,2.622,2456.0,723.0,216.0,1517.0,2779.956,602.0,121.0,104.0,112.0,124.0,518.0,198.0,677.0,21.074,0.0,190.757,112.124
2041,city,Harrisville,Harrisville,,,,,,Harrisville,,,,,,,2592.0,6828.945000000001,2.635,2466.0,723.0,218.0,1525.0,3034.945,602.0,121.0,106.0,112.0,126.0,519.0,200.0,680.0,20.141,0.0,428.932,119.87100000000001
2042,city,Harrisville,Harrisville,,,,,,Harrisville,,,,,,,2683.0,7073.627,2.636,2478.0,723.0,219.0,1536.0,2845.43,602.0,121.0,107.0,112.0,126.0,523.0,201.0,686.0,20.127,0.0,224.173,123.12899999999999
2043,city,Harrisville,Harrisville,,,,,,Harrisville,,,,,,,2717.0,7138.22,2.627,2488.0,723.0,219.0,1546.0,2813.3469999999998,602.0,121.0,107.0,112.0,129.0,525.0,204.0,688.0,20.128999999999998,0.0,179.0,126.218
2044,city,Harrisville,Harrisville,,,,,,Harrisville,,,,,,,2735.0,7163.932,2.619,2493.0,723.0,219.0,1551.0,2830.997,602.0,121.0,107.0,112.0,129.0,526.0,205.0,691.0,20.099999999999998,0.0,189.702,128.196
2045,city,Harrisville,Harrisville,,,,,,Harrisville,,,,,,,2755.0,7195.013999999999,2.612,2501.0,723.0,220.0,1558.0,2845.877,602.0,121.0,108.0,112.0,130.0,527.0,208.0,693.0,20.071,0.0,196.679,128.128
2046,city,Harrisville,Harrisville,,,,,,Harrisville,,,,,,,2779.0,7244.82,2.607,2530.0,741.0,222.0,1567.0,2898.3089999999997,602.0,139.0,110.0,112.0,131.0,532.0,208.0,696.0,20.128999999999998,0.0,217.074,131.108
2047,city,Harrisville,Harrisville,,,,,,Harrisville,,,,,,,2798.0,7275.064,2.6,2548.0,754.0,225.0,1569.0,2883.685,602.0,152.0,113.0,112.0,131.0,532.0,208.0,698.0,21.044999999999998,0.0,182.45,132.192
2048,city,Harrisville,Harrisville,,,,,,Harrisville,,,,,,,2820.0,7315.58,2.594,2557.0,756.0,225.0,1576.0,2933.983,602.0,154.0,113.0,112.0,132.0,535.0,209.0,700.0,20.117,0.0,221.783,135.085
2049,city,Harrisville,Harrisville,,,,,,Harrisville,,,,,,,2857.0,7403.142,2.591,2565.0,756.0,226.0,1583.0,2980.205,602.0,154.0,114.0,112.0,134.0,537.0,211.0,701.0,20.043,0.0,257.142,138.022
2050,city,Harrisville,Harrisville,,,,,,Harrisville,,,,,,,2890.0,7467.025,2.584,2576.0,756.0,227.0,1593.0,3001.676,602.0,154.0,115.0,112.0,137.0,542.0,211.0,703.0,20.058999999999997,0.0,266.618,139.0
2051,city,Harrisville,Harrisville,,,,,,Harrisville,,,,,,,2903.0,7479.056,2.576,2579.0,757.0,227.0,1595.0,2901.315,602.0,155.0,115.0,112.0,137.0,542.0,212.0,704.0,20.088,0.0,162.061,140.167
2052,city,Harrisville,Harrisville,,,,,,Harrisville,,,,,,,2910.0,7474.179,2.568,2585.0,757.0,227.0,1601.0,2964.1279999999997,602.0,155.0,115.0,112.0,137.0,545.0,213.0,706.0,20.102,0.0,217.737,141.287
2053,city,Harrisville,Harrisville,,,,,,Harrisville,,,,,,,2920.0,7464.071,2.556,2591.0,757.0,227.0,1607.0,2971.398,602.0,155.0,115.0,112.0,137.0,550.0,213.0,707.0,20.088,0.0,218.228,142.082
2054,city,Harrisville,Harrisville,,,,,,Harrisville,,,,,,,2930.0,7461.405,2.547,2596.0,757.0,227.0,1612.0,2988.709,602.0,155.0,115.0,112.0,138.0,552.0,214.0,708.0,20.06,0.0,228.406,144.243
2055,city,Harrisville,Harrisville,,,,,,Harrisville,,,,,,,2989.0,7581.647999999999,2.537,2600.0,757.0,227.0,1616.0,3048.862,602.0,155.0,115.0,112.0,138.0,555.0,214.0,709.0,20.043,0.0,280.735,148.083
2056,city,Harrisville,Harrisville,,,,,,Harrisville,,,,,,,3011.0,7619.995,2.531,2608.0,757.0,228.0,1623.0,3010.0950000000003,602.0,155.0,116.0,112.0,138.0,557.0,214.0,714.0,20.012999999999998,0.0,232.142,149.939
2057,city,Harrisville,Harrisville,,,,,,Harrisville,,,,,,,3007.0,7684.342000000001,2.555,2612.0,757.0,228.0,1627.0,3040.804,602.0,155.0,116.0,112.0,138.0,560.0,214.0,715.0,20.121,0.0,257.764,150.92
2058,city,Harrisville,Harrisville,,,,,,Harrisville,,,,,,,3006.0,7750.897999999999,2.578,2613.0,757.0,228.0,1628.0,3029.7250000000004,602.0,155.0,116.0,112.0,138.0,560.0,215.0,715.0,20.137999999999998,0.0,242.648,153.939
2059,city,Harrisville,Harrisville,,,,,,Harrisville,,,,,,,3005.0,7814.278,2.6,2615.0,757.0,229.0,1629.0,3028.857,602.0,155.0,117.0,112.0,138.0,560.0,215.0,716.0,20.139,0.0,237.538,156.182
2060,city,Harrisville,Harrisville,,,,,,Harrisville,,,,,,,3003.0,7877.548999999999,2.623,2621.0,757.0,229.0,1635.0,3047.309,602.0,155.0,117.0,112.0,139.0,564.0,215.0,717.0,20.153000000000002,0.0,246.256,159.899
2061,city,Harrisville,Harrisville,,,,,,Harrisville,,,,,,,2998.0,7932.1720000000005,2.646,2622.0,757.0,229.0,1636.0,3051.709,602.0,155.0,117.0,112.0,139.0,564.0,216.0,717.0,20.092,0.0,248.638,160.97899999999998
2062,city,Harrisville,Harrisville,,,,,,Harrisville,,,,,,,2993.0,7984.656999999999,2.668,2627.0,757.0,229.0,1641.0,3084.744,602.0,155.0,117.0,112.0,139.0,565.0,217.0,720.0,22.84,0.0,273.842,161.06
2063,city,Harrisville,Harrisville,,,,,,Harrisville,,,,,,,2992.0,8052.523,2.691,2628.0,757.0,229.0,1642.0,3068.553,602.0,155.0,117.0,112.0,139.0,566.0,217.0,720.0,22.0,0.0,253.49099999999999,165.062
2064,city,Harrisville,Harrisville,,,,,,Harrisville,,,,,,,2991.0,8115.6900000000005,2.713,2631.0,757.0,229.0,1645.0,3074.886,602.0,155.0,117.0,112.0,139.0,568.0,218.0,720.0,22.067,0.0,254.71499999999997,167.101
2065,city,Harrisville,Harrisville,,,,,,Harrisville,,,,,,,2990.0,8181.130999999999,2.736,2634.0,756.0,230.0,1648.0,3055.27,602.0,154.0,118.0,112.0,139.0,568.0,218.0,723.0,23.147,0.0,229.185,168.938
2023,city,Herriman,Herriman,,,,,,Herriman,,,,,,,18948.0,61963.606,3.27,6956.0,1683.0,1088.0,4185.0,9959.771,841.0,842.0,735.0,353.0,319.0,2298.0,305.0,1263.0,102.242,0.0,1683.6979999999999,1217.826
2024,city,Herriman,Herriman,,,,,,Herriman,,,,,,,19517.0,62710.844,3.213,7010.0,1679.0,1102.0,4229.0,10734.908,833.0,846.0,738.0,364.0,322.0,2322.0,310.0,1275.0,96.539,0.0,2406.149,1222.22
2025,city,Herriman,Herriman,,,,,,Herriman,,,,,,,20169.0,63617.837,3.154,7048.0,1673.0,1132.0,4243.0,11178.791,833.0,840.0,763.0,369.0,323.0,2326.0,315.0,1279.0,94.376,0.0,2662.9210000000003,1373.488
2026,city,Herriman,Herriman,,,,,,Herriman,,,,,,,20819.0,64557.125,3.101,7045.0,1666.0,1133.0,4246.0,10594.979,829.0,837.0,764.0,369.0,320.0,2323.0,320.0,1283.0,90.291,0.0,2039.4679999999998,1420.227
2027,city,Herriman,Herriman,,,,,,Herriman,,,,,,,21386.0,65193.187000000005,3.048,7064.0,1667.0,1138.0,4259.0,10517.938,830.0,837.0,764.0,374.0,322.0,2325.0,324.0,1288.0,86.773,0.0,1896.984,1470.181
2028,city,Herriman,Herriman,,,,,,Herriman,,,,,,,21745.0,65299.729999999996,3.003,7101.0,1665.0,1142.0,4294.0,10147.525,831.0,834.0,764.0,378.0,329.0,2328.0,328.0,1309.0,89.655,0.0,1455.825,1501.048
2029,city,Herriman,Herriman,,,,,,Herriman,,,,,,,22062.0,65416.688,2.965,7740.0,1725.0,1183.0,4832.0,12902.321,869.0,856.0,788.0,395.0,420.0,2377.0,394.0,1641.0,88.288,0.0,3538.801,1535.229
2030,city,Herriman,Herriman,,,,,,Herriman,,,,,,,22247.0,65219.64,2.932,8492.0,1808.0,1227.0,5457.0,11524.47,955.0,853.0,828.0,399.0,520.0,2416.0,544.0,1977.0,88.513,0.0,1384.777,1559.181
2031,city,Herriman,Herriman,,,,,,Herriman,,,,,,,22533.0,65242.511,2.895,9004.0,1883.0,1364.0,5757.0,12646.762999999999,1011.0,872.0,958.0,406.0,568.0,2414.0,597.0,2178.0,87.51100000000001,0.0,1969.208,1586.047
2032,city,Herriman,Herriman,,,,,,Herriman,,,,,,,22899.0,65512.579,2.861,9747.0,2018.0,1381.0,6348.0,13724.893,1126.0,892.0,961.0,420.0,660.0,2423.0,692.0,2573.0,84.639,0.0,2271.751,1621.502
2033,city,Herriman,Herriman,,,,,,Herriman,,,,,,,23224.0,65681.725,2.828,10503.0,2126.0,1439.0,6938.0,14262.116,1213.0,913.0,1012.0,427.0,787.0,2438.0,745.0,2968.0,84.703,0.0,2009.9089999999999,1664.497
2034,city,Herriman,Herriman,,,,,,Herriman,,,,,,,23538.0,65925.891,2.801,11362.0,2366.0,1453.0,7543.0,15057.965,1298.0,1068.0,1013.0,440.0,904.0,2453.0,809.0,3377.0,84.049,0.0,1900.597,1711.318
2035,city,Herriman,Herriman,,,,,,Herriman,,,,,,,23748.0,65919.768,2.776,11466.0,2364.0,1450.0,7652.0,15105.687,1327.0,1037.0,1014.0,436.0,987.0,2452.0,822.0,3391.0,84.99,0.0,1826.645,1728.045
2036,city,Herriman,Herriman,,,,,,Herriman,,,,,,,24035.0,66152.837,2.752,11912.0,2476.0,1450.0,7986.0,15830.401,1395.0,1081.0,1014.0,436.0,1079.0,2469.0,811.0,3627.0,84.115,0.0,2072.238,1762.0439999999999
2037,city,Herriman,Herriman,,,,,,Herriman,,,,,,,24411.0,66637.741,2.73,8700.0,1792.0,1373.0,5535.0,12672.438,963.0,829.0,972.0,401.0,655.0,2403.0,514.0,1963.0,87.874,0.0,2077.652,1806.9089999999999
2038,city,Herriman,Herriman,,,,,,Herriman,,,,,,,24731.0,66913.626,2.706,9032.0,1855.0,1405.0,5772.0,12894.88,1007.0,848.0,997.0,408.0,708.0,2425.0,530.0,2109.0,84.843,0.0,1925.129,1852.907
2039,city,Herriman,Herriman,,,,,,Herriman,,,,,,,24983.0,67067.26299999999,2.685,9254.0,1891.0,1438.0,5925.0,12842.551,1031.0,860.0,1026.0,412.0,745.0,2443.0,547.0,2190.0,88.511,0.0,1602.039,1898.0
2040,city,Herriman,Herriman,,,,,,Herriman,,,,,,,25185.0,67129.702,2.665,10050.0,2042.0,1469.0,6539.0,14596.348,1126.0,916.0,1040.0,429.0,869.0,2504.0,606.0,2560.0,86.574,0.0,2524.407,1935.3719999999998
2041,city,Herriman,Herriman,,,,,,Herriman,,,,,,,25400.0,67287.727,2.649,10804.0,2272.0,1487.0,7045.0,14660.311,1276.0,996.0,1041.0,446.0,980.0,2545.0,645.0,2875.0,87.505,0.0,1793.269,1975.536
2042,city,Herriman,Herriman,,,,,,Herriman,,,,,,,25591.0,67382.576,2.633,11521.0,2430.0,1501.0,7590.0,15755.188,1382.0,1048.0,1036.0,465.0,1099.0,2596.0,651.0,3244.0,88.656,0.0,2132.202,2013.328
2043,city,Herriman,Herriman,,,,,,Herriman,,,,,,,25786.0,67530.307,2.619,11973.0,2426.0,1495.0,8052.0,15854.29,1388.0,1038.0,1016.0,479.0,1200.0,2640.0,664.0,3548.0,83.757,0.0,1741.667,2055.868
2044,city,Herriman,Herriman,,,,,,Herriman,,,,,,,25974.0,67665.64600000001,2.605,12841.0,2576.0,1510.0,8755.0,17241.8,1504.0,1072.0,1011.0,499.0,1355.0,2713.0,702.0,3985.0,84.141,0.0,2215.7490000000003,2100.91
2045,city,Herriman,Herriman,,,,,,Herriman,,,,,,,26121.0,67747.222,2.594,13623.0,2757.0,1567.0,9299.0,17503.581,1619.0,1138.0,1042.0,525.0,1461.0,2786.0,735.0,4317.0,81.067,0.0,1662.825,2136.692
2046,city,Herriman,Herriman,,,,,,Herriman,,,,,,,26263.0,67830.273,2.583,14358.0,2963.0,1550.0,9845.0,18410.53,1760.0,1203.0,995.0,555.0,1587.0,2845.0,769.0,4644.0,79.806,0.0,1790.769,2181.956
2047,city,Herriman,Herriman,,,,,,Herriman,,,,,,,26355.0,67785.603,2.572,15028.0,3119.0,1625.0,10284.0,18757.641,1859.0,1260.0,1046.0,579.0,1688.0,2890.0,814.0,4892.0,79.065,0.0,1432.186,2218.392
2048,city,Herriman,Herriman,,,,,,Herriman,,,,,,,26426.0,67699.489,2.562,15345.0,3188.0,1665.0,10492.0,19398.641,1911.0,1277.0,1074.0,591.0,1757.0,2917.0,842.0,4976.0,79.0,0.0,1716.472,2258.175
2049,city,Herriman,Herriman,,,,,,Herriman,,,,,,,26477.0,67584.157,2.553,15629.0,3230.0,1687.0,10712.0,19838.043999999998,1938.0,1292.0,1090.0,597.0,1803.0,2947.0,899.0,5063.0,78.935,0.0,1838.012,2292.105
2050,city,Herriman,Herriman,,,,,,Herriman,,,,,,,26513.0,67428.008,2.543,15860.0,3280.0,1705.0,10875.0,20143.568,1972.0,1308.0,1101.0,604.0,1848.0,2979.0,917.0,5131.0,79.0,0.0,1873.865,2330.704
2051,city,Herriman,Herriman,,,,,,Herriman,,,,,,,26546.0,67262.527,2.534,16006.0,3308.0,1715.0,10983.0,20379.787,1999.0,1309.0,1107.0,608.0,1865.0,3000.0,932.0,5186.0,79.934,0.0,1929.433,2364.419
2052,city,Herriman,Herriman,,,,,,Herriman,,,,,,,26593.0,67126.25200000001,2.524,16148.0,3354.0,1721.0,11073.0,20574.21,2036.0,1318.0,1109.0,612.0,1878.0,3008.0,945.0,5242.0,80.0,0.0,1946.919,2399.293
2053,city,Herriman,Herriman,,,,,,Herriman,,,,,,,26710.0,67127.54,2.513,15983.0,3332.0,1692.0,10959.0,20639.409,2017.0,1315.0,1095.0,597.0,1841.0,2980.0,949.0,5189.0,79.0,0.0,2135.533,2441.876
2054,city,Herriman,Herriman,,,,,,Herriman,,,,,,,26916.0,67278.133,2.5,15923.0,3213.0,1694.0,11016.0,20728.925,1963.0,1250.0,1099.0,595.0,1853.0,2991.0,957.0,5215.0,80.0,0.0,2234.1349999999998,2491.794
2055,city,Herriman,Herriman,,,,,,Herriman,,,,,,,26994.0,67137.485,2.487,15998.0,3222.0,1706.0,11070.0,20674.269,1967.0,1255.0,1109.0,597.0,1859.0,3001.0,962.0,5248.0,80.0,0.0,2071.174,2525.097
2056,city,Herriman,Herriman,,,,,,Herriman,,,,,,,27055.0,66984.938,2.476,16079.0,3232.0,1734.0,11113.0,20876.626,1972.0,1260.0,1122.0,612.0,1867.0,3015.0,969.0,5262.0,80.066,0.0,2149.686,2567.877
2057,city,Herriman,Herriman,,,,,,Herriman,,,,,,,27179.0,67361.14199999999,2.478,16095.0,3213.0,1729.0,11153.0,21072.149,1968.0,1245.0,1107.0,622.0,1872.0,3017.0,979.0,5285.0,80.066,0.0,2275.675,2621.408
2058,city,Herriman,Herriman,,,,,,Herriman,,,,,,,27300.0,67730.812,2.481,16036.0,3181.0,1687.0,11168.0,21083.348,1955.0,1226.0,1057.0,630.0,1877.0,3014.0,987.0,5290.0,80.0,0.0,2289.225,2678.123
2059,city,Herriman,Herriman,,,,,,Herriman,,,,,,,27389.0,68163.39600000001,2.489,16090.0,3188.0,1692.0,11210.0,21204.012,1963.0,1225.0,1056.0,636.0,1882.0,3020.0,990.0,5318.0,80.0,0.0,2299.6,2734.411
2060,city,Herriman,Herriman,,,,,,Herriman,,,,,,,27570.0,68762.319,2.494,15823.0,3131.0,1532.0,11160.0,21225.254999999997,1949.0,1182.0,901.0,631.0,1888.0,3009.0,993.0,5270.0,80.132,0.0,2523.588,2798.5370000000003
2061,city,Herriman,Herriman,,,,,,Herriman,,,,,,,27772.0,69434.793,2.5,15673.0,3058.0,1523.0,11092.0,21154.817,1877.0,1181.0,895.0,628.0,1874.0,2996.0,995.0,5227.0,80.0,0.0,2531.94,2869.875
2062,city,Herriman,Herriman,,,,,,Herriman,,,,,,,27991.0,70042.764,2.502,15609.0,3044.0,1501.0,11064.0,21326.813,1871.0,1173.0,871.0,630.0,1868.0,2992.0,996.0,5208.0,80.132,0.0,2694.809,2942.874
2063,city,Herriman,Herriman,,,,,,Herriman,,,,,,,28235.0,70608.341,2.501,15587.0,3023.0,1503.0,11061.0,21482.681,1849.0,1174.0,870.0,633.0,1869.0,2993.0,996.0,5203.0,80.132,0.0,2798.086,3017.461
2064,city,Herriman,Herriman,,,,,,Herriman,,,,,,,28407.0,70968.981,2.498,15618.0,3033.0,1509.0,11076.0,21684.266,1856.0,1177.0,874.0,635.0,1871.0,2993.0,999.0,5213.0,80.0,0.0,2895.843,3090.427
2065,city,Herriman,Herriman,,,,,,Herriman,,,,,,,28669.0,71429.297,2.492,15643.0,3040.0,1513.0,11090.0,22064.74,1860.0,1180.0,875.0,638.0,1872.0,2996.0,1003.0,5219.0,80.132,0.0,3168.652,3172.957
2023,city,Highland,Highland,,,,,,Highland,,,,,,,4905.0,17578.907,3.584,3018.0,753.0,312.0,1953.0,4059.015,394.0,359.0,25.0,287.0,221.0,555.0,209.0,968.0,12.096,0.0,713.518,315.402
2024,city,Highland,Highland,,,,,,Highland,,,,,,,5033.0,17924.641,3.561,3043.0,753.0,314.0,1976.0,3747.1169999999997,393.0,360.0,27.0,287.0,219.0,572.0,216.0,969.0,12.096,0.0,381.384,310.638
2025,city,Highland,Highland,,,,,,Highland,,,,,,,5245.0,18507.436,3.529,3083.0,764.0,332.0,1987.0,3905.621,401.0,363.0,32.0,300.0,220.0,577.0,218.0,972.0,12.093,0.0,461.937,348.595
2026,city,Highland,Highland,,,,,,Highland,,,,,,,5464.0,19111.092,3.498,3100.0,767.0,332.0,2001.0,3949.514,403.0,364.0,32.0,300.0,220.0,583.0,223.0,975.0,9.069,0.0,480.291,360.152
2027,city,Highland,Highland,,,,,,Highland,,,,,,,5691.0,19584.777,3.441,3117.0,768.0,333.0,2016.0,4110.378,404.0,364.0,33.0,300.0,220.0,587.0,229.0,980.0,9.073,0.0,611.838,372.463
2028,city,Highland,Highland,,,,,,Highland,,,,,,,5802.0,19719.06,3.399,3135.0,772.0,335.0,2028.0,3902.5099999999998,408.0,364.0,34.0,301.0,220.0,591.0,231.0,986.0,9.064,0.0,380.899,377.545
2029,city,Highland,Highland,,,,,,Highland,,,,,,,5862.0,19733.778000000002,3.366,3156.0,776.0,338.0,2042.0,3956.887,412.0,364.0,37.0,301.0,220.0,596.0,235.0,991.0,9.075,0.0,411.34499999999997,380.468
2030,city,Highland,Highland,,,,,,Highland,,,,,,,5931.0,19771.785,3.334,3171.0,779.0,340.0,2052.0,4072.278,415.0,364.0,39.0,301.0,220.0,597.0,239.0,996.0,8.088,0.0,512.8629999999999,380.331
2031,city,Highland,Highland,,,,,,Highland,,,,,,,6014.0,19846.461,3.3,3178.0,781.0,343.0,2054.0,3960.474,418.0,363.0,39.0,304.0,220.0,597.0,240.0,997.0,8.08,0.0,390.087,384.303
2032,city,Highland,Highland,,,,,,Highland,,,,,,,6046.0,19785.403,3.272,3186.0,782.0,345.0,2059.0,4008.605,419.0,363.0,41.0,304.0,220.0,597.0,241.0,1001.0,9.093,0.0,426.573,386.941
2033,city,Highland,Highland,,,,,,Highland,,,,,,,6120.0,19884.457000000002,3.249,3190.0,784.0,345.0,2061.0,4144.193,421.0,363.0,41.0,304.0,220.0,597.0,241.0,1003.0,9.054,0.0,552.842,392.299
2034,city,Highland,Highland,,,,,,Highland,,,,,,,6216.0,20071.57,3.229,3181.0,787.0,344.0,2050.0,4212.186,423.0,364.0,42.0,302.0,217.0,594.0,242.0,997.0,9.098999999999998,0.0,619.778,402.313
2035,city,Highland,Highland,,,,,,Highland,,,,,,,6261.0,20094.515,3.209,3162.0,775.0,342.0,2045.0,3959.11,424.0,351.0,44.0,298.0,220.0,594.0,245.0,986.0,9.09,0.0,387.657,400.365
2036,city,Highland,Highland,,,,,,Highland,,,,,,,6298.0,20105.894,3.192,3165.0,776.0,342.0,2047.0,3991.6769999999997,425.0,351.0,44.0,298.0,220.0,594.0,247.0,986.0,9.078,0.0,414.24,403.35699999999997
2037,city,Highland,Highland,,,,,,Highland,,,,,,,6353.0,20208.081,3.181,3118.0,726.0,328.0,2064.0,3955.562,387.0,339.0,46.0,282.0,239.0,593.0,231.0,1001.0,8.058,0.0,423.263,406.242
2038,city,Highland,Highland,,,,,,Highland,,,,,,,6383.0,20226.53,3.169,3122.0,726.0,330.0,2066.0,3958.137,387.0,339.0,48.0,282.0,239.0,593.0,232.0,1002.0,7.076999999999999,0.0,419.88100000000003,409.182
2039,city,Highland,Highland,,,,,,Highland,,,,,,,6429.0,20278.996,3.154,3128.0,728.0,331.0,2069.0,4048.505,389.0,339.0,49.0,282.0,239.0,593.0,232.0,1005.0,7.07,0.0,498.329,415.10900000000004
2040,city,Highland,Highland,,,,,,Highland,,,,,,,6458.0,20280.933,3.14,3135.0,729.0,332.0,2074.0,3956.9809999999998,390.0,339.0,50.0,282.0,239.0,593.0,233.0,1009.0,7.061999999999999,0.0,398.993,415.928
2041,city,Highland,Highland,,,,,,Highland,,,,,,,6478.0,20253.225,3.126,3137.0,729.0,333.0,2075.0,3892.529,390.0,339.0,51.0,282.0,239.0,593.0,234.0,1009.0,7.062999999999999,0.0,330.207,418.259
2042,city,Highland,Highland,,,,,,Highland,,,,,,,6516.0,20306.57,3.116,3138.0,729.0,333.0,2076.0,3935.395,390.0,339.0,51.0,282.0,239.0,593.0,234.0,1010.0,7.069,0.0,369.91700000000003,420.413
2043,city,Highland,Highland,,,,,,Highland,,,,,,,6544.0,20313.143,3.104,2945.0,587.0,324.0,2034.0,3730.68,319.0,268.0,53.0,271.0,235.0,591.0,235.0,973.0,7.056,0.0,356.42199999999997,422.20099999999996
2044,city,Highland,Highland,,,,,,Highland,,,,,,,6581.0,20348.659,3.092,2915.0,576.0,322.0,2017.0,3730.257,317.0,259.0,54.0,268.0,234.0,591.0,235.0,957.0,7.056,0.0,382.705,425.49899999999997
2045,city,Highland,Highland,,,,,,Highland,,,,,,,6618.0,20369.809,3.078,2781.0,505.0,318.0,1958.0,3597.095,285.0,220.0,53.0,265.0,228.0,586.0,231.0,913.0,6.0409999999999995,0.0,379.892,430.165
2046,city,Highland,Highland,,,,,,Highland,,,,,,,6648.0,20384.654,3.066,2784.0,506.0,319.0,1959.0,3542.824,286.0,220.0,54.0,265.0,228.0,587.0,231.0,913.0,6.047000000000001,0.0,320.798,431.983
2047,city,Highland,Highland,,,,,,Highland,,,,,,,6697.0,20442.657,3.053,2760.0,487.0,318.0,1955.0,3546.2999999999997,273.0,214.0,55.0,263.0,228.0,587.0,231.0,909.0,5.034999999999999,0.0,347.41,433.859
2048,city,Highland,Highland,,,,,,Highland,,,,,,,6733.0,20490.809999999998,3.043,2745.0,487.0,319.0,1939.0,3531.474,273.0,214.0,56.0,263.0,228.0,587.0,231.0,893.0,6.029999999999999,0.0,342.462,437.983
2049,city,Highland,Highland,,,,,,Highland,,,,,,,6777.0,20550.102,3.032,2747.0,488.0,320.0,1939.0,3547.051,274.0,214.0,57.0,263.0,228.0,587.0,231.0,893.0,6.025,0.0,355.104,438.924
2050,city,Highland,Highland,,,,,,Highland,,,,,,,6821.0,20587.8,3.018,2699.0,488.0,320.0,1891.0,3514.6279999999997,274.0,214.0,57.0,263.0,228.0,588.0,231.0,844.0,5.04,0.0,365.617,444.968
2051,city,Highland,Highland,,,,,,Highland,,,,,,,6871.0,20650.54,3.005,2661.0,460.0,319.0,1882.0,3540.689,253.0,207.0,57.0,262.0,227.0,587.0,231.0,837.0,3.0300000000000002,0.0,428.644,448.017
2052,city,Highland,Highland,,,,,,Highland,,,,,,,6912.0,20688.086,2.993,2661.0,460.0,319.0,1882.0,3540.491,253.0,207.0,57.0,262.0,227.0,587.0,231.0,837.0,3.0389999999999997,0.0,424.391,452.057
2053,city,Highland,Highland,,,,,,Highland,,,,,,,6970.0,20746.192,2.976,2599.0,413.0,317.0,1869.0,3502.03,233.0,180.0,57.0,260.0,227.0,586.0,231.0,825.0,3.0389999999999997,0.0,444.717,455.277
2054,city,Highland,Highland,,,,,,Highland,,,,,,,7082.0,20936.97,2.956,2604.0,415.0,318.0,1871.0,3535.102,235.0,180.0,58.0,260.0,227.0,587.0,231.0,826.0,3.036,0.0,466.908,461.159
2055,city,Highland,Highland,,,,,,Highland,,,,,,,7148.0,21043.094,2.944,2605.0,415.0,318.0,1872.0,3566.944,235.0,180.0,58.0,260.0,227.0,587.0,231.0,827.0,3.0389999999999997,0.0,490.821,468.087
2056,city,Highland,Highland,,,,,,Highland,,,,,,,7157.0,20971.996,2.93,2605.0,415.0,318.0,1872.0,3540.547,235.0,180.0,58.0,260.0,227.0,587.0,231.0,827.0,3.0389999999999997,0.0,463.538,468.97
2057,city,Highland,Highland,,,,,,Highland,,,,,,,7166.0,21053.823,2.938,2587.0,401.0,319.0,1867.0,3564.146,228.0,173.0,60.0,259.0,227.0,588.0,229.0,823.0,3.0389999999999997,0.0,500.234,473.87399999999997
2058,city,Highland,Highland,,,,,,Highland,,,,,,,7171.0,21343.175,2.976,2543.0,401.0,319.0,1823.0,3516.8830000000003,228.0,173.0,60.0,259.0,227.0,588.0,229.0,779.0,3.0389999999999997,0.0,489.954,480.89099999999996
2059,city,Highland,Highland,,,,,,Highland,,,,,,,7177.0,21589.287,3.008,2513.0,402.0,319.0,1792.0,3483.88,229.0,173.0,60.0,259.0,227.0,588.0,229.0,748.0,3.042,0.0,477.74399999999997,490.094
2060,city,Highland,Highland,,,,,,Highland,,,,,,,7189.0,21886.211,3.044,2513.0,402.0,319.0,1792.0,3521.181,229.0,173.0,60.0,259.0,227.0,588.0,229.0,748.0,3.042,0.0,505.265,499.872
2061,city,Highland,Highland,,,,,,Highland,,,,,,,7189.0,22190.761,3.087,2514.0,403.0,319.0,1792.0,3515.083,230.0,173.0,60.0,259.0,227.0,588.0,229.0,748.0,3.0389999999999997,0.0,494.072,503.972
2062,city,Highland,Highland,,,,,,Highland,,,,,,,7219.0,22505.23,3.117,2436.0,339.0,316.0,1781.0,3497.891,220.0,119.0,59.0,257.0,226.0,586.0,228.0,741.0,3.036,0.0,539.684,519.165
2063,city,Highland,Highland,,,,,,Highland,,,,,,,7219.0,22776.512,3.155,2436.0,339.0,316.0,1781.0,3467.244,220.0,119.0,59.0,257.0,226.0,586.0,228.0,741.0,3.036,0.0,503.139,525.07
2064,city,Highland,Highland,,,,,,Highland,,,,,,,7219.0,23064.106,3.195,2439.0,340.0,317.0,1782.0,3502.114,221.0,119.0,60.0,257.0,226.0,586.0,229.0,741.0,3.0389999999999997,0.0,525.939,534.139
2065,city,Highland,Highland,,,,,,Highland,,,,,,,7219.0,23326.927,3.231,2450.0,343.0,317.0,1790.0,3515.709,224.0,119.0,60.0,257.0,226.0,587.0,232.0,745.0,3.0389999999999997,0.0,521.809,540.862
2023,city,Holladay,Holladay,,,,,,Holladay,,,,,,,11602.0,30448.32,2.624,14238.0,1880.0,815.0,11543.0,16176.861,959.0,921.0,434.0,381.0,2482.0,2173.0,1648.0,5240.0,0.0,6.888999999999999,1188.08,743.891
2024,city,Holladay,Holladay,,,,,,Holladay,,,,,,,11677.0,30437.664,2.607,14324.0,1854.0,866.0,11604.0,16452.687,936.0,918.0,471.0,395.0,2445.0,2249.0,1653.0,5257.0,0.0,7.055000000000001,1390.507,731.131
2025,city,Holladay,Holladay,,,,,,Holladay,,,,,,,11792.0,30500.701,2.587,14579.0,1867.0,891.0,11821.0,16840.675,948.0,919.0,494.0,397.0,2471.0,2321.0,1702.0,5327.0,0.0,6.969,1452.42,802.284
2026,city,Holladay,Holladay,,,,,,Holladay,,,,,,,11937.0,30665.71,2.569,14639.0,1862.0,894.0,11883.0,16751.317,943.0,919.0,492.0,402.0,2435.0,2321.0,1752.0,5375.0,0.0,7.117,1289.07,816.13
2027,city,Holladay,Holladay,,,,,,Holladay,,,,,,,12075.0,30831.425,2.553,14849.0,1895.0,904.0,12050.0,17015.47,964.0,931.0,487.0,417.0,2416.0,2362.0,1806.0,5466.0,0.0,7.215,1328.148,831.101
2028,city,Holladay,Holladay,,,,,,Holladay,,,,,,,12158.0,30793.598,2.533,15067.0,1897.0,905.0,12265.0,17251.849000000002,968.0,929.0,487.0,418.0,2465.0,2401.0,1837.0,5562.0,0.0,6.868,1338.955,839.027
2029,city,Holladay,Holladay,,,,,,Holladay,,,,,,,12266.0,30909.815,2.52,15259.0,1906.0,913.0,12440.0,17452.656000000003,983.0,923.0,493.0,420.0,2493.0,2424.0,1858.0,5665.0,0.0,6.44,1337.091,850.1260000000001
2030,city,Holladay,Holladay,,,,,,Holladay,,,,,,,12389.0,30955.301,2.499,15625.0,1931.0,927.0,12767.0,18142.421000000002,1014.0,917.0,507.0,420.0,2566.0,2447.0,1953.0,5801.0,0.0,6.304,1644.017,867.102
2031,city,Holladay,Holladay,,,,,,Holladay,,,,,,,12511.0,31066.341,2.483,15813.0,1955.0,937.0,12921.0,18027.334,1046.0,909.0,515.0,422.0,2612.0,2442.0,1990.0,5877.0,0.0,6.317,1327.994,880.0269999999999
2032,city,Holladay,Holladay,,,,,,Holladay,,,,,,,12593.0,31082.729,2.468,16016.0,1976.0,929.0,13111.0,18364.218,1081.0,895.0,515.0,414.0,2659.0,2437.0,2037.0,5978.0,0.0,6.604,1446.8890000000001,894.728
2033,city,Holladay,Holladay,,,,,,Holladay,,,,,,,12845.0,31546.565,2.456,15979.0,1933.0,765.0,13281.0,18612.016,1057.0,876.0,358.0,407.0,2713.0,2433.0,2063.0,6072.0,0.0,6.912999999999999,1706.825,919.278
2034,city,Holladay,Holladay,,,,,,Holladay,,,,,,,13123.0,32168.042,2.451,16261.0,2016.0,758.0,13487.0,18481.402,1077.0,939.0,355.0,403.0,2752.0,2436.0,2060.0,6239.0,0.0,7.1850000000000005,1256.038,957.176
2035,city,Holladay,Holladay,,,,,,Holladay,,,,,,,13346.0,32599.024,2.443,16240.0,1996.0,756.0,13488.0,18521.469,1089.0,907.0,355.0,401.0,2790.0,2435.0,2065.0,6198.0,0.0,7.271,1305.174,969.026
2036,city,Holladay,Holladay,,,,,,Holladay,,,,,,,13562.0,32985.191,2.432,16279.0,1984.0,735.0,13560.0,18933.828999999998,1094.0,890.0,346.0,389.0,2820.0,2438.0,2068.0,6234.0,0.0,7.213,1654.594,993.0269999999999
2037,city,Holladay,Holladay,,,,,,Holladay,,,,,,,13871.0,33826.142,2.439,16145.0,2059.0,934.0,13152.0,18532.792999999998,1154.0,905.0,557.0,377.0,2730.0,2358.0,1993.0,6071.0,0.0,7.143999999999999,1350.702,1029.95
2038,city,Holladay,Holladay,,,,,,Holladay,,,,,,,14020.0,34088.312,2.431,16018.0,2000.0,932.0,13086.0,18439.148,1155.0,845.0,557.0,375.0,2746.0,2343.0,2001.0,5996.0,0.0,7.121,1361.081,1052.95
2039,city,Holladay,Holladay,,,,,,Holladay,,,,,,,14144.0,34306.223,2.425,16036.0,2017.0,932.0,13087.0,18423.953,1168.0,849.0,557.0,375.0,2748.0,2346.0,2001.0,5992.0,0.0,7.1080000000000005,1306.844,1074.0
2040,city,Holladay,Holladay,,,,,,Holladay,,,,,,,14292.0,34586.942,2.42,15694.0,1972.0,858.0,12864.0,18230.987,1154.0,818.0,497.0,361.0,2696.0,2286.0,1979.0,5903.0,0.0,7.107,1432.235,1097.645
2041,city,Holladay,Holladay,,,,,,Holladay,,,,,,,14408.0,34810.656,2.416,15740.0,1986.0,856.0,12898.0,18138.912,1164.0,822.0,495.0,361.0,2709.0,2291.0,1976.0,5922.0,0.0,7.136,1269.474,1122.304
2042,city,Holladay,Holladay,,,,,,Holladay,,,,,,,14495.0,34930.464,2.41,15741.0,1982.0,852.0,12907.0,18160.36,1159.0,823.0,495.0,357.0,2713.0,2291.0,1972.0,5931.0,0.0,7.204,1268.535,1143.618
2043,city,Holladay,Holladay,,,,,,Holladay,,,,,,,14597.0,35110.898,2.405,15307.0,1907.0,663.0,12737.0,17889.028,1111.0,796.0,313.0,350.0,2677.0,2274.0,1936.0,5850.0,0.0,7.260999999999999,1413.842,1160.922
2044,city,Holladay,Holladay,,,,,,Holladay,,,,,,,14770.0,35494.801999999996,2.403,14950.0,1900.0,635.0,12415.0,17665.042,1106.0,794.0,294.0,341.0,2525.0,2254.0,1896.0,5740.0,0.0,7.253,1513.836,1193.9489999999998
2045,city,Holladay,Holladay,,,,,,Holladay,,,,,,,14925.0,35784.295,2.398,14616.0,1865.0,607.0,12144.0,17273.129,1097.0,768.0,284.0,323.0,2455.0,2244.0,1881.0,5564.0,0.0,7.239000000000001,1426.067,1223.823
2046,city,Holladay,Holladay,,,,,,Holladay,,,,,,,15087.0,36152.783,2.396,14582.0,1869.0,604.0,12109.0,17188.923,1102.0,767.0,284.0,320.0,2452.0,2245.0,1854.0,5558.0,0.0,7.243,1348.709,1250.972
2047,city,Holladay,Holladay,,,,,,Holladay,,,,,,,15205.0,36325.717,2.389,14464.0,1828.0,604.0,12032.0,16957.649,1074.0,754.0,283.0,321.0,2439.0,2237.0,1847.0,5509.0,0.0,7.295,1203.13,1283.228
2048,city,Holladay,Holladay,,,,,,Holladay,,,,,,,15354.0,36606.263,2.384,14468.0,1831.0,604.0,12033.0,17003.381,1076.0,755.0,283.0,321.0,2441.0,2235.0,1849.0,5508.0,0.0,7.376,1215.903,1312.1
2049,city,Holladay,Holladay,,,,,,Holladay,,,,,,,15485.0,36835.923,2.379,14470.0,1836.0,603.0,12031.0,17119.647,1081.0,755.0,283.0,320.0,2440.0,2237.0,1848.0,5506.0,0.0,7.46,1300.714,1341.472
2050,city,Holladay,Holladay,,,,,,Holladay,,,,,,,15585.0,36961.534,2.372,14479.0,1841.0,603.0,12035.0,17228.921,1083.0,758.0,283.0,320.0,2442.0,2238.0,1849.0,5506.0,0.0,7.5409999999999995,1372.555,1369.828
2051,city,Holladay,Holladay,,,,,,Holladay,,,,,,,15710.0,37179.67,2.367,14163.0,1866.0,594.0,11703.0,17365.839,1099.0,767.0,280.0,314.0,2315.0,2269.0,1834.0,5285.0,0.0,7.609,1795.984,1399.248
2052,city,Holladay,Holladay,,,,,,Holladay,,,,,,,15804.0,37311.733,2.361,14397.0,1898.0,597.0,11902.0,17246.169,1121.0,777.0,280.0,317.0,2372.0,2322.0,1855.0,5353.0,0.0,7.688,1414.305,1427.174
2053,city,Holladay,Holladay,,,,,,Holladay,,,,,,,15887.0,37387.022,2.353,14071.0,1807.0,568.0,11696.0,17573.095,1110.0,697.0,258.0,310.0,2307.0,2410.0,1880.0,5099.0,0.0,7.776,2042.3899999999999,1451.926
2054,city,Holladay,Holladay,,,,,,Holladay,,,,,,,16005.0,37574.782999999996,2.348,14617.0,1934.0,578.0,12105.0,17527.532,1200.0,734.0,258.0,320.0,2390.0,2500.0,1932.0,5283.0,0.0,7.8389999999999995,1418.8229999999999,1483.877
2055,city,Holladay,Holladay,,,,,,Holladay,,,,,,,16068.0,37584.617,2.339,14956.0,1997.0,583.0,12376.0,17977.111,1244.0,753.0,258.0,325.0,2462.0,2582.0,1964.0,5368.0,0.0,7.876,1506.777,1506.461
2056,city,Holladay,Holladay,,,,,,Holladay,,,,,,,16212.0,37822.524,2.333,15268.0,2055.0,586.0,12627.0,18319.198,1286.0,769.0,258.0,328.0,2500.0,2660.0,2004.0,5463.0,0.0,7.84,1503.431,1539.9299999999998
2057,city,Holladay,Holladay,,,,,,Holladay,,,,,,,16309.0,38125.663,2.338,15408.0,1969.0,581.0,12858.0,18597.105,1225.0,744.0,253.0,328.0,2574.0,2714.0,2030.0,5540.0,0.0,7.711,1608.1480000000001,1573.246
2058,city,Holladay,Holladay,,,,,,Holladay,,,,,,,16316.0,38245.564,2.344,15282.0,1915.0,562.0,12805.0,18843.046,1262.0,653.0,227.0,335.0,2665.0,2786.0,2091.0,5263.0,0.0,7.592,1955.379,1598.0710000000001
2059,city,Holladay,Holladay,,,,,,Holladay,,,,,,,16327.0,38446.320999999996,2.355,15646.0,1948.0,571.0,13127.0,18858.616,1289.0,659.0,227.0,344.0,2748.0,2854.0,2139.0,5386.0,0.0,7.515,1575.8580000000002,1629.247
2060,city,Holladay,Holladay,,,,,,Holladay,,,,,,,16337.0,38654.912,2.366,15896.0,1997.0,579.0,13320.0,19193.254,1315.0,682.0,227.0,352.0,2776.0,2914.0,2175.0,5455.0,0.0,7.475,1631.46,1658.318
2061,city,Holladay,Holladay,,,,,,Holladay,,,,,,,16344.0,38899.727,2.38,16188.0,2055.0,595.0,13538.0,19492.559,1348.0,707.0,227.0,368.0,2820.0,2960.0,2216.0,5542.0,0.0,7.452999999999999,1607.18,1689.9289999999999
2062,city,Holladay,Holladay,,,,,,Holladay,,,,,,,16345.0,39103.801,2.392,16397.0,2088.0,603.0,13706.0,19776.341,1372.0,716.0,227.0,376.0,2852.0,3000.0,2240.0,5614.0,0.0,7.439,1655.975,1715.9289999999999
2063,city,Holladay,Holladay,,,,,,Holladay,,,,,,,16351.0,39306.887,2.404,16585.0,2109.0,608.0,13868.0,20006.998,1384.0,725.0,227.0,381.0,2880.0,3035.0,2268.0,5685.0,0.0,7.4270000000000005,1668.304,1746.27
2064,city,Holladay,Holladay,,,,,,Holladay,,,,,,,16368.0,39551.781,2.416,16716.0,2126.0,622.0,13968.0,20255.14,1393.0,733.0,239.0,383.0,2900.0,3059.0,2287.0,5722.0,0.0,7.416,1749.482,1782.246
2065,city,Holladay,Holladay,,,,,,Holladay,,,,,,,16382.0,39781.054,2.428,16845.0,2137.0,627.0,14081.0,20435.254999999997,1400.0,737.0,239.0,388.0,2927.0,3085.0,2311.0,5758.0,0.0,7.407,1767.87,1814.9769999999999
2023,city,Hooper,Hooper,,,,,,Hooper,,,,,,,2814.0,9790.581,3.479,487.0,55.0,74.0,358.0,962.3779999999999,39.0,16.0,36.0,38.0,30.0,218.0,23.0,87.0,182.586,0.0,184.5,108.292
2024,city,Hooper,Hooper,,,,,,Hooper,,,,,,,2883.0,9920.647,3.441,487.0,55.0,74.0,358.0,1102.731,39.0,16.0,36.0,38.0,26.0,220.0,23.0,89.0,187.238,0.0,318.488,110.0
2025,city,Hooper,Hooper,,,,,,Hooper,,,,,,,2926.0,9978.664,3.41,489.0,55.0,74.0,360.0,930.082,39.0,16.0,36.0,38.0,26.0,221.0,23.0,90.0,184.359,0.0,133.635,123.091
2026,city,Hooper,Hooper,,,,,,Hooper,,,,,,,2972.0,10018.867,3.371,489.0,55.0,74.0,360.0,943.737,39.0,16.0,36.0,38.0,25.0,222.0,23.0,90.0,185.484,0.0,143.15800000000002,126.092
2027,city,Hooper,Hooper,,,,,,Hooper,,,,,,,2997.0,9974.01,3.328,487.0,55.0,74.0,358.0,954.488,39.0,16.0,36.0,38.0,23.0,222.0,23.0,90.0,184.968,0.0,154.367,128.153
2028,city,Hooper,Hooper,,,,,,Hooper,,,,,,,3010.0,9907.374,3.291,486.0,54.0,74.0,358.0,950.552,38.0,16.0,36.0,38.0,23.0,222.0,23.0,90.0,183.605,0.0,151.732,129.212
2029,city,Hooper,Hooper,,,,,,Hooper,,,,,,,3016.0,9827.405999999999,3.258,486.0,54.0,74.0,358.0,933.531,38.0,16.0,36.0,38.0,23.0,222.0,23.0,90.0,182.486,0.0,133.984,131.05700000000002
2030,city,Hooper,Hooper,,,,,,Hooper,,,,,,,3016.0,9753.9,3.234,486.0,54.0,74.0,358.0,941.909,38.0,16.0,36.0,38.0,23.0,222.0,23.0,90.0,181.242,0.0,142.402,132.264
2031,city,Hooper,Hooper,,,,,,Hooper,,,,,,,3017.0,9674.418,3.207,486.0,54.0,74.0,358.0,930.134,38.0,16.0,36.0,38.0,24.0,221.0,23.0,90.0,180.243,0.0,131.778,132.112
2032,city,Hooper,Hooper,,,,,,Hooper,,,,,,,3018.0,9601.839,3.182,486.0,54.0,74.0,358.0,942.475,38.0,16.0,36.0,38.0,24.0,221.0,23.0,90.0,179.0,0.0,145.332,132.136
2033,city,Hooper,Hooper,,,,,,Hooper,,,,,,,3036.0,9591.07,3.159,486.0,54.0,74.0,358.0,966.656,38.0,16.0,36.0,38.0,24.0,221.0,23.0,90.0,180.368,0.0,167.17499999999998,133.111
2034,city,Hooper,Hooper,,,,,,Hooper,,,,,,,3050.0,9567.232,3.137,487.0,54.0,74.0,359.0,938.8019999999999,38.0,16.0,36.0,38.0,24.0,222.0,23.0,90.0,180.616,0.0,135.90800000000002,135.272
2035,city,Hooper,Hooper,,,,,,Hooper,,,,,,,3055.0,9518.635,3.116,485.0,53.0,72.0,360.0,945.49,38.0,15.0,36.0,36.0,24.0,222.0,24.0,90.0,180.371,0.0,146.036,134.07999999999998
2036,city,Hooper,Hooper,,,,,,Hooper,,,,,,,3075.0,9509.699,3.093,486.0,53.0,72.0,361.0,983.471,38.0,15.0,36.0,36.0,24.0,222.0,25.0,90.0,180.621,0.0,179.765,137.082
2037,city,Hooper,Hooper,,,,,,Hooper,,,,,,,3344.0,10191.351,3.048,601.0,51.0,110.0,440.0,1062.854,37.0,14.0,76.0,34.0,31.0,218.0,33.0,158.0,178.994,0.0,132.775,150.088
2038,city,Hooper,Hooper,,,,,,Hooper,,,,,,,3378.0,10211.387999999999,3.023,604.0,51.0,111.0,442.0,1160.472,37.0,14.0,77.0,34.0,31.0,219.0,33.0,159.0,179.118,0.0,226.266,151.087
2039,city,Hooper,Hooper,,,,,,Hooper,,,,,,,3399.0,10225.233,3.008,605.0,51.0,111.0,443.0,1084.277,37.0,14.0,77.0,34.0,31.0,219.0,34.0,159.0,180.883,0.0,145.395,153.0
2040,city,Hooper,Hooper,,,,,,Hooper,,,,,,,3421.0,10237.883,2.993,608.0,51.0,112.0,445.0,1119.361,37.0,14.0,78.0,34.0,31.0,219.0,35.0,160.0,180.637,0.0,176.562,154.171
2041,city,Hooper,Hooper,,,,,,Hooper,,,,,,,3450.0,10257.844000000001,2.973,610.0,51.0,113.0,446.0,1123.654,37.0,14.0,79.0,34.0,31.0,219.0,35.0,161.0,180.261,0.0,175.563,157.834
2042,city,Hooper,Hooper,,,,,,Hooper,,,,,,,3459.0,10232.126,2.958,615.0,51.0,114.0,450.0,1131.267,37.0,14.0,80.0,34.0,31.0,219.0,36.0,164.0,180.138,0.0,176.957,159.164
2043,city,Hooper,Hooper,,,,,,Hooper,,,,,,,3508.0,10281.628,2.931,617.0,51.0,114.0,452.0,1225.283,37.0,14.0,80.0,34.0,31.0,219.0,36.0,166.0,180.145,0.0,266.856,161.28
2044,city,Hooper,Hooper,,,,,,Hooper,,,,,,,3546.0,10325.947,2.912,665.0,51.0,116.0,498.0,1426.943,37.0,14.0,82.0,34.0,39.0,230.0,39.0,190.0,179.895,0.0,416.79900000000004,165.25300000000001
2045,city,Hooper,Hooper,,,,,,Hooper,,,,,,,3567.0,10336.82,2.898,715.0,51.0,124.0,540.0,1258.159,37.0,14.0,90.0,34.0,41.0,242.0,47.0,210.0,181.647,0.0,194.35,167.167
2046,city,Hooper,Hooper,,,,,,Hooper,,,,,,,3596.0,10379.405999999999,2.886,761.0,51.0,128.0,582.0,1345.248,37.0,14.0,94.0,34.0,49.0,250.0,51.0,232.0,181.161,0.0,233.94,169.139
2047,city,Hooper,Hooper,,,,,,Hooper,,,,,,,3617.0,10383.572,2.871,810.0,51.0,133.0,626.0,1349.414,37.0,14.0,99.0,34.0,59.0,260.0,55.0,252.0,182.391,0.0,184.775,172.249
2048,city,Hooper,Hooper,,,,,,Hooper,,,,,,,3659.0,10460.8,2.859,844.0,51.0,141.0,652.0,1443.1019999999999,37.0,14.0,107.0,34.0,62.0,264.0,60.0,266.0,184.058,0.0,240.936,174.11
2049,city,Hooper,Hooper,,,,,,Hooper,,,,,,,3686.0,10493.282,2.847,917.0,51.0,154.0,712.0,1726.449,37.0,14.0,120.0,34.0,74.0,286.0,66.0,286.0,183.40099999999998,0.0,450.026,176.02800000000002
2050,city,Hooper,Hooper,,,,,,Hooper,,,,,,,3725.0,10546.91,2.831,986.0,51.0,163.0,772.0,1567.474,37.0,14.0,129.0,34.0,86.0,308.0,74.0,304.0,184.54,0.0,217.939,179.0
2051,city,Hooper,Hooper,,,,,,Hooper,,,,,,,3754.0,10568.624,2.815,1033.0,51.0,173.0,809.0,1827.79,37.0,14.0,139.0,34.0,91.0,319.0,81.0,318.0,184.81,0.0,428.767,181.216
2052,city,Hooper,Hooper,,,,,,Hooper,,,,,,,3791.0,10630.838,2.804,1096.0,51.0,185.0,860.0,1725.295,37.0,14.0,151.0,34.0,95.0,342.0,89.0,334.0,183.942,0.0,261.975,183.371
2053,city,Hooper,Hooper,,,,,,Hooper,,,,,,,3831.0,10682.076,2.788,1171.0,51.0,192.0,928.0,1798.0059999999999,37.0,14.0,158.0,34.0,97.0,370.0,97.0,364.0,183.81199999999998,0.0,256.087,187.108
2054,city,Hooper,Hooper,,,,,,Hooper,,,,,,,3884.0,10731.524,2.763,1216.0,51.0,199.0,966.0,1907.051,37.0,14.0,165.0,34.0,100.0,389.0,100.0,377.0,184.549,0.0,316.184,190.32299999999998
2055,city,Hooper,Hooper,,,,,,Hooper,,,,,,,4152.0,11232.054,2.705,1287.0,51.0,202.0,1034.0,2322.443,37.0,14.0,168.0,34.0,101.0,420.0,105.0,408.0,183.41,0.0,645.919,206.111
2056,city,Hooper,Hooper,,,,,,Hooper,,,,,,,4229.0,11322.999,2.677,1374.0,51.0,208.0,1115.0,2413.5299999999997,37.0,14.0,174.0,34.0,102.0,458.0,116.0,439.0,181.13299999999998,0.0,647.482,210.914
2057,city,Hooper,Hooper,,,,,,Hooper,,,,,,,4220.0,11403.569,2.702,1453.0,51.0,212.0,1190.0,2415.892,37.0,14.0,178.0,34.0,105.0,489.0,125.0,471.0,181.086,0.0,567.914,213.885
2058,city,Hooper,Hooper,,,,,,Hooper,,,,,,,4216.0,11501.098,2.728,1534.0,51.0,222.0,1261.0,2295.007,37.0,14.0,188.0,34.0,109.0,514.0,133.0,505.0,181.234,0.0,363.866,215.91400000000002
2059,city,Hooper,Hooper,,,,,,Hooper,,,,,,,4214.0,11601.967,2.753,1611.0,51.0,230.0,1330.0,2417.252,37.0,14.0,196.0,34.0,112.0,542.0,139.0,537.0,180.23499999999999,0.0,406.761,219.261
2060,city,Hooper,Hooper,,,,,,Hooper,,,,,,,4213.0,11705.262,2.778,1686.0,51.0,237.0,1398.0,2514.227,37.0,14.0,203.0,34.0,114.0,580.0,145.0,559.0,178.364,0.0,427.006,222.856
2061,city,Hooper,Hooper,,,,,,Hooper,,,,,,,4210.0,11809.04,2.805,1737.0,51.0,241.0,1445.0,2650.2690000000002,37.0,14.0,207.0,34.0,116.0,580.0,157.0,592.0,177.823,0.0,509.475,225.97
2062,city,Hooper,Hooper,,,,,,Hooper,,,,,,,4209.0,11910.346,2.83,1798.0,51.0,249.0,1498.0,2579.386,37.0,14.0,215.0,34.0,120.0,602.0,165.0,611.0,181.731,0.0,370.565,229.083
2063,city,Hooper,Hooper,,,,,,Hooper,,,,,,,4208.0,12014.404,2.855,1856.0,51.0,252.0,1553.0,2873.235,37.0,14.0,218.0,34.0,126.0,619.0,168.0,640.0,181.0,0.0,605.15,231.084
2064,city,Hooper,Hooper,,,,,,Hooper,,,,,,,4204.0,12109.6,2.88,1918.0,51.0,254.0,1613.0,2838.915,37.0,14.0,220.0,34.0,129.0,643.0,177.0,664.0,179.56,0.0,506.213,235.144
2065,city,Hooper,Hooper,,,,,,Hooper,,,,,,,4203.0,12211.241,2.905,1983.0,51.0,262.0,1670.0,2820.815,37.0,14.0,228.0,34.0,132.0,659.0,181.0,698.0,177.115,0.0,422.788,237.91400000000002
2023,city,Kaysville,Kaysville,,,,,,Kaysville,,,,,,,9544.0,32440.365999999998,3.399,13118.0,1932.0,1396.0,9790.0,14736.045999999998,1290.0,642.0,457.0,939.0,1578.0,2435.0,1675.0,4102.0,65.909,0.0,1133.515,418.621
2024,city,Kaysville,Kaysville,,,,,,Kaysville,,,,,,,9577.0,32113.971999999998,3.353,13129.0,1920.0,1387.0,9822.0,14216.387,1278.0,642.0,467.0,920.0,1552.0,2500.0,1705.0,4065.0,66.459,0.0,609.699,411.234
2025,city,Kaysville,Kaysville,,,,,,Kaysville,,,,,,,9629.0,31853.402,3.308,13254.0,1914.0,1406.0,9934.0,14672.693,1275.0,639.0,463.0,943.0,1547.0,2513.0,1764.0,4110.0,67.622,0.0,902.375,448.695
2026,city,Kaysville,Kaysville,,,,,,Kaysville,,,,,,,9680.0,31597.349,3.264,13287.0,1900.0,1402.0,9985.0,14761.443,1261.0,639.0,454.0,948.0,1527.0,2499.0,1807.0,4152.0,67.468,0.0,955.124,451.84999999999997
2027,city,Kaysville,Kaysville,,,,,,Kaysville,,,,,,,9725.0,31315.161,3.22,13338.0,1902.0,1403.0,10033.0,14855.432999999999,1264.0,638.0,450.0,953.0,1516.0,2468.0,1849.0,4200.0,67.785,0.0,994.9440000000001,454.70300000000003
2028,city,Kaysville,Kaysville,,,,,,Kaysville,,,,,,,9780.0,31082.558,3.178,13340.0,1897.0,1394.0,10049.0,14803.079,1262.0,635.0,442.0,952.0,1470.0,2442.0,1882.0,4255.0,66.858,0.0,938.927,457.291
2029,city,Kaysville,Kaysville,,,,,,Kaysville,,,,,,,9814.0,30785.611,3.137,13330.0,1894.0,1392.0,10044.0,14827.688,1264.0,630.0,440.0,952.0,1444.0,2418.0,1907.0,4275.0,66.313,0.0,972.519,458.854
2030,city,Kaysville,Kaysville,,,,,,Kaysville,,,,,,,9865.0,30547.221,3.097,13356.0,1896.0,1391.0,10069.0,14804.81,1272.0,624.0,440.0,951.0,1429.0,2387.0,1940.0,4313.0,67.241,0.0,920.498,461.07
2031,city,Kaysville,Kaysville,,,,,,Kaysville,,,,,,,9940.0,30389.645,3.057,13390.0,1902.0,1391.0,10097.0,14859.710000000001,1286.0,616.0,442.0,949.0,1433.0,2358.0,1970.0,4336.0,68.92,0.0,936.372,464.423
2032,city,Kaysville,Kaysville,,,,,,Kaysville,,,,,,,10040.0,30294.693,3.017,13424.0,1906.0,1390.0,10128.0,15020.923999999999,1295.0,611.0,444.0,946.0,1433.0,2333.0,1996.0,4366.0,68.489,0.0,1061.364,467.069
2033,city,Kaysville,Kaysville,,,,,,Kaysville,,,,,,,10145.0,30268.311999999998,2.984,13480.0,1911.0,1387.0,10182.0,15170.271999999999,1305.0,606.0,444.0,943.0,1431.0,2313.0,2030.0,4408.0,64.77,0.0,1153.2259999999999,472.276
2034,city,Kaysville,Kaysville,,,,,,Kaysville,,,,,,,10230.0,30176.784,2.95,13623.0,1932.0,1388.0,10303.0,15294.778,1316.0,616.0,444.0,944.0,1419.0,2296.0,2069.0,4519.0,67.48,0.0,1125.503,478.796
2035,city,Kaysville,Kaysville,,,,,,Kaysville,,,,,,,10328.0,30108.532,2.915,13404.0,1875.0,1371.0,10158.0,15050.204,1297.0,578.0,445.0,926.0,1401.0,2273.0,2076.0,4408.0,65.54299999999999,0.0,1102.183,478.478
2036,city,Kaysville,Kaysville,,,,,,Kaysville,,,,,,,10408.0,30022.81,2.885,13395.0,1880.0,1366.0,10149.0,14957.76,1302.0,578.0,447.0,919.0,1386.0,2256.0,2094.0,4413.0,64.459,0.0,1015.964,482.334
2037,city,Kaysville,Kaysville,,,,,,Kaysville,,,,,,,10344.0,29689.99,2.87,13513.0,1889.0,1367.0,10257.0,14922.058,1324.0,565.0,461.0,906.0,1370.0,2257.0,2139.0,4491.0,68.655,0.0,862.2729999999999,478.13100000000003
2038,city,Kaysville,Kaysville,,,,,,Kaysville,,,,,,,10410.0,29631.579,2.846,13663.0,1905.0,1375.0,10383.0,15223.103000000001,1340.0,565.0,473.0,902.0,1389.0,2264.0,2154.0,4576.0,66.319,0.0,1010.594,483.19
2039,city,Kaysville,Kaysville,,,,,,Kaysville,,,,,,,10504.0,29600.996,2.818,13804.0,1921.0,1384.0,10499.0,15407.911,1355.0,566.0,483.0,901.0,1396.0,2277.0,2182.0,4644.0,67.243,0.0,1046.542,490.127
2040,city,Kaysville,Kaysville,,,,,,Kaysville,,,,,,,10548.0,29515.832000000002,2.798,13964.0,1941.0,1389.0,10634.0,15539.28,1375.0,566.0,486.0,903.0,1408.0,2309.0,2208.0,4709.0,67.807,0.0,1013.597,493.874
2041,city,Kaysville,Kaysville,,,,,,Kaysville,,,,,,,10641.0,29537.103,2.776,14089.0,1960.0,1397.0,10732.0,15723.27,1394.0,566.0,493.0,904.0,1418.0,2310.0,2225.0,4779.0,68.328,0.0,1067.945,498.0
2042,city,Kaysville,Kaysville,,,,,,Kaysville,,,,,,,10727.0,29573.693,2.757,14225.0,1975.0,1407.0,10843.0,15864.728,1408.0,567.0,502.0,905.0,1429.0,2315.0,2246.0,4853.0,66.476,0.0,1070.249,503.0
2043,city,Kaysville,Kaysville,,,,,,Kaysville,,,,,,,10833.0,29712.234,2.743,14335.0,1989.0,1416.0,10930.0,15809.034,1422.0,567.0,510.0,906.0,1444.0,2319.0,2264.0,4903.0,66.554,0.0,895.293,512.185
2044,city,Kaysville,Kaysville,,,,,,Kaysville,,,,,,,10943.0,29819.52,2.725,14494.0,2020.0,1424.0,11050.0,16140.65,1452.0,568.0,516.0,908.0,1458.0,2328.0,2290.0,4974.0,68.161,0.0,1059.181,519.306
2045,city,Kaysville,Kaysville,,,,,,Kaysville,,,,,,,11026.0,29866.904,2.709,14588.0,2024.0,1432.0,11132.0,16063.663,1458.0,566.0,522.0,910.0,1468.0,2339.0,2305.0,5020.0,70.254,0.0,881.41,524.0
2046,city,Kaysville,Kaysville,,,,,,Kaysville,,,,,,,11162.0,30071.347,2.694,14646.0,2022.0,1446.0,11178.0,16147.751999999999,1459.0,563.0,529.0,917.0,1477.0,2343.0,2322.0,5036.0,71.426,0.0,897.203,533.122
2047,city,Kaysville,Kaysville,,,,,,Kaysville,,,,,,,11278.0,30217.117000000002,2.679,14699.0,2028.0,1455.0,11216.0,16234.718,1465.0,563.0,532.0,923.0,1484.0,2348.0,2330.0,5054.0,71.169,0.0,924.186,540.363
2048,city,Kaysville,Kaysville,,,,,,Kaysville,,,,,,,11390.0,30374.665,2.667,14757.0,2037.0,1460.0,11260.0,16441.641,1473.0,564.0,536.0,924.0,1490.0,2356.0,2333.0,5081.0,71.257,0.0,1062.66,550.722
2049,city,Kaysville,Kaysville,,,,,,Kaysville,,,,,,,11555.0,30641.428,2.652,14793.0,2045.0,1461.0,11287.0,16567.358,1480.0,565.0,538.0,923.0,1492.0,2363.0,2336.0,5096.0,71.344,0.0,1143.257,559.758
2050,city,Kaysville,Kaysville,,,,,,Kaysville,,,,,,,11555.0,30543.78,2.643,14531.0,1968.0,1444.0,11119.0,16458.559,1441.0,527.0,531.0,913.0,1477.0,2353.0,2318.0,4971.0,71.345,0.0,1292.978,563.237
2051,city,Kaysville,Kaysville,,,,,,Kaysville,,,,,,,11792.0,30966.431,2.626,14543.0,1969.0,1443.0,11131.0,16217.587,1442.0,527.0,532.0,911.0,1479.0,2353.0,2323.0,4976.0,71.345,0.0,1026.184,577.062
2052,city,Kaysville,Kaysville,,,,,,Kaysville,,,,,,,12057.0,31465.459,2.61,14581.0,1976.0,1447.0,11158.0,16371.463,1449.0,527.0,537.0,910.0,1484.0,2360.0,2331.0,4983.0,71.345,0.0,1127.933,591.1800000000001
2053,city,Kaysville,Kaysville,,,,,,Kaysville,,,,,,,12443.0,32180.073,2.586,14604.0,1980.0,1453.0,11171.0,16508.035,1453.0,527.0,540.0,913.0,1484.0,2362.0,2335.0,4990.0,71.25999999999999,0.0,1218.287,614.491
2054,city,Kaysville,Kaysville,,,,,,Kaysville,,,,,,,13029.0,33414.083,2.565,14484.0,1970.0,1452.0,11062.0,16704.22,1443.0,527.0,542.0,910.0,1473.0,2364.0,2275.0,4950.0,70.256,0.0,1505.6480000000001,644.314
2055,city,Kaysville,Kaysville,,,,,,Kaysville,,,,,,,13608.0,34806.597,2.558,14462.0,1967.0,1437.0,11058.0,16432.109,1445.0,522.0,544.0,893.0,1473.0,2362.0,2276.0,4947.0,70.17099999999999,0.0,1223.74,676.197
2056,city,Kaysville,Kaysville,,,,,,Kaysville,,,,,,,13620.0,35086.248999999996,2.576,14471.0,1971.0,1440.0,11060.0,16500.679,1449.0,522.0,546.0,894.0,1472.0,2364.0,2270.0,4954.0,70.17099999999999,0.0,1279.637,679.871
2057,city,Kaysville,Kaysville,,,,,,Kaysville,,,,,,,13624.0,35303.741,2.591,14480.0,1972.0,1440.0,11068.0,16448.246,1451.0,521.0,547.0,893.0,1473.0,2365.0,2272.0,4958.0,70.17099999999999,0.0,1209.946,688.127
2058,city,Kaysville,Kaysville,,,,,,Kaysville,,,,,,,13636.0,35592.669,2.61,14493.0,1974.0,1442.0,11077.0,16546.568,1453.0,521.0,549.0,893.0,1474.0,2366.0,2274.0,4963.0,70.259,0.0,1284.923,698.386
2059,city,Kaysville,Kaysville,,,,,,Kaysville,,,,,,,13682.0,35969.12,2.629,14497.0,1974.0,1443.0,11080.0,16624.96,1453.0,521.0,550.0,893.0,1474.0,2366.0,2274.0,4966.0,70.17099999999999,0.0,1351.53,706.2570000000001
2060,city,Kaysville,Kaysville,,,,,,Kaysville,,,,,,,13686.0,36261.503,2.65,14499.0,1972.0,1443.0,11084.0,16571.526,1454.0,518.0,552.0,891.0,1474.0,2367.0,2274.0,4969.0,70.085,0.0,1288.249,714.194
2061,city,Kaysville,Kaysville,,,,,,Kaysville,,,,,,,13717.0,36619.847,2.67,14485.0,1971.0,1438.0,11076.0,16665.268,1454.0,517.0,551.0,887.0,1474.0,2359.0,2277.0,4966.0,69.084,0.0,1385.44,725.7429999999999
2062,city,Kaysville,Kaysville,,,,,,Kaysville,,,,,,,13815.0,37058.846,2.683,14494.0,1971.0,1439.0,11084.0,16756.98,1454.0,517.0,554.0,885.0,1475.0,2360.0,2280.0,4969.0,68.166,0.0,1459.067,735.742
2063,city,Kaysville,Kaysville,,,,,,Kaysville,,,,,,,13929.0,37467.682,2.69,14438.0,1951.0,1435.0,11052.0,16651.356,1447.0,504.0,554.0,881.0,1475.0,2358.0,2274.0,4945.0,68.256,0.0,1396.972,748.129
2064,city,Kaysville,Kaysville,,,,,,Kaysville,,,,,,,13946.0,37787.314,2.71,14442.0,1950.0,1436.0,11056.0,16617.72,1447.0,503.0,556.0,880.0,1475.0,2358.0,2274.0,4949.0,68.166,0.0,1349.837,757.713
2065,city,Kaysville,Kaysville,,,,,,Kaysville,,,,,,,13955.0,38108.301999999996,2.731,14446.0,1949.0,1438.0,11059.0,16609.234,1447.0,502.0,558.0,880.0,1475.0,2358.0,2275.0,4951.0,68.34,0.0,1329.152,765.743
2023,city,Kearns,Kearns,,,,,,Kearns,,,,,,,9649.0,32600.519,3.379,4693.0,855.0,463.0,3375.0,5941.188,506.0,349.0,232.0,231.0,317.0,1523.0,78.0,1457.0,4.01,0.0,625.268,618.912
2024,city,Kearns,Kearns,,,,,,Kearns,,,,,,,9649.0,32256.338,3.343,4808.0,861.0,484.0,3463.0,5790.165,508.0,353.0,229.0,255.0,321.0,1562.0,89.0,1491.0,4.022,0.0,375.035,603.108
2025,city,Kearns,Kearns,,,,,,Kearns,,,,,,,9649.0,31894.777000000002,3.306,4894.0,868.0,508.0,3518.0,6132.225,516.0,352.0,238.0,270.0,329.0,1575.0,106.0,1508.0,4.016,0.0,575.972,658.235
2026,city,Kearns,Kearns,,,,,,Kearns,,,,,,,9649.0,31530.935,3.268,4922.0,872.0,511.0,3539.0,6176.844,516.0,356.0,238.0,273.0,330.0,1573.0,116.0,1520.0,4.013,0.0,592.727,658.105
2027,city,Kearns,Kearns,,,,,,Kearns,,,,,,,9655.0,31196.198,3.231,4971.0,882.0,519.0,3570.0,6311.669,522.0,360.0,238.0,281.0,330.0,1582.0,126.0,1532.0,4.036,0.0,671.552,665.083
2028,city,Kearns,Kearns,,,,,,Kearns,,,,,,,9655.0,30856.059,3.196,4978.0,882.0,518.0,3578.0,6309.769,525.0,357.0,238.0,280.0,331.0,1582.0,129.0,1536.0,4.03,0.0,660.721,667.022
2029,city,Kearns,Kearns,,,,,,Kearns,,,,,,,9658.0,30547.76,3.163,5001.0,882.0,520.0,3599.0,6299.739,527.0,355.0,238.0,282.0,333.0,1584.0,133.0,1549.0,5.016,0.0,622.623,671.101
2030,city,Kearns,Kearns,,,,,,Kearns,,,,,,,9662.0,30256.192,3.131,5039.0,885.0,521.0,3633.0,6383.375,534.0,351.0,238.0,283.0,339.0,1584.0,144.0,1566.0,4.023,0.0,662.272,678.078
2031,city,Kearns,Kearns,,,,,,Kearns,,,,,,,9668.0,29984.841,3.101,5057.0,882.0,514.0,3661.0,6458.736,535.0,347.0,226.0,288.0,342.0,1584.0,148.0,1587.0,5.029,0.0,716.69,680.02
2032,city,Kearns,Kearns,,,,,,Kearns,,,,,,,9668.0,29714.579999999998,3.073,5118.0,893.0,520.0,3705.0,6407.336,547.0,346.0,226.0,294.0,345.0,1583.0,152.0,1625.0,5.038,0.0,596.5120000000001,687.7869999999999
2033,city,Kearns,Kearns,,,,,,Kearns,,,,,,,9676.0,29491.73,3.048,5121.0,882.0,523.0,3716.0,6419.853,541.0,341.0,226.0,297.0,349.0,1578.0,159.0,1630.0,5.042,0.0,601.602,692.21
2034,city,Kearns,Kearns,,,,,,Kearns,,,,,,,9691.0,29305.792,3.024,5149.0,873.0,525.0,3751.0,6442.228,529.0,344.0,226.0,299.0,348.0,1579.0,167.0,1657.0,5.063,0.0,583.033,705.132
2035,city,Kearns,Kearns,,,,,,Kearns,,,,,,,9700.0,29112.843,3.001,5099.0,850.0,521.0,3728.0,6451.421,528.0,322.0,226.0,295.0,350.0,1576.0,167.0,1635.0,5.059,0.0,642.343,705.02
2036,city,Kearns,Kearns,,,,,,Kearns,,,,,,,9702.0,28916.301,2.98,5131.0,857.0,524.0,3750.0,6467.248,533.0,324.0,226.0,298.0,353.0,1578.0,169.0,1650.0,5.067,0.0,619.163,712.02
2037,city,Kearns,Kearns,,,,,,Kearns,,,,,,,9780.0,28931.137000000002,2.958,5624.0,868.0,580.0,4176.0,7062.968,525.0,343.0,236.0,344.0,467.0,1562.0,218.0,1929.0,5.05,0.0,708.955,724.963
2038,city,Kearns,Kearns,,,,,,Kearns,,,,,,,9807.0,28824.968,2.939,5735.0,885.0,583.0,4267.0,7228.655,540.0,345.0,232.0,351.0,482.0,1564.0,228.0,1993.0,5.05,0.0,753.641,734.9639999999999
2039,city,Kearns,Kearns,,,,,,Kearns,,,,,,,9824.0,28714.302,2.923,5920.0,911.0,595.0,4414.0,7274.0,556.0,355.0,232.0,363.0,503.0,1575.0,244.0,2092.0,5.029,0.0,599.971,749.0
2040,city,Kearns,Kearns,,,,,,Kearns,,,,,,,9840.0,28604.355,2.907,6109.0,945.0,606.0,4558.0,7502.77,582.0,363.0,232.0,374.0,527.0,1593.0,264.0,2174.0,5.033,0.0,633.982,754.756
2041,city,Kearns,Kearns,,,,,,Kearns,,,,,,,9851.0,28486.263,2.892,6306.0,969.0,618.0,4719.0,7790.277,600.0,369.0,230.0,388.0,577.0,1600.0,281.0,2261.0,5.029,0.0,713.038,766.206
2042,city,Kearns,Kearns,,,,,,Kearns,,,,,,,9867.0,28399.468,2.878,6437.0,1004.0,607.0,4826.0,7855.124,625.0,379.0,213.0,394.0,591.0,1611.0,281.0,2343.0,5.037,0.0,634.347,778.7379999999999
2043,city,Kearns,Kearns,,,,,,Kearns,,,,,,,9878.0,28306.806,2.866,6637.0,1041.0,620.0,4976.0,8005.503,655.0,386.0,213.0,407.0,624.0,1631.0,296.0,2425.0,5.046,0.0,577.508,785.949
2044,city,Kearns,Kearns,,,,,,Kearns,,,,,,,9894.0,28224.954999999998,2.853,6775.0,1062.0,633.0,5080.0,8238.144,673.0,389.0,213.0,420.0,644.0,1641.0,310.0,2485.0,6.01,0.0,658.17,798.968
2045,city,Kearns,Kearns,,,,,,Kearns,,,,,,,9901.0,28129.791,2.841,6904.0,1097.0,647.0,5160.0,8278.076000000001,696.0,401.0,213.0,434.0,660.0,1644.0,322.0,2534.0,6.005,0.0,558.19,809.881
2046,city,Kearns,Kearns,,,,,,Kearns,,,,,,,9917.0,28059.405,2.829,7071.0,1134.0,662.0,5275.0,8546.925,720.0,414.0,212.0,450.0,686.0,1656.0,330.0,2603.0,5.985,0.0,645.957,823.9820000000001
2047,city,Kearns,Kearns,,,,,,Kearns,,,,,,,9934.0,28001.823,2.819,7195.0,1164.0,681.0,5350.0,8662.357,740.0,424.0,210.0,471.0,699.0,1667.0,327.0,2657.0,6.005,0.0,625.203,836.146
2048,city,Kearns,Kearns,,,,,,Kearns,,,,,,,9948.0,27940.142,2.809,7234.0,1165.0,692.0,5377.0,8839.901,741.0,424.0,207.0,485.0,711.0,1672.0,330.0,2664.0,6.0,0.0,748.839,851.0649999999999
2049,city,Kearns,Kearns,,,,,,Kearns,,,,,,,9957.0,27863.27,2.798,7362.0,1187.0,693.0,5482.0,9035.389,750.0,437.0,203.0,490.0,739.0,1684.0,358.0,2701.0,5.995,0.0,804.7330000000001,862.66
2050,city,Kearns,Kearns,,,,,,Kearns,,,,,,,9959.0,27770.512,2.788,7469.0,1207.0,698.0,5564.0,9123.73,766.0,441.0,203.0,495.0,761.0,1698.0,364.0,2741.0,6.0,0.0,772.843,875.89
2051,city,Kearns,Kearns,,,,,,Kearns,,,,,,,9962.0,27684.383,2.779,7560.0,1224.0,685.0,5651.0,9276.002,780.0,444.0,195.0,490.0,782.0,1716.0,384.0,2769.0,5.995,0.0,823.853,886.158
2052,city,Kearns,Kearns,,,,,,Kearns,,,,,,,9967.0,27595.159,2.769,7675.0,1257.0,665.0,5753.0,9533.964,805.0,452.0,178.0,487.0,813.0,1755.0,379.0,2806.0,6.0,0.0,951.853,901.11
2053,city,Kearns,Kearns,,,,,,Kearns,,,,,,,9972.0,27503.115999999998,2.758,7849.0,1275.0,674.0,5900.0,9592.601,815.0,460.0,178.0,496.0,846.0,1791.0,395.0,2868.0,6.0,0.0,827.646,909.9549999999999
2054,city,Kearns,Kearns,,,,,,Kearns,,,,,,,9978.0,27407.507999999998,2.747,8031.0,1313.0,686.0,6032.0,9770.817,846.0,467.0,178.0,508.0,873.0,1821.0,408.0,2930.0,6.0,0.0,809.894,923.923
2055,city,Kearns,Kearns,,,,,,Kearns,,,,,,,9980.0,27303.036,2.736,8149.0,1341.0,694.0,6114.0,9955.407000000001,865.0,476.0,176.0,518.0,894.0,1842.0,417.0,2961.0,6.0,0.0,863.741,936.665
2056,city,Kearns,Kearns,,,,,,Kearns,,,,,,,9981.0,27195.831,2.725,8266.0,1360.0,700.0,6206.0,10161.892,878.0,482.0,163.0,537.0,908.0,1862.0,430.0,3006.0,6.005,0.0,940.929,948.9549999999999
2057,city,Kearns,Kearns,,,,,,Kearns,,,,,,,9981.0,27273.576,2.733,8446.0,1383.0,711.0,6352.0,10406.971,894.0,489.0,155.0,556.0,948.0,1883.0,453.0,3068.0,6.005,0.0,991.8149999999999,963.15
2058,city,Kearns,Kearns,,,,,,Kearns,,,,,,,9981.0,27358.395,2.741,8582.0,1402.0,698.0,6482.0,10567.264000000001,897.0,505.0,139.0,559.0,978.0,1911.0,476.0,3117.0,6.0,0.0,999.222,980.0450000000001
2059,city,Kearns,Kearns,,,,,,Kearns,,,,,,,10001.0,27536.991,2.753,8702.0,1425.0,709.0,6568.0,10714.757,913.0,512.0,139.0,570.0,1001.0,1926.0,475.0,3166.0,6.0,0.0,1006.608,1000.151
2060,city,Kearns,Kearns,,,,,,Kearns,,,,,,,10001.0,27693.838,2.769,8886.0,1452.0,718.0,6716.0,10942.765,929.0,523.0,137.0,581.0,1034.0,1954.0,501.0,3227.0,6.01,0.0,1035.561,1015.195
2061,city,Kearns,Kearns,,,,,,Kearns,,,,,,,10000.0,27871.392,2.787,9012.0,1424.0,740.0,6848.0,11081.103000000001,913.0,511.0,132.0,608.0,1074.0,1996.0,519.0,3259.0,6.0,0.0,1030.144,1032.955
2062,city,Kearns,Kearns,,,,,,Kearns,,,,,,,10000.0,28031.685,2.803,9175.0,1454.0,733.0,6988.0,11287.428,933.0,521.0,119.0,614.0,1104.0,2022.0,550.0,3312.0,6.01,0.0,1056.461,1049.955
2063,city,Kearns,Kearns,,,,,,Kearns,,,,,,,10025.0,28214.946,2.814,9328.0,1481.0,725.0,7122.0,11572.232,948.0,533.0,103.0,622.0,1132.0,2061.0,575.0,3354.0,5.008,0.0,1168.0620000000001,1071.165
2064,city,Kearns,Kearns,,,,,,Kearns,,,,,,,10025.0,28399.843,2.833,9552.0,1507.0,742.0,7303.0,11654.609,966.0,541.0,103.0,639.0,1168.0,2097.0,605.0,3433.0,5.0,0.0,1004.462,1093.147
2065,city,Kearns,Kearns,,,,,,Kearns,,,,,,,10025.0,28565.48,2.849,9786.0,1546.0,758.0,7482.0,11936.380000000001,995.0,551.0,103.0,655.0,1199.0,2143.0,635.0,3505.0,5.008,0.0,1034.384,1110.984
2023,city,Lake Mountain,Lake Mountain,,,,,,Lake Mountain,,,,,,,0.0,0.0,0,0.0,0.0,0.0,0.0,68.174,0.0,0.0,0.0,0.0,0.0,0.0,0.0,0.0,0.0,68.174,0.0,0.0
2024,city,Lake Mountain,Lake Mountain,,,,,,Lake Mountain,,,,,,,0.0,0.0,0,0.0,0.0,0.0,0.0,74.589,0.0,0.0,0.0,0.0,0.0,0.0,0.0,0.0,0.0,74.589,0.0,0.0
2025,city,Lake Mountain,Lake Mountain,,,,,,Lake Mountain,,,,,,,1.0,4.808,4.808,0.0,0.0,0.0,0.0,74.413,0.0,0.0,0.0,0.0,0.0,0.0,0.0,0.0,0.0,74.357,0.055,0.0
2026,city,Lake Mountain,Lake Mountain,,,,,,Lake Mountain,,,,,,,1.0,4.75,4.75,0.0,0.0,0.0,0.0,77.039,0.0,0.0,0.0,0.0,0.0,0.0,0.0,0.0,0.0,76.986,0.054,0.0
2027,city,Lake Mountain,Lake Mountain,,,,,,Lake Mountain,,,,,,,1.0,4.692,4.692,0.0,0.0,0.0,0.0,78.8,0.0,0.0,0.0,0.0,0.0,0.0,0.0,0.0,0.0,78.763,0.037,0.0
2028,city,Lake Mountain,Lake Mountain,,,,,,Lake Mountain,,,,,,,1.0,4.634,4.634,0.0,0.0,0.0,0.0,75.63,0.0,0.0,0.0,0.0,0.0,0.0,0.0,0.0,0.0,75.594,0.036,0.0
2029,city,Lake Mountain,Lake Mountain,,,,,,Lake Mountain,,,,,,,1.0,4.579,4.579,0.0,0.0,0.0,0.0,71.455,0.0,0.0,0.0,0.0,0.0,0.0,0.0,0.0,0.0,71.42,0.035,0.0
2030,city,Lake Mountain,Lake Mountain,,,,,,Lake Mountain,,,,,,,1.0,4.529,4.529,0.0,0.0,0.0,0.0,70.296,0.0,0.0,0.0,0.0,0.0,0.0,0.0,0.0,0.0,70.261,0.035,0.0
2031,city,Lake Mountain,Lake Mountain,,,,,,Lake Mountain,,,,,,,1.0,4.48,4.48,0.0,0.0,0.0,0.0,70.839,0.0,0.0,0.0,0.0,0.0,0.0,0.0,0.0,0.0,70.802,0.037,0.0
2032,city,Lake Mountain,Lake Mountain,,,,,,Lake Mountain,,,,,,,1.0,4.436,4.436,0.0,0.0,0.0,0.0,74.397,0.0,0.0,0.0,0.0,0.0,0.0,0.0,0.0,0.0,74.357,0.039,0.0
2033,city,Lake Mountain,Lake Mountain,,,,,,Lake Mountain,,,,,,,1.0,4.399,4.399,35.0,4.0,14.0,17.0,144.436,4.0,0.0,1.0,13.0,0.0,1.0,2.0,14.0,0.0,77.99,31.446,0.0
2034,city,Lake Mountain,Lake Mountain,,,,,,Lake Mountain,,,,,,,1.0,4.366,4.366,89.0,15.0,38.0,36.0,174.017,9.0,6.0,5.0,33.0,0.0,1.0,3.0,32.0,0.0,81.159,3.858,0.0
2035,city,Lake Mountain,Lake Mountain,,,,,,Lake Mountain,,,,,,,1.0,4.336,4.336,89.0,15.0,38.0,36.0,174.926,9.0,6.0,5.0,33.0,0.0,1.0,3.0,32.0,0.0,82.319,3.607,0.0
2036,city,Lake Mountain,Lake Mountain,,,,,,Lake Mountain,,,,,,,1.0,4.31,4.31,101.0,15.0,38.0,48.0,187.178,9.0,6.0,5.0,33.0,9.0,2.0,5.0,32.0,0.0,81.778,4.4,0.0
2037,city,Lake Mountain,Lake Mountain,,,,,,Lake Mountain,,,,,,,1.0,1.0,1.0,98.0,24.0,9.0,65.0,182.932,14.0,10.0,7.0,2.0,36.0,4.0,2.0,23.0,0.0,81.082,3.849,0.0
2038,city,Lake Mountain,Lake Mountain,,,,,,Lake Mountain,,,,,,,1.0,1.0,1.0,123.0,29.0,9.0,85.0,244.74,19.0,10.0,7.0,2.0,36.0,11.0,6.0,32.0,0.0,80.928,40.812,0.0
2039,city,Lake Mountain,Lake Mountain,,,,,,Lake Mountain,,,,,,,1.0,1.0,1.0,145.0,31.0,12.0,102.0,231.279,20.0,11.0,10.0,2.0,36.0,18.0,9.0,39.0,0.0,80.928,5.352,0.0
2040,city,Lake Mountain,Lake Mountain,,,,,,Lake Mountain,,,,,,,1.0,1.0,1.0,162.0,34.0,15.0,113.0,248.925,22.0,12.0,13.0,2.0,36.0,21.0,11.0,45.0,0.0,80.928,5.998,0.0
2041,city,Lake Mountain,Lake Mountain,,,,,,Lake Mountain,,,,,,,1.0,1.0,1.0,177.0,40.0,19.0,118.0,264.223,26.0,14.0,17.0,2.0,36.0,24.0,11.0,47.0,0.0,81.314,5.909,0.0
2042,city,Lake Mountain,Lake Mountain,,,,,,Lake Mountain,,,,,,,1.0,1.0,1.0,184.0,42.0,21.0,121.0,271.873,27.0,15.0,19.0,2.0,36.0,25.0,11.0,49.0,0.0,82.087,5.786,0.0
2043,city,Lake Mountain,Lake Mountain,,,,,,Lake Mountain,,,,,,,1.0,1.0,1.0,195.0,42.0,26.0,127.0,284.194,27.0,15.0,19.0,7.0,36.0,29.0,11.0,51.0,0.0,82.783,6.412,0.0
2044,city,Lake Mountain,Lake Mountain,,,,,,Lake Mountain,,,,,,,1.0,1.0,1.0,203.0,43.0,27.0,133.0,292.23,27.0,16.0,20.0,7.0,38.0,31.0,11.0,53.0,0.0,82.705,6.524,0.0
2045,city,Lake Mountain,Lake Mountain,,,,,,Lake Mountain,,,,,,,1.0,1.0,1.0,205.0,43.0,27.0,135.0,293.827,27.0,16.0,20.0,7.0,38.0,31.0,12.0,54.0,0.0,82.473,6.354,0.0
2046,city,Lake Mountain,Lake Mountain,,,,,,Lake Mountain,,,,,,,1.0,1.0,1.0,210.0,44.0,27.0,139.0,298.822,28.0,16.0,20.0,7.0,38.0,34.0,12.0,55.0,0.0,82.473,6.349,0.0
2047,city,Lake Mountain,Lake Mountain,,,,,,Lake Mountain,,,,,,,1.0,1.0,1.0,212.0,44.0,27.0,141.0,301.32,28.0,16.0,20.0,7.0,38.0,35.0,13.0,55.0,0.0,82.937,6.383,0.0
2048,city,Lake Mountain,Lake Mountain,,,,,,Lake Mountain,,,,,,,1.0,1.0,1.0,214.0,44.0,27.0,143.0,304.218,28.0,16.0,20.0,7.0,39.0,36.0,13.0,55.0,0.0,83.787,6.43,0.0
2049,city,Lake Mountain,Lake Mountain,,,,,,Lake Mountain,,,,,,,1.0,1.0,1.0,215.0,44.0,27.0,144.0,306.094,28.0,16.0,20.0,7.0,39.0,37.0,13.0,55.0,0.0,84.56,6.534,0.0
2050,city,Lake Mountain,Lake Mountain,,,,,,Lake Mountain,,,,,,,1.0,1.0,1.0,216.0,45.0,27.0,144.0,308.058,29.0,16.0,20.0,7.0,39.0,37.0,13.0,55.0,0.0,85.411,6.647,0.0
2051,city,Lake Mountain,Lake Mountain,,,,,,Lake Mountain,,,,,,,1.0,1.0,1.0,218.0,47.0,27.0,144.0,311.083,30.0,17.0,20.0,7.0,39.0,37.0,13.0,55.0,0.0,86.106,6.976,0.0
2052,city,Lake Mountain,Lake Mountain,,,,,,Lake Mountain,,,,,,,1.0,1.0,1.0,218.0,47.0,27.0,144.0,312.063,30.0,17.0,20.0,7.0,39.0,37.0,13.0,55.0,0.0,86.802,7.261,0.0
2053,city,Lake Mountain,Lake Mountain,,,,,,Lake Mountain,,,,,,,1.0,1.0,1.0,218.0,47.0,27.0,144.0,315.267,30.0,17.0,20.0,7.0,39.0,37.0,13.0,55.0,0.0,87.729,9.537,0.0
2054,city,Lake Mountain,Lake Mountain,,,,,,Lake Mountain,,,,,,,1.0,1.0,1.0,219.0,48.0,27.0,144.0,317.953,31.0,17.0,20.0,7.0,39.0,37.0,13.0,55.0,0.0,88.348,10.605,0.0
2055,city,Lake Mountain,Lake Mountain,,,,,,Lake Mountain,,,,,,,1.0,1.0,1.0,220.0,48.0,27.0,145.0,319.407,31.0,17.0,20.0,7.0,39.0,38.0,13.0,55.0,0.0,88.58,10.827,0.0
2056,city,Lake Mountain,Lake Mountain,,,,,,Lake Mountain,,,,,,,1.0,1.0,1.0,220.0,48.0,27.0,145.0,318.533,31.0,17.0,20.0,7.0,39.0,38.0,13.0,55.0,0.0,88.039,10.494,0.0
2057,city,Lake Mountain,Lake Mountain,,,,,,Lake Mountain,,,,,,,1.0,1.0,1.0,220.0,48.0,27.0,145.0,317.443,31.0,17.0,20.0,7.0,39.0,38.0,13.0,55.0,0.0,86.493,10.95,0.0
2058,city,Lake Mountain,Lake Mountain,,,,,,Lake Mountain,,,,,,,1.0,1.0,1.0,220.0,48.0,27.0,145.0,316.012,31.0,17.0,20.0,7.0,39.0,38.0,13.0,55.0,0.0,85.024,10.988,0.0
2059,city,Lake Mountain,Lake Mountain,,,,,,Lake Mountain,,,,,,,1.0,1.0,1.0,220.0,48.0,27.0,145.0,314.633,31.0,17.0,20.0,7.0,39.0,38.0,13.0,55.0,0.0,83.942,10.691,0.0
2060,city,Lake Mountain,Lake Mountain,,,,,,Lake Mountain,,,,,,,1.0,1.0,1.0,220.0,48.0,27.0,145.0,314.409,31.0,17.0,20.0,7.0,39.0,38.0,13.0,55.0,0.0,83.401,11.008,0.0
2061,city,Lake Mountain,Lake Mountain,,,,,,Lake Mountain,,,,,,,1.0,1.0,1.0,220.0,48.0,27.0,145.0,314.268,31.0,17.0,20.0,7.0,39.0,38.0,13.0,55.0,0.0,83.014,11.253,0.0
2062,city,Lake Mountain,Lake Mountain,,,,,,Lake Mountain,,,,,,,1.0,1.0,1.0,220.0,48.0,27.0,145.0,313.923,31.0,17.0,20.0,7.0,39.0,38.0,13.0,55.0,0.0,82.783,11.14,0.0
2063,city,Lake Mountain,Lake Mountain,,,,,,Lake Mountain,,,,,,,1.0,1.0,1.0,220.0,48.0,27.0,145.0,314.067,31.0,17.0,20.0,7.0,39.0,38.0,13.0,55.0,0.0,82.551,11.517,0.0
2064,city,Lake Mountain,Lake Mountain,,,,,,Lake Mountain,,,,,,,1.0,1.0,1.0,220.0,48.0,27.0,145.0,314.133,31.0,17.0,20.0,7.0,39.0,38.0,13.0,55.0,0.0,82.396,11.737,0.0
2065,city,Lake Mountain,Lake Mountain,,,,,,Lake Mountain,,,,,,,1.0,1.0,1.0,220.0,48.0,27.0,145.0,313.825,31.0,17.0,20.0,7.0,39.0,38.0,13.0,55.0,0.0,82.242,11.584,0.0
2023,city,Lake Shore,Lake Shore,,,,,,Lake Shore,,,,,,,319.0,1105.433,3.465,212.0,33.0,4.0,175.0,402.547,32.0,1.0,4.0,0.0,25.0,25.0,7.0,118.0,141.118,0.0,28.404,21.023
2024,city,Lake Shore,Lake Shore,,,,,,Lake Shore,,,,,,,327.0,1123.732,3.436,215.0,32.0,4.0,179.0,386.456,31.0,1.0,4.0,0.0,25.0,28.0,8.0,118.0,142.124,0.0,10.296,19.038
2025,city,Lake Shore,Lake Shore,,,,,,Lake Shore,,,,,,,329.0,1116.251,3.393,223.0,33.0,5.0,185.0,417.738,32.0,1.0,5.0,0.0,26.0,29.0,9.0,121.0,142.082,0.0,30.616,22.041999999999998
2026,city,Lake Shore,Lake Shore,,,,,,Lake Shore,,,,,,,332.0,1116.626,3.363,229.0,34.0,5.0,190.0,423.309,33.0,1.0,5.0,0.0,26.0,31.0,9.0,124.0,142.082,0.0,30.218,22.003
2027,city,Lake Shore,Lake Shore,,,,,,Lake Shore,,,,,,,336.0,1121.413,3.338,232.0,35.0,6.0,191.0,418.075,33.0,2.0,6.0,0.0,26.0,32.0,9.0,124.0,142.162,0.0,20.881,23.023999999999997
2028,city,Lake Shore,Lake Shore,,,,,,Lake Shore,,,,,,,337.0,1113.703,3.305,238.0,35.0,7.0,196.0,423.82399999999996,33.0,2.0,7.0,0.0,26.0,33.0,11.0,126.0,142.02,0.0,20.776,23.025999999999996
2029,city,Lake Shore,Lake Shore,,,,,,Lake Shore,,,,,,,338.0,1103.98,3.266,242.0,37.0,7.0,198.0,428.359,35.0,2.0,7.0,0.0,26.0,33.0,11.0,128.0,142.175,0.0,21.154,23.023999999999997
2030,city,Lake Shore,Lake Shore,,,,,,Lake Shore,,,,,,,338.0,1093.113,3.234,246.0,37.0,9.0,200.0,431.943,35.0,2.0,9.0,0.0,26.0,34.0,11.0,129.0,142.531,0.0,20.393,23.022
2031,city,Lake Shore,Lake Shore,,,,,,Lake Shore,,,,,,,339.0,1086.393,3.205,253.0,38.0,12.0,203.0,441.469,36.0,2.0,12.0,0.0,26.0,34.0,12.0,131.0,142.414,0.0,23.034,23.022
2032,city,Lake Shore,Lake Shore,,,,,,Lake Shore,,,,,,,340.0,1080.534,3.178,257.0,39.0,12.0,206.0,445.956,37.0,2.0,12.0,0.0,26.0,34.0,13.0,133.0,141.45000000000002,0.0,24.511,22.999
2033,city,Lake Shore,Lake Shore,,,,,,Lake Shore,,,,,,,340.0,1072.494,3.154,261.0,39.0,14.0,208.0,454.055,37.0,2.0,14.0,0.0,26.0,34.0,13.0,135.0,145.904,0.0,24.134,23.022
2034,city,Lake Shore,Lake Shore,,,,,,Lake Shore,,,,,,,341.0,1069.709,3.137,267.0,41.0,16.0,210.0,462.64700000000005,37.0,4.0,16.0,0.0,26.0,34.0,14.0,136.0,145.572,0.0,27.057,23.022
2035,city,Lake Shore,Lake Shore,,,,,,Lake Shore,,,,,,,341.0,1063.285,3.118,266.0,41.0,16.0,209.0,458.76099999999997,37.0,4.0,16.0,0.0,26.0,34.0,14.0,135.0,145.408,0.0,24.328,23.022999999999996
2036,city,Lake Shore,Lake Shore,,,,,,Lake Shore,,,,,,,341.0,1057.542,3.101,269.0,42.0,17.0,210.0,464.595,37.0,5.0,17.0,0.0,26.0,34.0,14.0,136.0,146.257,0.0,26.317,23.022999999999996
2037,city,Lake Shore,Lake Shore,,,,,,Lake Shore,,,,,,,337.0,1041.7060000000001,3.091,277.0,46.0,19.0,212.0,470.954,44.0,2.0,16.0,3.0,25.0,33.0,15.0,139.0,147.07,0.0,23.875,23.02
2038,city,Lake Shore,Lake Shore,,,,,,Lake Shore,,,,,,,337.0,1036.636,3.076,279.0,46.0,19.0,214.0,473.50199999999995,44.0,2.0,16.0,3.0,25.0,35.0,15.0,139.0,147.593,0.0,23.906,23.003
2039,city,Lake Shore,Lake Shore,,,,,,Lake Shore,,,,,,,338.0,1036.294,3.066,280.0,46.0,20.0,214.0,476.105,44.0,2.0,17.0,3.0,25.0,35.0,15.0,139.0,149.446,0.0,23.655,23.002
2040,city,Lake Shore,Lake Shore,,,,,,Lake Shore,,,,,,,343.0,1045.616,3.048,314.0,52.0,21.0,241.0,599.4739999999999,49.0,3.0,18.0,3.0,25.0,41.0,17.0,158.0,151.301,0.0,111.17699999999999,22.999
2041,city,Lake Shore,Lake Shore,,,,,,Lake Shore,,,,,,,377.0,1133.713,3.007,345.0,58.0,21.0,266.0,710.311,55.0,3.0,18.0,3.0,25.0,46.0,21.0,174.0,149.32999999999998,0.0,190.969,25.020999999999997
2042,city,Lake Shore,Lake Shore,,,,,,Lake Shore,,,,,,,469.0,1429.34,3.048,365.0,63.0,23.0,279.0,854.521,60.0,3.0,20.0,3.0,25.0,49.0,21.0,184.0,149.413,0.0,308.082,32.032
2043,city,Lake Shore,Lake Shore,,,,,,Lake Shore,,,,,,,530.0,1608.134,3.034,378.0,66.0,25.0,287.0,858.937,63.0,3.0,22.0,3.0,25.0,50.0,22.0,190.0,150.214,0.0,294.705,36.01
2044,city,Lake Shore,Lake Shore,,,,,,Lake Shore,,,,,,,665.0,2010.238,3.023,392.0,72.0,26.0,294.0,1043.028,69.0,3.0,23.0,3.0,25.0,51.0,23.0,195.0,150.179,0.0,457.808,43.049
2045,city,Lake Shore,Lake Shore,,,,,,Lake Shore,,,,,,,810.0,2459.966,3.037,425.0,77.0,29.0,319.0,1036.07,70.0,7.0,26.0,3.0,25.0,56.0,25.0,213.0,147.965,0.0,407.092,56.020999999999994
2046,city,Lake Shore,Lake Shore,,,,,,Lake Shore,,,,,,,946.0,2868.713,3.032,461.0,84.0,29.0,348.0,1042.444,76.0,8.0,26.0,3.0,25.0,62.0,27.0,234.0,147.116,0.0,373.335,61.0
2047,city,Lake Shore,Lake Shore,,,,,,Lake Shore,,,,,,,1272.0,3883.299,3.053,500.0,98.0,33.0,369.0,1865.968,89.0,9.0,30.0,3.0,25.0,67.0,31.0,246.0,136.893,0.0,1147.104,81.974
2048,city,Lake Shore,Lake Shore,,,,,,Lake Shore,,,,,,,1576.0,4791.951,3.041,535.0,108.0,35.0,392.0,1502.78,97.0,11.0,32.0,3.0,25.0,69.0,33.0,265.0,132.65200000000002,0.0,731.136,104.0
2049,city,Lake Shore,Lake Shore,,,,,,Lake Shore,,,,,,,2073.0,6305.701,3.042,554.0,113.0,39.0,402.0,1954.9789999999998,100.0,13.0,36.0,3.0,25.0,69.0,35.0,273.0,122.529,0.0,1145.47,132.977
2050,city,Lake Shore,Lake Shore,,,,,,Lake Shore,,,,,,,2614.0,7958.711,3.045,578.0,123.0,40.0,415.0,2198.686,109.0,14.0,37.0,3.0,25.0,75.0,37.0,278.0,108.91,0.0,1344.78,166.99200000000002
2051,city,Lake Shore,Lake Shore,,,,,,Lake Shore,,,,,,,3295.0,9869.898,2.995,590.0,125.0,40.0,425.0,2864.587,111.0,14.0,37.0,3.0,25.0,77.0,38.0,285.0,81.82300000000001,0.0,1975.759,217.001
2052,city,Lake Shore,Lake Shore,,,,,,Lake Shore,,,,,,,3971.0,11803.017,2.972,604.0,128.0,41.0,435.0,2465.5550000000003,114.0,14.0,38.0,3.0,25.0,80.0,38.0,292.0,63.835,0.0,1540.682,257.034
2053,city,Lake Shore,Lake Shore,,,,,,Lake Shore,,,,,,,4302.0,12642.497,2.939,613.0,132.0,41.0,440.0,1194.987,118.0,14.0,38.0,3.0,25.0,81.0,38.0,296.0,61.778,0.0,239.03900000000002,281.173
2054,city,Lake Shore,Lake Shore,,,,,,Lake Shore,,,,,,,4895.0,14296.509,2.921,619.0,132.0,42.0,445.0,1322.637,118.0,14.0,39.0,3.0,25.0,84.0,39.0,297.0,61.727999999999994,0.0,324.798,317.107
2055,city,Lake Shore,Lake Shore,,,,,,Lake Shore,,,,,,,5323.0,15413.313,2.896,644.0,136.0,43.0,465.0,1454.163,121.0,15.0,40.0,3.0,25.0,92.0,39.0,309.0,61.76499999999999,0.0,398.33500000000004,350.064
2056,city,Lake Shore,Lake Shore,,,,,,Lake Shore,,,,,,,5664.0,16340.688,2.885,687.0,148.0,44.0,495.0,1497.3110000000001,132.0,16.0,41.0,3.0,25.0,101.0,45.0,324.0,61.766999999999996,0.0,376.569,371.98
2057,city,Lake Shore,Lake Shore,,,,,,Lake Shore,,,,,,,5854.0,16858.971,2.88,754.0,160.0,50.0,544.0,1618.095,144.0,16.0,47.0,3.0,25.0,115.0,56.0,348.0,60.789,0.0,413.409,389.898
2058,city,Lake Shore,Lake Shore,,,,,,Lake Shore,,,,,,,5887.0,17146.912,2.913,828.0,178.0,55.0,595.0,1742.5529999999999,159.0,19.0,52.0,3.0,25.0,130.0,63.0,377.0,59.794,0.0,458.85,395.908
2059,city,Lake Shore,Lake Shore,,,,,,Lake Shore,,,,,,,5887.0,17335.259000000002,2.945,886.0,193.0,58.0,635.0,1674.513,171.0,22.0,55.0,3.0,25.0,138.0,70.0,402.0,59.79800000000001,0.0,327.637,401.08000000000004
2060,city,Lake Shore,Lake Shore,,,,,,Lake Shore,,,,,,,5897.0,17574.322,2.98,939.0,209.0,60.0,670.0,1772.218,184.0,25.0,57.0,3.0,25.0,145.0,74.0,426.0,59.817,0.0,360.506,412.894
2061,city,Lake Shore,Lake Shore,,,,,,Lake Shore,,,,,,,5923.0,17856.564,3.015,1064.0,242.0,63.0,759.0,2148.532,213.0,29.0,60.0,3.0,25.0,166.0,83.0,485.0,60.781,0.0,605.7719999999999,417.97999999999996
2062,city,Lake Shore,Lake Shore,,,,,,Lake Shore,,,,,,,5931.0,18084.635,3.049,1174.0,279.0,68.0,827.0,2083.015,240.0,39.0,65.0,3.0,25.0,183.0,92.0,527.0,60.731,0.0,426.147,422.135
2063,city,Lake Shore,Lake Shore,,,,,,Lake Shore,,,,,,,5946.0,18343.24,3.085,1267.0,311.0,72.0,884.0,2164.656,269.0,42.0,69.0,3.0,25.0,192.0,99.0,568.0,60.717,0.0,402.882,434.06100000000004
2064,city,Lake Shore,Lake Shore,,,,,,Lake Shore,,,,,,,5955.0,18583.921,3.121,1373.0,351.0,75.0,947.0,2335.056,303.0,48.0,72.0,3.0,25.0,200.0,110.0,612.0,60.754,0.0,460.194,441.113
2065,city,Lake Shore,Lake Shore,,,,,,Lake Shore,,,,,,,5955.0,18793.394,3.156,1466.0,374.0,78.0,1014.0,2359.67,322.0,52.0,75.0,3.0,25.0,218.0,116.0,655.0,60.805,0.0,388.975,443.887
2023,city,Layton,Layton,,,,,,Layton,,,,,,,28612.0,82466.755,2.882,38263.0,9482.0,4760.0,24021.0,42824.247,5726.0,3756.0,1617.0,3143.0,3287.0,2891.0,6417.0,11426.0,170.34799999999998,21.696,3115.34,1253.865
2024,city,Layton,Layton,,,,,,Layton,,,,,,,28677.0,81761.425,2.851,38254.0,9444.0,4704.0,24106.0,42911.368,5688.0,3756.0,1641.0,3063.0,3238.0,3082.0,6502.0,11284.0,176.215,26.112,3225.349,1229.695
2025,city,Layton,Layton,,,,,,Layton,,,,,,,28852.0,81362.238,2.82,38579.0,9406.0,4729.0,24444.0,43310.88,5676.0,3730.0,1621.0,3108.0,3226.0,3121.0,6698.0,11399.0,175.619,25.855999999999998,3188.32,1342.088
2026,city,Layton,Layton,,,,,,Layton,,,,,,,29285.0,81812.764,2.794,38642.0,9355.0,4699.0,24588.0,43755.244,5628.0,3727.0,1584.0,3115.0,3161.0,3103.0,6823.0,11501.0,171.186,26.496000000000002,3551.017,1364.549
2027,city,Layton,Layton,,,,,,Layton,,,,,,,29688.0,82207.821,2.769,38808.0,9355.0,4694.0,24759.0,43329.835,5642.0,3713.0,1567.0,3127.0,3132.0,3078.0,6954.0,11595.0,174.012,26.816,2935.914,1385.094
2028,city,Layton,Layton,,,,,,Layton,,,,,,,30234.0,82923.039,2.743,38837.0,9311.0,4675.0,24851.0,43474.864,5627.0,3684.0,1555.0,3120.0,3028.0,3053.0,7036.0,11734.0,175.249,25.599999999999998,3026.109,1410.901
2029,city,Layton,Layton,,,,,,Layton,,,,,,,30515.0,82768.414,2.712,38834.0,9285.0,4663.0,24886.0,43590.998,5630.0,3655.0,1545.0,3118.0,2967.0,3029.0,7111.0,11779.0,176.827,24.0,3129.619,1426.551
2030,city,Layton,Layton,,,,,,Layton,,,,,,,30868.0,82938.105,2.687,38974.0,9270.0,4656.0,25048.0,43976.065,5654.0,3616.0,1545.0,3111.0,2951.0,3003.0,7210.0,11884.0,177.632,23.488,3355.723,1445.224
2031,city,Layton,Layton,,,,,,Layton,,,,,,,31193.0,82918.81599999999,2.658,39053.0,9235.0,4651.0,25167.0,43853.765,5677.0,3558.0,1548.0,3103.0,2967.0,2972.0,7290.0,11938.0,177.79,23.616,3143.034,1456.327
2032,city,Layton,Layton,,,,,,Layton,,,,,,,31596.0,83130.717,2.631,39133.0,9204.0,4638.0,25291.0,44033.416,5700.0,3504.0,1549.0,3089.0,2964.0,2942.0,7376.0,12009.0,176.26,24.576,3226.356,1473.217
2033,city,Layton,Layton,,,,,,Layton,,,,,,,32294.0,84037.85399999999,2.602,39244.0,9198.0,4624.0,25422.0,44539.68,5719.0,3479.0,1546.0,3078.0,2951.0,2910.0,7442.0,12119.0,176.095,25.792,3589.91,1503.877
2034,city,Layton,Layton,,,,,,Layton,,,,,,,32817.0,84524.645,2.576,39536.0,9231.0,4619.0,25686.0,44509.481999999996,5745.0,3486.0,1542.0,3077.0,2929.0,2895.0,7538.0,12324.0,174.24099999999999,26.752000000000002,3231.1440000000002,1541.34
2035,city,Layton,Layton,,,,,,Layton,,,,,,,33315.0,85029.344,2.552,38978.0,9032.0,4580.0,25366.0,43857.604,5714.0,3318.0,1557.0,3023.0,2885.0,2867.0,7563.0,12051.0,175.46,27.072,3133.538,1543.539
2036,city,Layton,Layton,,,,,,Layton,,,,,,,33970.0,85817.232,2.526,38977.0,9042.0,4566.0,25369.0,44963.358,5725.0,3317.0,1569.0,2997.0,2832.0,2843.0,7629.0,12065.0,176.257,26.752000000000002,4215.2480000000005,1568.09
2037,city,Layton,Layton,,,,,,Layton,,,,,,,36406.0,91336.326,2.509,39191.0,8951.0,4581.0,25659.0,45898.458,5665.0,3286.0,1597.0,2984.0,2841.0,2792.0,7704.0,12322.0,174.663,26.496000000000002,4823.841,1682.458
2038,city,Layton,Layton,,,,,,Layton,,,,,,,37126.0,92418.076,2.489,39679.0,8998.0,4592.0,26089.0,45596.973,5715.0,3283.0,1614.0,2978.0,2901.0,2804.0,7808.0,12576.0,175.84099999999998,26.432,3996.012,1719.685
2039,city,Layton,Layton,,,,,,Layton,,,,,,,37721.0,93172.814,2.47,40171.0,9048.0,4618.0,26505.0,45652.967,5773.0,3275.0,1636.0,2982.0,2955.0,2823.0,7907.0,12820.0,179.645,26.304,3526.566,1749.457
2040,city,Layton,Layton,,,,,,Layton,,,,,,,38584.0,94502.999,2.449,40509.0,8955.0,4620.0,26934.0,46835.525,5769.0,3186.0,1653.0,2967.0,3005.0,2870.0,8024.0,13035.0,178.118,26.240000000000002,4325.616,1796.54
2041,city,Layton,Layton,,,,,,Layton,,,,,,,39378.0,95799.536,2.433,41040.0,9030.0,4632.0,27378.0,47259.782,5807.0,3223.0,1666.0,2966.0,3076.0,2865.0,8136.0,13301.0,178.857,26.240000000000002,4171.689,1843.0
2042,city,Layton,Layton,,,,,,Layton,,,,,,,40152.0,97036.677,2.417,41534.0,9083.0,4650.0,27801.0,47703.944,5837.0,3246.0,1686.0,2964.0,3161.0,2890.0,8251.0,13499.0,182.304,26.432,4076.206,1885.0
2043,city,Layton,Layton,,,,,,Layton,,,,,,,40969.0,98499.6,2.404,41942.0,9137.0,4659.0,28146.0,48089.808,5863.0,3274.0,1693.0,2966.0,3215.0,2921.0,8325.0,13685.0,186.557,26.624,4005.931,1928.6970000000001
2044,city,Layton,Layton,,,,,,Layton,,,,,,,41783.0,99989.329,2.393,42691.0,9307.0,4674.0,28710.0,49128.501000000004,5973.0,3334.0,1702.0,2972.0,3316.0,2961.0,8440.0,13993.0,185.441,26.432,4252.453,1973.172
2045,city,Layton,Layton,,,,,,Layton,,,,,,,42536.0,101305.509,2.382,43225.0,9346.0,4701.0,29178.0,49600.449,6006.0,3340.0,1721.0,2980.0,3413.0,2982.0,8578.0,14205.0,185.668,26.304,4145.481,2018.0
2046,city,Layton,Layton,,,,,,Layton,,,,,,,43061.0,102135.778,2.372,43559.0,9368.0,4694.0,29497.0,49886.032,6009.0,3359.0,1741.0,2953.0,3543.0,2986.0,8702.0,14266.0,189.129,26.304,4058.128,2053.472
2047,city,Layton,Layton,,,,,,Layton,,,,,,,43458.0,102692.346,2.363,44094.0,9434.0,4716.0,29944.0,49571.622,6049.0,3385.0,1753.0,2963.0,3673.0,3007.0,8821.0,14443.0,189.45,26.304,3180.479,2081.391
2048,city,Layton,Layton,,,,,,Layton,,,,,,,44125.0,104128.416,2.36,44740.0,9542.0,4740.0,30458.0,51120.661,6096.0,3446.0,1776.0,2964.0,3836.0,3029.0,8962.0,14631.0,188.68,26.56,4040.634,2124.7889999999998
2049,city,Layton,Layton,,,,,,Layton,,,,,,,44824.0,105655.973,2.357,45242.0,9626.0,4758.0,30858.0,51728.409999999996,6142.0,3484.0,1795.0,2963.0,3985.0,3038.0,9064.0,14771.0,188.907,26.688,4101.7429999999995,2169.071
2050,city,Layton,Layton,,,,,,Layton,,,,,,,46030.0,107818.08499999999,2.342,45900.0,9753.0,4796.0,31351.0,53426.924,6250.0,3503.0,1806.0,2990.0,4151.0,3080.0,9151.0,14969.0,188.914,26.88,5069.19,2241.944
2051,city,Layton,Layton,,,,,,Layton,,,,,,,46868.0,109533.7,2.337,46214.0,9790.0,4819.0,31605.0,53069.657999999996,6279.0,3511.0,1838.0,2981.0,4264.0,3085.0,9200.0,15056.0,188.914,26.944,4347.57,2292.238
2052,city,Layton,Layton,,,,,,Layton,,,,,,,47371.0,110428.19,2.331,46610.0,9842.0,4834.0,31934.0,54088.805,6328.0,3514.0,1859.0,2975.0,4371.0,3108.0,9285.0,15170.0,188.914,27.136,4936.048,2326.709
2053,city,Layton,Layton,,,,,,Layton,,,,,,,48249.0,112365.30099999999,2.329,46879.0,9894.0,4822.0,32163.0,53954.486,6372.0,3522.0,1852.0,2970.0,4435.0,3121.0,9329.0,15278.0,187.687,27.264000000000003,4486.647,2373.897
2054,city,Layton,Layton,,,,,,Layton,,,,,,,49331.0,114775.775,2.327,47214.0,9943.0,4844.0,32427.0,54219.884,6420.0,3523.0,1875.0,2969.0,4502.0,3136.0,9418.0,15371.0,188.691,27.392,4353.61,2436.193
2055,city,Layton,Layton,,,,,,Layton,,,,,,,50247.0,116811.982,2.325,47529.0,9981.0,4861.0,32687.0,54896.852,6455.0,3526.0,1893.0,2968.0,4561.0,3151.0,9487.0,15488.0,187.452,27.392,4666.286,2486.718
2056,city,Layton,Layton,,,,,,Layton,,,,,,,50279.0,117689.198,2.341,47915.0,10017.0,4874.0,33024.0,55131.715000000004,6489.0,3528.0,1903.0,2971.0,4623.0,3160.0,9605.0,15636.0,187.452,27.072,4483.662,2518.521
2057,city,Layton,Layton,,,,,,Layton,,,,,,,50324.0,118421.192,2.353,48332.0,10063.0,4893.0,33376.0,55683.681,6535.0,3528.0,1921.0,2972.0,4701.0,3170.0,9709.0,15796.0,187.452,26.496000000000002,4596.251,2541.476
2058,city,Layton,Layton,,,,,,Layton,,,,,,,50333.0,119268.812,2.37,48828.0,10103.0,4900.0,33825.0,56282.544,6581.0,3522.0,1933.0,2967.0,4808.0,3183.0,9828.0,16006.0,185.685,25.92,4672.517,2570.422
2059,city,Layton,Layton,,,,,,Layton,,,,,,,50369.0,120189.751,2.386,49057.0,10119.0,4915.0,34023.0,56493.361,6603.0,3516.0,1955.0,2960.0,4856.0,3190.0,9898.0,16079.0,185.44899999999998,25.472,4618.483,2606.948
2060,city,Layton,Layton,,,,,,Layton,,,,,,,50400.0,121143.504,2.404,49333.0,10130.0,4936.0,34267.0,57450.646,6621.0,3509.0,1981.0,2955.0,4901.0,3243.0,9966.0,16157.0,185.226,25.152,5272.558,2634.711
2061,city,Layton,Layton,,,,,,Layton,,,,,,,50444.0,122158.879,2.422,49607.0,10134.0,4958.0,34515.0,57296.892,6633.0,3501.0,2003.0,2955.0,4962.0,3236.0,10078.0,16239.0,185.226,25.024,4813.58,2666.051
2062,city,Layton,Layton,,,,,,Layton,,,,,,,50532.0,123139.695,2.437,49842.0,10137.0,4979.0,34726.0,57481.274,6649.0,3488.0,2028.0,2951.0,5013.0,3250.0,10140.0,16323.0,184.448,24.896,4734.87,2695.051
2063,city,Layton,Layton,,,,,,Layton,,,,,,,50574.0,123854.363,2.449,50239.0,10172.0,5015.0,35052.0,58441.869,6688.0,3484.0,2058.0,2957.0,5069.0,3267.0,10227.0,16489.0,184.691,24.832,5274.878,2718.474
2064,city,Layton,Layton,,,,,,Layton,,,,,,,50598.0,124770.114,2.466,50601.0,10208.0,5038.0,35355.0,58411.081,6729.0,3479.0,2085.0,2953.0,5132.0,3289.0,10271.0,16663.0,184.449,24.704,4851.326,2749.5879999999997
2065,city,Layton,Layton,,,,,,Layton,,,,,,,50631.0,125720.201,2.483,50919.0,10234.0,5064.0,35621.0,58693.913,6761.0,3473.0,2115.0,2949.0,5177.0,3311.0,10351.0,16782.0,181.906,24.704,4789.241,2779.059
2023,city,Lehi,Lehi,,,,,,Lehi,,,,,,,26920.0,88252.045,3.278,60539.0,10908.0,4189.0,45442.0,68740.091,6743.0,4165.0,2726.0,1463.0,15425.0,5552.0,4449.0,20016.0,64.512,285.478,6115.895,1735.208
2024,city,Lehi,Lehi,,,,,,Lehi,,,,,,,27522.0,89263.583,3.243,62043.0,10994.0,4330.0,46719.0,68736.397,6682.0,4312.0,2784.0,1546.0,15149.0,6021.0,5352.0,20197.0,63.504,312.343,4619.053,1698.491
2025,city,Lehi,Lehi,,,,,,Lehi,,,,,,,28481.0,91273.85800000001,3.205,64520.0,11415.0,4449.0,48656.0,72261.601,6982.0,4433.0,2903.0,1546.0,15259.0,6447.0,6030.0,20920.0,62.480000000000004,311.372,5474.523,1893.234
2026,city,Lehi,Lehi,,,,,,Lehi,,,,,,,29528.0,93535.651,3.168,66391.0,11668.0,4561.0,50162.0,74266.218,7094.0,4574.0,2963.0,1598.0,15259.0,6779.0,6624.0,21500.0,58.449000000000005,322.377,5549.558,1944.833
2027,city,Lehi,Lehi,,,,,,Lehi,,,,,,,30634.0,95951.54,3.132,68032.0,11980.0,4671.0,51381.0,75342.388,7326.0,4654.0,3040.0,1631.0,15232.0,7079.0,7092.0,21978.0,56.454,329.82099999999997,4919.609,2004.489
2028,city,Lehi,Lehi,,,,,,Lehi,,,,,,,31820.0,98718.186,3.102,69494.0,12188.0,4721.0,52585.0,77506.425,7463.0,4725.0,3090.0,1631.0,15232.0,7304.0,7489.0,22560.0,52.37,316.55,5582.524,2060.969
2029,city,Lehi,Lehi,,,,,,Lehi,,,,,,,32705.0,100513.142,3.073,70963.0,12375.0,4812.0,53776.0,78570.18000000001,7615.0,4760.0,3181.0,1631.0,15232.0,7476.0,7839.0,23229.0,50.412,299.07300000000004,5150.093,2107.581
2030,city,Lehi,Lehi,,,,,,Lehi,,,,,,,33502.0,102018.733,3.045,72296.0,12595.0,4933.0,54768.0,79945.306,7818.0,4777.0,3302.0,1631.0,15232.0,7572.0,8213.0,23751.0,47.515,294.218,5159.708,2147.866
2031,city,Lehi,Lehi,,,,,,Lehi,,,,,,,34285.0,103485.592,3.018,73401.0,12786.0,5028.0,55587.0,81477.316,8022.0,4764.0,3397.0,1631.0,15231.0,7609.0,8573.0,24174.0,47.47,296.483,5545.621,2186.74
2032,city,Lehi,Lehi,,,,,,Lehi,,,,,,,35041.0,105001.747,2.997,74561.0,12953.0,5120.0,56488.0,82844.797,8176.0,4777.0,3489.0,1631.0,15220.0,7623.0,8963.0,24682.0,45.46,311.372,5692.31,2234.6549999999997
2033,city,Lehi,Lehi,,,,,,Lehi,,,,,,,35693.0,106230.095,2.976,75513.0,13090.0,5201.0,57222.0,83749.018,8284.0,4806.0,3570.0,1631.0,15219.0,7635.0,9253.0,25115.0,44.27,326.585,5588.44,2276.7219999999998
2034,city,Lehi,Lehi,,,,,,Lehi,,,,,,,36292.0,107368.054,2.958,76787.0,13378.0,5247.0,58162.0,85428.941,8400.0,4978.0,3616.0,1631.0,15187.0,7667.0,9567.0,25741.0,41.451,339.85499999999996,5926.833,2333.813
2035,city,Lehi,Lehi,,,,,,Lehi,,,,,,,36756.0,108099.603,2.941,76675.0,13261.0,5282.0,58132.0,84722.349,8424.0,4837.0,3666.0,1616.0,15187.0,7655.0,9735.0,25555.0,40.396,344.71,5320.109,2342.1369999999997
2036,city,Lehi,Lehi,,,,,,Lehi,,,,,,,37140.0,108650.961,2.925,77451.0,13414.0,5355.0,58682.0,85594.427,8524.0,4890.0,3739.0,1616.0,15187.0,7670.0,9939.0,25886.0,40.349999999999994,342.444,5393.527,2367.105
2037,city,Lehi,Lehi,,,,,,Lehi,,,,,,,37686.0,109563.398,2.907,77262.0,13323.0,5289.0,58650.0,84962.829,8452.0,4871.0,3714.0,1575.0,15126.0,7704.0,9917.0,25903.0,44.318,339.531,4907.547,2409.436
2038,city,Lehi,Lehi,,,,,,Lehi,,,,,,,37957.0,109841.109,2.894,78132.0,13460.0,5356.0,59316.0,86065.737,8548.0,4912.0,3781.0,1575.0,15126.0,7783.0,10137.0,26270.0,42.461999999999996,338.884,5118.304,2434.086
2039,city,Lehi,Lehi,,,,,,Lehi,,,,,,,38255.0,110261.696,2.882,78906.0,13590.0,5423.0,59893.0,86543.678,8642.0,4948.0,3848.0,1575.0,15124.0,7862.0,10317.0,26590.0,40.394999999999996,338.884,4801.756,2456.642
2040,city,Lehi,Lehi,,,,,,Lehi,,,,,,,38594.0,110825.749,2.872,79535.0,13713.0,5485.0,60337.0,87462.593,8749.0,4964.0,3910.0,1575.0,15092.0,7936.0,10470.0,26839.0,40.349999999999994,338.884,5065.782,2482.574
2041,city,Lehi,Lehi,,,,,,Lehi,,,,,,,38824.0,111050.152,2.86,80232.0,13811.0,5554.0,60867.0,87607.933,8830.0,4981.0,3979.0,1575.0,15088.0,8014.0,10626.0,27139.0,40.36,340.503,4499.521,2495.56
2042,city,Lehi,Lehi,,,,,,Lehi,,,,,,,39089.0,111389.527,2.85,80874.0,13894.0,5606.0,61374.0,88216.259,8891.0,5003.0,4031.0,1575.0,15088.0,8095.0,10780.0,27411.0,39.379,343.74,4441.691,2517.471
2043,city,Lehi,Lehi,,,,,,Lehi,,,,,,,39320.0,111669.65,2.84,81427.0,13996.0,5652.0,61779.0,88804.254,8960.0,5036.0,4077.0,1575.0,15088.0,8172.0,10916.0,27603.0,39.313,346.652,4458.081,2533.212
2044,city,Lehi,Lehi,,,,,,Lehi,,,,,,,39594.0,112067.821,2.83,81946.0,14093.0,5677.0,62176.0,89359.763,9035.0,5058.0,4102.0,1575.0,15084.0,8244.0,11042.0,27806.0,39.312,346.328,4475.136,2552.987
2045,city,Lehi,Lehi,,,,,,Lehi,,,,,,,39850.0,112489.191,2.823,82529.0,14184.0,5721.0,62624.0,89753.099,9102.0,5082.0,4146.0,1575.0,15082.0,8335.0,11215.0,27992.0,39.262,345.358,4268.506,2570.972
2046,city,Lehi,Lehi,,,,,,Lehi,,,,,,,40122.0,112908.154,2.814,82911.0,14242.0,5762.0,62907.0,90296.452,9153.0,5089.0,4187.0,1575.0,15048.0,8410.0,11296.0,28153.0,39.302,345.358,4412.89,2587.898
2047,city,Lehi,Lehi,,,,,,Lehi,,,,,,,40410.0,113353.025,2.805,83216.0,14302.0,5775.0,63139.0,90505.541,9201.0,5101.0,4200.0,1575.0,15045.0,8473.0,11356.0,28265.0,39.262,347.299,4288.843,2614.139
2048,city,Lehi,Lehi,,,,,,Lehi,,,,,,,40660.0,113662.871,2.795,83670.0,14375.0,5813.0,63482.0,90989.325,9257.0,5118.0,4238.0,1575.0,15045.0,8552.0,11455.0,28430.0,39.195,350.85900000000004,4298.375,2630.903
2049,city,Lehi,Lehi,,,,,,Lehi,,,,,,,40838.0,113760.995,2.786,84055.0,14441.0,5850.0,63764.0,91428.813,9320.0,5121.0,4275.0,1575.0,15033.0,8626.0,11545.0,28560.0,37.158,354.096,4336.026,2646.534
2050,city,Lehi,Lehi,,,,,,Lehi,,,,,,,40985.0,113734.53,2.775,84624.0,14547.0,5897.0,64180.0,92110.435,9396.0,5151.0,4322.0,1575.0,15033.0,8744.0,11636.0,28767.0,37.307,357.657,4435.649,2655.821
2051,city,Lehi,Lehi,,,,,,Lehi,,,,,,,41105.0,113637.53,2.765,85160.0,14642.0,5956.0,64562.0,92835.275,9474.0,5168.0,4381.0,1575.0,15033.0,8835.0,11738.0,28956.0,43.437000000000005,360.569,4606.182,2665.0950000000003
2052,city,Lehi,Lehi,,,,,,Lehi,,,,,,,41251.0,113558.734,2.753,85732.0,14758.0,5994.0,64980.0,93527.548,9568.0,5190.0,4419.0,1575.0,15033.0,8966.0,11852.0,29129.0,46.609,363.483,4701.111,2684.349
2053,city,Lehi,Lehi,,,,,,Lehi,,,,,,,41376.0,113393.884,2.741,86273.0,14852.0,6025.0,65396.0,95248.524,9640.0,5212.0,4450.0,1575.0,15033.0,9093.0,11951.0,29319.0,47.6,367.36699999999996,5860.91,2699.639
2054,city,Lehi,Lehi,,,,,,Lehi,,,,,,,41764.0,114046.39199999999,2.731,86731.0,14931.0,6064.0,65736.0,96338.466,9706.0,5225.0,4489.0,1575.0,15029.0,9215.0,12046.0,29446.0,47.564,369.956,6460.007,2729.942
2055,city,Lehi,Lehi,,,,,,Lehi,,,,,,,42367.0,115309.055,2.722,87258.0,15020.0,6104.0,66134.0,97183.602,9784.0,5236.0,4529.0,1575.0,15029.0,9338.0,12149.0,29618.0,46.583999999999996,370.927,6731.594,2776.508
2056,city,Lehi,Lehi,,,,,,Lehi,,,,,,,42966.0,116428.605,2.71,87781.0,15097.0,6129.0,66555.0,97476.432,9847.0,5250.0,4555.0,1574.0,15028.0,9444.0,12273.0,29810.0,46.583999999999996,368.662,6463.36,2816.831
2057,city,Lehi,Lehi,,,,,,Lehi,,,,,,,43430.0,117859.883,2.714,88021.0,15162.0,6151.0,66708.0,98128.061,9903.0,5259.0,4577.0,1574.0,15019.0,9493.0,12338.0,29858.0,46.601,362.188,6834.03,2864.237
2058,city,Lehi,Lehi,,,,,,Lehi,,,,,,,43800.0,120097.018,2.742,88401.0,15228.0,6182.0,66991.0,99212.666,9954.0,5274.0,4608.0,1574.0,15009.0,9588.0,12431.0,29963.0,46.612,356.039,7461.684,2947.3179999999998
2059,city,Lehi,Lehi,,,,,,Lehi,,,,,,,43831.0,121438.55,2.771,88983.0,15338.0,6227.0,67418.0,99367.452,10040.0,5298.0,4653.0,1574.0,15005.0,9695.0,12540.0,30178.0,46.63,351.50800000000004,6995.732,2990.6
2060,city,Lehi,Lehi,,,,,,Lehi,,,,,,,43847.0,122917.795,2.803,89739.0,15524.0,6266.0,67949.0,100588.127,10188.0,5336.0,4692.0,1574.0,15004.0,9814.0,12647.0,30484.0,46.641,349.241,7416.01,3037.227
2061,city,Lehi,Lehi,,,,,,Lehi,,,,,,,43854.0,124568.833,2.841,90470.0,15713.0,6300.0,68457.0,100952.75,10324.0,5389.0,4726.0,1574.0,15004.0,9926.0,12748.0,30779.0,46.598,347.62300000000005,6997.6939999999995,3090.832
2062,city,Lehi,Lehi,,,,,,Lehi,,,,,,,43873.0,126038.505,2.873,91106.0,15861.0,6343.0,68902.0,101716.19900000001,10438.0,5423.0,4769.0,1574.0,15002.0,10031.0,12834.0,31035.0,46.559,346.652,7070.966,3146.018
2063,city,Lehi,Lehi,,,,,,Lehi,,,,,,,43881.0,127509.607,2.906,91692.0,15981.0,6382.0,69329.0,102393.603,10538.0,5443.0,4808.0,1574.0,15002.0,10111.0,12952.0,31264.0,45.54,345.68100000000004,7118.969,3191.42
2064,city,Lehi,Lehi,,,,,,Lehi,,,,,,,43890.0,129067.898,2.941,92256.0,16104.0,6418.0,69734.0,103146.184,10638.0,5466.0,4844.0,1574.0,15002.0,10208.0,13042.0,31482.0,45.571999999999996,345.034,7251.74,3247.844
2065,city,Lehi,Lehi,,,,,,Lehi,,,,,,,43903.0,130497.133,2.972,92757.0,16211.0,6448.0,70098.0,103641.285,10729.0,5482.0,4874.0,1574.0,15002.0,10288.0,13126.0,31682.0,45.598,344.386,7195.13,3299.154
2023,city,Lindon,Lindon,,,,,,Lindon,,,,,,,3330.0,10870.568,3.264,18133.0,2899.0,5436.0,9798.0,19506.868000000002,2505.0,394.0,3133.0,2303.0,2571.0,1238.0,776.0,5213.0,16.128,264.174,878.294,215.275
2024,city,Lindon,Lindon,,,,,,Lindon,,,,,,,3387.0,10988.324,3.244,18255.0,2892.0,5460.0,9903.0,19359.624,2484.0,408.0,3142.0,2318.0,2532.0,1276.0,869.0,5226.0,16.128,289.034,591.036,208.43
2025,city,Lindon,Lindon,,,,,,Lindon,,,,,,,3454.0,11103.794,3.215,18571.0,2912.0,5564.0,10095.0,20324.307,2499.0,413.0,3158.0,2406.0,2550.0,1307.0,953.0,5285.0,14.109,288.135,1221.668,229.391
2026,city,Lindon,Lindon,,,,,,Lindon,,,,,,,3492.0,11093.609,3.177,18717.0,2936.0,5573.0,10208.0,20485.786,2509.0,427.0,3161.0,2412.0,2550.0,1327.0,1000.0,5331.0,14.109,298.319,1226.263,230.098
2027,city,Lindon,Lindon,,,,,,Lindon,,,,,,,3515.0,11049.793,3.144,18897.0,2966.0,5593.0,10338.0,20327.622,2529.0,437.0,3174.0,2419.0,2547.0,1357.0,1063.0,5371.0,14.113,305.208,882.011,229.282
2028,city,Lindon,Lindon,,,,,,Lindon,,,,,,,3550.0,11040.867,3.11,19053.0,2982.0,5604.0,10467.0,20552.018,2541.0,441.0,3179.0,2425.0,2547.0,1377.0,1108.0,5435.0,14.098999999999998,292.928,962.657,229.33100000000002
2029,city,Lindon,Lindon,,,,,,Lindon,,,,,,,3576.0,11004.053,3.077,19226.0,2995.0,5630.0,10601.0,20645.444,2553.0,442.0,3194.0,2436.0,2547.0,1397.0,1148.0,5509.0,14.115,276.754,896.2869999999999,232.28300000000002
2030,city,Lindon,Lindon,,,,,,Lindon,,,,,,,3671.0,11196.539,3.05,19344.0,3013.0,5639.0,10692.0,20918.344,2569.0,444.0,3203.0,2436.0,2547.0,1409.0,1189.0,5547.0,13.142,272.261,1051.735,237.205
2031,city,Lindon,Lindon,,,,,,Lindon,,,,,,,3721.0,11261.075,3.026,19442.0,3028.0,5655.0,10759.0,20886.71,2585.0,443.0,3213.0,2442.0,2547.0,1413.0,1218.0,5581.0,13.129999999999999,274.357,917.03,240.19
2032,city,Lindon,Lindon,,,,,,Lindon,,,,,,,3784.0,11351.713,3.0,19489.0,3023.0,5650.0,10816.0,21004.762,2589.0,434.0,3215.0,2435.0,2544.0,1414.0,1248.0,5610.0,13.133,288.135,971.529,242.96599999999998
2033,city,Lindon,Lindon,,,,,,Lindon,,,,,,,3842.0,11455.024,2.982,19581.0,3037.0,5659.0,10885.0,21247.022,2601.0,436.0,3224.0,2435.0,2544.0,1419.0,1281.0,5641.0,13.079,302.213,1104.545,246.18699999999998
2034,city,Lindon,Lindon,,,,,,Lindon,,,,,,,3908.0,11556.919,2.957,19749.0,3082.0,5673.0,10994.0,21504.812,2622.0,460.0,3238.0,2435.0,2533.0,1424.0,1311.0,5726.0,12.131,314.493,1177.994,251.197
2035,city,Lindon,Lindon,,,,,,Lindon,,,,,,,3938.0,11577.876,2.94,19737.0,3073.0,5668.0,10996.0,21296.184,2623.0,450.0,3250.0,2418.0,2560.0,1421.0,1329.0,5686.0,12.119,318.986,976.854,251.22899999999998
2036,city,Lindon,Lindon,,,,,,Lindon,,,,,,,3968.0,11610.827,2.926,19800.0,3085.0,5671.0,11044.0,21441.586,2631.0,454.0,3259.0,2412.0,2560.0,1421.0,1349.0,5714.0,12.105,316.889,1058.368,254.227
2037,city,Lindon,Lindon,,,,,,Lindon,,,,,,,3972.0,11568.517,2.913,19982.0,3153.0,5665.0,11164.0,21617.832,2686.0,467.0,3266.0,2399.0,2570.0,1465.0,1396.0,5733.0,11.078999999999999,314.193,1056.409,254.152
2038,city,Lindon,Lindon,,,,,,Lindon,,,,,,,3993.0,11568.332,2.897,20146.0,3182.0,5676.0,11288.0,21683.631,2703.0,479.0,3277.0,2399.0,2570.0,1476.0,1436.0,5806.0,10.11,313.594,957.813,256.115
2039,city,Lindon,Lindon,,,,,,Lindon,,,,,,,4021.0,11605.812,2.886,20262.0,3199.0,5683.0,11380.0,21875.898,2714.0,485.0,3287.0,2396.0,2570.0,1487.0,1465.0,5858.0,10.099,313.594,1033.139,257.07
2040,city,Lindon,Lindon,,,,,,Lindon,,,,,,,4065.0,11685.921,2.875,20335.0,3192.0,5690.0,11453.0,21875.483,2717.0,475.0,3296.0,2394.0,2566.0,1495.0,1483.0,5909.0,10.088,313.594,956.8430000000001,259.954
2041,city,Lindon,Lindon,,,,,,Lindon,,,,,,,4091.0,11698.931,2.86,20432.0,3201.0,5702.0,11529.0,21894.481,2722.0,479.0,3308.0,2394.0,2565.0,1504.0,1500.0,5960.0,10.09,315.092,873.133,264.165
2042,city,Lindon,Lindon,,,,,,Lindon,,,,,,,4116.0,11711.266,2.845,20533.0,3217.0,5708.0,11608.0,21940.308,2735.0,482.0,3314.0,2394.0,2565.0,1514.0,1524.0,6005.0,10.097000000000001,318.087,813.864,265.26099999999997
2043,city,Lindon,Lindon,,,,,,Lindon,,,,,,,4150.0,11762.55,2.834,20535.0,3233.0,5645.0,11657.0,22063.532,2747.0,486.0,3260.0,2385.0,2565.0,1522.0,1543.0,6027.0,10.081,320.783,929.538,268.127
2044,city,Lindon,Lindon,,,,,,Lindon,,,,,,,4197.0,11861.164,2.826,20588.0,3238.0,5654.0,11696.0,22096.561,2752.0,486.0,3270.0,2384.0,2564.0,1529.0,1556.0,6047.0,10.08,320.483,906.683,271.318
2045,city,Lindon,Lindon,,,,,,Lindon,,,,,,,4241.0,11919.211,2.81,20634.0,3241.0,5653.0,11740.0,22038.968,2755.0,486.0,3274.0,2379.0,2563.0,1534.0,1575.0,6068.0,10.067,319.585,802.2139999999999,273.104
2046,city,Lindon,Lindon,,,,,,Lindon,,,,,,,4268.0,11942.515,2.798,20678.0,3248.0,5662.0,11768.0,22073.251,2759.0,489.0,3283.0,2379.0,2563.0,1541.0,1579.0,6085.0,11.085,319.585,790.589,273.989
2047,city,Lindon,Lindon,,,,,,Lindon,,,,,,,4296.0,11983.7,2.79,20771.0,3271.0,5669.0,11831.0,22309.567,2778.0,493.0,3290.0,2379.0,2563.0,1552.0,1601.0,6115.0,10.067,321.382,931.213,275.907
2048,city,Lindon,Lindon,,,,,,Lindon,,,,,,,4331.0,12038.514,2.78,20812.0,3282.0,5675.0,11855.0,22265.673,2786.0,496.0,3296.0,2379.0,2562.0,1564.0,1619.0,6110.0,10.05,324.676,839.96,278.989
2049,city,Lindon,Lindon,,,,,,Lindon,,,,,,,4357.0,12065.681,2.769,20894.0,3299.0,5681.0,11914.0,22340.516,2796.0,503.0,3302.0,2379.0,2562.0,1582.0,1634.0,6136.0,11.047,327.671,823.845,283.951
2050,city,Lindon,Lindon,,,,,,Lindon,,,,,,,4385.0,12093.646,2.758,20943.0,3313.0,5686.0,11944.0,22384.883,2806.0,507.0,3307.0,2379.0,2560.0,1595.0,1640.0,6149.0,11.091,330.966,814.843,284.984
2051,city,Lindon,Lindon,,,,,,Lindon,,,,,,,4467.0,12283.997,2.75,20910.0,3322.0,5679.0,11909.0,22611.158,2814.0,508.0,3309.0,2370.0,2523.0,1612.0,1649.0,6125.0,10.101,333.662,1065.387,292.011
2052,city,Lindon,Lindon,,,,,,Lindon,,,,,,,4530.0,12401.836,2.738,20962.0,3340.0,5656.0,11966.0,22541.726,2829.0,511.0,3315.0,2341.0,2523.0,1623.0,1661.0,6159.0,11.146,336.357,937.183,295.039
2053,city,Lindon,Lindon,,,,,,Lindon,,,,,,,4557.0,12416.848,2.725,21029.0,3354.0,5664.0,12011.0,22790.501,2843.0,511.0,3323.0,2341.0,2523.0,1636.0,1672.0,6180.0,11.139999999999999,339.952,1114.231,296.178
2054,city,Lindon,Lindon,,,,,,Lindon,,,,,,,4686.0,12656.411,2.701,21107.0,3366.0,5672.0,12069.0,23102.917999999998,2853.0,513.0,3331.0,2341.0,2523.0,1651.0,1688.0,6207.0,11.132,342.348,1337.332,305.104
2055,city,Lindon,Lindon,,,,,,Lindon,,,,,,,4724.0,12692.367,2.687,21189.0,3384.0,5680.0,12125.0,23119.970999999998,2870.0,514.0,3339.0,2341.0,2523.0,1665.0,1702.0,6235.0,11.139,343.246,1269.53,307.055
2056,city,Lindon,Lindon,,,,,,Lindon,,,,,,,4724.0,12639.298,2.676,21270.0,3396.0,5693.0,12181.0,23190.564,2882.0,514.0,3352.0,2341.0,2523.0,1682.0,1717.0,6259.0,11.139,341.15,1260.294,307.983
2057,city,Lindon,Lindon,,,,,,Lindon,,,,,,,4724.0,12675.548,2.683,21343.0,3420.0,5665.0,12258.0,23461.768,2903.0,517.0,3336.0,2329.0,2522.0,1702.0,1735.0,6299.0,11.143999999999998,335.159,1461.547,310.916
2058,city,Lindon,Lindon,,,,,,Lindon,,,,,,,4724.0,12833.208,2.717,21464.0,3440.0,5660.0,12364.0,23647.542,2921.0,519.0,3334.0,2326.0,2522.0,1721.0,1770.0,6351.0,11.147,329.469,1525.998,316.926
2059,city,Lindon,Lindon,,,,,,Lindon,,,,,,,4724.0,12968.849,2.745,21586.0,3463.0,5680.0,12443.0,23520.205,2939.0,524.0,3354.0,2326.0,2522.0,1738.0,1793.0,6390.0,11.15,325.275,1272.718,325.06600000000003
2060,city,Lindon,Lindon,,,,,,Lindon,,,,,,,4724.0,13122.072,2.778,21705.0,3488.0,5690.0,12527.0,23689.695,2962.0,526.0,3364.0,2326.0,2522.0,1757.0,1821.0,6427.0,11.153,323.179,1321.448,328.915
2061,city,Lindon,Lindon,,,,,,Lindon,,,,,,,4779.0,13417.676,2.808,21686.0,3498.0,5671.0,12517.0,23795.386000000002,2968.0,530.0,3379.0,2292.0,2489.0,1768.0,1831.0,6429.0,11.143,321.681,1437.5819999999999,338.984
2062,city,Lindon,Lindon,,,,,,Lindon,,,,,,,4780.0,13571.92,2.839,21777.0,3522.0,5679.0,12576.0,23818.703,2988.0,534.0,3387.0,2292.0,2489.0,1784.0,1848.0,6455.0,11.133000000000001,320.783,1364.673,345.111
2063,city,Lindon,Lindon,,,,,,Lindon,,,,,,,4780.0,13727.95,2.872,21855.0,3538.0,5692.0,12625.0,23921.059,3001.0,537.0,3400.0,2292.0,2489.0,1795.0,1860.0,6481.0,11.132,319.884,1388.003,347.046
2064,city,Lindon,Lindon,,,,,,Lindon,,,,,,,4796.0,13917.723,2.902,21928.0,3555.0,5702.0,12671.0,24061.82,3018.0,537.0,3410.0,2292.0,2489.0,1807.0,1869.0,6506.0,10.126999999999999,319.285,1447.316,357.092
2065,city,Lindon,Lindon,,,,,,Lindon,,,,,,,4812.0,14096.925,2.93,22006.0,3569.0,5716.0,12721.0,24162.413,3029.0,540.0,3424.0,2292.0,2489.0,1822.0,1885.0,6525.0,10.133,318.686,1466.686,360.907
2023,city,Magna,Magna,,,,,,Magna,,,,,,,10540.0,34913.243,3.312,5304.0,1030.0,1315.0,2959.0,7204.768999999999,624.0,406.0,351.0,964.0,263.0,963.0,199.0,1534.0,41.097,0.0,1181.768,677.903
2024,city,Magna,Magna,,,,,,Magna,,,,,,,10633.0,34855.43,3.278,5465.0,1037.0,1371.0,3057.0,7122.955,624.0,413.0,369.0,1002.0,268.0,1019.0,211.0,1559.0,41.230999999999995,0.0,951.605,665.118
2025,city,Magna,Magna,,,,,,Magna,,,,,,,10789.0,34997.126000000004,3.244,5624.0,1040.0,1446.0,3138.0,7646.458,633.0,407.0,415.0,1031.0,275.0,1049.0,241.0,1573.0,41.164,0.0,1246.033,735.264
2026,city,Magna,Magna,,,,,,Magna,,,,,,,10938.0,35043.778,3.204,5435.0,1036.0,1453.0,2946.0,6979.281,627.0,409.0,414.0,1039.0,275.0,821.0,255.0,1595.0,41.132,0.0,756.0310000000001,747.119
2027,city,Magna,Magna,,,,,,Magna,,,,,,,11080.0,35079.676999999996,3.166,5539.0,1046.0,1477.0,3016.0,7132.292,635.0,411.0,414.0,1063.0,278.0,841.0,271.0,1626.0,40.36,0.0,790.837,762.096
2028,city,Magna,Magna,,,,,,Magna,,,,,,,11183.0,35002.122,3.13,5583.0,1044.0,1478.0,3061.0,7242.616,635.0,409.0,414.0,1064.0,284.0,851.0,277.0,1649.0,42.311,0.0,844.281,773.0229999999999
2029,city,Magna,Magna,,,,,,Magna,,,,,,,11284.0,34952.335,3.098,5632.0,1045.0,1483.0,3104.0,7346.737,638.0,407.0,414.0,1069.0,290.0,857.0,287.0,1670.0,41.135,0.0,886.488,787.1179999999999
2030,city,Magna,Magna,,,,,,Magna,,,,,,,11441.0,35081.504,3.066,5678.0,1047.0,1484.0,3147.0,7543.521,645.0,402.0,414.0,1070.0,302.0,863.0,297.0,1685.0,39.226,0.0,1026.203,800.091
2031,city,Magna,Magna,,,,,,Magna,,,,,,,11581.0,35173.609,3.037,5723.0,1049.0,1488.0,3186.0,7541.47,653.0,396.0,417.0,1071.0,317.0,861.0,303.0,1705.0,38.223,0.0,965.224,815.024
2032,city,Magna,Magna,,,,,,Magna,,,,,,,11837.0,35615.851,3.009,5766.0,1049.0,1488.0,3229.0,7753.092,660.0,389.0,417.0,1071.0,322.0,858.0,306.0,1743.0,38.288,0.0,1108.0629999999999,840.742
2033,city,Magna,Magna,,,,,,Magna,,,,,,,12037.0,35861.129,2.979,5755.0,1022.0,1487.0,3246.0,7497.466,632.0,390.0,417.0,1070.0,332.0,856.0,309.0,1749.0,39.328,0.0,842.882,860.26
2034,city,Magna,Magna,,,,,,Magna,,,,,,,12197.0,36012.657,2.953,5705.0,970.0,1488.0,3247.0,7504.801,633.0,337.0,416.0,1072.0,336.0,847.0,305.0,1759.0,39.493,0.0,873.145,887.163
2035,city,Magna,Magna,,,,,,Magna,,,,,,,12335.0,36157.137,2.931,5691.0,961.0,1473.0,3257.0,7495.713,637.0,324.0,416.0,1057.0,353.0,848.0,306.0,1750.0,39.459,0.0,868.226,897.024
2036,city,Magna,Magna,,,,,,Magna,,,,,,,12458.0,36215.394,2.907,5687.0,950.0,1454.0,3283.0,7545.279,634.0,316.0,414.0,1040.0,368.0,846.0,302.0,1767.0,38.510000000000005,0.0,906.741,913.024
2037,city,Magna,Magna,,,,,,Magna,,,,,,,12528.0,36137.412,2.885,5778.0,952.0,1505.0,3321.0,7612.674,614.0,338.0,470.0,1035.0,341.0,871.0,333.0,1776.0,42.422000000000004,0.0,865.3,926.954
2038,city,Magna,Magna,,,,,,Magna,,,,,,,12616.0,36106.289,2.862,5810.0,952.0,1503.0,3355.0,7714.348,614.0,338.0,468.0,1035.0,349.0,874.0,340.0,1792.0,42.422000000000004,0.0,912.974,948.9549999999999
2039,city,Magna,Magna,,,,,,Magna,,,,,,,12725.0,36183.539,2.844,5688.0,875.0,1503.0,3310.0,7582.3679999999995,581.0,294.0,468.0,1035.0,349.0,876.0,343.0,1742.0,42.244,0.0,884.123,968.0
2040,city,Magna,Magna,,,,,,Magna,,,,,,,12805.0,36159.514,2.824,5716.0,880.0,1510.0,3326.0,7609.086,582.0,298.0,468.0,1042.0,353.0,878.0,337.0,1758.0,42.281,0.0,866.125,984.681
2041,city,Magna,Magna,,,,,,Magna,,,,,,,12926.0,36277.227999999996,2.807,5339.0,668.0,1505.0,3166.0,7318.189,426.0,242.0,466.0,1039.0,356.0,877.0,345.0,1588.0,42.244,0.0,930.672,1006.274
2042,city,Magna,Magna,,,,,,Magna,,,,,,,13030.0,36374.535,2.792,5346.0,670.0,1493.0,3183.0,7186.726,427.0,243.0,465.0,1028.0,361.0,878.0,352.0,1592.0,43.32,0.0,769.746,1027.658
2043,city,Magna,Magna,,,,,,Magna,,,,,,,13145.0,36485.642,2.776,5341.0,660.0,1492.0,3189.0,7272.056,426.0,234.0,464.0,1028.0,370.0,875.0,356.0,1588.0,45.411,0.0,838.715,1046.931
2044,city,Magna,Magna,,,,,,Magna,,,,,,,13227.0,36514.294,2.761,5367.0,663.0,1495.0,3209.0,7303.313,434.0,229.0,463.0,1032.0,376.0,880.0,357.0,1596.0,47.078,0.0,819.283,1069.955
2045,city,Magna,Magna,,,,,,Magna,,,,,,,13295.0,36507.701,2.746,5438.0,680.0,1494.0,3264.0,7289.817,442.0,238.0,463.0,1031.0,388.0,885.0,368.0,1623.0,47.039,0.0,717.9350000000001,1086.841
2046,city,Magna,Magna,,,,,,Magna,,,,,,,13360.0,36540.16,2.735,5443.0,667.0,1491.0,3285.0,7323.323,432.0,235.0,460.0,1031.0,401.0,886.0,365.0,1633.0,46.885000000000005,0.0,724.46,1108.977
2047,city,Magna,Magna,,,,,,Magna,,,,,,,13400.0,36504.024,2.724,5550.0,686.0,1494.0,3370.0,7412.679,444.0,242.0,460.0,1034.0,418.0,901.0,377.0,1674.0,47.039,0.0,686.439,1129.2
2048,city,Magna,Magna,,,,,,Magna,,,,,,,13443.0,36477.678,2.714,5613.0,693.0,1498.0,3422.0,7619.508,448.0,245.0,460.0,1038.0,435.0,909.0,384.0,1694.0,47.0,0.0,811.422,1148.089
2049,city,Magna,Magna,,,,,,Magna,,,,,,,13481.0,36441.049,2.703,5526.0,702.0,1500.0,3324.0,7637.236,454.0,248.0,460.0,1040.0,447.0,926.0,333.0,1618.0,46.961,0.0,894.735,1169.541
2050,city,Magna,Magna,,,,,,Magna,,,,,,,13520.0,36389.204,2.692,5558.0,708.0,1499.0,3351.0,7677.387,458.0,250.0,460.0,1039.0,460.0,934.0,334.0,1623.0,47.0,0.0,881.539,1190.846
2051,city,Magna,Magna,,,,,,Magna,,,,,,,13535.0,36296.863,2.682,5623.0,719.0,1501.0,3403.0,7732.4400000000005,463.0,256.0,460.0,1041.0,483.0,940.0,340.0,1640.0,46.961,0.0,857.264,1205.215
2052,city,Magna,Magna,,,,,,Magna,,,,,,,13518.0,36119.544,2.672,5766.0,739.0,1507.0,3520.0,8048.492,476.0,263.0,460.0,1047.0,515.0,973.0,350.0,1682.0,47.0,0.0,1014.345,1221.15
2053,city,Magna,Magna,,,,,,Magna,,,,,,,13532.0,36006.589,2.661,5879.0,751.0,1507.0,3621.0,8058.766,486.0,265.0,457.0,1050.0,543.0,1002.0,364.0,1712.0,47.0,0.0,894.83,1237.9379999999999
2054,city,Magna,Magna,,,,,,Magna,,,,,,,13602.0,36016.54,2.648,5721.0,611.0,1507.0,3603.0,8031.225,386.0,225.0,457.0,1050.0,573.0,1021.0,379.0,1630.0,47.0,0.0,1005.331,1257.896
2055,city,Magna,Magna,,,,,,Magna,,,,,,,13638.0,35936.92,2.635,5813.0,606.0,1510.0,3697.0,8100.084,383.0,223.0,457.0,1053.0,594.0,1036.0,400.0,1667.0,47.0,0.0,960.539,1279.542
2056,city,Magna,Magna,,,,,,Magna,,,,,,,13694.0,35849.883,2.618,5903.0,613.0,1517.0,3773.0,8311.676,391.0,222.0,457.0,1060.0,606.0,1058.0,411.0,1698.0,47.039,0.0,1062.701,1298.941
2057,city,Magna,Magna,,,,,,Magna,,,,,,,13742.0,36009.675,2.62,6032.0,618.0,1519.0,3895.0,8537.645,400.0,218.0,457.0,1062.0,649.0,1076.0,432.0,1738.0,47.039,0.0,1133.398,1325.206
2058,city,Magna,Magna,,,,,,Magna,,,,,,,13781.0,36182.952,2.626,6144.0,632.0,1527.0,3985.0,8559.619,408.0,224.0,457.0,1070.0,666.0,1106.0,449.0,1764.0,47.0,0.0,1017.559,1351.059
2059,city,Magna,Magna,,,,,,Magna,,,,,,,13711.0,36149.101,2.637,6468.0,670.0,1533.0,4265.0,9306.36,433.0,237.0,457.0,1076.0,744.0,1159.0,494.0,1868.0,47.0,0.0,1422.156,1369.205
2060,city,Magna,Magna,,,,,,Magna,,,,,,,13725.0,36375.04,2.65,6752.0,708.0,1543.0,4501.0,9254.57,455.0,253.0,457.0,1086.0,795.0,1219.0,528.0,1959.0,47.078,0.0,1060.226,1395.269
2061,city,Magna,Magna,,,,,,Magna,,,,,,,13742.0,36626.534,2.665,7033.0,752.0,1548.0,4733.0,9565.153,474.0,278.0,457.0,1091.0,853.0,1261.0,561.0,2058.0,47.0,0.0,1066.212,1418.941
2062,city,Magna,Magna,,,,,,Magna,,,,,,,13772.0,36864.846,2.677,7153.0,759.0,1555.0,4839.0,9772.771,480.0,279.0,457.0,1098.0,872.0,1293.0,575.0,2099.0,47.078,0.0,1125.756,1446.941
2063,city,Magna,Magna,,,,,,Magna,,,,,,,13799.0,37094.705,2.688,7280.0,751.0,1560.0,4969.0,9920.057,481.0,270.0,457.0,1103.0,905.0,1321.0,598.0,2145.0,47.078,0.0,1120.753,1472.224
2064,city,Magna,Magna,,,,,,Magna,,,,,,,13824.0,37348.722,2.702,7400.0,774.0,1563.0,5063.0,10146.171,495.0,279.0,457.0,1106.0,920.0,1351.0,606.0,2186.0,47.0,0.0,1195.966,1503.204
2065,city,Magna,Magna,,,,,,Magna,,,,,,,13848.0,37595.777,2.715,7505.0,789.0,1567.0,5149.0,10281.956,509.0,280.0,455.0,1112.0,934.0,1378.0,622.0,2215.0,47.078,0.0,1195.898,1533.9789999999998
2023,city,Mantua,Mantua,,,,,,Mantua,,,,,,,463.0,1724.0,3.724,155.0,59.0,4.0,92.0,203.0,28.0,31.0,1.0,3.0,10.0,46.0,9.0,27.0,0.0,0.0,27.0,21.0
2024,city,Mantua,Mantua,,,,,,Mantua,,,,,,,470.0,1735.0,3.691,154.0,56.0,4.0,94.0,205.0,28.0,28.0,1.0,3.0,11.0,49.0,9.0,25.0,0.0,0.0,31.0,20.0
2025,city,Mantua,Mantua,,,,,,Mantua,,,,,,,478.0,1748.0,3.657,157.0,56.0,5.0,96.0,211.0,28.0,28.0,1.0,4.0,11.0,50.0,9.0,26.0,0.0,0.0,32.0,22.0
2026,city,Mantua,Mantua,,,,,,Mantua,,,,,,,486.0,1764.0,3.63,161.0,58.0,5.0,98.0,217.0,29.0,29.0,1.0,4.0,11.0,51.0,10.0,26.0,0.0,0.0,33.0,23.0
2027,city,Mantua,Mantua,,,,,,Mantua,,,,,,,496.0,1776.0,3.581,161.0,58.0,5.0,98.0,218.0,29.0,29.0,1.0,4.0,11.0,51.0,10.0,26.0,0.0,0.0,34.0,23.0
2028,city,Mantua,Mantua,,,,,,Mantua,,,,,,,505.0,1790.0,3.545,163.0,58.0,5.0,100.0,222.0,29.0,29.0,1.0,4.0,11.0,52.0,10.0,27.0,0.0,0.0,35.0,24.0
2029,city,Mantua,Mantua,,,,,,Mantua,,,,,,,514.0,1802.0,3.506,163.0,58.0,5.0,100.0,223.0,29.0,29.0,1.0,4.0,11.0,52.0,10.0,27.0,0.0,0.0,36.0,24.0
2030,city,Mantua,Mantua,,,,,,Mantua,,,,,,,524.0,1815.0,3.464,166.0,59.0,5.0,102.0,227.0,30.0,29.0,1.0,4.0,11.0,53.0,10.0,28.0,0.0,0.0,36.0,25.0
2031,city,Mantua,Mantua,,,,,,Mantua,,,,,,,533.0,1832.0,3.437,167.0,59.0,5.0,103.0,229.0,30.0,29.0,1.0,4.0,11.0,53.0,11.0,28.0,0.0,0.0,37.0,25.0
2032,city,Mantua,Mantua,,,,,,Mantua,,,,,,,544.0,1847.0,3.395,168.0,60.0,5.0,103.0,231.0,31.0,29.0,1.0,4.0,11.0,53.0,11.0,28.0,0.0,0.0,37.0,26.0
2033,city,Mantua,Mantua,,,,,,Mantua,,,,,,,553.0,1862.0,3.367,169.0,60.0,5.0,104.0,233.0,31.0,29.0,1.0,4.0,11.0,53.0,11.0,29.0,0.0,0.0,38.0,26.0
2034,city,Mantua,Mantua,,,,,,Mantua,,,,,,,564.0,1881.0,3.335,171.0,61.0,5.0,105.0,236.0,31.0,30.0,1.0,4.0,11.0,54.0,11.0,29.0,0.0,0.0,38.0,27.0
2035,city,Mantua,Mantua,,,,,,Mantua,,,,,,,574.0,1897.0,3.305,170.0,60.0,5.0,105.0,235.0,31.0,29.0,1.0,4.0,11.0,54.0,11.0,29.0,0.0,0.0,38.0,27.0
2036,city,Mantua,Mantua,,,,,,Mantua,,,,,,,585.0,1913.0,3.27,170.0,60.0,5.0,105.0,237.0,31.0,29.0,1.0,4.0,11.0,54.0,11.0,29.0,0.0,0.0,39.0,28.0
2037,city,Mantua,Mantua,,,,,,Mantua,,,,,,,595.0,1934.0,3.25,172.0,60.0,5.0,107.0,239.0,31.0,29.0,1.0,4.0,11.0,55.0,11.0,30.0,0.0,0.0,39.0,28.0
2038,city,Mantua,Mantua,,,,,,Mantua,,,,,,,606.0,1953.0,3.223,174.0,62.0,5.0,107.0,242.0,32.0,30.0,1.0,4.0,11.0,55.0,11.0,30.0,0.0,0.0,39.0,29.0
2039,city,Mantua,Mantua,,,,,,Mantua,,,,,,,616.0,1972.0,3.201,176.0,62.0,5.0,109.0,244.0,32.0,30.0,1.0,4.0,11.0,56.0,12.0,30.0,0.0,0.0,39.0,29.0
2040,city,Mantua,Mantua,,,,,,Mantua,,,,,,,627.0,1996.0,3.183,177.0,62.0,5.0,110.0,246.0,32.0,30.0,1.0,4.0,11.0,56.0,12.0,31.0,0.0,0.0,39.0,30.0
2041,city,Mantua,Mantua,,,,,,Mantua,,,,,,,637.0,2015.0,3.163,180.0,63.0,5.0,112.0,249.0,33.0,30.0,1.0,4.0,12.0,57.0,12.0,31.0,0.0,0.0,39.0,30.0
2042,city,Mantua,Mantua,,,,,,Mantua,,,,,,,648.0,2035.0,3.14,181.0,63.0,5.0,113.0,251.0,33.0,30.0,1.0,4.0,12.0,57.0,12.0,32.0,0.0,0.0,39.0,31.0
2043,city,Mantua,Mantua,,,,,,Mantua,,,,,,,658.0,2058.0,3.128,181.0,63.0,5.0,113.0,251.0,33.0,30.0,1.0,4.0,12.0,57.0,12.0,32.0,0.0,0.0,39.0,31.0
2044,city,Mantua,Mantua,,,,,,Mantua,,,,,,,669.0,2079.0,3.108,183.0,64.0,5.0,114.0,254.0,34.0,30.0,1.0,4.0,12.0,58.0,12.0,32.0,0.0,0.0,39.0,32.0
2045,city,Mantua,Mantua,,,,,,Mantua,,,,,,,679.0,2103.0,3.097,183.0,64.0,5.0,114.0,254.0,34.0,30.0,1.0,4.0,12.0,58.0,12.0,32.0,0.0,0.0,39.0,32.0
2046,city,Mantua,Mantua,,,,,,Mantua,,,,,,,691.0,2124.0,3.074,185.0,64.0,5.0,116.0,257.0,34.0,30.0,1.0,4.0,12.0,59.0,12.0,33.0,0.0,0.0,39.0,33.0
2047,city,Mantua,Mantua,,,,,,Mantua,,,,,,,702.0,2150.0,3.063,185.0,64.0,5.0,116.0,257.0,34.0,30.0,1.0,4.0,12.0,59.0,12.0,33.0,0.0,0.0,39.0,33.0
2048,city,Mantua,Mantua,,,,,,Mantua,,,,,,,713.0,2173.0,3.048,188.0,65.0,5.0,118.0,262.0,35.0,30.0,1.0,4.0,13.0,60.0,12.0,33.0,0.0,0.0,40.0,34.0
2049,city,Mantua,Mantua,,,,,,Mantua,,,,,,,725.0,2199.0,3.033,189.0,66.0,5.0,118.0,264.0,35.0,31.0,1.0,4.0,13.0,60.0,12.0,33.0,0.0,0.0,41.0,34.0
2050,city,Mantua,Mantua,,,,,,Mantua,,,,,,,735.0,2221.0,3.022,190.0,66.0,5.0,119.0,267.0,35.0,31.0,1.0,4.0,13.0,60.0,13.0,33.0,0.0,0.0,42.0,35.0
2051,city,Mantua,Mantua,,,,,,Mantua,,,,,,,747.0,2247.0,3.008,192.0,66.0,5.0,121.0,271.0,35.0,31.0,1.0,4.0,13.0,61.0,13.0,34.0,0.0,0.0,43.0,36.0
2052,city,Mantua,Mantua,,,,,,Mantua,,,,,,,759.0,2268.0,2.988,193.0,67.0,5.0,121.0,273.0,36.0,31.0,1.0,4.0,13.0,61.0,13.0,34.0,0.0,0.0,44.0,36.0
2053,city,Mantua,Mantua,,,,,,Mantua,,,,,,,769.0,2292.0,2.98,193.0,67.0,5.0,121.0,274.0,36.0,31.0,1.0,4.0,13.0,61.0,13.0,34.0,0.0,0.0,44.0,37.0
2054,city,Mantua,Mantua,,,,,,Mantua,,,,,,,781.0,2312.0,2.96,193.0,67.0,4.0,122.0,275.0,36.0,31.0,1.0,3.0,13.0,62.0,13.0,34.0,0.0,0.0,45.0,37.0
2055,city,Mantua,Mantua,,,,,,Mantua,,,,,,,793.0,2336.0,2.946,192.0,66.0,4.0,122.0,276.0,36.0,30.0,1.0,3.0,13.0,62.0,13.0,34.0,0.0,0.0,46.0,38.0
2056,city,Mantua,Mantua,,,,,,Mantua,,,,,,,803.0,2355.0,2.933,192.0,66.0,4.0,122.0,277.0,36.0,30.0,1.0,3.0,13.0,62.0,13.0,34.0,0.0,0.0,47.0,38.0
2057,city,Mantua,Mantua,,,,,,Mantua,,,,,,,815.0,2378.0,2.918,193.0,66.0,4.0,123.0,280.0,36.0,30.0,1.0,3.0,13.0,63.0,13.0,34.0,0.0,0.0,48.0,39.0
2058,city,Mantua,Mantua,,,,,,Mantua,,,,,,,825.0,2396.0,2.904,193.0,66.0,4.0,123.0,280.0,36.0,30.0,1.0,3.0,13.0,63.0,13.0,34.0,0.0,0.0,48.0,39.0
2059,city,Mantua,Mantua,,,,,,Mantua,,,,,,,837.0,2419.0,2.89,194.0,66.0,4.0,124.0,282.0,36.0,30.0,1.0,3.0,14.0,63.0,13.0,34.0,0.0,0.0,48.0,40.0
2060,city,Mantua,Mantua,,,,,,Mantua,,,,,,,849.0,2443.0,2.878,195.0,66.0,4.0,125.0,284.0,36.0,30.0,1.0,3.0,14.0,64.0,13.0,34.0,0.0,0.0,49.0,40.0
2061,city,Mantua,Mantua,,,,,,Mantua,,,,,,,861.0,2461.0,2.858,196.0,66.0,4.0,126.0,285.0,36.0,30.0,1.0,3.0,14.0,64.0,13.0,35.0,0.0,0.0,49.0,40.0
2062,city,Mantua,Mantua,,,,,,Mantua,,,,,,,871.0,2484.0,2.852,197.0,67.0,4.0,126.0,287.0,37.0,30.0,1.0,3.0,14.0,64.0,13.0,35.0,0.0,0.0,49.0,41.0
2063,city,Mantua,Mantua,,,,,,Mantua,,,,,,,883.0,2502.0,2.834,197.0,67.0,4.0,126.0,288.0,37.0,30.0,1.0,3.0,14.0,64.0,13.0,35.0,0.0,0.0,50.0,41.0
2064,city,Mantua,Mantua,,,,,,Mantua,,,,,,,895.0,2525.0,2.821,196.0,66.0,4.0,126.0,288.0,37.0,29.0,1.0,3.0,14.0,64.0,13.0,35.0,0.0,0.0,50.0,42.0
2065,city,Mantua,Mantua,,,,,,Mantua,,,,,,,906.0,2543.0,2.807,197.0,66.0,4.0,127.0,289.0,37.0,29.0,1.0,3.0,14.0,65.0,13.0,35.0,0.0,0.0,50.0,42.0
2023,city,Mapleton,Mapleton,,,,,,Mapleton,,,,,,,4380.0,15017.394,3.429,2166.0,297.0,183.0,1686.0,3491.357,234.0,63.0,83.0,100.0,150.0,591.0,142.0,803.0,29.232,25.565,988.198,282.36
2024,city,Mapleton,Mapleton,,,,,,Mapleton,,,,,,,4515.0,15372.793,3.405,2179.0,294.0,186.0,1699.0,2969.915,229.0,65.0,85.0,101.0,145.0,597.0,147.0,810.0,29.232,27.971,454.135,279.573
2025,city,Mapleton,Mapleton,,,,,,Mapleton,,,,,,,4856.0,16359.249000000002,3.369,2258.0,302.0,193.0,1763.0,3036.245,233.0,69.0,88.0,105.0,147.0,621.0,153.0,842.0,28.216,27.884,399.594,322.554
2026,city,Mapleton,Mapleton,,,,,,Mapleton,,,,,,,5445.0,18104.039,3.325,2305.0,311.0,195.0,1799.0,3136.673,237.0,74.0,89.0,106.0,147.0,634.0,158.0,860.0,27.208000000000002,28.87,417.443,358.152
2027,city,Mapleton,Mapleton,,,,,,Mapleton,,,,,,,5811.0,19067.031,3.281,2348.0,318.0,195.0,1835.0,3371.201,242.0,76.0,89.0,106.0,146.0,652.0,164.0,873.0,26.211,29.536,588.979,378.473
2028,city,Mapleton,Mapleton,,,,,,Mapleton,,,,,,,6039.0,19612.677,3.248,2381.0,324.0,198.0,1859.0,3355.317,244.0,80.0,91.0,107.0,146.0,660.0,167.0,886.0,26.185,28.348,529.219,390.563
2029,city,Mapleton,Mapleton,,,,,,Mapleton,,,,,,,6227.0,20031.664,3.217,2415.0,330.0,203.0,1882.0,3425.765,247.0,83.0,95.0,108.0,146.0,669.0,169.0,898.0,25.207,26.783,557.279,401.49399999999997
2030,city,Mapleton,Mapleton,,,,,,Mapleton,,,,,,,6471.0,20650.527,3.191,2439.0,331.0,207.0,1901.0,3701.137,248.0,83.0,99.0,108.0,146.0,671.0,171.0,913.0,25.273,26.348,795.158,415.35999999999996
2031,city,Mapleton,Mapleton,,,,,,Mapleton,,,,,,,6644.0,21015.91,3.163,2450.0,333.0,210.0,1907.0,3601.582,252.0,81.0,102.0,108.0,146.0,671.0,171.0,919.0,25.25,26.551,675.441,424.33799999999997
2032,city,Mapleton,Mapleton,,,,,,Mapleton,,,,,,,6883.0,21610.358,3.14,2463.0,336.0,210.0,1917.0,3885.127,254.0,82.0,102.0,108.0,146.0,672.0,173.0,926.0,24.246000000000002,27.884,931.058,438.931
2033,city,Mapleton,Mapleton,,,,,,Mapleton,,,,,,,7097.0,22159.042,3.122,2481.0,339.0,211.0,1931.0,3631.336,257.0,82.0,103.0,108.0,146.0,672.0,177.0,936.0,24.147000000000002,29.246,642.601,454.34299999999996
2034,city,Mapleton,Mapleton,,,,,,Mapleton,,,,,,,7327.0,22736.753999999997,3.103,2499.0,343.0,213.0,1943.0,3867.23,260.0,83.0,105.0,108.0,146.0,673.0,178.0,946.0,24.262999999999998,30.435,841.166,472.366
2035,city,Mapleton,Mapleton,,,,,,Mapleton,,,,,,,7523.0,23224.783,3.087,2493.0,341.0,214.0,1938.0,3607.964,260.0,81.0,106.0,108.0,148.0,671.0,180.0,939.0,24.237000000000002,30.87,579.424,480.439
2036,city,Mapleton,Mapleton,,,,,,Mapleton,,,,,,,7669.0,23557.014,3.072,2506.0,344.0,215.0,1947.0,3683.268,263.0,81.0,108.0,107.0,148.0,671.0,183.0,945.0,24.209999999999997,30.667,631.955,490.437
2037,city,Mapleton,Mapleton,,,,,,Mapleton,,,,,,,7484.0,22833.088,3.051,3197.0,593.0,252.0,2352.0,4289.184,454.0,139.0,147.0,105.0,137.0,678.0,293.0,1244.0,25.182,30.406,559.311,477.286
2038,city,Mapleton,Mapleton,,,,,,Mapleton,,,,,,,7578.0,23018.954999999998,3.038,3257.0,609.0,259.0,2389.0,4272.332,465.0,144.0,154.0,105.0,137.0,680.0,300.0,1272.0,25.274,30.348,476.496,483.214
2039,city,Mapleton,Mapleton,,,,,,Mapleton,,,,,,,7740.0,23434.556,3.028,3315.0,623.0,260.0,2432.0,4581.955,477.0,146.0,155.0,105.0,137.0,685.0,304.0,1306.0,24.237,30.348,716.243,496.128
2040,city,Mapleton,Mapleton,,,,,,Mapleton,,,,,,,7867.0,23737.416,3.017,3382.0,645.0,266.0,2471.0,4565.397,494.0,151.0,161.0,105.0,137.0,690.0,305.0,1339.0,24.21,30.348,623.928,504.912
2041,city,Mapleton,Mapleton,,,,,,Mapleton,,,,,,,7967.0,23949.974,3.006,3424.0,660.0,271.0,2493.0,4518.19,507.0,153.0,166.0,105.0,137.0,692.0,311.0,1353.0,23.206999999999997,30.493,528.17,512.32
2042,city,Mapleton,Mapleton,,,,,,Mapleton,,,,,,,8090.0,24224.182,2.994,3463.0,671.0,272.0,2520.0,4653.806,514.0,157.0,167.0,105.0,137.0,696.0,317.0,1370.0,22.213,30.783,617.305,520.513
2043,city,Mapleton,Mapleton,,,,,,Mapleton,,,,,,,8159.0,24331.817,2.982,3499.0,679.0,275.0,2545.0,4534.849,519.0,160.0,170.0,105.0,137.0,699.0,325.0,1384.0,22.178,31.043,458.374,524.248
2044,city,Mapleton,Mapleton,,,,,,Mapleton,,,,,,,8292.0,24639.277000000002,2.971,3513.0,686.0,276.0,2551.0,4728.36,526.0,160.0,172.0,104.0,133.0,702.0,327.0,1389.0,22.175,31.014,630.552,531.6229999999999
2045,city,Mapleton,Mapleton,,,,,,Mapleton,,,,,,,8433.0,24965.507999999998,2.96,3535.0,692.0,277.0,2566.0,4844.386,529.0,163.0,173.0,104.0,133.0,709.0,330.0,1394.0,19.127,30.928,716.125,543.209
2046,city,Mapleton,Mapleton,,,,,,Mapleton,,,,,,,8608.0,25390.504,2.95,3539.0,697.0,278.0,2564.0,4858.541,532.0,165.0,174.0,104.0,133.0,709.0,333.0,1389.0,19.146,30.928,715.487,553.983
2047,city,Mapleton,Mapleton,,,,,,Mapleton,,,,,,,8748.0,25661.091,2.933,3544.0,696.0,278.0,2570.0,4866.395,533.0,163.0,174.0,104.0,131.0,711.0,335.0,1393.0,17.113,31.101,709.366,564.814
2048,city,Mapleton,Mapleton,,,,,,Mapleton,,,,,,,8939.0,26139.724,2.924,3558.0,700.0,278.0,2580.0,4954.223,537.0,163.0,174.0,104.0,131.0,716.0,336.0,1397.0,15.075,31.42,771.752,577.983
2049,city,Mapleton,Mapleton,,,,,,Mapleton,,,,,,,9147.0,26663.882,2.915,3560.0,695.0,277.0,2588.0,5066.049,532.0,163.0,174.0,103.0,130.0,718.0,337.0,1403.0,13.056,31.71,864.39,596.896
2050,city,Mapleton,Mapleton,,,,,,Mapleton,,,,,,,9400.0,27359.204,2.911,3485.0,669.0,267.0,2549.0,5038.732,515.0,154.0,169.0,98.0,117.0,718.0,337.0,1377.0,6.0489999999999995,32.029,906.696,608.957
2051,city,Mapleton,Mapleton,,,,,,Mapleton,,,,,,,9583.0,27799.48,2.901,3495.0,671.0,267.0,2557.0,4873.933,515.0,156.0,169.0,98.0,117.0,719.0,338.0,1383.0,2.02,32.29,721.603,623.018
2052,city,Mapleton,Mapleton,,,,,,Mapleton,,,,,,,9717.0,28053.308,2.887,3479.0,670.0,261.0,2548.0,4810.159,514.0,156.0,168.0,93.0,106.0,720.0,338.0,1384.0,1.013,32.551,662.514,635.083
2053,city,Mapleton,Mapleton,,,,,,Mapleton,,,,,,,9866.0,28341.978,2.873,3485.0,675.0,260.0,2550.0,4750.718,519.0,156.0,168.0,92.0,106.0,722.0,338.0,1384.0,1.013,32.899,590.412,641.386
2054,city,Mapleton,Mapleton,,,,,,Mapleton,,,,,,,10237.0,29138.635,2.846,3488.0,675.0,261.0,2552.0,4893.977,519.0,156.0,169.0,92.0,106.0,722.0,338.0,1386.0,1.012,33.13,702.602,669.229
2055,city,Mapleton,Mapleton,,,,,,Mapleton,,,,,,,10714.0,30188.788,2.818,3498.0,678.0,262.0,2558.0,4947.633,522.0,156.0,170.0,92.0,106.0,722.0,339.0,1391.0,1.013,33.217,713.276,702.126
2056,city,Mapleton,Mapleton,,,,,,Mapleton,,,,,,,10866.0,30444.56,2.802,3504.0,678.0,261.0,2565.0,5014.325,522.0,156.0,170.0,91.0,106.0,726.0,339.0,1394.0,1.013,33.014,763.341,712.957
2057,city,Mapleton,Mapleton,,,,,,Mapleton,,,,,,,10880.0,30559.259,2.809,3512.0,679.0,263.0,2570.0,5004.341,523.0,156.0,172.0,91.0,106.0,727.0,340.0,1397.0,1.013,32.435,738.084,720.809
2058,city,Mapleton,Mapleton,,,,,,Mapleton,,,,,,,10886.0,30965.939000000002,2.845,3521.0,683.0,266.0,2572.0,5012.005999999999,527.0,156.0,175.0,91.0,106.0,728.0,340.0,1398.0,1.013,31.884,727.279,730.829
2059,city,Mapleton,Mapleton,,,,,,Mapleton,,,,,,,10889.0,31302.53,2.875,3531.0,686.0,268.0,2577.0,5010.189,530.0,156.0,177.0,91.0,106.0,731.0,340.0,1400.0,1.014,31.478,703.553,743.15
2060,city,Mapleton,Mapleton,,,,,,Mapleton,,,,,,,10906.0,31719.864999999998,2.908,3513.0,674.0,262.0,2577.0,5050.321,518.0,156.0,177.0,85.0,106.0,731.0,340.0,1400.0,1.014,31.275,749.2230000000001,755.809
2061,city,Mapleton,Mapleton,,,,,,Mapleton,,,,,,,10920.0,32188.943,2.948,3519.0,675.0,264.0,2580.0,5082.328,519.0,156.0,179.0,85.0,106.0,731.0,341.0,1402.0,1.013,31.13,760.2239999999999,770.958
2062,city,Mapleton,Mapleton,,,,,,Mapleton,,,,,,,10925.0,32573.232,2.982,3524.0,675.0,266.0,2583.0,5078.647,519.0,156.0,181.0,85.0,106.0,732.0,341.0,1404.0,1.012,31.043,738.34,784.2520000000001
2063,city,Mapleton,Mapleton,,,,,,Mapleton,,,,,,,10925.0,32957.418,3.017,3532.0,681.0,267.0,2584.0,5114.456,525.0,156.0,182.0,85.0,106.0,733.0,341.0,1404.0,1.012,30.957,753.381,797.105
2064,city,Mapleton,Mapleton,,,,,,Mapleton,,,,,,,10925.0,33364.708,3.054,3534.0,681.0,267.0,2586.0,5143.042,525.0,156.0,182.0,85.0,106.0,733.0,341.0,1406.0,1.013,30.899,767.921,809.211
2065,city,Mapleton,Mapleton,,,,,,Mapleton,,,,,,,10925.0,33736.912,3.088,3538.0,682.0,268.0,2588.0,5151.731,526.0,156.0,183.0,85.0,106.0,733.0,341.0,1408.0,1.013,30.841,758.0889999999999,823.788
2023,city,Marriott-Slaterville,Marriott-Slaterville,,,,,,Marriott-Slaterville,,,,,,,704.0,1900.292,2.699,3200.0,860.0,443.0,1897.0,3510.607,616.0,244.0,279.0,164.0,235.0,420.0,158.0,1084.0,118.38,0.0,165.155,27.073
2024,city,Marriott-Slaterville,Marriott-Slaterville,,,,,,Marriott-Slaterville,,,,,,,710.0,1908.9940000000001,2.689,3254.0,850.0,463.0,1941.0,3430.085,606.0,244.0,297.0,166.0,209.0,467.0,161.0,1104.0,120.156,0.0,28.930000000000003,27.0
2025,city,Marriott-Slaterville,Marriott-Slaterville,,,,,,Marriott-Slaterville,,,,,,,713.0,1899.616,2.664,3285.0,850.0,465.0,1970.0,3583.849,606.0,244.0,299.0,166.0,209.0,474.0,176.0,1111.0,119.23400000000001,0.0,150.595,29.021
2026,city,Marriott-Slaterville,Marriott-Slaterville,,,,,,Marriott-Slaterville,,,,,,,729.0,1945.507,2.669,3298.0,845.0,466.0,1987.0,3602.781,601.0,244.0,300.0,166.0,208.0,474.0,185.0,1120.0,120.31099999999999,0.0,154.446,30.022
2027,city,Marriott-Slaterville,Marriott-Slaterville,,,,,,Marriott-Slaterville,,,,,,,734.0,1940.7559999999999,2.644,3327.0,845.0,467.0,2015.0,3642.45,601.0,244.0,301.0,166.0,208.0,482.0,193.0,1132.0,120.63000000000001,0.0,164.782,30.034
2028,city,Marriott-Slaterville,Marriott-Slaterville,,,,,,Marriott-Slaterville,,,,,,,735.0,1926.959,2.622,3346.0,844.0,468.0,2034.0,3657.392,601.0,243.0,302.0,166.0,207.0,486.0,197.0,1144.0,119.396,0.0,161.949,30.051
2029,city,Marriott-Slaterville,Marriott-Slaterville,,,,,,Marriott-Slaterville,,,,,,,739.0,1922.529,2.602,3374.0,842.0,470.0,2062.0,3682.5150000000003,601.0,241.0,304.0,166.0,208.0,493.0,201.0,1160.0,118.315,0.0,160.188,30.012
2030,city,Marriott-Slaterville,Marriott-Slaterville,,,,,,Marriott-Slaterville,,,,,,,740.0,1913.445,2.586,3399.0,838.0,475.0,2086.0,3709.4350000000004,601.0,237.0,309.0,166.0,208.0,506.0,207.0,1165.0,117.158,0.0,161.213,32.064
2031,city,Marriott-Slaterville,Marriott-Slaterville,,,,,,Marriott-Slaterville,,,,,,,742.0,1902.271,2.564,3403.0,834.0,478.0,2091.0,3810.1130000000003,601.0,233.0,312.0,166.0,211.0,503.0,209.0,1168.0,115.155,0.0,259.929,32.028
2032,city,Marriott-Slaterville,Marriott-Slaterville,,,,,,Marriott-Slaterville,,,,,,,743.0,1893.491,2.548,3413.0,833.0,479.0,2101.0,3732.4120000000003,601.0,232.0,313.0,166.0,211.0,503.0,211.0,1176.0,115.0,0.0,172.375,32.032999999999994
2033,city,Marriott-Slaterville,Marriott-Slaterville,,,,,,Marriott-Slaterville,,,,,,,750.0,1896.551,2.529,3429.0,831.0,483.0,2115.0,3730.6710000000003,601.0,230.0,317.0,166.0,211.0,503.0,214.0,1187.0,115.23400000000001,0.0,154.40699999999998,32.028
2034,city,Marriott-Slaterville,Marriott-Slaterville,,,,,,Marriott-Slaterville,,,,,,,752.0,1888.557,2.511,3452.0,831.0,485.0,2136.0,3758.622,601.0,230.0,319.0,166.0,213.0,506.0,219.0,1198.0,115.393,0.0,159.16,32.064
2035,city,Marriott-Slaterville,Marriott-Slaterville,,,,,,Marriott-Slaterville,,,,,,,767.0,1917.315,2.5,3437.0,821.0,490.0,2126.0,3738.812,600.0,221.0,326.0,164.0,214.0,506.0,220.0,1186.0,116.24000000000001,0.0,152.549,33.021
2036,city,Marriott-Slaterville,Marriott-Slaterville,,,,,,Marriott-Slaterville,,,,,,,825.0,2043.58,2.477,3449.0,821.0,494.0,2134.0,3817.172,600.0,221.0,330.0,164.0,218.0,506.0,224.0,1186.0,116.4,0.0,216.75,35.021
2037,city,Marriott-Slaterville,Marriott-Slaterville,,,,,,Marriott-Slaterville,,,,,,,1032.0,2747.165,2.662,3445.0,820.0,484.0,2141.0,3754.331,600.0,220.0,324.0,160.0,215.0,540.0,228.0,1158.0,112.62400000000001,0.0,150.68,46.028
2038,city,Marriott-Slaterville,Marriott-Slaterville,,,,,,Marriott-Slaterville,,,,,,,1035.0,2741.491,2.649,3460.0,820.0,486.0,2154.0,3788.235,600.0,220.0,326.0,160.0,218.0,542.0,232.0,1162.0,113.712,0.0,168.498,46.027
2039,city,Marriott-Slaterville,Marriott-Slaterville,,,,,,Marriott-Slaterville,,,,,,,1049.0,2767.841,2.639,3473.0,820.0,488.0,2165.0,3836.6400000000003,600.0,220.0,328.0,160.0,219.0,544.0,237.0,1165.0,115.566,0.0,201.077,47.0
2040,city,Marriott-Slaterville,Marriott-Slaterville,,,,,,Marriott-Slaterville,,,,,,,1058.0,2781.7329999999997,2.629,3492.0,820.0,493.0,2179.0,3841.2619999999997,600.0,220.0,333.0,160.0,221.0,546.0,240.0,1172.0,115.406,0.0,186.80599999999998,47.05
2041,city,Marriott-Slaterville,Marriott-Slaterville,,,,,,Marriott-Slaterville,,,,,,,1072.0,2797.773,2.61,3499.0,820.0,493.0,2186.0,3824.871,600.0,220.0,333.0,160.0,223.0,546.0,242.0,1175.0,115.812,0.0,161.111,48.949
2042,city,Marriott-Slaterville,Marriott-Slaterville,,,,,,Marriott-Slaterville,,,,,,,1075.0,2791.33,2.597,3514.0,820.0,494.0,2200.0,3878.111,600.0,220.0,334.0,160.0,223.0,552.0,244.0,1181.0,115.72800000000001,0.0,199.325,49.051
2043,city,Marriott-Slaterville,Marriott-Slaterville,,,,,,Marriott-Slaterville,,,,,,,1116.0,2877.3160000000003,2.578,3524.0,820.0,494.0,2210.0,3935.395,600.0,220.0,334.0,160.0,224.0,555.0,246.0,1185.0,115.739,0.0,244.569,51.089
2044,city,Marriott-Slaterville,Marriott-Slaterville,,,,,,Marriott-Slaterville,,,,,,,1205.0,3073.1479999999997,2.55,3540.0,820.0,495.0,2225.0,4071.832,600.0,220.0,335.0,160.0,225.0,557.0,249.0,1194.0,115.575,0.0,361.17499999999995,55.087
2045,city,Marriott-Slaterville,Marriott-Slaterville,,,,,,Marriott-Slaterville,,,,,,,1241.0,3168.601,2.553,3549.0,820.0,496.0,2233.0,3882.636,600.0,220.0,336.0,160.0,225.0,558.0,251.0,1199.0,116.414,0.0,161.167,56.056
2046,city,Marriott-Slaterville,Marriott-Slaterville,,,,,,Marriott-Slaterville,,,,,,,1254.0,3191.329,2.545,3560.0,820.0,496.0,2244.0,3931.563,600.0,220.0,336.0,160.0,226.0,561.0,254.0,1203.0,116.748,0.0,197.765,57.047
2047,city,Marriott-Slaterville,Marriott-Slaterville,,,,,,Marriott-Slaterville,,,,,,,1312.0,3324.46,2.534,3584.0,820.0,498.0,2266.0,4091.7650000000003,600.0,220.0,338.0,160.0,228.0,571.0,260.0,1207.0,116.247,0.0,331.427,60.084
2048,city,Marriott-Slaterville,Marriott-Slaterville,,,,,,Marriott-Slaterville,,,,,,,1329.0,3353.52,2.523,3599.0,820.0,500.0,2279.0,3957.645,600.0,220.0,340.0,160.0,230.0,576.0,262.0,1211.0,116.669,0.0,180.935,61.041
2049,city,Marriott-Slaterville,Marriott-Slaterville,,,,,,Marriott-Slaterville,,,,,,,1341.0,3376.64,2.518,3616.0,820.0,502.0,2294.0,3971.44,600.0,220.0,342.0,160.0,234.0,581.0,266.0,1213.0,116.255,0.0,177.178,62.008
2050,city,Marriott-Slaterville,Marriott-Slaterville,,,,,,Marriott-Slaterville,,,,,,,1347.0,3379.109,2.509,3627.0,820.0,503.0,2304.0,4000.27,600.0,220.0,343.0,160.0,235.0,588.0,268.0,1213.0,117.342,0.0,191.93,64.0
2051,city,Marriott-Slaterville,Marriott-Slaterville,,,,,,Marriott-Slaterville,,,,,,,1353.0,3383.082,2.5,3638.0,820.0,504.0,2314.0,4003.326,600.0,220.0,344.0,160.0,235.0,592.0,271.0,1216.0,119.524,0.0,179.725,66.079
2052,city,Marriott-Slaterville,Marriott-Slaterville,,,,,,Marriott-Slaterville,,,,,,,1355.0,3379.491,2.494,3650.0,820.0,505.0,2325.0,4039.337,600.0,220.0,345.0,160.0,235.0,600.0,272.0,1218.0,119.613,0.0,203.589,66.133
2053,city,Marriott-Slaterville,Marriott-Slaterville,,,,,,Marriott-Slaterville,,,,,,,1365.0,3387.7619999999997,2.482,3663.0,820.0,508.0,2335.0,4052.632,600.0,220.0,348.0,160.0,235.0,604.0,274.0,1222.0,119.527,0.0,204.064,66.04
2054,city,Marriott-Slaterville,Marriott-Slaterville,,,,,,Marriott-Slaterville,,,,,,,1396.0,3449.958,2.471,3694.0,820.0,514.0,2360.0,4258.252,600.0,220.0,354.0,160.0,235.0,618.0,280.0,1227.0,121.362,0.0,375.78000000000003,67.114
2055,city,Marriott-Slaterville,Marriott-Slaterville,,,,,,Marriott-Slaterville,,,,,,,1404.0,3456.553,2.462,3716.0,820.0,518.0,2378.0,4170.864,600.0,220.0,358.0,160.0,235.0,629.0,280.0,1234.0,124.277,0.0,261.548,69.041
2056,city,Marriott-Slaterville,Marriott-Slaterville,,,,,,Marriott-Slaterville,,,,,,,1429.0,3499.097,2.449,3736.0,820.0,519.0,2397.0,4185.45,600.0,220.0,359.0,160.0,237.0,640.0,282.0,1238.0,125.092,0.0,253.386,70.974
2057,city,Marriott-Slaterville,Marriott-Slaterville,,,,,,Marriott-Slaterville,,,,,,,1429.0,3531.143,2.471,3754.0,820.0,520.0,2414.0,4204.107,600.0,220.0,360.0,160.0,238.0,649.0,286.0,1241.0,123.745,0.0,254.404,71.959
2058,city,Marriott-Slaterville,Marriott-Slaterville,,,,,,Marriott-Slaterville,,,,,,,1429.0,3562.188,2.493,3775.0,820.0,523.0,2432.0,4227.938,600.0,220.0,363.0,160.0,239.0,657.0,289.0,1247.0,122.835,0.0,257.13300000000004,72.973
2059,city,Marriott-Slaterville,Marriott-Slaterville,,,,,,Marriott-Slaterville,,,,,,,1428.0,3590.668,2.514,3765.0,807.0,520.0,2438.0,4367.342000000001,591.0,216.0,360.0,160.0,241.0,667.0,292.0,1238.0,124.858,0.0,403.40200000000004,74.087
2060,city,Marriott-Slaterville,Marriott-Slaterville,,,,,,Marriott-Slaterville,,,,,,,1427.0,3619.648,2.537,3800.0,806.0,524.0,2470.0,4338.2029999999995,591.0,215.0,364.0,160.0,241.0,691.0,298.0,1240.0,124.957,0.0,338.298,74.95
2061,city,Marriott-Slaterville,Marriott-Slaterville,,,,,,Marriott-Slaterville,,,,,,,1424.0,3643.265,2.558,3833.0,805.0,534.0,2494.0,4496.952,591.0,214.0,374.0,160.0,241.0,693.0,306.0,1254.0,124.576,0.0,462.387,76.989
2062,city,Marriott-Slaterville,Marriott-Slaterville,,,,,,Marriott-Slaterville,,,,,,,1421.0,3669.138,2.582,3885.0,805.0,549.0,2531.0,4407.406,591.0,214.0,389.0,160.0,245.0,701.0,317.0,1268.0,129.099,0.0,316.274,77.026
2063,city,Marriott-Slaterville,Marriott-Slaterville,,,,,,Marriott-Slaterville,,,,,,,1421.0,3700.5229999999997,2.604,3927.0,805.0,563.0,2559.0,4465.704,591.0,214.0,403.0,160.0,245.0,714.0,324.0,1276.0,130.0,0.0,330.674,78.026
2064,city,Marriott-Slaterville,Marriott-Slaterville,,,,,,Marriott-Slaterville,,,,,,,1419.0,3723.868,2.624,3962.0,805.0,574.0,2583.0,4639.8060000000005,591.0,214.0,414.0,160.0,246.0,718.0,332.0,1287.0,129.404,0.0,470.35499999999996,78.048
2065,city,Marriott-Slaterville,Marriott-Slaterville,,,,,,Marriott-Slaterville,,,,,,,1417.0,3752.4230000000002,2.648,4009.0,803.0,588.0,2618.0,4487.014,591.0,212.0,428.0,160.0,251.0,730.0,335.0,1302.0,130.824,0.0,267.222,79.974
2023,city,Midvale,Midvale,,,,,,Midvale,,,,,,,15523.0,35230.153,2.27,28313.0,6293.0,3248.0,18772.0,31221.824,3695.0,2598.0,844.0,2404.0,4343.0,3287.0,1732.0,9410.0,0.0,0.0,1910.968,997.8589999999999
2024,city,Midvale,Midvale,,,,,,Midvale,,,,,,,15761.0,35666.017,2.263,28823.0,6347.0,3275.0,19201.0,31889.751,3703.0,2644.0,820.0,2455.0,4332.0,3489.0,1792.0,9588.0,0.0,0.0,2077.572,989.179
2025,city,Midvale,Midvale,,,,,,Midvale,,,,,,,15918.0,35864.189,2.253,29239.0,6395.0,3316.0,19528.0,32402.821,3748.0,2647.0,820.0,2496.0,4381.0,3557.0,1855.0,9735.0,0.0,0.0,2082.432,1081.388
2026,city,Midvale,Midvale,,,,,,Midvale,,,,,,,16122.0,36100.369,2.239,29407.0,6400.0,3331.0,19676.0,32684.227,3747.0,2653.0,817.0,2514.0,4366.0,3563.0,1928.0,9819.0,0.0,0.0,2178.047,1099.177
2027,city,Midvale,Midvale,,,,,,Midvale,,,,,,,16270.0,36230.349,2.227,29682.0,6446.0,3356.0,19880.0,33093.629,3788.0,2658.0,817.0,2539.0,4368.0,3600.0,1972.0,9940.0,0.0,0.0,2291.489,1120.136
2028,city,Midvale,Midvale,,,,,,Midvale,,,,,,,16384.0,36242.344,2.212,29841.0,6442.0,3363.0,20036.0,33091.314,3797.0,2645.0,817.0,2546.0,4390.0,3623.0,1996.0,10027.0,0.0,0.0,2119.278,1131.0339999999999
2029,city,Midvale,Midvale,,,,,,Midvale,,,,,,,16457.0,36164.253,2.197,30013.0,6436.0,3374.0,20203.0,33377.925,3815.0,2621.0,817.0,2557.0,4415.0,3642.0,2019.0,10127.0,0.0,0.0,2219.756,1145.169
2030,city,Midvale,Midvale,,,,,,Midvale,,,,,,,16509.0,36029.233,2.182,30221.0,6443.0,3375.0,20403.0,33483.298,3858.0,2585.0,817.0,2558.0,4454.0,3666.0,2072.0,10211.0,0.0,0.0,2105.16,1157.135
2031,city,Midvale,Midvale,,,,,,Midvale,,,,,,,16648.0,36082.768000000004,2.167,30061.0,6392.0,3280.0,20389.0,33946.752,3866.0,2526.0,815.0,2465.0,4475.0,3659.0,2081.0,10174.0,1.006,0.0,2714.712,1170.0339999999999
2032,city,Midvale,Midvale,,,,,,Midvale,,,,,,,16800.0,36237.607,2.157,30259.0,6405.0,3286.0,20568.0,33622.136,3910.0,2495.0,815.0,2471.0,4530.0,3660.0,2115.0,10263.0,1.008,0.0,2168.492,1193.634
2033,city,Midvale,Midvale,,,,,,Midvale,,,,,,,17012.0,36582.526,2.15,30501.0,6448.0,3276.0,20777.0,33938.305,3953.0,2495.0,811.0,2465.0,4584.0,3662.0,2144.0,10387.0,1.008,0.0,2216.929,1219.369
2034,city,Midvale,Midvale,,,,,,Midvale,,,,,,,17228.0,36936.335,2.144,30719.0,6507.0,3260.0,20952.0,34324.058,3982.0,2525.0,801.0,2459.0,4629.0,3672.0,2153.0,10498.0,1.013,0.0,2352.815,1251.234
2035,city,Midvale,Midvale,,,,,,Midvale,,,,,,,17406.0,37188.949,2.137,30588.0,6378.0,3236.0,20974.0,34204.765999999996,3962.0,2416.0,800.0,2436.0,4690.0,3670.0,2162.0,10452.0,1.012,0.0,2351.726,1264.031
2036,city,Midvale,Midvale,,,,,,Midvale,,,,,,,17593.0,37559.627,2.135,30820.0,6450.0,3199.0,21171.0,34397.121,4015.0,2435.0,775.0,2424.0,4753.0,3675.0,2184.0,10559.0,1.013,0.0,2285.074,1291.032
2037,city,Midvale,Midvale,,,,,,Midvale,,,,,,,17858.0,38136.885,2.136,30781.0,6362.0,3160.0,21259.0,34653.44,3977.0,2385.0,760.0,2400.0,4815.0,3654.0,2217.0,10573.0,1.01,0.0,2548.494,1322.933
2038,city,Midvale,Midvale,,,,,,Midvale,,,,,,,18028.0,38421.126,2.131,30971.0,6392.0,3161.0,21418.0,34370.534,4007.0,2385.0,756.0,2405.0,4863.0,3664.0,2224.0,10667.0,1.01,0.0,2044.591,1353.933
2039,city,Midvale,Midvale,,,,,,Midvale,,,,,,,18189.0,38657.878,2.125,31147.0,6442.0,3151.0,21554.0,34520.299,4048.0,2394.0,751.0,2400.0,4891.0,3679.0,2235.0,10749.0,1.006,0.0,1990.293,1382.0
2040,city,Midvale,Midvale,,,,,,Midvale,,,,,,,18295.0,38791.399,2.12,31309.0,6474.0,3090.0,21745.0,34947.492,4076.0,2398.0,730.0,2360.0,4943.0,3698.0,2250.0,10854.0,1.007,0.0,2228.944,1408.542
2041,city,Midvale,Midvale,,,,,,Midvale,,,,,,,18408.0,38922.96,2.114,31551.0,6567.0,3078.0,21906.0,35165.079,4134.0,2433.0,713.0,2365.0,4986.0,3727.0,2223.0,10970.0,1.006,0.0,2180.681,1432.389
2042,city,Midvale,Midvale,,,,,,Midvale,,,,,,,18536.0,39148.636,2.112,31766.0,6562.0,3066.0,22138.0,35096.782999999996,4115.0,2447.0,712.0,2354.0,5057.0,3755.0,2243.0,11083.0,1.007,0.0,1875.255,1454.5149999999999
2043,city,Midvale,Midvale,,,,,,Midvale,,,,,,,18676.0,39396.526,2.109,31914.0,6615.0,3021.0,22278.0,35625.598,4146.0,2469.0,686.0,2335.0,5098.0,3772.0,2259.0,11149.0,1.009,0.0,2221.69,1488.905
2044,city,Midvale,Midvale,,,,,,Midvale,,,,,,,18781.0,39565.138,2.107,31950.0,6587.0,3012.0,22351.0,35498.554000000004,4145.0,2442.0,679.0,2333.0,5138.0,3781.0,2285.0,11147.0,1.002,0.0,2029.619,1517.937
2045,city,Midvale,Midvale,,,,,,Midvale,,,,,,,18953.0,39868.181,2.104,31335.0,6386.0,2893.0,22056.0,35004.274,4111.0,2275.0,639.0,2254.0,5132.0,3759.0,2252.0,10913.0,1.001,0.0,2116.502,1551.777
2046,city,Midvale,Midvale,,,,,,Midvale,,,,,,,19125.0,40168.403,2.1,31010.0,6354.0,2633.0,22023.0,34848.655,4098.0,2256.0,571.0,2062.0,5147.0,3769.0,2181.0,10926.0,0.998,0.0,2249.691,1587.97
2047,city,Midvale,Midvale,,,,,,Midvale,,,,,,,19305.0,40472.551,2.096,31053.0,6336.0,2609.0,22108.0,34610.428,4088.0,2248.0,554.0,2055.0,5181.0,3783.0,2179.0,10965.0,1.001,0.0,1932.14,1624.285
2048,city,Midvale,Midvale,,,,,,Midvale,,,,,,,19486.0,40836.779,2.096,31212.0,6361.0,2618.0,22233.0,34945.891,4108.0,2253.0,554.0,2064.0,5217.0,3804.0,2191.0,11021.0,1.0,0.0,2068.76,1664.1299999999999
2049,city,Midvale,Midvale,,,,,,Midvale,,,,,,,19687.0,41239.254,2.095,30919.0,6202.0,2617.0,22100.0,35003.9,4050.0,2152.0,554.0,2063.0,5231.0,3803.0,2216.0,10850.0,0.999,0.0,2379.574,1704.335
2050,city,Midvale,Midvale,,,,,,Midvale,,,,,,,19865.0,41539.314,2.091,31005.0,6212.0,2617.0,22176.0,35040.003,4055.0,2157.0,554.0,2063.0,5252.0,3812.0,2229.0,10883.0,1.0,0.0,2286.228,1747.78
2051,city,Midvale,Midvale,,,,,,Midvale,,,,,,,20050.0,41913.568999999996,2.09,31089.0,6225.0,2618.0,22246.0,35122.581,4066.0,2159.0,554.0,2064.0,5265.0,3824.0,2238.0,10919.0,0.999,0.0,2247.265,1785.317
2052,city,Midvale,Midvale,,,,,,Midvale,,,,,,,20224.0,42259.573,2.09,31159.0,6235.0,2610.0,22314.0,35295.669,4072.0,2163.0,552.0,2058.0,5274.0,3840.0,2249.0,10951.0,1.0,0.0,2308.442,1827.22
2053,city,Midvale,Midvale,,,,,,Midvale,,,,,,,20354.0,42476.971,2.087,31129.0,6261.0,2545.0,22323.0,35494.444,4088.0,2173.0,504.0,2041.0,5286.0,3849.0,2221.0,10967.0,1.0,0.0,2501.538,1862.905
2054,city,Midvale,Midvale,,,,,,Midvale,,,,,,,20481.0,42676.777,2.084,31265.0,6320.0,2539.0,22406.0,35585.090000000004,4130.0,2190.0,496.0,2043.0,5312.0,3877.0,2202.0,11015.0,1.0,0.0,2424.246,1894.845
2055,city,Midvale,Midvale,,,,,,Midvale,,,,,,,20595.0,42801.364,2.078,31136.0,6313.0,2522.0,22301.0,35598.383,4131.0,2182.0,489.0,2033.0,5292.0,3891.0,2133.0,10985.0,1.0,0.0,2529.076,1932.307
2056,city,Midvale,Midvale,,,,,,Midvale,,,,,,,20784.0,43091.732,2.073,31108.0,6286.0,2523.0,22299.0,35562.334,4133.0,2153.0,489.0,2034.0,5301.0,3903.0,2143.0,10952.0,1.001,0.0,2477.426,1975.905
2057,city,Midvale,Midvale,,,,,,Midvale,,,,,,,20778.0,43182.812,2.078,31231.0,6304.0,2525.0,22402.0,35742.31,4143.0,2161.0,489.0,2036.0,5333.0,3925.0,2159.0,10985.0,1.001,0.0,2503.997,2006.314
2058,city,Midvale,Midvale,,,,,,Midvale,,,,,,,20805.0,43353.605,2.084,31087.0,6257.0,2521.0,22309.0,35650.19,4135.0,2122.0,487.0,2034.0,5322.0,3940.0,2167.0,10880.0,1.0,0.0,2525.097,2037.095
2059,city,Midvale,Midvale,,,,,,Midvale,,,,,,,20814.0,43554.534999999996,2.093,31169.0,6262.0,2521.0,22386.0,35807.13,4146.0,2116.0,487.0,2034.0,5347.0,3960.0,2184.0,10895.0,1.0,0.0,2560.822,2076.31
2060,city,Midvale,Midvale,,,,,,Midvale,,,,,,,20848.0,43806.183,2.101,30909.0,6178.0,2525.0,22206.0,35810.548,4115.0,2063.0,487.0,2038.0,5248.0,3968.0,2176.0,10814.0,1.002,0.0,2783.139,2117.407
2061,city,Midvale,Midvale,,,,,,Midvale,,,,,,,21051.0,44409.044,2.11,30219.0,6043.0,2502.0,21674.0,35857.854,4032.0,2011.0,487.0,2015.0,5109.0,3756.0,2213.0,10596.0,1.0,0.0,3463.9500000000003,2173.903
2062,city,Midvale,Midvale,,,,,,Midvale,,,,,,,21079.0,44664.13,2.119,30553.0,6075.0,2515.0,21963.0,35424.963,4057.0,2018.0,487.0,2028.0,5179.0,3823.0,2264.0,10697.0,1.002,0.0,2655.056,2215.903
2063,city,Midvale,Midvale,,,,,,Midvale,,,,,,,21080.0,44854.229999999996,2.128,30931.0,6120.0,2521.0,22290.0,35823.746,4084.0,2036.0,487.0,2034.0,5245.0,3900.0,2319.0,10826.0,1.002,0.0,2638.402,2253.348
2064,city,Midvale,Midvale,,,,,,Midvale,,,,,,,21082.0,45094.772,2.139,31186.0,6158.0,2527.0,22501.0,36173.092,4117.0,2041.0,487.0,2040.0,5285.0,3954.0,2358.0,10904.0,1.0,0.0,2688.781,2297.313
2065,city,Midvale,Midvale,,,,,,Midvale,,,,,,,21084.0,45310.883,2.149,31446.0,6202.0,2533.0,22711.0,36530.705,4148.0,2054.0,487.0,2046.0,5331.0,3998.0,2389.0,10993.0,1.002,0.0,2750.734,2332.968
2023,city,Mill Creek,Mill Creek,,,,,,Mill Creek,,,,,,,25144.0,61130.978,2.431,36265.0,6203.0,1953.0,28109.0,40480.755,4211.0,1992.0,525.0,1428.0,4200.0,6658.0,6474.0,10777.0,3.0069999999999997,3.444,2597.534,1611.774
2024,city,Mill Creek,Mill Creek,,,,,,Mill Creek,,,,,,,25450.0,61657.594,2.423,36434.0,6045.0,1980.0,28409.0,41331.184,4071.0,1974.0,513.0,1467.0,4183.0,6952.0,6542.0,10732.0,3.0170000000000003,3.528,3298.359,1592.284
2025,city,Mill Creek,Mill Creek,,,,,,Mill Creek,,,,,,,25702.0,61956.528,2.411,36732.0,6005.0,2028.0,28699.0,41340.808,4076.0,1929.0,524.0,1504.0,4234.0,7030.0,6703.0,10732.0,3.012,3.484,2850.69,1751.621
2026,city,Mill Creek,Mill Creek,,,,,,Mill Creek,,,,,,,25907.0,62069.954,2.396,36980.0,6031.0,2042.0,28907.0,41649.995,4081.0,1950.0,523.0,1519.0,4212.0,7013.0,6815.0,10867.0,3.0089999999999995,3.558,2895.146,1768.28
2027,city,Mill Creek,Mill Creek,,,,,,Mill Creek,,,,,,,26079.0,62067.262,2.38,37177.0,6005.0,2071.0,29101.0,42137.183,4072.0,1933.0,522.0,1549.0,4209.0,7074.0,6918.0,10900.0,3.0269999999999997,3.608,3159.326,1794.22
2028,city,Mill Creek,Mill Creek,,,,,,Mill Creek,,,,,,,26221.0,61909.544,2.361,37383.0,6001.0,2069.0,29313.0,42174.243,4081.0,1920.0,519.0,1550.0,4247.0,7125.0,6915.0,11026.0,3.0220000000000002,3.434,2977.738,1807.056
2029,city,Mill Creek,Mill Creek,,,,,,Mill Creek,,,,,,,26374.0,61793.795,2.343,37327.0,5930.0,2062.0,29335.0,42277.122,4063.0,1867.0,516.0,1546.0,4270.0,7128.0,6917.0,11020.0,3.01,3.22,3107.618,1836.272
2030,city,Mill Creek,Mill Creek,,,,,,Mill Creek,,,,,,,26460.0,61529.78,2.325,37686.0,5966.0,2066.0,29654.0,42438.133,4114.0,1852.0,516.0,1550.0,4338.0,7150.0,7004.0,11162.0,3.018,3.152,2889.743,1856.214
2031,city,Mill Creek,Mill Creek,,,,,,Mill Creek,,,,,,,26532.0,61244.57,2.308,37644.0,5932.0,2072.0,29640.0,42646.024,4113.0,1819.0,517.0,1555.0,4368.0,7120.0,7029.0,11123.0,3.018,3.158,3125.797,1870.054
2032,city,Mill Creek,Mill Creek,,,,,,Mill Creek,,,,,,,26630.0,61079.455,2.294,37827.0,5871.0,2068.0,29888.0,43052.181,4096.0,1775.0,514.0,1554.0,4467.0,7108.0,7121.0,11192.0,3.023,3.302,3332.436,1886.421
2033,city,Mill Creek,Mill Creek,,,,,,Mill Creek,,,,,,,26820.0,61226.51,2.283,38013.0,5866.0,2054.0,30093.0,42836.864,4117.0,1749.0,513.0,1541.0,4570.0,7081.0,7159.0,11283.0,3.025,3.456,2892.806,1924.579
2034,city,Mill Creek,Mill Creek,,,,,,Mill Creek,,,,,,,27018.0,61405.542,2.273,37866.0,5827.0,2022.0,30017.0,43165.997,4037.0,1790.0,505.0,1517.0,4594.0,7082.0,7184.0,11157.0,3.038,3.592,3329.0009999999997,1964.361
2035,city,Mill Creek,Mill Creek,,,,,,Mill Creek,,,,,,,27202.0,61553.623,2.263,37764.0,5760.0,2004.0,30000.0,42699.64,4045.0,1715.0,505.0,1499.0,4655.0,7072.0,7191.0,11082.0,3.036,3.636,2952.917,1976.052
2036,city,Mill Creek,Mill Creek,,,,,,Mill Creek,,,,,,,27498.0,62105.879,2.259,37831.0,5768.0,1971.0,30092.0,43118.46,4055.0,1713.0,501.0,1470.0,4718.0,7070.0,7193.0,11111.0,3.04,3.606,3267.764,2013.052
2037,city,Mill Creek,Mill Creek,,,,,,Mill Creek,,,,,,,27792.0,62678.9,2.255,38282.0,5916.0,2078.0,30288.0,43656.972,4082.0,1834.0,628.0,1450.0,4801.0,7054.0,7211.0,11222.0,3.0300000000000002,3.572,3306.476,2061.8959999999997
2038,city,Mill Creek,Mill Creek,,,,,,Mill Creek,,,,,,,28067.0,63189.398,2.251,37853.0,5737.0,2071.0,30045.0,42984.085,4013.0,1724.0,627.0,1444.0,4809.0,7041.0,7211.0,10984.0,3.0300000000000002,3.56,3017.599,2106.8959999999997
2039,city,Mill Creek,Mill Creek,,,,,,Mill Creek,,,,,,,28295.0,63501.015999999996,2.244,37960.0,5773.0,2054.0,30133.0,42927.043,4045.0,1728.0,622.0,1432.0,4821.0,7042.0,7219.0,11051.0,3.018,3.554,2812.471,2148.0
2040,city,Mill Creek,Mill Creek,,,,,,Mill Creek,,,,,,,28472.0,63747.764,2.239,37727.0,5693.0,2040.0,29994.0,42901.689,3995.0,1698.0,617.0,1423.0,4828.0,7015.0,7205.0,10946.0,4.027,3.554,2977.819,2189.2909999999997
2041,city,Mill Creek,Mill Creek,,,,,,Mill Creek,,,,,,,28673.0,64051.887,2.234,37641.0,5620.0,2022.0,29999.0,42952.652,3938.0,1682.0,614.0,1408.0,4894.0,7032.0,7183.0,10890.0,4.023,3.568,3073.448,2230.609
2042,city,Mill Creek,Mill Creek,,,,,,Mill Creek,,,,,,,28862.0,64346.641,2.229,37649.0,5569.0,2022.0,30058.0,42596.385,3904.0,1665.0,614.0,1408.0,4946.0,7043.0,7189.0,10880.0,4.029,3.602,2665.513,2274.244
2043,city,Mill Creek,Mill Creek,,,,,,Mill Creek,,,,,,,29066.0,64643.015999999996,2.224,36946.0,5293.0,1992.0,29661.0,42327.892,3642.0,1651.0,605.0,1387.0,4912.0,6998.0,7059.0,10692.0,4.036,3.63,3054.369,2319.847
2044,city,Mill Creek,Mill Creek,,,,,,Mill Creek,,,,,,,29342.0,65121.64,2.219,36497.0,5089.0,1961.0,29447.0,41966.33,3545.0,1544.0,579.0,1382.0,4893.0,6988.0,7037.0,10529.0,4.007,3.626,3090.799,2370.901
2045,city,Mill Creek,Mill Creek,,,,,,Mill Creek,,,,,,,29622.0,65671.312,2.217,36232.0,4990.0,1950.0,29292.0,41463.286,3479.0,1511.0,573.0,1377.0,4873.0,6982.0,6963.0,10474.0,4.003,3.62,2797.009,2426.649
2046,city,Mill Creek,Mill Creek,,,,,,Mill Creek,,,,,,,29865.0,66064.892,2.212,35830.0,4866.0,1904.0,29060.0,41102.393000000004,3404.0,1462.0,557.0,1347.0,4874.0,6991.0,6945.0,10250.0,3.9909999999999997,3.622,2780.833,2483.947
2047,city,Mill Creek,Mill Creek,,,,,,Mill Creek,,,,,,,30082.0,66373.518,2.206,35498.0,4680.0,1904.0,28914.0,40599.408,3263.0,1417.0,556.0,1348.0,4880.0,6988.0,6912.0,10134.0,4.003,3.648,2561.311,2532.45
2048,city,Mill Creek,Mill Creek,,,,,,Mill Creek,,,,,,,30389.0,66965.897,2.204,35622.0,4698.0,1912.0,29012.0,40931.104,3274.0,1424.0,556.0,1356.0,4919.0,7009.0,6916.0,10168.0,4.0,3.688,2704.215,2597.201
2049,city,Mill Creek,Mill Creek,,,,,,Mill Creek,,,,,,,30742.0,67678.195,2.201,34396.0,4848.0,1921.0,27627.0,41720.107,3386.0,1462.0,555.0,1366.0,5307.0,7191.0,4746.0,10383.0,3.9970000000000003,3.73,4650.43,2665.9539999999997
2050,city,Mill Creek,Mill Creek,,,,,,Mill Creek,,,,,,,31152.0,68560.181,2.201,35496.0,4972.0,1921.0,28603.0,41349.792,3463.0,1509.0,551.0,1370.0,5668.0,7384.0,4845.0,10706.0,4.0,3.77,3103.371,2742.651
2051,city,Mill Creek,Mill Creek,,,,,,Mill Creek,,,,,,,31592.0,69530.94499999999,2.201,36299.0,5094.0,1928.0,29277.0,42193.804,3541.0,1553.0,550.0,1378.0,5888.0,7524.0,4941.0,10924.0,3.9970000000000003,3.804,3073.5,2813.502
2052,city,Mill Creek,Mill Creek,,,,,,Mill Creek,,,,,,,32072.0,70590.327,2.201,36978.0,5196.0,1944.0,29838.0,43063.599,3617.0,1579.0,550.0,1394.0,6064.0,7655.0,5030.0,11089.0,4.0,3.844,3181.406,2896.353
2053,city,Mill Creek,Mill Creek,,,,,,Mill Creek,,,,,,,32593.0,71766.868,2.202,37605.0,5262.0,1949.0,30394.0,43790.384,3661.0,1601.0,550.0,1399.0,6191.0,7782.0,5105.0,11316.0,4.0,3.888,3196.645,2980.848
2054,city,Mill Creek,Mill Creek,,,,,,Mill Creek,,,,,,,33024.0,72698.798,2.201,38173.0,5425.0,1960.0,30788.0,44534.935,3786.0,1639.0,550.0,1410.0,6264.0,7883.0,5138.0,11503.0,4.0,3.92,3300.269,3053.746
2055,city,Mill Creek,Mill Creek,,,,,,Mill Creek,,,,,,,33531.0,73864.738,2.203,38573.0,5483.0,1970.0,31120.0,45137.83,3823.0,1660.0,550.0,1420.0,6353.0,7961.0,5187.0,11619.0,4.0,3.938,3414.0209999999997,3142.873
2056,city,Mill Creek,Mill Creek,,,,,,Mill Creek,,,,,,,34346.0,75821.471,2.208,38944.0,5506.0,1963.0,31475.0,45876.306,3855.0,1651.0,549.0,1414.0,6414.0,8070.0,5248.0,11743.0,4.003,3.92,3659.535,3264.843
2057,city,Mill Creek,Mill Creek,,,,,,Mill Creek,,,,,,,34599.0,76550.73300000001,2.213,39345.0,5553.0,1964.0,31828.0,46225.785,3884.0,1669.0,546.0,1418.0,6512.0,8138.0,5298.0,11880.0,4.003,3.856,3536.407,3336.521
2058,city,Mill Creek,Mill Creek,,,,,,Mill Creek,,,,,,,34603.0,76767.87,2.219,39643.0,5615.0,1978.0,32050.0,46732.559,3918.0,1697.0,546.0,1432.0,6592.0,8194.0,5239.0,12025.0,4.0,3.796,3688.607,3393.155
2059,city,Mill Creek,Mill Creek,,,,,,Mill Creek,,,,,,,34631.0,77159.807,2.228,39974.0,5662.0,1982.0,32330.0,47260.675,3952.0,1710.0,541.0,1441.0,6642.0,8265.0,5275.0,12148.0,4.0,3.758,3820.399,3458.521
2060,city,Mill Creek,Mill Creek,,,,,,Mill Creek,,,,,,,34514.0,77304.744,2.24,40568.0,5725.0,1963.0,32880.0,48626.898,3996.0,1729.0,539.0,1424.0,6813.0,8369.0,5382.0,12316.0,4.007,3.738,4544.484,3506.671
2061,city,Mill Creek,Mill Creek,,,,,,Mill Creek,,,,,,,34519.0,77762.935,2.253,41281.0,5869.0,1978.0,33434.0,48697.053,4063.0,1806.0,539.0,1439.0,6950.0,8483.0,5477.0,12524.0,4.0,3.726,3836.479,3571.846
2062,city,Mill Creek,Mill Creek,,,,,,Mill Creek,,,,,,,34529.0,78165.384,2.264,41812.0,5939.0,1991.0,33882.0,49325.307,4112.0,1827.0,539.0,1452.0,7053.0,8575.0,5540.0,12714.0,4.007,3.72,3875.7309999999998,3629.846
2063,city,Mill Creek,Mill Creek,,,,,,Mill Creek,,,,,,,34554.0,78566.334,2.274,42317.0,6016.0,2000.0,34301.0,49928.351,4161.0,1855.0,539.0,1461.0,7148.0,8678.0,5607.0,12868.0,4.007,3.714,3910.067,3693.57
2064,city,Mill Creek,Mill Creek,,,,,,Mill Creek,,,,,,,34575.0,79048.726,2.286,42683.0,6084.0,2004.0,34595.0,50470.193999999996,4206.0,1878.0,539.0,1465.0,7214.0,8748.0,5665.0,12968.0,4.0,3.708,4013.972,3765.512
2065,city,Mill Creek,Mill Creek,,,,,,Mill Creek,,,,,,,34580.0,79453.062,2.298,43063.0,6139.0,2006.0,34918.0,50966.609,4242.0,1897.0,539.0,1467.0,7278.0,8826.0,5729.0,13085.0,4.007,3.704,4067.955,3827.947
2023,city,Mosida,Mosida,,,,,,Mosida,,,,,,,0.0,0.0,0,0.0,0.0,0.0,0.0,114.907,0.0,0.0,0.0,0.0,0.0,0.0,0.0,0.0,114.907,0.0,0.0,0.0
2024,city,Mosida,Mosida,,,,,,Mosida,,,,,,,1.0,3.897,3.897,0.0,0.0,0.0,0.0,115.931,0.0,0.0,0.0,0.0,0.0,0.0,0.0,0.0,115.912,0.0,0.019,0.0
2025,city,Mosida,Mosida,,,,,,Mosida,,,,,,,1.0,3.856,3.856,0.0,0.0,0.0,0.0,115.94,0.0,0.0,0.0,0.0,0.0,0.0,0.0,0.0,115.885,0.0,0.055,0.0
2026,city,Mosida,Mosida,,,,,,Mosida,,,,,,,1.0,3.812,3.812,0.0,0.0,0.0,0.0,116.945,0.0,0.0,0.0,0.0,0.0,0.0,0.0,0.0,116.892,0.0,0.054,0.0
2027,city,Mosida,Mosida,,,,,,Mosida,,,,,,,1.0,3.769,3.769,0.0,0.0,0.0,0.0,116.993,0.0,0.0,0.0,0.0,0.0,0.0,0.0,0.0,116.956,0.0,0.037,0.0
2028,city,Mosida,Mosida,,,,,,Mosida,,,,,,,1.0,3.725,3.725,0.0,0.0,0.0,0.0,116.874,0.0,0.0,0.0,0.0,0.0,0.0,0.0,0.0,116.83800000000001,0.0,0.036,0.0
2029,city,Mosida,Mosida,,,,,,Mosida,,,,,,,1.0,3.685,3.685,0.0,0.0,0.0,0.0,117.003,0.0,0.0,0.0,0.0,0.0,0.0,0.0,0.0,116.968,0.0,0.035,0.0
2030,city,Mosida,Mosida,,,,,,Mosida,,,,,,,1.0,3.646,3.646,0.0,0.0,0.0,0.0,118.304,0.0,0.0,0.0,0.0,0.0,0.0,0.0,0.0,118.269,0.0,0.035,0.0
2031,city,Mosida,Mosida,,,,,,Mosida,,,,,,,1.0,3.61,3.61,0.0,0.0,0.0,0.0,118.214,0.0,0.0,0.0,0.0,0.0,0.0,0.0,0.0,118.177,0.0,0.037,0.0
2032,city,Mosida,Mosida,,,,,,Mosida,,,,,,,1.0,3.577,3.577,0.0,0.0,0.0,0.0,118.25399999999999,0.0,0.0,0.0,0.0,0.0,0.0,0.0,0.0,118.214,0.0,0.039,0.0
2033,city,Mosida,Mosida,,,,,,Mosida,,,,,,,1.0,3.549,3.549,0.0,0.0,0.0,0.0,119.783,0.0,0.0,0.0,0.0,0.0,0.0,0.0,0.0,119.743,0.0,0.04,0.0
2034,city,Mosida,Mosida,,,,,,Mosida,,,,,,,1.0,3.524,3.524,0.0,0.0,0.0,0.0,121.349,0.0,0.0,0.0,0.0,0.0,0.0,0.0,0.0,121.306,0.0,0.043,0.0
2035,city,Mosida,Mosida,,,,,,Mosida,,,,,,,1.0,3.502,3.502,0.0,0.0,0.0,0.0,121.215,0.0,0.0,0.0,0.0,0.0,0.0,0.0,0.0,121.17500000000001,0.0,0.04,0.0
2036,city,Mosida,Mosida,,,,,,Mosida,,,,,,,1.0,3.482,3.482,0.0,0.0,0.0,0.0,122.094,0.0,0.0,0.0,0.0,0.0,0.0,0.0,0.0,122.051,0.0,0.043,0.0
2037,city,Mosida,Mosida,,,,,,Mosida,,,,,,,1.0,4.285,4.285,0.0,0.0,0.0,0.0,121.92399999999999,0.0,0.0,0.0,0.0,0.0,0.0,0.0,0.0,121.88499999999999,0.0,0.039,0.0
2038,city,Mosida,Mosida,,,,,,Mosida,,,,,,,1.0,4.262,4.262,0.0,0.0,0.0,0.0,123.366,0.0,0.0,0.0,0.0,0.0,0.0,0.0,0.0,123.327,0.0,0.039,0.0
2039,city,Mosida,Mosida,,,,,,Mosida,,,,,,,1.0,4.24,4.24,0.0,0.0,0.0,0.0,124.238,0.0,0.0,0.0,0.0,0.0,0.0,0.0,0.0,124.202,0.0,0.037,0.0
2040,city,Mosida,Mosida,,,,,,Mosida,,,,,,,1.0,4.219,4.219,0.0,0.0,0.0,0.0,124.104,0.0,0.0,0.0,0.0,0.0,0.0,0.0,0.0,124.067,0.0,0.037,0.0
2041,city,Mosida,Mosida,,,,,,Mosida,,,,,,,1.0,4.2,4.2,0.0,0.0,0.0,0.0,126.154,0.0,0.0,0.0,0.0,0.0,0.0,0.0,0.0,126.12,0.0,0.033,0.0
2042,city,Mosida,Mosida,,,,,,Mosida,,,,,,,1.0,4.18,4.18,0.0,0.0,0.0,0.0,126.22,0.0,0.0,0.0,0.0,0.0,0.0,0.0,0.0,126.189,0.0,0.031,0.0
2043,city,Mosida,Mosida,,,,,,Mosida,,,,,,,1.0,4.162,4.162,0.0,0.0,0.0,0.0,129.076,0.0,0.0,0.0,0.0,0.0,0.0,0.0,0.0,129.043,0.0,0.033,0.0
2044,city,Mosida,Mosida,,,,,,Mosida,,,,,,,1.0,4.145,4.145,0.0,0.0,0.0,0.0,130.049,0.0,0.0,0.0,0.0,0.0,0.0,0.0,0.0,130.017,0.0,0.032,0.0
2045,city,Mosida,Mosida,,,,,,Mosida,,,,,,,1.0,4.128,4.128,0.0,0.0,0.0,0.0,130.879,0.0,0.0,0.0,0.0,0.0,0.0,0.0,0.0,130.848,0.0,0.031,0.0
2046,city,Mosida,Mosida,,,,,,Mosida,,,,,,,1.0,4.111,4.111,0.0,0.0,0.0,0.0,133.037,0.0,0.0,0.0,0.0,0.0,0.0,0.0,0.0,133.007,0.0,0.03,0.0
2047,city,Mosida,Mosida,,,,,,Mosida,,,,,,,5.0,15.829,3.166,0.0,0.0,0.0,0.0,177.027,0.0,0.0,0.0,0.0,0.0,0.0,0.0,0.0,134.877,0.0,42.15,0.0
2048,city,Mosida,Mosida,,,,,,Mosida,,,,,,,29.0,74.392,2.565,0.0,0.0,0.0,0.0,265.538,0.0,0.0,0.0,0.0,0.0,0.0,0.0,0.0,137.671,0.0,125.867,2.0
2049,city,Mosida,Mosida,,,,,,Mosida,,,,,,,43.0,106.506,2.477,0.0,0.0,0.0,0.0,145.915,0.0,0.0,0.0,0.0,0.0,0.0,0.0,0.0,141.615,0.0,1.301,2.999
2050,city,Mosida,Mosida,,,,,,Mosida,,,,,,,264.0,740.893,2.806,0.0,0.0,0.0,0.0,1993.318,0.0,0.0,0.0,0.0,0.0,0.0,0.0,0.0,146.232,0.0,1830.087,16.999000000000002
2051,city,Mosida,Mosida,,,,,,Mosida,,,,,,,403.0,1135.5610000000001,2.818,0.0,0.0,0.0,0.0,193.385,0.0,0.0,0.0,0.0,0.0,0.0,0.0,0.0,153.546,0.0,12.838,27.001
2052,city,Mosida,Mosida,,,,,,Mosida,,,,,,,533.0,1440.537,2.703,0.0,0.0,0.0,0.0,217.841,0.0,0.0,0.0,0.0,0.0,0.0,0.0,0.0,165.165,0.0,17.671,35.005
2053,city,Mosida,Mosida,,,,,,Mosida,,,,,,,1888.0,5617.527999999999,2.975,0.0,0.0,0.0,0.0,2598.3839999999996,0.0,0.0,0.0,0.0,0.0,0.0,0.0,0.0,166.09,0.0,2309.22,123.075
2054,city,Mosida,Mosida,,,,,,Mosida,,,,,,,2131.0,6302.693000000001,2.958,0.0,0.0,0.0,0.0,415.716,0.0,0.0,0.0,0.0,0.0,0.0,0.0,0.0,164.945,0.0,110.723,140.048
2055,city,Mosida,Mosida,,,,,,Mosida,,,,,,,2300.0,6710.416,2.918,0.0,0.0,0.0,0.0,428.752,0.0,0.0,0.0,0.0,0.0,0.0,0.0,0.0,165.042,0.0,112.682,151.028
2056,city,Mosida,Mosida,,,,,,Mosida,,,,,,,3663.0,10402.165,2.84,0.0,0.0,0.0,0.0,2580.966,0.0,0.0,0.0,0.0,0.0,0.0,0.0,0.0,165.047,0.0,2175.933,239.986
2057,city,Mosida,Mosida,,,,,,Mosida,,,,,,,3854.0,10940.180000000002,2.839,0.0,0.0,0.0,0.0,611.031,0.0,0.0,0.0,0.0,0.0,0.0,0.0,0.0,165.144,0.0,190.95600000000002,254.93300000000002
2058,city,Mosida,Mosida,,,,,,Mosida,,,,,,,3854.0,11080.678,2.875,0.0,0.0,0.0,0.0,615.747,0.0,0.0,0.0,0.0,0.0,0.0,0.0,0.0,165.197,0.0,191.61100000000002,258.94
2059,city,Mosida,Mosida,,,,,,Mosida,,,,,,,5121.0,13906.358000000002,2.716,0.0,0.0,0.0,0.0,2889.9680000000003,0.0,0.0,0.0,0.0,0.0,0.0,0.0,0.0,163.175,0.0,2377.7219999999998,349.07000000000005
2060,city,Mosida,Mosida,,,,,,Mosida,,,,,,,5121.0,14069.626,2.747,0.0,0.0,0.0,0.0,773.22,0.0,0.0,0.0,0.0,0.0,0.0,0.0,0.0,163.228,0.0,255.081,354.911
2061,city,Mosida,Mosida,,,,,,Mosida,,,,,,,5121.0,14255.057,2.784,0.0,0.0,0.0,0.0,784.8340000000001,0.0,0.0,0.0,0.0,0.0,0.0,0.0,0.0,163.095,0.0,260.758,360.97999999999996
2062,city,Mosida,Mosida,,,,,,Mosida,,,,,,,5421.0,15094.695,2.784,0.0,0.0,0.0,0.0,1325.348,0.0,0.0,0.0,0.0,0.0,0.0,0.0,0.0,162.963,0.0,773.2589999999999,389.126
2063,city,Mosida,Mosida,,,,,,Mosida,,,,,,,5421.0,15266.372000000001,2.816,0.0,0.0,0.0,0.0,840.473,0.0,0.0,0.0,0.0,0.0,0.0,0.0,0.0,162.923,0.0,282.498,395.05199999999996
2064,city,Mosida,Mosida,,,,,,Mosida,,,,,,,5421.0,15448.374000000002,2.85,0.0,0.0,0.0,0.0,852.022,0.0,0.0,0.0,0.0,0.0,0.0,0.0,0.0,162.007,0.0,287.911,402.10400000000004
2065,city,Mosida,Mosida,,,,,,Mosida,,,,,,,6220.0,17399.826,2.797,0.0,0.0,0.0,0.0,2279.044,0.0,0.0,0.0,0.0,0.0,0.0,0.0,0.0,161.138,0.0,1650.025,467.881
2023,city,Murray,Murray,,,,,,Murray,,,,,,,21929.0,52027.125,2.373,59936.0,10950.0,4268.0,44718.0,64867.737,7472.0,3478.0,1553.0,2715.0,7939.0,6011.0,13428.0,17340.0,1.002,75.78,3445.154,1409.8
2024,city,Murray,Murray,,,,,,Murray,,,,,,,22112.0,52230.498999999996,2.362,60073.0,10467.0,4189.0,45417.0,67178.844,7005.0,3462.0,1469.0,2720.0,7890.0,6302.0,13738.0,17487.0,1.006,77.59700000000001,5640.994,1386.252
2025,city,Murray,Murray,,,,,,Murray,,,,,,,22401.0,52630.871,2.349,60120.0,10175.0,4243.0,45702.0,66085.441,6852.0,3323.0,1459.0,2784.0,7952.0,6386.0,14115.0,17249.0,1.004,76.662,4364.232,1523.542
2026,city,Murray,Murray,,,,,,Murray,,,,,,,22669.0,52907.743,2.334,60383.0,9972.0,4268.0,46143.0,66136.975,6692.0,3280.0,1454.0,2814.0,7902.0,6383.0,14409.0,17449.0,1.003,78.293,4128.428,1546.248
2027,city,Murray,Murray,,,,,,Murray,,,,,,,22951.0,53290.954,2.322,61154.0,10044.0,4340.0,46770.0,66873.98,6754.0,3290.0,1451.0,2889.0,7912.0,6456.0,14690.0,17712.0,1.009,79.361,4060.416,1579.196
2028,city,Murray,Murray,,,,,,Murray,,,,,,,23206.0,53596.584,2.31,61590.0,10055.0,4346.0,47189.0,67582.83899999999,6767.0,3288.0,1450.0,2896.0,7989.0,6382.0,14924.0,17894.0,1.007,75.548,4314.236,1602.05
2029,city,Murray,Murray,,,,,,Murray,,,,,,,23751.0,54764.34,2.306,62203.0,10039.0,4350.0,47814.0,68420.87700000001,6781.0,3258.0,1448.0,2902.0,8114.0,6413.0,15165.0,18122.0,1.003,70.836,4493.789,1652.245
2030,city,Murray,Murray,,,,,,Murray,,,,,,,24086.0,55304.221,2.296,63041.0,10095.0,4356.0,48590.0,68722.569,6870.0,3225.0,1448.0,2908.0,8269.0,6475.0,15481.0,18365.0,1.006,69.338,3925.0280000000002,1686.1970000000001
2031,city,Murray,Murray,,,,,,Murray,,,,,,,24375.0,55715.553,2.286,63236.0,10126.0,4347.0,48763.0,69389.581,6937.0,3189.0,1447.0,2900.0,8282.0,6423.0,15652.0,18406.0,1.006,69.487,4370.043,1713.048
2032,city,Murray,Murray,,,,,,Murray,,,,,,,24707.0,56262.287,2.277,63255.0,10094.0,4322.0,48839.0,69892.332,6953.0,3141.0,1441.0,2881.0,8279.0,6343.0,15785.0,18432.0,1.008,72.65,4812.213,1751.463
2033,city,Murray,Murray,,,,,,Murray,,,,,,,25181.0,57241.322,2.273,63655.0,10144.0,4312.0,49199.0,69862.277,7006.0,3138.0,1441.0,2871.0,8357.0,6309.0,15930.0,18603.0,1.008,76.04599999999999,4324.675,1805.542
2034,city,Murray,Murray,,,,,,Murray,,,,,,,25635.0,58052.218,2.265,63871.0,10095.0,4273.0,49503.0,70764.981,6912.0,3183.0,1434.0,2839.0,8500.0,6285.0,16175.0,18543.0,1.013,79.042,4949.575,1864.347
2035,city,Murray,Murray,,,,,,Murray,,,,,,,25992.0,58637.778,2.256,63686.0,9865.0,4221.0,49600.0,69958.866,6848.0,3017.0,1431.0,2790.0,8670.0,6259.0,16367.0,18304.0,1.012,79.97699999999999,4303.829,1888.047
2036,city,Murray,Murray,,,,,,Murray,,,,,,,26354.0,59251.67,2.248,64251.0,9886.0,4200.0,50165.0,70683.131,6845.0,3041.0,1430.0,2770.0,8856.0,6276.0,16612.0,18421.0,1.013,79.342,4417.728,1934.049
2037,city,Murray,Murray,,,,,,Murray,,,,,,,26496.0,59353.117,2.24,66718.0,10239.0,4168.0,52311.0,74615.348,7100.0,3139.0,1430.0,2738.0,9683.0,6406.0,16945.0,19277.0,1.01,78.578,5852.854,1964.8999999999999
2038,city,Murray,Murray,,,,,,Murray,,,,,,,26934.0,60172.799,2.234,68320.0,10429.0,4113.0,53778.0,75975.206,7212.0,3217.0,1418.0,2695.0,10152.0,6521.0,17278.0,19827.0,1.01,78.327,5552.966,2022.8999999999999
2039,city,Murray,Murray,,,,,,Murray,,,,,,,27329.0,60812.417,2.225,70135.0,10553.0,4056.0,55526.0,78018.359,7313.0,3240.0,1394.0,2662.0,10726.0,6708.0,17648.0,20444.0,1.006,78.194,5728.159,2076.0
2040,city,Murray,Murray,,,,,,Murray,,,,,,,27722.0,61475.201,2.218,72922.0,10730.0,4057.0,58135.0,80528.503,7412.0,3318.0,1387.0,2670.0,11407.0,7051.0,18106.0,21571.0,2.014,78.179,5397.004,2129.309
2041,city,Murray,Murray,,,,,,Murray,,,,,,,28281.0,62622.866,2.214,74690.0,10329.0,4060.0,60301.0,82106.21399999999,7073.0,3256.0,1376.0,2684.0,12098.0,7284.0,18476.0,22443.0,2.012,78.494,5135.111,2200.596
2042,city,Murray,Murray,,,,,,Murray,,,,,,,28835.0,63747.003,2.211,75758.0,10267.0,4023.0,61468.0,83513.768,7116.0,3151.0,1362.0,2661.0,12573.0,7465.0,18787.0,22643.0,2.014,79.24300000000001,5402.268,2272.2419999999997
2043,city,Murray,Murray,,,,,,Murray,,,,,,,29302.0,64689.676,2.208,78123.0,10567.0,4013.0,63543.0,85888.231,7321.0,3246.0,1348.0,2665.0,13209.0,7748.0,19207.0,23379.0,2.018,79.875,5349.489,2333.851
2044,city,Murray,Murray,,,,,,Murray,,,,,,,29811.0,65827.993,2.208,79933.0,10632.0,3977.0,65324.0,88167.764,7412.0,3220.0,1329.0,2648.0,13820.0,8046.0,19512.0,23946.0,2.004,79.79100000000001,5745.071,2407.899
2045,city,Murray,Murray,,,,,,Murray,,,,,,,30266.0,66807.409,2.207,82999.0,11007.0,3984.0,68008.0,91284.647,7654.0,3353.0,1297.0,2687.0,14613.0,8456.0,20036.0,24903.0,2.002,79.62700000000001,5724.376,2479.642
2046,city,Murray,Murray,,,,,,Murray,,,,,,,30556.0,67395.841,2.206,86909.0,11666.0,4045.0,71198.0,95083.747,8111.0,3555.0,1288.0,2757.0,15528.0,8903.0,20593.0,26174.0,1.996,79.677,5557.124,2535.951
2047,city,Murray,Murray,,,,,,Murray,,,,,,,30905.0,68078.751,2.203,90014.0,12181.0,4137.0,73696.0,98787.18299999999,8464.0,3717.0,1282.0,2855.0,16322.0,9301.0,20975.0,27098.0,2.002,80.243,6088.482,2602.46
2048,city,Murray,Murray,,,,,,Murray,,,,,,,31251.0,68807.69,2.202,92821.0,12437.0,4186.0,76198.0,101674.367,8640.0,3797.0,1276.0,2910.0,17206.0,9744.0,21462.0,27786.0,2.0,81.14099999999999,6100.023,2670.207
2049,city,Murray,Murray,,,,,,Murray,,,,,,,31715.0,69860.698,2.203,95555.0,12652.0,4218.0,78685.0,104270.61,8774.0,3878.0,1275.0,2943.0,17926.0,10115.0,22257.0,28387.0,1.998,82.057,5882.634,2748.924
2050,city,Murray,Murray,,,,,,Murray,,,,,,,32448.0,71635.29,2.208,98121.0,12984.0,4252.0,80885.0,107309.188,9018.0,3966.0,1273.0,2979.0,18623.0,10488.0,22710.0,29064.0,2.0,82.955,6247.594,2855.632
2051,city,Murray,Murray,,,,,,Murray,,,,,,,33250.0,73610.965,2.214,100163.0,13277.0,4264.0,82622.0,109590.827,9248.0,4029.0,1268.0,2996.0,19166.0,10878.0,22945.0,29633.0,1.998,83.70400000000001,6375.595,2966.527
2052,city,Murray,Murray,,,,,,Murray,,,,,,,33879.0,74923.651,2.212,101739.0,13493.0,4270.0,83976.0,111346.172,9410.0,4083.0,1259.0,3011.0,19586.0,11207.0,23131.0,30052.0,2.0,84.57,6464.23,3056.374
2053,city,Murray,Murray,,,,,,Murray,,,,,,,34481.0,76192.76299999999,2.21,102783.0,13631.0,4289.0,84863.0,112649.41900000001,9507.0,4124.0,1258.0,3031.0,19822.0,11477.0,23296.0,30268.0,2.0,85.536,6627.041,3151.8379999999997
2054,city,Murray,Murray,,,,,,Murray,,,,,,,35058.0,77409.713,2.208,104104.0,13791.0,4311.0,86002.0,114500.756,9643.0,4148.0,1257.0,3054.0,20116.0,11780.0,23396.0,30710.0,2.0,86.22,7064.802,3243.733
2055,city,Murray,Murray,,,,,,Murray,,,,,,,35363.0,77908.491,2.203,105808.0,13894.0,4346.0,87568.0,116774.814,9697.0,4197.0,1257.0,3089.0,20493.0,12171.0,23628.0,31276.0,2.0,86.63499999999999,7564.368,3313.806
2056,city,Murray,Murray,,,,,,Murray,,,,,,,35928.0,79132.988,2.203,107377.0,14114.0,4352.0,88911.0,118010.289,9865.0,4249.0,1243.0,3109.0,20768.0,12531.0,23845.0,31767.0,2.002,86.23599999999999,7133.215,3411.836
2057,city,Murray,Murray,,,,,,Murray,,,,,,,36139.0,79714.389,2.206,108670.0,14290.0,4374.0,90006.0,119868.831,9970.0,4320.0,1240.0,3134.0,21083.0,12783.0,24004.0,32136.0,2.002,84.821,7625.471,3486.543
2058,city,Murray,Murray,,,,,,Murray,,,,,,,36141.0,79930.116,2.212,110213.0,14516.0,4423.0,91274.0,121160.467,10104.0,4412.0,1239.0,3184.0,21368.0,13099.0,24196.0,32611.0,2.0,83.506,7320.793,3541.164
2059,city,Murray,Murray,,,,,,Murray,,,,,,,36214.0,80433.318,2.221,111167.0,14649.0,4447.0,92071.0,122235.33499999999,10203.0,4446.0,1239.0,3208.0,21468.0,13302.0,24328.0,32973.0,2.0,82.657,7371.137,3612.542
2060,city,Murray,Murray,,,,,,Murray,,,,,,,36254.0,80903.318,2.232,112093.0,14821.0,4468.0,92804.0,123381.13900000001,10328.0,4493.0,1231.0,3237.0,21668.0,13445.0,24439.0,33252.0,2.004,82.224,7519.208,3684.705
2061,city,Murray,Murray,,,,,,Murray,,,,,,,36257.0,81370.72899999999,2.244,113133.0,15036.0,4499.0,93598.0,124444.9,10444.0,4592.0,1231.0,3268.0,21859.0,13612.0,24534.0,33593.0,2.0,81.989,7481.0689999999995,3746.837
2062,city,Murray,Murray,,,,,,Murray,,,,,,,36301.0,81844.592,2.255,113825.0,15134.0,4515.0,94176.0,125434.168,10504.0,4630.0,1231.0,3284.0,21972.0,13763.0,24635.0,33806.0,2.004,81.825,7711.504,3813.837
2063,city,Murray,Murray,,,,,,Murray,,,,,,,36345.0,82281.435,2.264,114519.0,15203.0,4532.0,94784.0,126172.866,10549.0,4654.0,1231.0,3301.0,22102.0,13924.0,24725.0,34033.0,2.004,81.692,7685.576,3884.591
2064,city,Murray,Murray,,,,,,Murray,,,,,,,36375.0,82795.494,2.276,114982.0,15263.0,4538.0,95181.0,126865.97200000001,10596.0,4667.0,1231.0,3307.0,22181.0,14026.0,24810.0,34164.0,2.0,81.574,7841.859,3958.537
2065,city,Murray,Murray,,,,,,Murray,,,,,,,36387.0,83225.95,2.287,115482.0,15339.0,4544.0,95599.0,127553.912,10653.0,4686.0,1231.0,3313.0,22256.0,14134.0,24896.0,34313.0,2.004,81.475,7958.493,4029.948
2023,city,North Goshen Valley,North Goshen Valley,,,,,,North Goshen Valley,,,,,,,15.0,62.929,4.195,83.0,0.0,1.0,82.0,325.459,0.0,0.0,1.0,0.0,75.0,7.0,0.0,0.0,237.877,0.0,3.581,1.001
2024,city,North Goshen Valley,North Goshen Valley,,,,,,North Goshen Valley,,,,,,,15.0,62.321,4.155,82.0,0.0,1.0,81.0,324.732,0.0,0.0,1.0,0.0,74.0,7.0,0.0,0.0,239.888,0.0,1.842,1.002
2025,city,North Goshen Valley,North Goshen Valley,,,,,,North Goshen Valley,,,,,,,16.0,63.597,3.975,82.0,0.0,1.0,81.0,329.275,0.0,0.0,1.0,0.0,74.0,7.0,0.0,0.0,240.838,0.0,5.436,1.002
2026,city,North Goshen Valley,North Goshen Valley,,,,,,North Goshen Valley,,,,,,,16.0,62.871,3.929,82.0,0.0,1.0,81.0,331.131,0.0,0.0,1.0,0.0,74.0,7.0,0.0,0.0,242.852,0.0,5.279,1.0
2027,city,North Goshen Valley,North Goshen Valley,,,,,,North Goshen Valley,,,,,,,16.0,62.146,3.884,82.0,0.0,1.0,81.0,329.592,0.0,0.0,1.0,0.0,74.0,7.0,0.0,0.0,242.988,0.0,3.603,1.001
2028,city,North Goshen Valley,North Goshen Valley,,,,,,North Goshen Valley,,,,,,,16.0,61.421,3.839,84.0,0.0,1.0,83.0,331.354,0.0,0.0,1.0,0.0,76.0,7.0,0.0,0.0,242.74,0.0,3.613,1.001
2029,city,North Goshen Valley,North Goshen Valley,,,,,,North Goshen Valley,,,,,,,16.0,60.742,3.796,84.0,0.0,1.0,83.0,332.495,0.0,0.0,1.0,0.0,76.0,7.0,0.0,0.0,244.019,0.0,3.475,1.001
2030,city,North Goshen Valley,North Goshen Valley,,,,,,North Goshen Valley,,,,,,,16.0,60.107,3.757,84.0,0.0,1.0,83.0,333.116,0.0,0.0,1.0,0.0,76.0,7.0,0.0,0.0,244.623,0.0,3.492,1.001
2031,city,North Goshen Valley,North Goshen Valley,,,,,,North Goshen Valley,,,,,,,16.0,59.504,3.719,84.0,0.0,1.0,83.0,334.168,0.0,0.0,1.0,0.0,76.0,7.0,0.0,0.0,245.446,0.0,3.722,1.001
2032,city,North Goshen Valley,North Goshen Valley,,,,,,North Goshen Valley,,,,,,,16.0,58.954,3.685,84.0,0.0,1.0,83.0,334.459,0.0,0.0,1.0,0.0,76.0,7.0,0.0,0.0,245.521,0.0,3.938,1.0
2033,city,North Goshen Valley,North Goshen Valley,,,,,,North Goshen Valley,,,,,,,16.0,58.488,3.655,84.0,0.0,1.0,83.0,335.545,0.0,0.0,1.0,0.0,76.0,7.0,0.0,0.0,246.529,0.0,4.015,1.001
2034,city,North Goshen Valley,North Goshen Valley,,,,,,North Goshen Valley,,,,,,,16.0,58.073,3.63,84.0,0.0,1.0,83.0,338.975,0.0,0.0,1.0,0.0,76.0,7.0,0.0,0.0,249.688,0.0,4.286,1.001
2035,city,North Goshen Valley,North Goshen Valley,,,,,,North Goshen Valley,,,,,,,16.0,57.702,3.606,84.0,0.0,1.0,83.0,339.437,0.0,0.0,1.0,0.0,76.0,7.0,0.0,0.0,250.429,0.0,4.008,1.001
2036,city,North Goshen Valley,North Goshen Valley,,,,,,North Goshen Valley,,,,,,,16.0,57.371,3.586,84.0,0.0,1.0,83.0,341.487,0.0,0.0,1.0,0.0,76.0,7.0,0.0,0.0,252.172,0.0,4.314,1.001
2037,city,North Goshen Valley,North Goshen Valley,,,,,,North Goshen Valley,,,,,,,16.0,57.888,3.618,84.0,0.0,1.0,83.0,341.726,0.0,0.0,1.0,0.0,76.0,7.0,0.0,0.0,252.837,0.0,3.888,1.001
2038,city,North Goshen Valley,North Goshen Valley,,,,,,North Goshen Valley,,,,,,,16.0,57.587,3.599,84.0,0.0,1.0,83.0,343.623,0.0,0.0,1.0,0.0,76.0,7.0,0.0,0.0,254.741,0.0,3.881,1.0
2039,city,North Goshen Valley,North Goshen Valley,,,,,,North Goshen Valley,,,,,,,16.0,57.314,3.582,84.0,0.0,1.0,83.0,345.149,0.0,0.0,1.0,0.0,76.0,7.0,0.0,0.0,256.483,0.0,3.666,1.0
2040,city,North Goshen Valley,North Goshen Valley,,,,,,North Goshen Valley,,,,,,,16.0,57.046,3.565,84.0,0.0,1.0,83.0,346.902,0.0,0.0,1.0,0.0,76.0,7.0,0.0,0.0,258.222,0.0,3.68,1.0
2041,city,North Goshen Valley,North Goshen Valley,,,,,,North Goshen Valley,,,,,,,16.0,56.795,3.55,84.0,0.0,1.0,83.0,348.633,0.0,0.0,1.0,0.0,76.0,7.0,0.0,0.0,260.312,0.0,3.32,1.001
2042,city,North Goshen Valley,North Goshen Valley,,,,,,North Goshen Valley,,,,,,,16.0,56.544,3.534,84.0,0.0,1.0,83.0,351.611,0.0,0.0,1.0,0.0,76.0,7.0,0.0,0.0,263.483,0.0,3.127,1.001
2043,city,North Goshen Valley,North Goshen Valley,,,,,,North Goshen Valley,,,,,,,16.0,56.311,3.519,84.0,0.0,1.0,83.0,353.416,0.0,0.0,1.0,0.0,76.0,7.0,0.0,0.0,265.144,0.0,3.271,1.0
2044,city,North Goshen Valley,North Goshen Valley,,,,,,North Goshen Valley,,,,,,,16.0,56.098,3.506,84.0,0.0,1.0,83.0,356.296,0.0,0.0,1.0,0.0,76.0,7.0,0.0,0.0,268.097,0.0,3.198,1.001
2045,city,North Goshen Valley,North Goshen Valley,,,,,,North Goshen Valley,,,,,,,16.0,55.881,3.493,84.0,0.0,1.0,83.0,358.839,0.0,0.0,1.0,0.0,76.0,7.0,0.0,0.0,270.755,0.0,3.084,1.0
2046,city,North Goshen Valley,North Goshen Valley,,,,,,North Goshen Valley,,,,,,,16.0,55.668,3.479,84.0,0.0,1.0,83.0,363.091,0.0,0.0,1.0,0.0,76.0,7.0,0.0,0.0,275.082,0.0,3.009,1.0
2047,city,North Goshen Valley,North Goshen Valley,,,,,,North Goshen Valley,,,,,,,16.0,55.448,3.466,84.0,0.0,1.0,83.0,367.814,0.0,0.0,1.0,0.0,76.0,7.0,0.0,0.0,279.817,0.0,2.997,1.0
2048,city,North Goshen Valley,North Goshen Valley,,,,,,North Goshen Valley,,,,,,,16.0,55.238,3.452,84.0,0.0,1.0,83.0,373.383,0.0,0.0,1.0,0.0,76.0,7.0,0.0,0.0,285.392,0.0,2.991,1.0
2049,city,North Goshen Valley,North Goshen Valley,,,,,,North Goshen Valley,,,,,,,16.0,55.022,3.439,84.0,0.0,1.0,83.0,380.294,0.0,0.0,1.0,0.0,76.0,7.0,0.0,0.0,292.269,0.0,3.025,1.0
2050,city,North Goshen Valley,North Goshen Valley,,,,,,North Goshen Valley,,,,,,,16.0,54.79,3.424,84.0,0.0,1.0,83.0,390.612,0.0,0.0,1.0,0.0,76.0,7.0,0.0,0.0,302.549,0.0,3.063,1.0
2051,city,North Goshen Valley,North Goshen Valley,,,,,,North Goshen Valley,,,,,,,16.0,54.556,3.41,84.0,0.0,1.0,83.0,404.372,0.0,0.0,1.0,0.0,76.0,7.0,0.0,0.0,316.186,0.0,3.186,1.0
2052,city,North Goshen Valley,North Goshen Valley,,,,,,North Goshen Valley,,,,,,,16.0,54.315,3.395,84.0,0.0,1.0,83.0,428.777,0.0,0.0,1.0,0.0,76.0,7.0,0.0,0.0,340.461,0.0,3.315,1.0
2053,city,North Goshen Valley,North Goshen Valley,,,,,,North Goshen Valley,,,,,,,16.0,54.064,3.379,84.0,0.0,1.0,83.0,432.675,0.0,0.0,1.0,0.0,76.0,7.0,0.0,0.0,343.32,0.0,4.355,1.001
2054,city,North Goshen Valley,North Goshen Valley,,,,,,North Goshen Valley,,,,,,,16.0,53.817,3.364,84.0,0.0,1.0,83.0,432.865,0.0,0.0,1.0,0.0,76.0,7.0,0.0,0.0,343.045,0.0,4.82,1.0
2055,city,North Goshen Valley,North Goshen Valley,,,,,,North Goshen Valley,,,,,,,16.0,53.576,3.349,84.0,0.0,1.0,83.0,432.134,0.0,0.0,1.0,0.0,76.0,7.0,0.0,0.0,342.234,0.0,4.899,1.0
2056,city,North Goshen Valley,North Goshen Valley,,,,,,North Goshen Valley,,,,,,,16.0,53.326,3.333,84.0,0.0,1.0,83.0,430.981,0.0,0.0,1.0,0.0,76.0,7.0,0.0,0.0,341.232,0.0,4.748,1.0
2057,city,North Goshen Valley,North Goshen Valley,,,,,,North Goshen Valley,,,,,,,16.0,53.497,3.344,84.0,0.0,1.0,83.0,430.374,0.0,0.0,1.0,0.0,76.0,7.0,0.0,0.0,340.42,0.0,4.955,1.0
2058,city,North Goshen Valley,North Goshen Valley,,,,,,North Goshen Valley,,,,,,,16.0,54.24,3.39,84.0,0.0,1.0,83.0,429.487,0.0,0.0,1.0,0.0,76.0,7.0,0.0,0.0,339.516,0.0,4.972,1.0
2059,city,North Goshen Valley,North Goshen Valley,,,,,,North Goshen Valley,,,,,,,16.0,54.88,3.43,84.0,0.0,1.0,83.0,428.351,0.0,0.0,1.0,0.0,76.0,7.0,0.0,0.0,338.514,0.0,4.837,1.0
2060,city,North Goshen Valley,North Goshen Valley,,,,,,North Goshen Valley,,,,,,,16.0,55.603,3.475,84.0,0.0,1.0,83.0,427.59,0.0,0.0,1.0,0.0,76.0,7.0,0.0,0.0,337.609,0.0,4.981,1.0
2061,city,North Goshen Valley,North Goshen Valley,,,,,,North Goshen Valley,,,,,,,16.0,56.423,3.526,84.0,0.0,1.0,83.0,426.413,0.0,0.0,1.0,0.0,76.0,7.0,0.0,0.0,336.321,0.0,5.092,1.0
2062,city,North Goshen Valley,North Goshen Valley,,,,,,North Goshen Valley,,,,,,,16.0,57.144,3.571,84.0,0.0,1.0,83.0,425.077,0.0,0.0,1.0,0.0,76.0,7.0,0.0,0.0,335.035,0.0,5.041,1.0
2063,city,North Goshen Valley,North Goshen Valley,,,,,,North Goshen Valley,,,,,,,16.0,57.874,3.617,84.0,0.0,1.0,83.0,425.163,0.0,0.0,1.0,0.0,76.0,7.0,0.0,0.0,334.952,0.0,5.211,1.0
2064,city,North Goshen Valley,North Goshen Valley,,,,,,North Goshen Valley,,,,,,,16.0,58.648,3.666,84.0,0.0,1.0,83.0,424.449,0.0,0.0,1.0,0.0,76.0,7.0,0.0,0.0,334.138,0.0,5.311,1.0
2065,city,North Goshen Valley,North Goshen Valley,,,,,,North Goshen Valley,,,,,,,16.0,59.356,3.71,84.0,0.0,1.0,83.0,423.664,0.0,0.0,1.0,0.0,76.0,7.0,0.0,0.0,333.423,0.0,5.242,1.0
2023,city,North Ogden,North Ogden,,,,,,North Ogden,,,,,,,7414.0,22223.9,2.998,3016.0,1040.0,113.0,1863.0,3829.0480000000002,615.0,425.0,62.0,51.0,192.0,635.0,410.0,626.0,27.086,0.0,494.172,291.79200000000003
2024,city,North Ogden,North Ogden,,,,,,North Ogden,,,,,,,7481.0,22270.837,2.977,3051.0,1033.0,129.0,1889.0,4573.819,605.0,428.0,73.0,56.0,184.0,654.0,413.0,638.0,25.032,0.0,1207.787,290.0
2025,city,North Ogden,North Ogden,,,,,,North Ogden,,,,,,,7667.0,22688.867,2.959,3072.0,1037.0,131.0,1904.0,4122.799,606.0,431.0,73.0,58.0,185.0,658.0,416.0,645.0,25.05,0.0,703.512,322.239
2026,city,North Ogden,North Ogden,,,,,,North Ogden,,,,,,,7837.0,22999.9,2.935,3078.0,1036.0,132.0,1910.0,3911.795,604.0,432.0,74.0,58.0,184.0,661.0,418.0,647.0,25.067999999999998,0.0,476.48900000000003,332.241
2027,city,North Ogden,North Ogden,,,,,,North Ogden,,,,,,,7909.0,22990.632,2.907,3090.0,1037.0,132.0,1921.0,3942.834,605.0,432.0,74.0,58.0,182.0,664.0,421.0,654.0,25.131999999999998,0.0,491.303,336.399
2028,city,North Ogden,North Ogden,,,,,,North Ogden,,,,,,,7959.0,22906.216,2.878,3102.0,1034.0,132.0,1936.0,3961.5750000000003,604.0,430.0,74.0,58.0,182.0,666.0,424.0,664.0,25.081999999999997,0.0,494.937,339.55400000000003
2029,city,North Ogden,North Ogden,,,,,,North Ogden,,,,,,,8055.0,22921.105,2.846,3109.0,1032.0,132.0,1945.0,4065.1620000000003,605.0,427.0,74.0,58.0,182.0,666.0,427.0,670.0,25.067999999999998,0.0,583.94,347.155
2030,city,North Ogden,North Ogden,,,,,,North Ogden,,,,,,,8103.0,22888.403,2.825,3115.0,1028.0,133.0,1954.0,4078.672,605.0,423.0,75.0,58.0,183.0,672.0,428.0,671.0,24.031,0.0,586.934,352.704
2031,city,North Ogden,North Ogden,,,,,,North Ogden,,,,,,,8184.0,22942.1,2.803,3112.0,1019.0,136.0,1957.0,3978.28,605.0,414.0,78.0,58.0,183.0,669.0,429.0,676.0,24.031,0.0,485.939,356.31
2032,city,North Ogden,North Ogden,,,,,,North Ogden,,,,,,,8221.0,22884.49,2.784,3113.0,1013.0,138.0,1962.0,3973.481,605.0,408.0,80.0,58.0,184.0,669.0,431.0,678.0,24.0,0.0,474.094,362.383
2033,city,North Ogden,North Ogden,,,,,,North Ogden,,,,,,,8294.0,22931.15,2.765,3118.0,1012.0,140.0,1966.0,3969.507,605.0,407.0,82.0,58.0,184.0,669.0,431.0,682.0,24.048,0.0,461.151,366.308
2034,city,North Ogden,North Ogden,,,,,,North Ogden,,,,,,,8379.0,23019.883,2.747,3131.0,1012.0,143.0,1976.0,4064.605,605.0,407.0,85.0,58.0,184.0,670.0,433.0,689.0,24.08,0.0,535.762,373.76
2035,city,North Ogden,North Ogden,,,,,,North Ogden,,,,,,,8449.0,23079.284,2.732,3095.0,995.0,143.0,1957.0,3966.7110000000002,602.0,393.0,85.0,58.0,184.0,670.0,433.0,670.0,24.048,0.0,474.437,373.223
2036,city,North Ogden,North Ogden,,,,,,North Ogden,,,,,,,8529.0,23162.023,2.716,3102.0,995.0,143.0,1964.0,4030.814,602.0,393.0,88.0,55.0,187.0,672.0,434.0,671.0,24.08,0.0,523.503,381.226
2037,city,North Ogden,North Ogden,,,,,,North Ogden,,,,,,,8819.0,23596.398,2.676,3681.0,1312.0,143.0,2226.0,5431.0599999999995,844.0,468.0,86.0,57.0,187.0,673.0,562.0,804.0,22.126,0.0,1333.709,394.229
2038,city,North Ogden,North Ogden,,,,,,North Ogden,,,,,,,8991.0,23826.238,2.65,3699.0,1318.0,144.0,2237.0,4907.057,844.0,474.0,87.0,57.0,187.0,675.0,564.0,811.0,21.131,0.0,783.694,403.23
2039,city,North Ogden,North Ogden,,,,,,North Ogden,,,,,,,9105.0,23993.987,2.635,3710.0,1321.0,144.0,2245.0,4753.249,844.0,477.0,87.0,57.0,188.0,675.0,566.0,816.0,21.104,0.0,612.146,410.0
2040,city,North Ogden,North Ogden,,,,,,North Ogden,,,,,,,9335.0,24448.576,2.619,3718.0,1321.0,146.0,2251.0,5104.759,844.0,477.0,89.0,57.0,188.0,677.0,568.0,818.0,21.078,0.0,943.221,422.464
2041,city,North Ogden,North Ogden,,,,,,North Ogden,,,,,,,9521.0,24793.857,2.604,3728.0,1321.0,147.0,2260.0,4802.894,844.0,477.0,90.0,57.0,190.0,677.0,569.0,824.0,21.147,0.0,619.215,434.531
2042,city,North Ogden,North Ogden,,,,,,North Ogden,,,,,,,9645.0,24959.688000000002,2.588,3737.0,1321.0,147.0,2269.0,4804.862,844.0,477.0,90.0,57.0,191.0,680.0,571.0,827.0,21.132,0.0,602.258,444.46999999999997
2043,city,North Ogden,North Ogden,,,,,,North Ogden,,,,,,,9747.0,25123.288,2.578,3743.0,1321.0,147.0,2275.0,4802.831,844.0,477.0,90.0,57.0,191.0,682.0,572.0,830.0,21.132,0.0,587.919,450.778
2044,city,North Ogden,North Ogden,,,,,,North Ogden,,,,,,,10059.0,25656.445,2.551,3761.0,1329.0,147.0,2285.0,5376.289,844.0,485.0,90.0,57.0,191.0,686.0,575.0,833.0,21.105,0.0,1127.47,466.717
2045,city,North Ogden,North Ogden,,,,,,North Ogden,,,,,,,10500.0,26511.912,2.525,3774.0,1335.0,148.0,2291.0,5665.075,844.0,491.0,91.0,57.0,191.0,690.0,575.0,835.0,20.073999999999998,0.0,1380.5140000000001,490.49
2046,city,North Ogden,North Ogden,,,,,,North Ogden,,,,,,,10706.0,26880.487,2.511,3784.0,1336.0,149.0,2299.0,4918.714,844.0,492.0,92.0,57.0,193.0,695.0,574.0,837.0,20.126,0.0,610.171,504.412
2047,city,North Ogden,North Ogden,,,,,,North Ogden,,,,,,,11003.0,27508.137,2.5,3791.0,1337.0,151.0,2303.0,5385.616,844.0,493.0,94.0,57.0,193.0,697.0,574.0,839.0,20.041,0.0,1054.821,519.751
2048,city,North Ogden,North Ogden,,,,,,North Ogden,,,,,,,11156.0,27752.268,2.488,3795.0,1337.0,152.0,2306.0,5031.147,844.0,493.0,95.0,57.0,193.0,698.0,575.0,840.0,20.117,0.0,686.6990000000001,529.332
2049,city,North Ogden,North Ogden,,,,,,North Ogden,,,,,,,11360.0,28103.838,2.474,3798.0,1338.0,152.0,2308.0,5180.512,844.0,494.0,95.0,57.0,193.0,699.0,576.0,840.0,20.043,0.0,819.389,543.085
2050,city,North Ogden,North Ogden,,,,,,North Ogden,,,,,,,11469.0,28249.38,2.463,3804.0,1338.0,153.0,2313.0,5081.175,844.0,494.0,96.0,57.0,194.0,700.0,577.0,842.0,19.057,0.0,705.119,553.0
2051,city,North Ogden,North Ogden,,,,,,North Ogden,,,,,,,11721.0,28635.82,2.443,3807.0,1338.0,153.0,2316.0,5262.139,844.0,494.0,96.0,57.0,194.0,701.0,578.0,843.0,20.086,0.0,867.3770000000001,567.675
2052,city,North Ogden,North Ogden,,,,,,North Ogden,,,,,,,11832.0,28803.366,2.434,3813.0,1338.0,153.0,2322.0,5128.656,844.0,494.0,96.0,57.0,194.0,706.0,578.0,844.0,20.101,0.0,723.383,572.167
2053,city,North Ogden,North Ogden,,,,,,North Ogden,,,,,,,12081.0,29206.803,2.418,3816.0,1338.0,153.0,2325.0,5400.191,844.0,494.0,96.0,57.0,194.0,707.0,578.0,846.0,19.081,0.0,974.7669999999999,590.34
2054,city,North Ogden,North Ogden,,,,,,North Ogden,,,,,,,12132.0,29198.524999999998,2.407,3819.0,1338.0,153.0,2328.0,5166.932,844.0,494.0,96.0,57.0,195.0,707.0,579.0,847.0,19.057,0.0,731.87,597.009
2055,city,North Ogden,North Ogden,,,,,,North Ogden,,,,,,,12178.0,29192.835,2.397,3823.0,1338.0,153.0,2332.0,5146.876,844.0,494.0,96.0,57.0,195.0,710.0,579.0,848.0,19.04,0.0,705.499,599.329
2056,city,North Ogden,North Ogden,,,,,,North Ogden,,,,,,,12227.0,29193.093,2.388,3827.0,1338.0,153.0,2336.0,5199.018,844.0,494.0,96.0,57.0,195.0,711.0,579.0,851.0,19.015,0.0,748.249,604.756
2057,city,North Ogden,North Ogden,,,,,,North Ogden,,,,,,,12215.0,29427.228,2.409,3821.0,1338.0,153.0,2330.0,5367.384,844.0,494.0,96.0,57.0,195.0,712.0,579.0,844.0,19.114,0.0,908.601,618.667
2058,city,North Ogden,North Ogden,,,,,,North Ogden,,,,,,,12210.0,29669.584,2.43,3823.0,1338.0,153.0,2332.0,5355.033,844.0,494.0,96.0,57.0,195.0,713.0,580.0,844.0,19.131999999999998,0.0,888.149,624.753
2059,city,North Ogden,North Ogden,,,,,,North Ogden,,,,,,,12202.0,29902.396,2.451,3828.0,1338.0,153.0,2337.0,5291.177,844.0,494.0,96.0,57.0,195.0,714.0,580.0,848.0,19.131999999999998,0.0,807.3,636.745
2060,city,North Ogden,North Ogden,,,,,,North Ogden,,,,,,,12196.0,30138.755,2.471,3830.0,1338.0,153.0,2339.0,5223.356000000001,844.0,494.0,96.0,57.0,195.0,715.0,581.0,848.0,18.14,0.0,733.629,641.5889999999999
2061,city,North Ogden,North Ogden,,,,,,North Ogden,,,,,,,12190.0,30389.729,2.493,3834.0,1338.0,154.0,2342.0,5334.094,844.0,494.0,97.0,57.0,195.0,715.0,583.0,849.0,18.084999999999997,0.0,831.092,650.913
2062,city,North Ogden,North Ogden,,,,,,North Ogden,,,,,,,12181.0,30628.466,2.514,3835.0,1338.0,154.0,2343.0,5268.181,844.0,494.0,97.0,57.0,195.0,715.0,583.0,850.0,17.874,0.0,756.058,659.244
2063,city,North Ogden,North Ogden,,,,,,North Ogden,,,,,,,12168.0,30846.033,2.535,3839.0,1338.0,155.0,2346.0,5528.8,844.0,494.0,98.0,57.0,195.0,718.0,583.0,850.0,18.0,0.0,1000.554,671.248
2064,city,North Ogden,North Ogden,,,,,,North Ogden,,,,,,,12162.0,31088.58,2.556,3842.0,1338.0,155.0,2349.0,5308.556,844.0,494.0,98.0,57.0,195.0,720.0,583.0,851.0,18.055,0.0,770.086,678.4110000000001
2065,city,North Ogden,North Ogden,,,,,,North Ogden,,,,,,,12150.0,31317.576,2.578,3844.0,1337.0,155.0,2352.0,5610.112,844.0,493.0,98.0,57.0,195.0,720.0,583.0,854.0,18.113,0.0,1059.246,688.751
2023,city,North Salt Lake,North Salt Lake,,,,,,North Salt Lake,,,,,,,8156.0,23503.043,2.882,16267.0,2058.0,6882.0,7327.0,17852.843,1559.0,499.0,3102.0,3780.0,1045.0,1300.0,310.0,4672.0,0.0,192.55200000000002,1034.755,358.535
2024,city,North Salt Lake,North Salt Lake,,,,,,North Salt Lake,,,,,,,8256.0,23602.004999999997,2.859,16293.0,2048.0,6841.0,7404.0,17068.006,1549.0,499.0,3139.0,3702.0,1031.0,1415.0,334.0,4624.0,0.0,231.744,188.061,355.2
2025,city,North Salt Lake,North Salt Lake,,,,,,North Salt Lake,,,,,,,8400.0,23863.795,2.841,16344.0,2040.0,6815.0,7489.0,17883.453,1544.0,496.0,3101.0,3714.0,1027.0,1451.0,363.0,4648.0,0.0,229.47199999999998,921.246,388.736
2026,city,North Salt Lake,North Salt Lake,,,,,,North Salt Lake,,,,,,,8464.0,23806.991,2.813,16299.0,2020.0,6761.0,7518.0,17850.498,1524.0,496.0,3042.0,3719.0,1008.0,1446.0,398.0,4666.0,0.0,235.152,922.477,393.868
2027,city,North Salt Lake,North Salt Lake,,,,,,North Salt Lake,,,,,,,8489.0,23626.707,2.783,16305.0,2024.0,6736.0,7545.0,17806.415,1532.0,492.0,3008.0,3728.0,993.0,1435.0,430.0,4687.0,0.0,237.99200000000002,868.68,394.743
2028,city,North Salt Lake,North Salt Lake,,,,,,North Salt Lake,,,,,,,8669.0,23895.67,2.756,16274.0,2013.0,6712.0,7549.0,17977.718,1526.0,487.0,2989.0,3723.0,965.0,1420.0,448.0,4716.0,0.0,227.2,1074.259,402.257
2029,city,North Salt Lake,North Salt Lake,,,,,,North Salt Lake,,,,,,,8791.0,23999.584,2.73,16219.0,2011.0,6674.0,7534.0,17849.463,1529.0,482.0,2952.0,3722.0,941.0,1404.0,465.0,4724.0,0.0,213.0,1006.594,410.872
2030,city,North Salt Lake,North Salt Lake,,,,,,North Salt Lake,,,,,,,8904.0,24061.689,2.702,16242.0,2029.0,6662.0,7551.0,17864.961,1555.0,474.0,2951.0,3711.0,926.0,1396.0,477.0,4752.0,0.0,208.45600000000002,998.441,416.062
2031,city,North Salt Lake,North Salt Lake,,,,,,North Salt Lake,,,,,,,9158.0,24602.589,2.686,16276.0,2056.0,6659.0,7561.0,17988.704,1588.0,468.0,2956.0,3703.0,926.0,1381.0,495.0,4759.0,0.0,209.59199999999998,1075.722,427.389
2032,city,North Salt Lake,North Salt Lake,,,,,,North Salt Lake,,,,,,,9246.0,24632.244,2.664,16303.0,2064.0,6654.0,7585.0,17845.239999999998,1600.0,464.0,2959.0,3695.0,925.0,1366.0,513.0,4781.0,0.0,218.112,894.063,430.064
2033,city,North Salt Lake,North Salt Lake,,,,,,North Salt Lake,,,,,,,9273.0,24482.459,2.64,16326.0,2078.0,6640.0,7608.0,17860.579,1614.0,464.0,2955.0,3685.0,919.0,1354.0,528.0,4807.0,0.0,228.904,873.4200000000001,432.252
2034,city,North Salt Lake,North Salt Lake,,,,,,North Salt Lake,,,,,,,9300.0,24343.531,2.618,16421.0,2124.0,6621.0,7676.0,18001.427,1647.0,477.0,2947.0,3674.0,917.0,1349.0,545.0,4865.0,0.0,237.42399999999998,908.189,434.81399999999996
2035,city,North Salt Lake,North Salt Lake,,,,,,North Salt Lake,,,,,,,9342.0,24262.529000000002,2.597,16192.0,2097.0,6560.0,7535.0,17803.636,1643.0,454.0,2961.0,3599.0,904.0,1338.0,549.0,4744.0,0.0,240.264,938.942,432.431
2036,city,North Salt Lake,North Salt Lake,,,,,,North Salt Lake,,,,,,,9369.0,24147.822,2.577,16192.0,2116.0,6561.0,7515.0,17740.399999999998,1662.0,454.0,3008.0,3553.0,888.0,1325.0,559.0,4743.0,0.0,237.42399999999998,879.6759999999999,431.301
2037,city,North Salt Lake,North Salt Lake,,,,,,North Salt Lake,,,,,,,9302.0,23658.295000000002,2.543,16163.0,2156.0,6561.0,7446.0,17683.674,1708.0,448.0,3072.0,3489.0,894.0,1333.0,578.0,4641.0,0.0,235.152,856.402,429.118
2038,city,North Salt Lake,North Salt Lake,,,,,,North Salt Lake,,,,,,,9343.0,23616.685999999998,2.528,16346.0,2215.0,6601.0,7530.0,17913.878,1761.0,454.0,3116.0,3485.0,903.0,1340.0,599.0,4688.0,0.0,234.584,901.1220000000001,432.17199999999997
2039,city,North Salt Lake,North Salt Lake,,,,,,North Salt Lake,,,,,,,9370.0,23540.52,2.512,16468.0,2248.0,6626.0,7594.0,17999.359,1788.0,460.0,3150.0,3476.0,919.0,1355.0,610.0,4710.0,0.0,233.448,862.798,435.11400000000003
2040,city,North Salt Lake,North Salt Lake,,,,,,North Salt Lake,,,,,,,9434.0,23584.692,2.5,16615.0,2285.0,6651.0,7679.0,18258.996,1822.0,463.0,3185.0,3466.0,923.0,1383.0,625.0,4748.0,0.0,232.88,973.23,437.889
2041,city,North Salt Lake,North Salt Lake,,,,,,North Salt Lake,,,,,,,9472.0,23557.949,2.487,16723.0,2318.0,6680.0,7725.0,18212.013,1855.0,463.0,3216.0,3464.0,928.0,1381.0,637.0,4779.0,0.0,232.88,815.133,441.0
2042,city,North Salt Lake,North Salt Lake,,,,,,North Salt Lake,,,,,,,9500.0,23529.786,2.477,16835.0,2346.0,6705.0,7784.0,18348.638,1882.0,464.0,3240.0,3465.0,940.0,1393.0,651.0,4800.0,0.0,234.584,834.054,445.0
2043,city,North Salt Lake,North Salt Lake,,,,,,North Salt Lake,,,,,,,9546.0,23552.542,2.467,16919.0,2366.0,6726.0,7827.0,18529.98,1901.0,465.0,3261.0,3465.0,946.0,1408.0,657.0,4816.0,0.0,236.288,922.527,452.166
2044,city,North Salt Lake,North Salt Lake,,,,,,North Salt Lake,,,,,,,9626.0,23676.83,2.46,17007.0,2394.0,6741.0,7872.0,18622.918,1929.0,465.0,3275.0,3466.0,947.0,1424.0,660.0,4841.0,0.0,234.584,925.064,456.271
2045,city,North Salt Lake,North Salt Lake,,,,,,North Salt Lake,,,,,,,9757.0,23963.58,2.456,17055.0,2416.0,6736.0,7903.0,18774.74,1948.0,468.0,3281.0,3455.0,951.0,1431.0,665.0,4856.0,0.0,233.448,1023.2919999999999,463.0
2046,city,North Salt Lake,North Salt Lake,,,,,,North Salt Lake,,,,,,,9900.0,24295.484,2.454,16759.0,2350.0,6682.0,7727.0,18548.258,1891.0,459.0,3265.0,3417.0,887.0,1428.0,632.0,4780.0,0.0,233.448,1083.702,472.11
2047,city,North Salt Lake,North Salt Lake,,,,,,North Salt Lake,,,,,,,9960.0,24377.71,2.448,16757.0,2340.0,6690.0,7727.0,18406.484,1884.0,456.0,3275.0,3415.0,887.0,1434.0,632.0,4774.0,0.0,233.448,936.714,479.32
2048,city,North Salt Lake,North Salt Lake,,,,,,North Salt Lake,,,,,,,9980.0,24350.471,2.44,16802.0,2350.0,6704.0,7748.0,18607.822,1894.0,456.0,3288.0,3416.0,891.0,1441.0,634.0,4782.0,0.0,235.72,1088.47,481.632
2049,city,North Salt Lake,North Salt Lake,,,,,,North Salt Lake,,,,,,,9988.0,24292.505,2.432,16843.0,2362.0,6716.0,7765.0,18721.588,1905.0,457.0,3303.0,3413.0,894.0,1449.0,636.0,4786.0,0.0,236.856,1158.939,482.794
2050,city,North Salt Lake,North Salt Lake,,,,,,North Salt Lake,,,,,,,9988.0,24217.7,2.425,16940.0,2394.0,6741.0,7805.0,18276.852,1934.0,460.0,3324.0,3417.0,898.0,1459.0,644.0,4804.0,0.0,238.56,611.088,487.20500000000004
2051,city,North Salt Lake,North Salt Lake,,,,,,North Salt Lake,,,,,,,9989.0,24140.636,2.417,16949.0,2396.0,6741.0,7812.0,18680.854,1936.0,460.0,3335.0,3406.0,898.0,1460.0,648.0,4806.0,0.0,239.128,1004.672,488.05100000000004
2052,city,North Salt Lake,North Salt Lake,,,,,,North Salt Lake,,,,,,,9989.0,24057.959000000003,2.408,16972.0,2421.0,6742.0,7809.0,18852.422,1940.0,481.0,3344.0,3398.0,896.0,1462.0,648.0,4803.0,0.0,240.832,1151.442,488.14799999999997
2053,city,North Salt Lake,North Salt Lake,,,,,,North Salt Lake,,,,,,,9989.0,23972.464,2.4,17009.0,2441.0,6748.0,7820.0,18912.515,1943.0,498.0,3354.0,3394.0,898.0,1468.0,650.0,4804.0,0.0,241.968,1173.158,488.392
2054,city,North Salt Lake,North Salt Lake,,,,,,North Salt Lake,,,,,,,9989.0,23883.542,2.391,17026.0,2452.0,6745.0,7829.0,18934.352,1946.0,506.0,3361.0,3384.0,900.0,1469.0,651.0,4809.0,0.0,243.10400000000004,1174.008,491.238
2055,city,North Salt Lake,North Salt Lake,,,,,,North Salt Lake,,,,,,,9989.0,23816.058,2.384,17042.0,2462.0,6749.0,7831.0,18922.101,1950.0,512.0,3368.0,3381.0,900.0,1470.0,651.0,4810.0,0.0,243.10400000000004,1141.856,495.143
2056,city,North Salt Lake,North Salt Lake,,,,,,North Salt Lake,,,,,,,9989.0,23986.479,2.401,17061.0,2470.0,6755.0,7836.0,19015.165,1951.0,519.0,3374.0,3381.0,900.0,1472.0,653.0,4811.0,0.0,240.264,1211.997,501.906
2057,city,North Salt Lake,North Salt Lake,,,,,,North Salt Lake,,,,,,,10021.0,24187.078999999998,2.414,16672.0,2314.0,6730.0,7628.0,18603.047,1815.0,499.0,3364.0,3366.0,876.0,1452.0,636.0,4664.0,0.0,235.152,1189.801,506.094
2058,city,North Salt Lake,North Salt Lake,,,,,,North Salt Lake,,,,,,,10054.0,24433.759000000002,2.43,16493.0,2229.0,6724.0,7540.0,18478.389,1734.0,495.0,3369.0,3355.0,867.0,1441.0,632.0,4600.0,0.0,230.03999999999996,1241.065,514.285
2059,city,North Salt Lake,North Salt Lake,,,,,,North Salt Lake,,,,,,,10054.0,24615.602,2.448,16496.0,2228.0,6722.0,7546.0,18462.161,1735.0,493.0,3374.0,3348.0,868.0,1445.0,633.0,4600.0,0.0,226.064,1221.908,518.189
2060,city,North Salt Lake,North Salt Lake,,,,,,North Salt Lake,,,,,,,10054.0,24804.024,2.467,16510.0,2229.0,6726.0,7555.0,18463.155,1736.0,493.0,3383.0,3343.0,869.0,1451.0,633.0,4602.0,0.0,223.224,1203.79,526.14
2061,city,North Salt Lake,North Salt Lake,,,,,,North Salt Lake,,,,,,,10054.0,25002.158,2.487,16503.0,2228.0,6720.0,7555.0,18511.56,1737.0,491.0,3387.0,3333.0,869.0,1450.0,634.0,4602.0,0.0,222.08800000000002,1255.661,530.812
2062,city,North Salt Lake,North Salt Lake,,,,,,North Salt Lake,,,,,,,10054.0,25176.513,2.504,16507.0,2229.0,6722.0,7556.0,18468.544,1739.0,490.0,3395.0,3327.0,869.0,1451.0,634.0,4602.0,0.0,220.952,1204.781,535.812
2063,city,North Salt Lake,North Salt Lake,,,,,,North Salt Lake,,,,,,,10054.0,25310.852,2.517,16511.0,2232.0,6720.0,7559.0,18400.838,1742.0,490.0,3402.0,3318.0,869.0,1452.0,634.0,4604.0,0.0,220.38400000000001,1129.3609999999999,540.092
2064,city,North Salt Lake,North Salt Lake,,,,,,North Salt Lake,,,,,,,10054.0,25494.408,2.536,16523.0,2233.0,6727.0,7563.0,18519.589,1744.0,489.0,3412.0,3315.0,869.0,1453.0,634.0,4607.0,0.0,219.248,1232.831,544.514
2065,city,North Salt Lake,North Salt Lake,,,,,,North Salt Lake,,,,,,,10054.0,25687.286,2.555,16522.0,2231.0,6726.0,7565.0,18515.281,1744.0,487.0,3418.0,3308.0,869.0,1453.0,635.0,4608.0,0.0,219.248,1222.22,551.814
2023,city,Ogden,Ogden,,,,,,Ogden,,,,,,,33068.0,80871.666,2.446,79875.0,10787.0,18063.0,51025.0,85736.357,6695.0,4092.0,12105.0,5958.0,6886.0,16563.0,8534.0,19042.0,18.057,0.0,4546.783,1296.5049999999999
2024,city,Ogden,Ogden,,,,,,Ogden,,,,,,,33359.0,81064.326,2.43,79913.0,10673.0,18668.0,50572.0,84461.752,6529.0,4144.0,12742.0,5926.0,6146.0,16615.0,8577.0,19234.0,18.024,0.0,3239.7309999999998,1291.0
2025,city,Ogden,Ogden,,,,,,Ogden,,,,,,,33673.0,81212.395,2.412,80453.0,10647.0,18682.0,51124.0,86617.932,6529.0,4118.0,12766.0,5916.0,6143.0,16704.0,8897.0,19380.0,18.036,0.0,4731.855,1415.043
2026,city,Ogden,Ogden,,,,,,Ogden,,,,,,,33896.0,81128.241,2.393,80949.0,10636.0,18707.0,51606.0,86880.135,6486.0,4150.0,12791.0,5916.0,6074.0,16782.0,9149.0,19601.0,18.047,0.0,4481.05,1432.038
2027,city,Ogden,Ogden,,,,,,Ogden,,,,,,,34276.0,81449.282,2.376,81342.0,10652.0,18744.0,51946.0,87899.215,6504.0,4148.0,12835.0,5909.0,6004.0,16828.0,9358.0,19756.0,18.096,0.0,5080.397,1458.725
2028,city,Ogden,Ogden,,,,,,Ogden,,,,,,,34861.0,82149.925,2.356,81815.0,10632.0,18790.0,52393.0,88769.586,6497.0,4135.0,12881.0,5909.0,5995.0,16891.0,9510.0,19997.0,18.06,0.0,5446.11,1490.423
2029,city,Ogden,Ogden,,,,,,Ogden,,,,,,,35364.0,82697.928,2.338,82389.0,10635.0,18902.0,52852.0,88927.271,6523.0,4112.0,12993.0,5909.0,6014.0,16958.0,9646.0,20234.0,18.048000000000002,0.0,4995.53,1524.691
2030,city,Ogden,Ogden,,,,,,Ogden,,,,,,,36132.0,84025.563,2.326,83044.0,10682.0,19050.0,53312.0,90263.007,6605.0,4077.0,13148.0,5902.0,6038.0,17046.0,9804.0,20424.0,17.023,0.0,5631.852,1570.134
2031,city,Ogden,Ogden,,,,,,Ogden,,,,,,,36792.0,84996.368,2.31,83532.0,10754.0,19177.0,53601.0,90194.828,6727.0,4027.0,13275.0,5902.0,6063.0,16999.0,9975.0,20564.0,17.023,0.0,5042.407,1603.397
2032,city,Ogden,Ogden,,,,,,Ogden,,,,,,,37417.0,85755.889,2.292,84012.0,10800.0,19290.0,53922.0,91039.178,6827.0,3973.0,13391.0,5899.0,6080.0,17024.0,10109.0,20709.0,17.0,0.0,5372.439,1637.745
2033,city,Ogden,Ogden,,,,,,Ogden,,,,,,,37770.0,86029.886,2.278,84581.0,10866.0,19394.0,54321.0,90593.459,6901.0,3965.0,13499.0,5895.0,6126.0,17066.0,10241.0,20888.0,17.034,0.0,4334.032,1661.396
2034,city,Ogden,Ogden,,,,,,Ogden,,,,,,,38066.0,86335.453,2.268,85387.0,10965.0,19487.0,54935.0,91855.354,6904.0,4061.0,13593.0,5894.0,6198.0,17156.0,10409.0,21172.0,17.058,0.0,4753.837,1697.458
2035,city,Ogden,Ogden,,,,,,Ogden,,,,,,,38441.0,86823.754,2.259,84883.0,10760.0,19454.0,54669.0,90974.763,6869.0,3891.0,13657.0,5797.0,6229.0,17167.0,10455.0,20818.0,17.034,0.0,4372.702,1702.036
2036,city,Ogden,Ogden,,,,,,Ogden,,,,,,,38789.0,87287.757,2.25,85285.0,10792.0,19530.0,54963.0,92119.872,6883.0,3909.0,13776.0,5754.0,6276.0,17229.0,10548.0,20910.0,18.061,0.0,5092.78,1724.031
2037,city,Ogden,Ogden,,,,,,Ogden,,,,,,,39051.0,87392.748,2.238,85448.0,10741.0,19529.0,55178.0,91496.327,6796.0,3945.0,13800.0,5729.0,6349.0,17290.0,10607.0,20932.0,18.101,0.0,4288.21,1742.021
2038,city,Ogden,Ogden,,,,,,Ogden,,,,,,,39292.0,87682.694,2.232,85970.0,10763.0,19633.0,55574.0,92635.655,6805.0,3958.0,13904.0,5729.0,6390.0,17394.0,10712.0,21078.0,17.107,0.0,4888.544,1760.007
2039,city,Ogden,Ogden,,,,,,Ogden,,,,,,,39427.0,87656.943,2.223,86512.0,10776.0,19729.0,56007.0,92963.789,6806.0,3970.0,14000.0,5729.0,6437.0,17523.0,10833.0,21214.0,17.084,0.0,4653.707,1781.0
2040,city,Ogden,Ogden,,,,,,Ogden,,,,,,,39660.0,87935.145,2.217,87062.0,10788.0,19822.0,56452.0,94176.285,6808.0,3980.0,14093.0,5729.0,6478.0,17708.0,10947.0,21319.0,17.062,0.0,5296.247,1800.987
2041,city,Ogden,Ogden,,,,,,Ogden,,,,,,,39855.0,88106.447,2.211,87477.0,10789.0,19900.0,56788.0,93404.321,6808.0,3981.0,14171.0,5729.0,6517.0,17761.0,11065.0,21445.0,17.119,0.0,4091.157,1819.037
2042,city,Ogden,Ogden,,,,,,Ogden,,,,,,,40307.0,88902.115,2.206,87957.0,10794.0,19987.0,57176.0,95417.311,6808.0,3986.0,14258.0,5729.0,6567.0,17872.0,11181.0,21556.0,17.108,0.0,5596.254,1846.949
2043,city,Ogden,Ogden,,,,,,Ogden,,,,,,,40694.0,89608.635,2.202,88390.0,10795.0,20059.0,57536.0,95111.533,6808.0,3987.0,14330.0,5729.0,6606.0,18003.0,11272.0,21655.0,17.108,0.0,4829.179,1875.246
2044,city,Ogden,Ogden,,,,,,Ogden,,,,,,,40978.0,90070.68,2.198,88847.0,10808.0,20125.0,57914.0,95590.784,6816.0,3992.0,14396.0,5729.0,6656.0,18136.0,11370.0,21752.0,17.085,0.0,4829.795,1896.906
2045,city,Ogden,Ogden,,,,,,Ogden,,,,,,,41127.0,90171.014,2.193,89370.0,10810.0,20215.0,58345.0,95863.832,6817.0,3993.0,14486.0,5729.0,6700.0,18286.0,11492.0,21867.0,17.062,0.0,4557.855,1918.917
2046,city,Ogden,Ogden,,,,,,Ogden,,,,,,,41404.0,90721.675,2.191,89839.0,10813.0,20309.0,58717.0,96998.728,6819.0,3994.0,14580.0,5729.0,6747.0,18430.0,11596.0,21944.0,17.108,0.0,5198.031,1944.588
2047,city,Ogden,Ogden,,,,,,Ogden,,,,,,,41547.0,90725.448,2.184,90341.0,10815.0,20402.0,59124.0,96826.277,6821.0,3994.0,14673.0,5729.0,6807.0,18577.0,11704.0,22036.0,17.035,0.0,4503.4039999999995,1964.835
2048,city,Ogden,Ogden,,,,,,Ogden,,,,,,,41716.0,90871.748,2.178,90870.0,10874.0,20508.0,59488.0,97763.013,6841.0,4033.0,14779.0,5729.0,6880.0,18724.0,11788.0,22096.0,17.099,0.0,4889.666,1986.247
2049,city,Ogden,Ogden,,,,,,Ogden,,,,,,,41812.0,90843.683,2.173,91347.0,10898.0,20603.0,59846.0,98036.796,6841.0,4057.0,14874.0,5729.0,6943.0,18866.0,11882.0,22155.0,17.036,0.0,4672.445,2000.307
2050,city,Ogden,Ogden,,,,,,Ogden,,,,,,,41969.0,90939.336,2.167,91877.0,10922.0,20686.0,60269.0,99220.966,6841.0,4081.0,14957.0,5729.0,6991.0,19084.0,11969.0,22225.0,17.049999999999997,0.0,5307.916,2019.0
2051,city,Ogden,Ogden,,,,,,Ogden,,,,,,,42028.0,90793.354,2.16,92524.0,11109.0,20810.0,60605.0,100584.066,7005.0,4104.0,15090.0,5720.0,7084.0,19126.0,12092.0,22303.0,17.073999999999998,0.0,6008.573,2034.415
2052,city,Ogden,Ogden,,,,,,Ogden,,,,,,,42067.0,90610.118,2.154,93349.0,11342.0,20952.0,61055.0,100725.127,7199.0,4143.0,15232.0,5720.0,7179.0,19225.0,12231.0,22420.0,17.086,0.0,5313.858,2045.174
2053,city,Ogden,Ogden,,,,,,Ogden,,,,,,,42169.0,90602.502,2.149,94030.0,11527.0,21054.0,61449.0,101447.684,7355.0,4172.0,15334.0,5720.0,7239.0,19331.0,12367.0,22512.0,17.073999999999998,0.0,5339.431,2061.176
2054,city,Ogden,Ogden,,,,,,Ogden,,,,,,,42285.0,90570.194,2.142,94682.0,11704.0,21156.0,61822.0,102356.885,7509.0,4195.0,15436.0,5720.0,7297.0,19428.0,12486.0,22611.0,17.051,0.0,5577.32,2080.511
2055,city,Ogden,Ogden,,,,,,Ogden,,,,,,,42330.0,90374.322,2.135,95281.0,11879.0,21236.0,62166.0,102777.59700000001,7660.0,4219.0,15516.0,5720.0,7348.0,19524.0,12595.0,22699.0,17.037,0.0,5388.397,2091.162
2056,city,Ogden,Ogden,,,,,,Ogden,,,,,,,42512.0,90540.639,2.13,95807.0,12003.0,21293.0,62511.0,103964.628,7773.0,4230.0,15573.0,5720.0,7384.0,19606.0,12723.0,22798.0,17.012,0.0,6033.476,2107.139
2057,city,Ogden,Ogden,,,,,,Ogden,,,,,,,42511.0,91282.359,2.147,96337.0,12095.0,21371.0,62871.0,104152.292,7867.0,4228.0,15651.0,5720.0,7440.0,19688.0,12852.0,22891.0,18.108,0.0,5651.331,2145.845
2058,city,Ogden,Ogden,,,,,,Ogden,,,,,,,42508.0,91996.599,2.164,96819.0,12181.0,21437.0,63201.0,104889.787,7954.0,4227.0,15717.0,5720.0,7481.0,19779.0,12974.0,22967.0,18.125,0.0,5879.522,2173.14
2059,city,Ogden,Ogden,,,,,,Ogden,,,,,,,42508.0,92716.367,2.181,97314.0,12285.0,21510.0,63519.0,105185.907,8059.0,4226.0,15790.0,5720.0,7528.0,19852.0,13103.0,23036.0,18.125,0.0,5646.199,2207.584
2060,city,Ogden,Ogden,,,,,,Ogden,,,,,,,42508.0,93430.485,2.198,97782.0,12357.0,21574.0,63851.0,106316.87599999999,8131.0,4226.0,15854.0,5720.0,7577.0,19967.0,13210.0,23097.0,18.139,0.0,6275.177,2241.566
2061,city,Ogden,Ogden,,,,,,Ogden,,,,,,,42505.0,94172.434,2.216,98125.0,12426.0,21644.0,64055.0,106084.853,8203.0,4223.0,15924.0,5720.0,7613.0,19971.0,13307.0,23164.0,18.084,0.0,5673.048,2268.711
2062,city,Ogden,Ogden,,,,,,Ogden,,,,,,,42502.0,94895.481,2.233,98531.0,12500.0,21706.0,64325.0,107005.81,8282.0,4218.0,15986.0,5720.0,7655.0,20030.0,13410.0,23230.0,20.854,0.0,6143.106,2310.859
2063,city,Ogden,Ogden,,,,,,Ogden,,,,,,,42502.0,95626.88,2.25,98842.0,12510.0,21769.0,64563.0,106905.717,8293.0,4217.0,16049.0,5720.0,7694.0,20082.0,13497.0,23290.0,21.0,0.0,5706.8550000000005,2335.857
2064,city,Ogden,Ogden,,,,,,Ogden,,,,,,,42500.0,96349.806,2.267,99175.0,12536.0,21844.0,64795.0,107696.774,8322.0,4214.0,16124.0,5720.0,7732.0,20134.0,13582.0,23347.0,21.064,0.0,6132.272,2368.441
2065,city,Ogden,Ogden,,,,,,Ogden,,,,,,,42498.0,97077.89,2.284,99518.0,12558.0,21916.0,65044.0,107834.84,8344.0,4214.0,16196.0,5720.0,7766.0,20191.0,13679.0,23408.0,20.127,0.0,5894.571,2402.14
2023,city,Orem,Orem,,,,,,Orem,,,,,,,31225.0,91589.643,2.933,71487.0,15444.0,6334.0,49709.0,77841.088,10345.0,5099.0,4165.0,2169.0,6891.0,12320.0,7537.0,22961.0,12.096,68.174,4265.268,2008.5529999999999
2024,city,Orem,Orem,,,,,,Orem,,,,,,,31282.0,90999.392,2.909,72488.0,15442.0,6454.0,50592.0,76572.512,10237.0,5205.0,4218.0,2236.0,6782.0,12606.0,8156.0,23048.0,12.096,74.589,2061.841,1935.982
2025,city,Orem,Orem,,,,,,Orem,,,,,,,31368.0,90420.684,2.883,74055.0,15646.0,6528.0,51881.0,82088.55,10360.0,5286.0,4292.0,2236.0,6860.0,12841.0,8643.0,23537.0,12.093,74.357,5863.54,2083.56
2026,city,Orem,Orem,,,,,,Orem,,,,,,,31429.0,89730.517,2.855,75201.0,15782.0,6594.0,52825.0,83110.473,10413.0,5369.0,4327.0,2267.0,6860.0,13009.0,9034.0,23922.0,13.101,76.985,5743.502,2075.889
2027,city,Orem,Orem,,,,,,Orem,,,,,,,31569.0,89284.376,2.828,76179.0,15920.0,6652.0,53607.0,82572.97,10503.0,5417.0,4373.0,2279.0,6842.0,13171.0,9354.0,24240.0,13.106,78.763,4235.527,2066.5679999999998
2028,city,Orem,Orem,,,,,,Orem,,,,,,,31684.0,88764.851,2.802,77088.0,16027.0,6687.0,54374.0,83429.641,10582.0,5445.0,4408.0,2279.0,6842.0,13296.0,9636.0,24600.0,13.093,75.594,4198.991,2053.957
2029,city,Orem,Orem,,,,,,Orem,,,,,,,31775.0,88181.113,2.775,77905.0,16126.0,6728.0,55051.0,84074.051,10660.0,5466.0,4449.0,2279.0,6842.0,13399.0,9870.0,24940.0,14.116,71.42099999999999,4036.993,2046.514
2030,city,Orem,Orem,,,,,,Orem,,,,,,,31871.0,87666.389,2.751,78556.0,16225.0,6760.0,55571.0,84833.55,10751.0,5474.0,4481.0,2279.0,6842.0,13467.0,10077.0,25185.0,13.142,70.261,4149.368,2044.776
2031,city,Orem,Orem,,,,,,Orem,,,,,,,32143.0,87683.409,2.728,79088.0,16285.0,6803.0,56000.0,85910.109,10834.0,5451.0,4524.0,2279.0,6842.0,13488.0,10264.0,25406.0,13.13,70.80099999999999,4686.553,2051.628
2032,city,Orem,Orem,,,,,,Orem,,,,,,,32530.0,88078.674,2.708,79575.0,16354.0,6838.0,56383.0,86701.049,10898.0,5456.0,4559.0,2279.0,6842.0,13501.0,10405.0,25635.0,13.134,74.357,4961.877,2076.6839999999997
2033,city,Orem,Orem,,,,,,Orem,,,,,,,32971.0,88652.544,2.689,80023.0,16427.0,6862.0,56734.0,87387.899,10956.0,5471.0,4583.0,2279.0,6842.0,13517.0,10554.0,25821.0,13.08,77.991,5169.242,2104.592
2034,city,Orem,Orem,,,,,,Orem,,,,,,,33486.0,89518.339,2.673,80681.0,16556.0,6890.0,57235.0,88431.419,10997.0,5559.0,4611.0,2279.0,6841.0,13545.0,10726.0,26123.0,11.12,81.16,5499.4619999999995,2158.677
2035,city,Orem,Orem,,,,,,Orem,,,,,,,33914.0,90127.977,2.658,80336.0,16377.0,6898.0,57061.0,87289.329,10998.0,5379.0,4635.0,2263.0,6841.0,13502.0,10814.0,25904.0,11.109,82.31899999999999,4697.936,2161.974
2036,city,Orem,Orem,,,,,,Orem,,,,,,,34219.0,90481.538,2.644,80687.0,16440.0,6920.0,57327.0,88095.934,11040.0,5400.0,4665.0,2255.0,6841.0,13509.0,10918.0,26059.0,11.097,81.77699999999999,5133.12,2182.944
2037,city,Orem,Orem,,,,,,Orem,,,,,,,34500.0,90866.5,2.634,80977.0,16535.0,6994.0,57448.0,87879.598,11087.0,5448.0,4749.0,2245.0,6734.0,13505.0,11050.0,26159.0,12.087,81.082,4606.116,2203.316
2038,city,Orem,Orem,,,,,,Orem,,,,,,,34740.0,91097.533,2.622,81302.0,16572.0,7027.0,57703.0,88289.535,11114.0,5458.0,4782.0,2245.0,6733.0,13535.0,11145.0,26290.0,12.131,80.928,4669.486,2224.992
2039,city,Orem,Orem,,,,,,Orem,,,,,,,34929.0,91219.265,2.612,81596.0,16610.0,7065.0,57921.0,88304.076,11146.0,5464.0,4820.0,2245.0,6733.0,13583.0,11204.0,26401.0,12.117999999999999,80.928,4373.451,2241.587
2040,city,Orem,Orem,,,,,,Orem,,,,,,,35093.0,91286.933,2.601,81842.0,16635.0,7092.0,58115.0,88818.489,11169.0,5466.0,4847.0,2245.0,6733.0,13617.0,11287.0,26478.0,11.097,80.928,4627.849,2256.618
2041,city,Orem,Orem,,,,,,Orem,,,,,,,35232.0,91291.197,2.591,82118.0,16674.0,7129.0,58315.0,88527.709,11202.0,5472.0,4884.0,2245.0,6733.0,13657.0,11343.0,26582.0,11.099,81.314,4052.88,2264.411
2042,city,Orem,Orem,,,,,,Orem,,,,,,,35380.0,91339.649,2.582,82301.0,16702.0,7145.0,58454.0,88555.738,11223.0,5479.0,4900.0,2245.0,6733.0,13699.0,11384.0,26638.0,11.107,82.087,3883.326,2278.225
2043,city,Orem,Orem,,,,,,Orem,,,,,,,35493.0,91322.839,2.573,82412.0,16688.0,7165.0,58559.0,88821.084,11224.0,5464.0,4920.0,2245.0,6733.0,13716.0,11423.0,26687.0,12.097000000000001,82.783,4026.116,2288.088
2044,city,Orem,Orem,,,,,,Orem,,,,,,,35601.0,91339.139,2.566,82613.0,16720.0,7181.0,58712.0,88967.265,11249.0,5471.0,4936.0,2245.0,6733.0,13756.0,11465.0,26758.0,14.111,82.705,3959.762,2297.6859999999997
2045,city,Orem,Orem,,,,,,Orem,,,,,,,35734.0,91385.582,2.557,82465.0,16754.0,7186.0,58525.0,88879.027,11277.0,5477.0,4953.0,2233.0,6720.0,13799.0,11196.0,26810.0,14.091999999999999,82.473,4011.588,2305.875
2046,city,Orem,Orem,,,,,,Orem,,,,,,,35854.0,91418.97,2.55,82560.0,16738.0,7204.0,58618.0,88791.409,11284.0,5454.0,4971.0,2233.0,6713.0,13836.0,11239.0,26830.0,14.107,82.473,3817.915,2316.917
2047,city,Orem,Orem,,,,,,Orem,,,,,,,35972.0,91436.513,2.542,82644.0,16755.0,7214.0,58675.0,88774.973,11298.0,5457.0,4981.0,2233.0,6703.0,13864.0,11268.0,26840.0,14.091999999999999,82.937,3707.71,2326.237
2048,city,Orem,Orem,,,,,,Orem,,,,,,,36080.0,91439.756,2.534,82728.0,16765.0,7228.0,58735.0,89031.994,11310.0,5455.0,4995.0,2233.0,6694.0,13881.0,11296.0,26864.0,14.068999999999999,83.787,3871.2200000000003,2334.92
2049,city,Orem,Orem,,,,,,Orem,,,,,,,36219.0,91523.34999999999,2.527,82785.0,16773.0,7232.0,58780.0,89191.087,11317.0,5456.0,5007.0,2225.0,6689.0,13908.0,11312.0,26871.0,13.056,84.56,3961.882,2346.592
2050,city,Orem,Orem,,,,,,Orem,,,,,,,36349.0,91540.166,2.518,82861.0,16781.0,7242.0,58838.0,89201.98,11327.0,5454.0,5017.0,2225.0,6685.0,13940.0,11321.0,26892.0,12.1,85.411,3885.63,2357.84
2051,city,Orem,Orem,,,,,,Orem,,,,,,,36456.0,91456.978,2.509,82901.0,16783.0,7248.0,58870.0,89331.433,11326.0,5457.0,5023.0,2225.0,6680.0,13964.0,11344.0,26882.0,12.120999999999999,86.106,3960.127,2372.077
2052,city,Orem,Orem,,,,,,Orem,,,,,,,36541.0,91336.57,2.5,82927.0,16775.0,7254.0,58898.0,89618.115,11320.0,5455.0,5029.0,2225.0,6680.0,13991.0,11364.0,26863.0,4.052,86.80099999999999,4219.944,2380.312
2053,city,Orem,Orem,,,,,,Orem,,,,,,,36661.0,91314.971,2.491,83015.0,16781.0,7265.0,58969.0,90888.949,11326.0,5455.0,5040.0,2225.0,6679.0,14018.0,11394.0,26878.0,5.0649999999999995,87.729,5387.707,2393.457
2054,city,Orem,Orem,,,,,,Orem,,,,,,,36894.0,91613.168,2.483,83116.0,16790.0,7276.0,59050.0,91458.237,11333.0,5457.0,5051.0,2225.0,6679.0,14053.0,11417.0,26901.0,5.0600000000000005,88.347,5840.999,2407.828
2055,city,Orem,Orem,,,,,,Orem,,,,,,,37191.0,92073.632,2.476,83211.0,16799.0,7281.0,59131.0,91650.834,11341.0,5458.0,5056.0,2225.0,6678.0,14100.0,11441.0,26912.0,5.0649999999999995,88.57900000000001,5913.739,2432.45
2056,city,Orem,Orem,,,,,,Orem,,,,,,,37575.0,92762.526,2.469,83290.0,16806.0,7288.0,59196.0,91608.072,11345.0,5461.0,5063.0,2225.0,6678.0,14122.0,11466.0,26930.0,4.052,88.039,5763.136,2462.849
2057,city,Orem,Orem,,,,,,Orem,,,,,,,38112.0,94306.621,2.474,83243.0,16797.0,7294.0,59152.0,91938.682,11338.0,5459.0,5069.0,2225.0,6661.0,14132.0,11456.0,26903.0,4.052,86.493,6092.803,2512.3269999999998
2058,city,Orem,Orem,,,,,,Orem,,,,,,,38124.0,95454.547,2.504,83283.0,16795.0,7300.0,59188.0,91992.518,11338.0,5457.0,5075.0,2225.0,6656.0,14152.0,11472.0,26908.0,4.052,85.024,6056.0380000000005,2564.415
2059,city,Orem,Orem,,,,,,Orem,,,,,,,38148.0,96460.39600000001,2.529,83355.0,16803.0,7304.0,59248.0,91967.09,11344.0,5459.0,5079.0,2225.0,6656.0,14170.0,11498.0,26924.0,4.056,83.943,5921.57,2602.516
2060,city,Orem,Orem,,,,,,Orem,,,,,,,38148.0,97544.084,2.557,83437.0,16817.0,7309.0,59311.0,92279.027,11353.0,5464.0,5084.0,2225.0,6656.0,14185.0,11525.0,26945.0,4.056,83.401,6107.238,2647.326
2061,city,Orem,Orem,,,,,,Orem,,,,,,,38148.0,98774.876,2.589,83537.0,16834.0,7320.0,59383.0,92582.044,11366.0,5468.0,5095.0,2225.0,6656.0,14204.0,11549.0,26974.0,4.052,83.015,6269.121,2688.853
2062,city,Orem,Orem,,,,,,Orem,,,,,,,38152.0,99864.062,2.618,83624.0,16857.0,7323.0,59444.0,92594.151,11385.0,5472.0,5098.0,2225.0,6656.0,14217.0,11571.0,27000.0,4.048,82.783,6149.434,2733.887
2063,city,Orem,Orem,,,,,,Orem,,,,,,,38152.0,100959.252,2.646,83699.0,16877.0,7330.0,59492.0,92914.853,11401.0,5476.0,5105.0,2225.0,6656.0,14226.0,11593.0,27017.0,4.048,82.551,6349.883,2779.3650000000002
2064,city,Orem,Orem,,,,,,Orem,,,,,,,38164.0,102149.029,2.677,83756.0,16883.0,7338.0,59535.0,93163.38,11407.0,5476.0,5113.0,2225.0,6656.0,14235.0,11610.0,27034.0,4.052,82.39699999999999,6496.197,2824.735
2065,city,Orem,Orem,,,,,,Orem,,,,,,,38164.0,103210.337,2.704,83818.0,16891.0,7341.0,59586.0,93173.337,11413.0,5478.0,5120.0,2221.0,6656.0,14249.0,11628.0,27053.0,4.052,82.241,6397.776,2871.269
2023,city,Palmyra,Palmyra,,,,,,Palmyra,,,,,,,135.0,349.213,2.587,84.0,13.0,1.0,70.0,186.697,12.0,1.0,1.0,0.0,7.0,13.0,4.0,46.0,86.687,0.0,8.003,8.008
2024,city,Palmyra,Palmyra,,,,,,Palmyra,,,,,,,137.0,354.291,2.586,84.0,13.0,1.0,70.0,182.905,12.0,1.0,1.0,0.0,7.0,13.0,4.0,46.0,87.693,0.0,4.198,7.014
2025,city,Palmyra,Palmyra,,,,,,Palmyra,,,,,,,137.0,351.187,2.563,86.0,13.0,1.0,72.0,194.052,12.0,1.0,1.0,0.0,7.0,14.0,5.0,46.0,87.667,0.0,12.369,8.016
2026,city,Palmyra,Palmyra,,,,,,Palmyra,,,,,,,138.0,351.731,2.549,87.0,13.0,1.0,73.0,194.792,12.0,1.0,1.0,0.0,7.0,14.0,6.0,46.0,87.667,0.0,12.118,8.0
2027,city,Palmyra,Palmyra,,,,,,Palmyra,,,,,,,138.0,348.426,2.525,88.0,13.0,1.0,74.0,192.038,12.0,1.0,1.0,0.0,7.0,15.0,6.0,46.0,87.715,0.0,8.311,8.008
2028,city,Palmyra,Palmyra,,,,,,Palmyra,,,,,,,139.0,350.661,2.523,89.0,13.0,1.0,75.0,192.878,12.0,1.0,1.0,0.0,7.0,15.0,6.0,47.0,87.627,0.0,8.238,8.008
2029,city,Palmyra,Palmyra,,,,,,Palmyra,,,,,,,139.0,347.497,2.5,91.0,14.0,2.0,75.0,194.72799999999998,13.0,1.0,2.0,0.0,7.0,15.0,6.0,47.0,87.726,0.0,7.99,8.008
2030,city,Palmyra,Palmyra,,,,,,Palmyra,,,,,,,139.0,344.537,2.479,93.0,16.0,2.0,75.0,197.051,15.0,1.0,2.0,0.0,7.0,15.0,6.0,47.0,87.94200000000001,0.0,8.104,8.008
2031,city,Palmyra,Palmyra,,,,,,Palmyra,,,,,,,139.0,341.72900000000004,2.458,93.0,16.0,2.0,75.0,197.517,15.0,1.0,2.0,0.0,7.0,15.0,6.0,47.0,87.87299999999999,0.0,8.633,8.008
2032,city,Palmyra,Palmyra,,,,,,Palmyra,,,,,,,139.0,339.167,2.44,94.0,16.0,2.0,76.0,199.078,15.0,1.0,2.0,0.0,7.0,15.0,6.0,48.0,87.9,0.0,9.176,8.0
2033,city,Palmyra,Palmyra,,,,,,Palmyra,,,,,,,139.0,336.996,2.424,96.0,17.0,2.0,77.0,200.985,16.0,1.0,2.0,0.0,7.0,15.0,6.0,49.0,87.541,0.0,9.435,8.008
2034,city,Palmyra,Palmyra,,,,,,Palmyra,,,,,,,139.0,335.059,2.41,97.0,17.0,2.0,78.0,203.067,16.0,1.0,2.0,0.0,7.0,15.0,6.0,50.0,87.947,0.0,10.115,8.008
2035,city,Palmyra,Palmyra,,,,,,Palmyra,,,,,,,139.0,333.332,2.398,97.0,17.0,2.0,78.0,204.338,16.0,1.0,2.0,0.0,7.0,15.0,7.0,49.0,89.872,0.0,9.457,8.008
2036,city,Palmyra,Palmyra,,,,,,Palmyra,,,,,,,139.0,331.786,2.387,97.0,17.0,2.0,78.0,204.96,16.0,1.0,2.0,0.0,7.0,15.0,7.0,49.0,89.771,0.0,10.181,8.008
2037,city,Palmyra,Palmyra,,,,,,Palmyra,,,,,,,139.0,325.44,2.341,98.0,14.0,2.0,82.0,205.879,13.0,1.0,2.0,0.0,7.0,16.0,6.0,53.0,90.66,0.0,9.214,8.008
2038,city,Palmyra,Palmyra,,,,,,Palmyra,,,,,,,139.0,324.1,2.332,98.0,14.0,2.0,82.0,207.189,13.0,1.0,2.0,0.0,7.0,16.0,6.0,53.0,91.99,0.0,9.197000000000001,8.0
2039,city,Palmyra,Palmyra,,,,,,Palmyra,,,,,,,139.0,322.889,2.323,98.0,14.0,2.0,82.0,207.589,13.0,1.0,2.0,0.0,7.0,16.0,6.0,53.0,92.9,0.0,8.686,8.0
2040,city,Palmyra,Palmyra,,,,,,Palmyra,,,,,,,139.0,321.694,2.314,98.0,14.0,2.0,82.0,208.524,13.0,1.0,2.0,0.0,7.0,16.0,6.0,53.0,93.806,0.0,8.719999999999999,8.0
2041,city,Palmyra,Palmyra,,,,,,Palmyra,,,,,,,139.0,320.58,2.306,98.0,14.0,2.0,82.0,208.716,13.0,1.0,2.0,0.0,7.0,16.0,6.0,53.0,94.845,0.0,7.869,8.008
2042,city,Palmyra,Palmyra,,,,,,Palmyra,,,,,,,139.0,319.46299999999997,2.298,98.0,14.0,2.0,82.0,208.314,13.0,1.0,2.0,0.0,7.0,16.0,6.0,53.0,94.897,0.0,7.412,8.008
2043,city,Palmyra,Palmyra,,,,,,Palmyra,,,,,,,140.0,322.586,2.304,98.0,14.0,2.0,82.0,226.555,13.0,1.0,2.0,0.0,7.0,16.0,6.0,53.0,94.768,0.0,25.785999999999998,8.0
2044,city,Palmyra,Palmyra,,,,,,Palmyra,,,,,,,143.0,330.123,2.309,98.0,14.0,2.0,82.0,209.464,13.0,1.0,2.0,0.0,7.0,16.0,6.0,53.0,95.748,0.0,7.71,8.008
2045,city,Palmyra,Palmyra,,,,,,Palmyra,,,,,,,143.0,329.109,2.301,98.0,14.0,2.0,82.0,210.062,13.0,1.0,2.0,0.0,7.0,16.0,6.0,53.0,96.628,0.0,7.435,8.0
2046,city,Palmyra,Palmyra,,,,,,Palmyra,,,,,,,150.0,353.783,2.359,98.0,14.0,2.0,82.0,229.208,13.0,1.0,2.0,0.0,7.0,16.0,6.0,53.0,98.748,0.0,24.461,8.0
2047,city,Palmyra,Palmyra,,,,,,Palmyra,,,,,,,162.0,382.444,2.361,124.0,20.0,3.0,101.0,403.215,18.0,2.0,3.0,0.0,7.0,29.0,7.0,58.0,99.648,0.0,169.57399999999998,10.0
2048,city,Palmyra,Palmyra,,,,,,Palmyra,,,,,,,209.0,516.746,2.472,193.0,32.0,13.0,148.0,809.516,28.0,4.0,13.0,0.0,7.0,49.0,13.0,79.0,101.496,0.0,501.025,14.0
2049,city,Palmyra,Palmyra,,,,,,Palmyra,,,,,,,327.0,844.993,2.584,246.0,43.0,18.0,185.0,1004.7570000000001,37.0,6.0,18.0,0.0,7.0,70.0,16.0,92.0,98.429,0.0,641.336,18.997999999999998
2050,city,Palmyra,Palmyra,,,,,,Palmyra,,,,,,,506.0,1339.614,2.647,287.0,49.0,18.0,220.0,989.122,40.0,9.0,18.0,0.0,7.0,98.0,18.0,97.0,98.829,0.0,571.293,31.999
2051,city,Palmyra,Palmyra,,,,,,Palmyra,,,,,,,799.0,2103.094,2.632,314.0,51.0,24.0,239.0,2046.373,41.0,10.0,24.0,0.0,7.0,112.0,18.0,102.0,90.917,0.0,1588.454,53.0
2052,city,Palmyra,Palmyra,,,,,,Palmyra,,,,,,,1273.0,3426.899,2.692,340.0,55.0,25.0,260.0,2442.5389999999998,45.0,10.0,25.0,0.0,7.0,125.0,20.0,108.0,80.048,0.0,1939.48,83.009
2053,city,Palmyra,Palmyra,,,,,,Palmyra,,,,,,,1727.0,4666.139,2.702,363.0,57.0,28.0,278.0,890.0279999999999,46.0,11.0,28.0,0.0,7.0,135.0,20.0,116.0,74.943,0.0,337.016,115.069
2054,city,Palmyra,Palmyra,,,,,,Palmyra,,,,,,,2278.0,6161.992,2.705,379.0,60.0,30.0,289.0,733.011,49.0,11.0,30.0,0.0,7.0,145.0,20.0,117.0,74.884,0.0,128.079,151.053
2055,city,Palmyra,Palmyra,,,,,,Palmyra,,,,,,,2704.0,7303.035,2.701,437.0,74.0,30.0,333.0,978.844,62.0,12.0,30.0,0.0,7.0,158.0,30.0,138.0,74.92699999999999,0.0,288.885,178.031
2056,city,Palmyra,Palmyra,,,,,,Palmyra,,,,,,,3130.0,8394.422,2.682,473.0,83.0,33.0,357.0,968.973,70.0,13.0,33.0,0.0,7.0,163.0,33.0,154.0,72.904,0.0,217.084,205.989
2057,city,Palmyra,Palmyra,,,,,,Palmyra,,,,,,,3430.0,9142.764,2.666,533.0,100.0,37.0,396.0,1091.243,86.0,14.0,37.0,0.0,7.0,174.0,38.0,177.0,72.948,0.0,256.355,228.938
2058,city,Palmyra,Palmyra,,,,,,Palmyra,,,,,,,3430.0,9256.029,2.699,639.0,122.0,45.0,472.0,1322.203,104.0,18.0,45.0,0.0,7.0,194.0,50.0,221.0,71.95700000000001,0.0,380.3,230.949
2059,city,Palmyra,Palmyra,,,,,,Palmyra,,,,,,,3430.0,9353.485,2.727,736.0,151.0,52.0,533.0,1244.5330000000001,129.0,22.0,52.0,0.0,7.0,210.0,53.0,263.0,71.96000000000001,0.0,201.526,235.04700000000003
2060,city,Palmyra,Palmyra,,,,,,Palmyra,,,,,,,3430.0,9463.567,2.759,812.0,171.0,56.0,585.0,1334.2179999999998,147.0,24.0,56.0,0.0,7.0,223.0,59.0,296.0,71.982,0.0,211.294,238.938
2061,city,Palmyra,Palmyra,,,,,,Palmyra,,,,,,,3430.0,9588.593,2.796,879.0,192.0,58.0,629.0,1413.324,164.0,28.0,58.0,0.0,7.0,236.0,66.0,320.0,71.923,0.0,219.41199999999998,242.989
2062,city,Palmyra,Palmyra,,,,,,Palmyra,,,,,,,3450.0,9752.303,2.827,935.0,211.0,63.0,661.0,1509.983,181.0,30.0,63.0,0.0,7.0,242.0,71.0,341.0,71.866,0.0,256.036,247.08100000000002
2063,city,Palmyra,Palmyra,,,,,,Palmyra,,,,,,,3469.0,9906.96,2.856,985.0,225.0,65.0,695.0,1576.989,192.0,33.0,65.0,0.0,7.0,246.0,79.0,363.0,71.849,0.0,266.107,254.032
2064,city,Palmyra,Palmyra,,,,,,Palmyra,,,,,,,3490.0,10067.043,2.885,1030.0,241.0,67.0,722.0,1638.017,205.0,36.0,67.0,0.0,7.0,254.0,83.0,378.0,71.889,0.0,277.06100000000004,259.069
2065,city,Palmyra,Palmyra,,,,,,Palmyra,,,,,,,3509.0,10211.285,2.91,1061.0,251.0,68.0,742.0,1669.429,215.0,36.0,68.0,0.0,7.0,257.0,88.0,390.0,71.955,0.0,272.54,263.931
2023,city,Payson,Payson,,,,,,Payson,,,,,,,8042.0,24291.054,3.021,11746.0,2846.0,2101.0,6799.0,13648.498,2113.0,733.0,942.0,1159.0,1924.0,1184.0,1294.0,2397.0,249.983,12.783,1123.088,516.651
2024,city,Payson,Payson,,,,,,Payson,,,,,,,8462.0,25654.075,3.032,11840.0,2828.0,2176.0,6836.0,14487.613,2088.0,740.0,954.0,1222.0,1889.0,1219.0,1320.0,2408.0,249.98,13.986,1865.583,518.0600000000001
2025,city,Payson,Payson,,,,,,Payson,,,,,,,8795.0,26566.786,3.021,12085.0,2850.0,2245.0,6990.0,14153.005000000001,2107.0,743.0,964.0,1281.0,1947.0,1246.0,1344.0,2453.0,249.904,13.942,1222.155,581.999
2026,city,Payson,Payson,,,,,,Payson,,,,,,,9309.0,28036.954,3.012,12201.0,2864.0,2256.0,7081.0,14497.235,2116.0,748.0,971.0,1285.0,1947.0,1274.0,1361.0,2499.0,252.924,14.435,1414.609,614.26
2027,city,Payson,Payson,,,,,,Payson,,,,,,,9969.0,29938.418999999998,3.003,12299.0,2887.0,2269.0,7143.0,15288.372,2134.0,753.0,980.0,1289.0,1941.0,1297.0,1375.0,2530.0,254.07000000000002,14.768,2071.715,648.798
2028,city,Payson,Payson,,,,,,Payson,,,,,,,10793.0,32279.051,2.991,12394.0,2900.0,2295.0,7199.0,16108.746,2145.0,755.0,987.0,1308.0,1942.0,1315.0,1383.0,2559.0,252.81099999999998,14.174,2751.759,695.998
2029,city,Payson,Payson,,,,,,Payson,,,,,,,11589.0,34718.776,2.996,12547.0,2913.0,2328.0,7306.0,16085.026,2156.0,757.0,998.0,1330.0,1973.0,1325.0,1400.0,2608.0,251.07500000000002,13.391,2527.637,745.91
2030,city,Payson,Payson,,,,,,Payson,,,,,,,12527.0,37353.964,2.982,12640.0,2910.0,2371.0,7359.0,16492.433,2164.0,746.0,1009.0,1362.0,1972.0,1333.0,1414.0,2640.0,249.68,13.174,2789.891,799.697
2031,city,Payson,Payson,,,,,,Payson,,,,,,,13534.0,40278.382,2.976,12783.0,2927.0,2436.0,7420.0,16901.842,2184.0,743.0,1023.0,1413.0,1972.0,1337.0,1429.0,2682.0,248.464,13.275,2994.413,862.69
2032,city,Payson,Payson,,,,,,Payson,,,,,,,14213.0,42131.666,2.964,12954.0,2957.0,2477.0,7520.0,16219.234,2212.0,745.0,1031.0,1446.0,1972.0,1341.0,1444.0,2763.0,248.54500000000002,13.942,2098.88,903.865
2033,city,Payson,Payson,,,,,,Payson,,,,,,,14805.0,43594.96,2.945,12951.0,2970.0,2475.0,7506.0,16437.409,2222.0,748.0,1038.0,1437.0,1966.0,1326.0,1454.0,2760.0,248.536,14.623,2278.54,944.719
2034,city,Payson,Payson,,,,,,Payson,,,,,,,15277.0,44684.533,2.925,13176.0,3023.0,2484.0,7669.0,16488.222,2238.0,785.0,1047.0,1437.0,1966.0,1329.0,1493.0,2881.0,248.68699999999998,15.217,2066.56,981.766
2035,city,Payson,Payson,,,,,,Payson,,,,,,,15968.0,46539.183,2.915,13206.0,3008.0,2484.0,7714.0,17774.03,2243.0,765.0,1068.0,1416.0,2025.0,1325.0,1507.0,2857.0,250.428,15.435,3285.243,1016.934
2036,city,Payson,Payson,,,,,,Payson,,,,,,,16816.0,48865.898,2.906,13492.0,3062.0,2511.0,7919.0,18360.947,2284.0,778.0,1092.0,1419.0,2072.0,1335.0,1538.0,2974.0,250.148,15.333,3529.508,1073.9579999999999
2037,city,Payson,Payson,,,,,,Payson,,,,,,,18245.0,52995.635,2.905,14001.0,3186.0,2614.0,8201.0,19444.495,2393.0,793.0,1118.0,1496.0,2059.0,1333.0,1537.0,3272.0,243.777,15.203,4016.831,1167.701
2038,city,Payson,Payson,,,,,,Payson,,,,,,,19552.0,56757.558,2.903,14267.0,3238.0,2636.0,8393.0,19739.759000000002,2429.0,809.0,1150.0,1486.0,2056.0,1351.0,1563.0,3423.0,236.557,15.174,3969.485,1251.556
2039,city,Payson,Payson,,,,,,Payson,,,,,,,20781.0,60243.407,2.899,14649.0,3306.0,2671.0,8672.0,20173.526,2482.0,824.0,1185.0,1486.0,2056.0,1407.0,1601.0,3608.0,232.253,15.174,3943.7599999999998,1333.349
2040,city,Payson,Payson,,,,,,Payson,,,,,,,22123.0,63986.959,2.892,14990.0,3379.0,2696.0,8915.0,21541.51,2541.0,838.0,1210.0,1486.0,2056.0,1456.0,1631.0,3772.0,224.933,15.174,4890.644,1420.762
2041,city,Payson,Payson,,,,,,Payson,,,,,,,23314.0,67224.99,2.883,15452.0,3472.0,2737.0,9243.0,20969.101,2617.0,855.0,1251.0,1486.0,2056.0,1516.0,1669.0,4002.0,217.94299999999998,15.246,3784.983,1498.936
2042,city,Payson,Payson,,,,,,Payson,,,,,,,24681.0,71000.685,2.877,15836.0,3542.0,2756.0,9538.0,21773.066,2674.0,868.0,1278.0,1478.0,2055.0,1567.0,1708.0,4208.0,213.02,15.391,4123.119,1585.557
2043,city,Payson,Payson,,,,,,Payson,,,,,,,26302.0,75576.871,2.873,16294.0,3670.0,2787.0,9837.0,23350.435,2773.0,897.0,1311.0,1476.0,2047.0,1642.0,1742.0,4406.0,201.62300000000002,15.522,5146.476,1692.803
2044,city,Payson,Payson,,,,,,Payson,,,,,,,27809.0,79666.31,2.865,16811.0,3769.0,2816.0,10226.0,23501.127,2854.0,915.0,1344.0,1472.0,2044.0,1740.0,1779.0,4663.0,189.493,15.507,4697.058,1788.088
2045,city,Payson,Payson,,,,,,Payson,,,,,,,29347.0,83941.343,2.86,17448.0,3917.0,2861.0,10670.0,24421.639,2963.0,954.0,1391.0,1470.0,2041.0,1852.0,1849.0,4928.0,180.179,15.464,4887.2880000000005,1890.72
2046,city,Payson,Payson,,,,,,Payson,,,,,,,30806.0,87921.117,2.854,17938.0,4008.0,2908.0,11022.0,23864.349000000002,3041.0,967.0,1441.0,1467.0,2040.0,1953.0,1908.0,5121.0,174.326,15.464,3746.64,1989.93
2047,city,Payson,Payson,,,,,,Payson,,,,,,,32288.0,92003.605,2.849,18399.0,4097.0,2947.0,11355.0,24921.888,3120.0,977.0,1486.0,1461.0,2038.0,2053.0,1971.0,5293.0,158.036,15.551,4255.998,2093.308
2048,city,Payson,Payson,,,,,,Payson,,,,,,,33745.0,95861.329,2.841,18779.0,4198.0,2966.0,11615.0,24949.198,3201.0,997.0,1515.0,1451.0,2022.0,2162.0,1997.0,5434.0,146.726,15.71,3824.853,2182.925
2049,city,Payson,Payson,,,,,,Payson,,,,,,,34932.0,98919.80900000001,2.832,18996.0,4248.0,2983.0,11765.0,24486.405,3256.0,992.0,1539.0,1444.0,2010.0,2256.0,2017.0,5482.0,142.615,15.855,3067.33,2264.6059999999998
2050,city,Payson,Payson,,,,,,Payson,,,,,,,35810.0,101056.25,2.822,19430.0,4346.0,3005.0,12079.0,24693.057,3342.0,1004.0,1571.0,1434.0,2009.0,2363.0,2068.0,5639.0,130.082,16.014,2789.107,2327.842
2051,city,Payson,Payson,,,,,,Payson,,,,,,,36391.0,102251.109,2.81,19803.0,4440.0,3018.0,12345.0,24759.52,3425.0,1015.0,1607.0,1411.0,2004.0,2468.0,2098.0,5775.0,122.22800000000001,16.145,2450.065,2368.083
2052,city,Payson,Payson,,,,,,Payson,,,,,,,36906.0,103302.72,2.799,20213.0,4564.0,3034.0,12615.0,25554.662,3536.0,1028.0,1634.0,1400.0,1934.0,2584.0,2140.0,5957.0,99.303,16.275,2817.772,2408.307
2053,city,Payson,Payson,,,,,,Payson,,,,,,,37492.0,104444.38,2.786,20673.0,4679.0,3065.0,12929.0,26419.184,3626.0,1053.0,1667.0,1398.0,1934.0,2710.0,2190.0,6095.0,100.259,16.449,3188.995,2440.485
2054,city,Payson,Payson,,,,,,Payson,,,,,,,38338.0,106264.804,2.772,21067.0,4778.0,3091.0,13198.0,26950.174,3709.0,1069.0,1693.0,1398.0,1934.0,2834.0,2224.0,6206.0,99.174,16.565,3263.573,2503.867
2055,city,Payson,Payson,,,,,,Payson,,,,,,,39180.0,108105.817,2.759,21501.0,4873.0,3121.0,13507.0,27648.184,3790.0,1083.0,1723.0,1398.0,1934.0,2953.0,2264.0,6356.0,98.222,16.609,3468.888,2563.472
2056,city,Payson,Payson,,,,,,Payson,,,,,,,39958.0,109662.39,2.744,21930.0,4965.0,3113.0,13852.0,28194.243,3870.0,1095.0,1741.0,1372.0,1933.0,3086.0,2317.0,6516.0,98.223,16.507,3528.676,2620.844
2057,city,Payson,Payson,,,,,,Payson,,,,,,,40421.0,111112.959,2.749,22446.0,5054.0,3152.0,14240.0,28875.671,3949.0,1105.0,1780.0,1372.0,1933.0,3215.0,2381.0,6711.0,98.271,16.217,3647.882,2667.294
2058,city,Payson,Payson,,,,,,Payson,,,,,,,40495.0,112664.306,2.782,22970.0,5148.0,3191.0,14631.0,29293.916,4032.0,1116.0,1819.0,1372.0,1933.0,3340.0,2457.0,6901.0,97.286,15.942,3493.311,2717.369
2059,city,Payson,Payson,,,,,,Payson,,,,,,,40691.0,114269.52,2.808,23470.0,5260.0,3226.0,14984.0,30089.308,4129.0,1131.0,1854.0,1372.0,1933.0,3454.0,2501.0,7096.0,97.306,15.739,3731.722,2774.554
2060,city,Payson,Payson,,,,,,Payson,,,,,,,40872.0,116015.153,2.838,24014.0,5391.0,3268.0,15355.0,30675.26,4243.0,1148.0,1896.0,1372.0,1933.0,3566.0,2556.0,7300.0,96.321,15.638,3718.02,2831.285
2061,city,Payson,Payson,,,,,,Payson,,,,,,,41038.0,117906.284,2.873,24483.0,5522.0,3302.0,15659.0,31222.936,4341.0,1181.0,1930.0,1372.0,1933.0,3664.0,2604.0,7458.0,96.235,15.565,3730.289,2897.842
2062,city,Payson,Payson,,,,,,Payson,,,,,,,41193.0,119591.804,2.903,24946.0,5626.0,3339.0,15981.0,31724.538,4430.0,1196.0,1967.0,1372.0,1927.0,3770.0,2674.0,7610.0,96.155,15.522,3711.901,2954.957
2063,city,Payson,Payson,,,,,,Payson,,,,,,,41321.0,121273.697,2.935,25399.0,5735.0,3367.0,16297.0,32371.91,4521.0,1214.0,1995.0,1372.0,1927.0,3878.0,2721.0,7771.0,96.139,15.478,3857.906,3003.397
2064,city,Payson,Payson,,,,,,Payson,,,,,,,41482.0,123106.71399999999,2.968,25838.0,5830.0,3396.0,16612.0,33061.833,4596.0,1234.0,2024.0,1372.0,1927.0,3991.0,2779.0,7915.0,97.21,15.449,4037.379,3073.795
2065,city,Payson,Payson,,,,,,Payson,,,,,,,41568.0,124663.92,2.999,26282.0,5922.0,3430.0,16930.0,33336.308,4673.0,1249.0,2058.0,1372.0,1927.0,4102.0,2845.0,8056.0,96.272,15.42,3820.409,3122.204
2023,city,Perry,Perry,,,,,,Perry,,,,,,,1845.0,5790.0,3.138,1880.0,1069.0,69.0,742.0,2706.0,570.0,499.0,27.0,42.0,297.0,191.0,70.0,184.0,565.0,10.0,147.0,104.0
2024,city,Perry,Perry,,,,,,Perry,,,,,,,1875.0,5824.0,3.106,1865.0,1037.0,68.0,760.0,2709.0,577.0,460.0,26.0,42.0,311.0,204.0,73.0,172.0,562.0,11.0,171.0,100.0
2025,city,Perry,Perry,,,,,,Perry,,,,,,,1906.0,5870.0,3.08,1879.0,1042.0,69.0,768.0,2738.0,580.0,462.0,26.0,43.0,312.0,206.0,75.0,175.0,562.0,11.0,175.0,111.0
2026,city,Perry,Perry,,,,,,Perry,,,,,,,1940.0,5925.0,3.054,1892.0,1049.0,72.0,771.0,2755.0,580.0,469.0,27.0,45.0,309.0,209.0,78.0,175.0,561.0,12.0,179.0,111.0
2027,city,Perry,Perry,,,,,,Perry,,,,,,,1977.0,5966.0,3.018,1906.0,1056.0,74.0,776.0,2777.0,586.0,470.0,27.0,47.0,306.0,212.0,79.0,179.0,560.0,12.0,184.0,115.0
2028,city,Perry,Perry,,,,,,Perry,,,,,,,2040.0,6089.0,2.985,1920.0,1063.0,74.0,783.0,2797.0,590.0,473.0,27.0,47.0,306.0,213.0,81.0,183.0,559.0,12.0,190.0,116.0
2029,city,Perry,Perry,,,,,,Perry,,,,,,,2101.0,6214.0,2.958,1933.0,1069.0,74.0,790.0,2813.0,596.0,473.0,27.0,47.0,307.0,216.0,83.0,184.0,555.0,11.0,194.0,120.0
2030,city,Perry,Perry,,,,,,Perry,,,,,,,2169.0,6339.0,2.923,1949.0,1076.0,74.0,799.0,2835.0,604.0,472.0,27.0,47.0,311.0,217.0,84.0,187.0,553.0,11.0,199.0,123.0
2031,city,Perry,Perry,,,,,,Perry,,,,,,,2235.0,6478.0,2.898,1965.0,1082.0,80.0,803.0,2853.0,613.0,469.0,29.0,51.0,311.0,218.0,85.0,189.0,552.0,11.0,200.0,125.0
2032,city,Perry,Perry,,,,,,Perry,,,,,,,2303.0,6607.0,2.869,1975.0,1084.0,80.0,811.0,2871.0,619.0,465.0,29.0,51.0,312.0,220.0,87.0,192.0,552.0,12.0,204.0,128.0
2033,city,Perry,Perry,,,,,,Perry,,,,,,,2367.0,6740.0,2.847,1986.0,1090.0,80.0,816.0,2888.0,625.0,465.0,29.0,51.0,314.0,220.0,88.0,194.0,552.0,12.0,206.0,132.0
2034,city,Perry,Perry,,,,,,Perry,,,,,,,2436.0,6886.0,2.827,2018.0,1112.0,80.0,826.0,2924.0,631.0,481.0,29.0,51.0,319.0,221.0,89.0,197.0,551.0,13.0,209.0,133.0
2035,city,Perry,Perry,,,,,,Perry,,,,,,,2503.0,7019.0,2.804,1997.0,1091.0,80.0,826.0,2909.0,629.0,462.0,29.0,51.0,322.0,221.0,89.0,194.0,553.0,13.0,211.0,135.0
2036,city,Perry,Perry,,,,,,Perry,,,,,,,2551.0,7081.0,2.776,2009.0,1096.0,80.0,833.0,2929.0,632.0,464.0,29.0,51.0,325.0,223.0,89.0,196.0,556.0,13.0,213.0,138.0
2037,city,Perry,Perry,,,,,,Perry,,,,,,,2592.0,7158.0,2.762,2027.0,1104.0,81.0,842.0,2952.0,637.0,467.0,30.0,51.0,328.0,224.0,91.0,199.0,557.0,13.0,214.0,141.0
2038,city,Perry,Perry,,,,,,Perry,,,,,,,2644.0,7226.0,2.733,2039.0,1110.0,80.0,849.0,2965.0,642.0,468.0,30.0,50.0,331.0,226.0,92.0,200.0,557.0,13.0,214.0,142.0
2039,city,Perry,Perry,,,,,,Perry,,,,,,,2687.0,7296.0,2.715,2059.0,1120.0,81.0,858.0,2987.0,649.0,471.0,30.0,51.0,334.0,228.0,93.0,203.0,557.0,13.0,214.0,144.0
2040,city,Perry,Perry,,,,,,Perry,,,,,,,2734.0,7383.0,2.7,2073.0,1128.0,78.0,867.0,3005.0,655.0,473.0,30.0,48.0,337.0,229.0,94.0,207.0,558.0,13.0,214.0,147.0
2041,city,Perry,Perry,,,,,,Perry,,,,,,,2778.0,7456.0,2.684,2088.0,1138.0,77.0,873.0,3024.0,661.0,477.0,30.0,47.0,338.0,232.0,95.0,208.0,559.0,13.0,213.0,151.0
2042,city,Perry,Perry,,,,,,Perry,,,,,,,2827.0,7529.0,2.663,2106.0,1146.0,78.0,882.0,3043.0,668.0,478.0,31.0,47.0,342.0,233.0,96.0,211.0,559.0,14.0,213.0,151.0
2043,city,Perry,Perry,,,,,,Perry,,,,,,,2870.0,7615.0,2.653,2117.0,1152.0,78.0,887.0,3058.0,673.0,479.0,31.0,47.0,344.0,235.0,96.0,212.0,559.0,14.0,213.0,155.0
2044,city,Perry,Perry,,,,,,Perry,,,,,,,2919.0,7689.0,2.634,2132.0,1158.0,78.0,896.0,3075.0,678.0,480.0,31.0,47.0,348.0,236.0,97.0,215.0,559.0,14.0,212.0,158.0
2045,city,Perry,Perry,,,,,,Perry,,,,,,,2961.0,7782.0,2.628,2152.0,1167.0,79.0,906.0,3099.0,685.0,482.0,32.0,47.0,351.0,240.0,98.0,217.0,559.0,14.0,213.0,161.0
2046,city,Perry,Perry,,,,,,Perry,,,,,,,3013.0,7862.0,2.609,2166.0,1174.0,79.0,913.0,3118.0,691.0,483.0,32.0,47.0,356.0,241.0,98.0,218.0,559.0,14.0,215.0,164.0
2047,city,Perry,Perry,,,,,,Perry,,,,,,,3065.0,7956.0,2.596,2179.0,1178.0,79.0,922.0,3136.0,695.0,483.0,32.0,47.0,362.0,243.0,98.0,219.0,559.0,14.0,218.0,166.0
2048,city,Perry,Perry,,,,,,Perry,,,,,,,3108.0,8039.0,2.587,2194.0,1185.0,79.0,930.0,3159.0,701.0,484.0,32.0,47.0,368.0,244.0,98.0,220.0,559.0,14.0,222.0,170.0
2049,city,Perry,Perry,,,,,,Perry,,,,,,,3161.0,8136.0,2.574,2209.0,1190.0,79.0,940.0,3179.0,706.0,484.0,32.0,47.0,373.0,245.0,100.0,222.0,559.0,14.0,226.0,171.0
2050,city,Perry,Perry,,,,,,Perry,,,,,,,3206.0,8220.0,2.564,2225.0,1197.0,79.0,949.0,3205.0,712.0,485.0,32.0,47.0,378.0,247.0,100.0,224.0,559.0,15.0,231.0,175.0
2051,city,Perry,Perry,,,,,,Perry,,,,,,,3258.0,8314.0,2.552,2233.0,1201.0,79.0,953.0,3217.0,716.0,485.0,32.0,47.0,382.0,247.0,100.0,224.0,558.0,15.0,235.0,176.0
2052,city,Perry,Perry,,,,,,Perry,,,,,,,3309.0,8390.0,2.536,2247.0,1206.0,80.0,961.0,3241.0,721.0,485.0,33.0,47.0,385.0,251.0,101.0,224.0,558.0,15.0,240.0,181.0
2053,city,Perry,Perry,,,,,,Perry,,,,,,,3355.0,8481.0,2.528,2254.0,1210.0,80.0,964.0,3256.0,725.0,485.0,33.0,47.0,386.0,252.0,101.0,225.0,558.0,15.0,247.0,182.0
2054,city,Perry,Perry,,,,,,Perry,,,,,,,3403.0,8552.0,2.513,2263.0,1215.0,79.0,969.0,3272.0,730.0,485.0,33.0,46.0,389.0,253.0,101.0,226.0,557.0,15.0,252.0,185.0
2055,city,Perry,Perry,,,,,,Perry,,,,,,,3458.0,8641.0,2.499,2268.0,1218.0,79.0,971.0,3282.0,734.0,484.0,33.0,46.0,389.0,255.0,101.0,226.0,555.0,15.0,256.0,188.0
2056,city,Perry,Perry,,,,,,Perry,,,,,,,3501.0,8712.0,2.488,2272.0,1218.0,79.0,975.0,3293.0,735.0,483.0,33.0,46.0,391.0,255.0,102.0,227.0,555.0,15.0,260.0,191.0
2057,city,Perry,Perry,,,,,,Perry,,,,,,,3553.0,8799.0,2.476,2276.0,1216.0,80.0,980.0,3303.0,736.0,480.0,33.0,47.0,393.0,256.0,102.0,229.0,555.0,15.0,263.0,194.0
2058,city,Perry,Perry,,,,,,Perry,,,,,,,3595.0,8866.0,2.466,2277.0,1215.0,79.0,983.0,3307.0,737.0,478.0,33.0,46.0,394.0,258.0,102.0,229.0,553.0,15.0,266.0,196.0
2059,city,Perry,Perry,,,,,,Perry,,,,,,,3650.0,8952.0,2.453,2278.0,1215.0,79.0,984.0,3309.0,738.0,477.0,33.0,46.0,395.0,258.0,102.0,229.0,552.0,15.0,268.0,196.0
2060,city,Perry,Perry,,,,,,Perry,,,,,,,3700.0,9037.0,2.442,2280.0,1213.0,79.0,988.0,3316.0,739.0,474.0,33.0,46.0,396.0,259.0,103.0,230.0,551.0,15.0,268.0,202.0
2061,city,Perry,Perry,,,,,,Perry,,,,,,,3752.0,9104.0,2.426,2280.0,1212.0,79.0,989.0,3319.0,740.0,472.0,33.0,46.0,397.0,259.0,103.0,230.0,549.0,15.0,271.0,204.0
2062,city,Perry,Perry,,,,,,Perry,,,,,,,3799.0,9190.0,2.419,2283.0,1211.0,79.0,993.0,3325.0,741.0,470.0,33.0,46.0,398.0,262.0,103.0,230.0,549.0,15.0,275.0,203.0
2063,city,Perry,Perry,,,,,,Perry,,,,,,,3851.0,9257.0,2.404,2286.0,1210.0,78.0,998.0,3334.0,742.0,468.0,33.0,45.0,399.0,263.0,104.0,232.0,549.0,14.0,276.0,209.0
2064,city,Perry,Perry,,,,,,Perry,,,,,,,3904.0,9341.0,2.393,2292.0,1212.0,80.0,1000.0,3338.0,744.0,468.0,35.0,45.0,400.0,263.0,104.0,233.0,547.0,14.0,276.0,209.0
2065,city,Perry,Perry,,,,,,Perry,,,,,,,3950.0,9410.0,2.382,2295.0,1212.0,79.0,1004.0,3346.0,745.0,467.0,35.0,44.0,401.0,265.0,104.0,234.0,547.0,14.0,278.0,212.0
2023,city,Plain City,Plain City,,,,,,Plain City,,,,,,,2799.0,9036.605,3.229,800.0,229.0,62.0,509.0,1388.261,153.0,76.0,21.0,41.0,35.0,321.0,18.0,135.0,239.767,0.0,237.19,111.30199999999999
2024,city,Plain City,Plain City,,,,,,Plain City,,,,,,,2974.0,9462.15,3.182,799.0,228.0,67.0,504.0,1635.094,152.0,76.0,21.0,46.0,29.0,321.0,19.0,135.0,237.304,0.0,481.791,117.0
2025,city,Plain City,Plain City,,,,,,Plain City,,,,,,,3124.0,9816.56,3.142,803.0,228.0,71.0,504.0,1402.478,152.0,76.0,21.0,50.0,29.0,321.0,19.0,135.0,236.46,0.0,233.922,129.095
2026,city,Plain City,Plain City,,,,,,Plain City,,,,,,,3286.0,10108.078,3.076,806.0,226.0,74.0,506.0,1541.598,150.0,76.0,21.0,53.0,29.0,321.0,20.0,136.0,232.606,0.0,364.89099999999996,138.099
2027,city,Plain City,Plain City,,,,,,Plain City,,,,,,,3383.0,10252.932,3.031,810.0,226.0,78.0,506.0,1435.513,150.0,76.0,21.0,57.0,29.0,321.0,20.0,136.0,230.208,0.0,252.138,143.168
2028,city,Plain City,Plain City,,,,,,Plain City,,,,,,,3578.0,10650.767,2.977,810.0,226.0,78.0,506.0,1666.127,150.0,76.0,21.0,57.0,29.0,321.0,20.0,136.0,226.753,0.0,477.133,152.249
2029,city,Plain City,Plain City,,,,,,Plain City,,,,,,,3681.0,10844.657,2.946,810.0,226.0,78.0,506.0,1395.2109999999998,150.0,76.0,21.0,57.0,29.0,321.0,20.0,136.0,224.597,0.0,202.542,158.072
2030,city,Plain City,Plain City,,,,,,Plain City,,,,,,,3768.0,10994.985,2.918,808.0,222.0,78.0,508.0,1414.857,150.0,72.0,21.0,57.0,29.0,322.0,20.0,137.0,222.298,0.0,222.235,162.32399999999998
2031,city,Plain City,Plain City,,,,,,Plain City,,,,,,,3889.0,11243.288,2.891,805.0,220.0,78.0,507.0,1598.029,150.0,70.0,21.0,57.0,29.0,320.0,21.0,137.0,221.299,0.0,402.582,169.146
2032,city,Plain City,Plain City,,,,,,Plain City,,,,,,,3987.0,11434.579,2.868,801.0,216.0,77.0,508.0,1482.779,150.0,66.0,21.0,56.0,29.0,320.0,21.0,138.0,220.0,0.0,285.587,176.185
2033,city,Plain City,Plain City,,,,,,Plain City,,,,,,,4144.0,11780.775,2.843,801.0,216.0,77.0,508.0,1634.93,150.0,66.0,21.0,56.0,29.0,320.0,21.0,138.0,218.446,0.0,430.32599999999996,185.156
2034,city,Plain City,Plain City,,,,,,Plain City,,,,,,,4316.0,12126.409,2.81,802.0,216.0,77.0,509.0,1525.9050000000002,150.0,66.0,21.0,56.0,29.0,320.0,22.0,138.0,218.749,0.0,312.765,192.388
2035,city,Plain City,Plain City,,,,,,Plain City,,,,,,,4449.0,12346.08,2.775,795.0,211.0,77.0,507.0,1499.379,148.0,63.0,21.0,56.0,29.0,320.0,22.0,136.0,216.445,0.0,290.815,197.121
2036,city,Plain City,Plain City,,,,,,Plain City,,,,,,,4632.0,12715.268,2.745,795.0,211.0,77.0,507.0,1574.867,148.0,63.0,21.0,56.0,29.0,320.0,22.0,136.0,214.741,0.0,358.002,207.126
2037,city,Plain City,Plain City,,,,,,Plain City,,,,,,,4702.0,12602.917,2.68,799.0,213.0,73.0,513.0,1475.462,148.0,65.0,21.0,52.0,32.0,323.0,20.0,138.0,216.197,0.0,253.147,207.12199999999999
2038,city,Plain City,Plain City,,,,,,Plain City,,,,,,,4803.0,12796.6,2.664,802.0,213.0,75.0,514.0,1509.584,148.0,65.0,23.0,52.0,32.0,323.0,21.0,138.0,216.35399999999998,0.0,275.106,216.122
2039,city,Plain City,Plain City,,,,,,Plain City,,,,,,,4926.0,13046.894,2.649,802.0,213.0,75.0,514.0,1643.6290000000001,148.0,65.0,23.0,52.0,32.0,323.0,21.0,138.0,217.058,0.0,402.56600000000003,222.0
2040,city,Plain City,Plain City,,,,,,Plain City,,,,,,,5004.0,13152.713,2.628,816.0,213.0,76.0,527.0,1589.161,148.0,65.0,24.0,52.0,32.0,324.0,26.0,145.0,215.757,0.0,330.159,227.249
2041,city,Plain City,Plain City,,,,,,Plain City,,,,,,,5151.0,13456.186,2.612,827.0,213.0,77.0,537.0,1817.157,148.0,65.0,25.0,52.0,33.0,324.0,31.0,149.0,211.481,0.0,541.932,236.745
2042,city,Plain City,Plain City,,,,,,Plain City,,,,,,,5257.0,13623.806,2.592,841.0,213.0,80.0,548.0,1595.456,148.0,65.0,28.0,52.0,34.0,325.0,33.0,156.0,210.331,0.0,303.873,240.254
2043,city,Plain City,Plain City,,,,,,Plain City,,,,,,,5371.0,13786.457,2.567,860.0,213.0,81.0,566.0,1761.06,148.0,65.0,29.0,52.0,35.0,325.0,43.0,163.0,211.345,0.0,440.281,249.43099999999998
2044,city,Plain City,Plain City,,,,,,Plain City,,,,,,,5501.0,14032.733,2.551,873.0,213.0,81.0,579.0,1769.723,148.0,65.0,29.0,52.0,36.0,325.0,47.0,171.0,211.05,0.0,430.286,255.389
2045,city,Plain City,Plain City,,,,,,Plain City,,,,,,,5637.0,14323.401,2.541,887.0,213.0,81.0,593.0,1823.175,148.0,65.0,29.0,52.0,41.0,325.0,48.0,179.0,209.743,0.0,465.16700000000003,261.26099999999997
2046,city,Plain City,Plain City,,,,,,Plain City,,,,,,,5711.0,14439.578,2.528,898.0,213.0,81.0,604.0,1722.3429999999998,148.0,65.0,29.0,52.0,41.0,325.0,51.0,187.0,209.345,0.0,345.777,269.21999999999997
2047,city,Plain City,Plain City,,,,,,Plain City,,,,,,,5886.0,14709.388,2.499,908.0,213.0,81.0,614.0,1978.628,148.0,65.0,29.0,52.0,43.0,325.0,55.0,191.0,206.441,0.0,585.783,278.403
2048,city,Plain City,Plain City,,,,,,Plain City,,,,,,,6073.0,15064.934,2.481,931.0,201.0,84.0,646.0,2110.564,148.0,53.0,32.0,52.0,49.0,330.0,62.0,205.0,204.176,0.0,687.208,288.181
2049,city,Plain City,Plain City,,,,,,Plain City,,,,,,,6246.0,15422.172,2.469,971.0,201.0,86.0,684.0,2018.249,148.0,53.0,34.0,52.0,58.0,331.0,69.0,226.0,202.44,0.0,545.765,299.046
2050,city,Plain City,Plain City,,,,,,Plain City,,,,,,,6427.0,15770.867,2.454,1010.0,201.0,91.0,718.0,2066.07,148.0,53.0,39.0,52.0,62.0,342.0,75.0,239.0,202.589,0.0,544.479,309.0
2051,city,Plain City,Plain City,,,,,,Plain City,,,,,,,6572.0,16020.104,2.438,1026.0,201.0,93.0,732.0,1947.095,148.0,53.0,41.0,52.0,63.0,345.0,80.0,244.0,200.88,0.0,404.84000000000003,315.378
2052,city,Plain City,Plain City,,,,,,Plain City,,,,,,,6702.0,16256.289999999999,2.426,1041.0,201.0,96.0,744.0,2095.274,148.0,53.0,44.0,52.0,63.0,349.0,83.0,249.0,200.025,0.0,528.587,325.663
2053,city,Plain City,Plain City,,,,,,Plain City,,,,,,,6907.0,16634.305,2.408,1067.0,201.0,100.0,766.0,2306.915,148.0,53.0,48.0,52.0,65.0,357.0,86.0,258.0,198.88,0.0,701.841,339.194
2054,city,Plain City,Plain City,,,,,,Plain City,,,,,,,7054.0,16801.711,2.382,1087.0,201.0,102.0,784.0,2178.295,148.0,53.0,50.0,52.0,67.0,366.0,87.0,264.0,195.583,0.0,547.125,348.588
2055,city,Plain City,Plain City,,,,,,Plain City,,,,,,,7202.0,17022.505,2.364,1115.0,201.0,103.0,811.0,2311.162,148.0,53.0,51.0,52.0,69.0,374.0,92.0,276.0,197.439,0.0,640.5260000000001,358.19800000000004
2056,city,Plain City,Plain City,,,,,,Plain City,,,,,,,7336.0,17199.233,2.344,1145.0,201.0,103.0,841.0,2258.378,148.0,53.0,51.0,52.0,69.0,385.0,97.0,290.0,195.142,0.0,555.38,362.853
2057,city,Plain City,Plain City,,,,,,Plain City,,,,,,,7331.0,17331.921,2.364,1171.0,201.0,107.0,863.0,2475.544,148.0,53.0,55.0,52.0,69.0,396.0,100.0,298.0,194.168,0.0,742.575,367.8
2058,city,Plain City,Plain City,,,,,,Plain City,,,,,,,7331.0,17479.623,2.384,1192.0,201.0,109.0,882.0,2455.387,148.0,53.0,57.0,52.0,70.0,404.0,102.0,306.0,191.301,0.0,695.234,376.85
2059,city,Plain City,Plain City,,,,,,Plain City,,,,,,,7329.0,17622.91,2.405,1186.0,186.0,108.0,892.0,2517.453,134.0,52.0,58.0,50.0,71.0,412.0,108.0,301.0,188.29,0.0,761.716,381.44599999999997
2060,city,Plain City,Plain City,,,,,,Plain City,,,,,,,7326.0,17761.621,2.424,1222.0,186.0,110.0,926.0,2326.3559999999998,134.0,52.0,60.0,50.0,72.0,423.0,117.0,314.0,187.433,0.0,530.171,386.753
2061,city,Plain City,Plain City,,,,,,Plain City,,,,,,,7319.0,17897.449,2.445,1238.0,186.0,111.0,941.0,2480.762,134.0,52.0,61.0,50.0,74.0,423.0,120.0,324.0,188.87300000000002,0.0,663.943,389.95
2062,city,Plain City,Plain City,,,,,,Plain City,,,,,,,7315.0,18038.567,2.466,1261.0,186.0,113.0,962.0,2614.435,134.0,52.0,63.0,50.0,76.0,427.0,127.0,332.0,184.712,0.0,773.574,395.148
2063,city,Plain City,Plain City,,,,,,Plain City,,,,,,,7308.0,18169.831,2.486,1290.0,186.0,119.0,985.0,2739.0640000000003,134.0,52.0,69.0,50.0,76.0,433.0,133.0,343.0,183.0,0.0,863.92,402.151
2064,city,Plain City,Plain City,,,,,,Plain City,,,,,,,7304.0,18312.561999999998,2.507,1322.0,186.0,125.0,1011.0,2535.687,134.0,52.0,75.0,50.0,78.0,439.0,139.0,355.0,181.56900000000002,0.0,626.874,405.247
2065,city,Plain City,Plain City,,,,,,Plain City,,,,,,,7296.0,18444.43,2.528,1354.0,186.0,127.0,1041.0,2618.869,134.0,52.0,77.0,50.0,79.0,451.0,144.0,367.0,180.13400000000001,0.0,671.885,412.852
2023,city,Pleasant Grove,Pleasant Grove,,,,,,Pleasant Grove,,,,,,,11409.0,34429.79,3.018,26409.0,4851.0,4068.0,17490.0,28818.933,3743.0,1108.0,1065.0,3003.0,6167.0,2027.0,3536.0,5760.0,8.064,0.0,1666.931,734.933
2024,city,Pleasant Grove,Pleasant Grove,,,,,,Pleasant Grove,,,,,,,11620.0,34838.279,2.998,26345.0,4816.0,4106.0,17423.0,28154.577,3702.0,1114.0,1069.0,3037.0,6084.0,2032.0,3545.0,5762.0,7.056,0.0,1087.049,715.47
2025,city,Pleasant Grove,Pleasant Grove,,,,,,Pleasant Grove,,,,,,,11771.0,34999.305,2.973,26495.0,4825.0,4142.0,17528.0,29458.908,3708.0,1117.0,1074.0,3068.0,6149.0,2039.0,3567.0,5773.0,7.055,0.0,2173.513,783.338
2026,city,Pleasant Grove,Pleasant Grove,,,,,,Pleasant Grove,,,,,,,11924.0,35131.928,2.946,26581.0,4840.0,4147.0,17594.0,29520.418,3713.0,1127.0,1077.0,3070.0,6149.0,2053.0,3587.0,5805.0,7.055,0.0,2145.028,787.337
2027,city,Pleasant Grove,Pleasant Grove,,,,,,Pleasant Grove,,,,,,,12088.0,35261.827,2.917,26659.0,4865.0,4142.0,17652.0,29151.635000000002,3733.0,1132.0,1079.0,3063.0,6129.0,2071.0,3622.0,5830.0,7.057,0.0,1693.594,791.986
2028,city,Pleasant Grove,Pleasant Grove,,,,,,Pleasant Grove,,,,,,,12241.0,35317.703,2.885,26858.0,4882.0,4194.0,17782.0,29483.853,3745.0,1137.0,1083.0,3111.0,6159.0,2085.0,3659.0,5879.0,6.042,0.0,1825.668,794.146
2029,city,Pleasant Grove,Pleasant Grove,,,,,,Pleasant Grove,,,,,,,12400.0,35465.346,2.86,27082.0,4894.0,4249.0,17939.0,29716.896,3756.0,1138.0,1087.0,3162.0,6222.0,2102.0,3686.0,5929.0,6.0489999999999995,0.0,1825.858,802.985
2030,city,Pleasant Grove,Pleasant Grove,,,,,,Pleasant Grove,,,,,,,12562.0,35590.278,2.833,27236.0,4922.0,4284.0,18030.0,29793.584,3782.0,1140.0,1094.0,3190.0,6209.0,2107.0,3719.0,5995.0,4.044,0.0,1745.841,807.703
2031,city,Pleasant Grove,Pleasant Grove,,,,,,Pleasant Grove,,,,,,,12731.0,35723.618,2.806,27419.0,4936.0,4374.0,18109.0,30103.904,3799.0,1137.0,1101.0,3273.0,6209.0,2109.0,3748.0,6043.0,4.04,0.0,1864.214,816.648
2032,city,Pleasant Grove,Pleasant Grove,,,,,,Pleasant Grove,,,,,,,12887.0,35879.652,2.784,27514.0,4952.0,4379.0,18183.0,30157.975,3813.0,1139.0,1106.0,3273.0,6209.0,2111.0,3771.0,6092.0,4.041,0.0,1816.056,823.874
2033,city,Pleasant Grove,Pleasant Grove,,,,,,Pleasant Grove,,,,,,,13000.0,35917.248,2.763,27657.0,4973.0,4384.0,18300.0,30522.224000000002,3829.0,1144.0,1111.0,3273.0,6209.0,2114.0,3820.0,6157.0,4.024,0.0,2029.572,831.626
2034,city,Pleasant Grove,Pleasant Grove,,,,,,Pleasant Grove,,,,,,,13117.0,36013.269,2.746,27889.0,5019.0,4388.0,18482.0,30669.313,3849.0,1170.0,1115.0,3273.0,6209.0,2117.0,3888.0,6268.0,4.044,0.0,1929.611,846.66
2035,city,Pleasant Grove,Pleasant Grove,,,,,,Pleasant Grove,,,,,,,13209.0,36063.575,2.73,27907.0,4983.0,4365.0,18559.0,30612.665,3849.0,1134.0,1123.0,3242.0,6311.0,2112.0,3911.0,6225.0,4.04,0.0,1857.859,843.77
2036,city,Pleasant Grove,Pleasant Grove,,,,,,Pleasant Grove,,,,,,,13283.0,36088.2,2.717,28007.0,4996.0,4366.0,18645.0,30848.066,3855.0,1141.0,1136.0,3230.0,6312.0,2113.0,3940.0,6280.0,4.035,0.0,1988.278,848.757
2037,city,Pleasant Grove,Pleasant Grove,,,,,,Pleasant Grove,,,,,,,13319.0,36149.618,2.714,28022.0,5048.0,4377.0,18597.0,30828.006999999998,3888.0,1160.0,1143.0,3234.0,6255.0,2096.0,3975.0,6271.0,4.029,0.0,1947.473,854.509
2038,city,Pleasant Grove,Pleasant Grove,,,,,,Pleasant Grove,,,,,,,13422.0,36288.247,2.704,28201.0,5076.0,4386.0,18739.0,30792.779,3910.0,1166.0,1152.0,3234.0,6255.0,2105.0,4018.0,6361.0,4.044,0.0,1728.35,859.385
2039,city,Pleasant Grove,Pleasant Grove,,,,,,Pleasant Grove,,,,,,,13467.0,36278.946,2.694,28330.0,5092.0,4390.0,18848.0,30824.414,3921.0,1171.0,1156.0,3234.0,6255.0,2123.0,4053.0,6417.0,4.04,0.0,1624.148,866.225
2040,city,Pleasant Grove,Pleasant Grove,,,,,,Pleasant Grove,,,,,,,13534.0,36326.747,2.684,28461.0,5109.0,4399.0,18953.0,31003.176,3937.0,1172.0,1165.0,3234.0,6255.0,2140.0,4089.0,6469.0,4.035,0.0,1667.286,870.852
2041,city,Pleasant Grove,Pleasant Grove,,,,,,Pleasant Grove,,,,,,,13568.0,36293.403,2.675,28574.0,5127.0,4410.0,19037.0,30950.647,3949.0,1178.0,1176.0,3234.0,6255.0,2149.0,4119.0,6514.0,4.036,0.0,1498.068,874.5450000000001
2042,city,Pleasant Grove,Pleasant Grove,,,,,,Pleasant Grove,,,,,,,13651.0,36391.489,2.666,28619.0,5134.0,4404.0,19081.0,31111.833,3955.0,1179.0,1179.0,3225.0,6248.0,2155.0,4142.0,6536.0,3.0300000000000002,0.0,1607.941,881.862
2043,city,Pleasant Grove,Pleasant Grove,,,,,,Pleasant Grove,,,,,,,13732.0,36479.541,2.657,28714.0,5147.0,4412.0,19155.0,31135.013,3963.0,1184.0,1187.0,3225.0,6248.0,2170.0,4165.0,6572.0,3.024,0.0,1531.566,886.421
2044,city,Pleasant Grove,Pleasant Grove,,,,,,Pleasant Grove,,,,,,,13827.0,36597.767,2.647,28864.0,5175.0,4420.0,19269.0,31475.422000000002,3981.0,1194.0,1195.0,3225.0,6248.0,2195.0,4190.0,6636.0,3.024,0.0,1716.359,892.043
2045,city,Pleasant Grove,Pleasant Grove,,,,,,Pleasant Grove,,,,,,,13916.0,36696.489,2.637,28937.0,5193.0,4427.0,19317.0,31391.07,4001.0,1192.0,1202.0,3225.0,6223.0,2209.0,4241.0,6644.0,3.021,0.0,1551.705,899.3430000000001
2046,city,Pleasant Grove,Pleasant Grove,,,,,,Pleasant Grove,,,,,,,14008.0,36834.757,2.63,28987.0,5214.0,4430.0,19343.0,31400.65,4020.0,1194.0,1205.0,3225.0,6152.0,2232.0,4269.0,6690.0,3.024,0.0,1502.657,907.966
2047,city,Pleasant Grove,Pleasant Grove,,,,,,Pleasant Grove,,,,,,,14075.0,36893.673,2.621,29041.0,5218.0,4431.0,19392.0,31377.837,4027.0,1191.0,1208.0,3223.0,6152.0,2248.0,4304.0,6688.0,4.028,0.0,1422.107,910.701
2048,city,Pleasant Grove,Pleasant Grove,,,,,,Pleasant Grove,,,,,,,14186.0,37083.879,2.614,28941.0,5220.0,4428.0,19293.0,31514.789,4028.0,1192.0,1214.0,3214.0,6070.0,2256.0,4326.0,6641.0,3.0149999999999997,0.0,1651.81,918.97
2049,city,Pleasant Grove,Pleasant Grove,,,,,,Pleasant Grove,,,,,,,14258.0,37201.949,2.609,29043.0,5246.0,4438.0,19359.0,31608.709,4048.0,1198.0,1229.0,3209.0,6062.0,2272.0,4336.0,6689.0,3.012,0.0,1635.861,926.8389999999999
2050,city,Pleasant Grove,Pleasant Grove,,,,,,Pleasant Grove,,,,,,,14315.0,37214.279,2.6,29096.0,5264.0,4440.0,19392.0,31509.726,4063.0,1201.0,1237.0,3203.0,6051.0,2285.0,4361.0,6695.0,3.024,0.0,1479.763,930.937
2051,city,Pleasant Grove,Pleasant Grove,,,,,,Pleasant Grove,,,,,,,14356.0,37206.738,2.592,29143.0,5271.0,4443.0,19429.0,31620.724000000002,4070.0,1201.0,1245.0,3198.0,6049.0,2313.0,4382.0,6685.0,3.0300000000000002,0.0,1542.664,932.028
2052,city,Pleasant Grove,Pleasant Grove,,,,,,Pleasant Grove,,,,,,,14406.0,37207.124,2.583,29220.0,5271.0,4448.0,19501.0,31756.576,4081.0,1190.0,1251.0,3197.0,6049.0,2338.0,4396.0,6718.0,3.0389999999999997,0.0,1595.414,938.123
2053,city,Pleasant Grove,Pleasant Grove,,,,,,Pleasant Grove,,,,,,,14572.0,37462.659,2.571,29344.0,5294.0,4454.0,19596.0,32339.088,4101.0,1193.0,1257.0,3197.0,6049.0,2359.0,4430.0,6758.0,3.0389999999999997,0.0,2041.471,950.576
2054,city,Pleasant Grove,Pleasant Grove,,,,,,Pleasant Grove,,,,,,,14672.0,37559.955,2.56,29439.0,5314.0,4459.0,19666.0,32611.708,4115.0,1199.0,1262.0,3197.0,6049.0,2372.0,4450.0,6795.0,3.036,0.0,2212.34,957.328
2055,city,Pleasant Grove,Pleasant Grove,,,,,,Pleasant Grove,,,,,,,14686.0,37449.078,2.55,29502.0,5331.0,4459.0,19712.0,32675.074,4131.0,1200.0,1265.0,3194.0,6037.0,2388.0,4466.0,6821.0,3.0389999999999997,0.0,2208.86,961.176
2056,city,Pleasant Grove,Pleasant Grove,,,,,,Pleasant Grove,,,,,,,14699.0,37319.992,2.539,29590.0,5339.0,4463.0,19788.0,32720.989999999998,4137.0,1202.0,1269.0,3194.0,6037.0,2408.0,4492.0,6851.0,3.0389999999999997,0.0,2164.0099999999998,963.942
2057,city,Pleasant Grove,Pleasant Grove,,,,,,Pleasant Grove,,,,,,,14713.0,37449.356,2.545,29696.0,5351.0,4469.0,19876.0,32968.123,4148.0,1203.0,1275.0,3194.0,6037.0,2427.0,4516.0,6896.0,3.0389999999999997,0.0,2297.343,971.746
2058,city,Pleasant Grove,Pleasant Grove,,,,,,Pleasant Grove,,,,,,,14718.0,37917.151,2.576,29795.0,5369.0,4473.0,19953.0,33034.884,4165.0,1204.0,1279.0,3194.0,6037.0,2443.0,4537.0,6936.0,3.0389999999999997,0.0,2251.072,985.77
2059,city,Pleasant Grove,Pleasant Grove,,,,,,Pleasant Grove,,,,,,,14726.0,38310.156,2.602,29900.0,5379.0,4484.0,20037.0,33124.974,4173.0,1206.0,1290.0,3194.0,6037.0,2462.0,4565.0,6973.0,3.042,0.0,2215.732,1006.201
2060,city,Pleasant Grove,Pleasant Grove,,,,,,Pleasant Grove,,,,,,,14734.0,38763.438,2.631,30029.0,5406.0,4486.0,20137.0,33468.463,4193.0,1213.0,1292.0,3194.0,6037.0,2482.0,4594.0,7024.0,3.042,0.0,2413.674,1022.742
2061,city,Pleasant Grove,Pleasant Grove,,,,,,Pleasant Grove,,,,,,,14734.0,39261.373,2.665,30247.0,5450.0,4494.0,20303.0,33819.387,4226.0,1224.0,1300.0,3194.0,6037.0,2515.0,4656.0,7095.0,3.0389999999999997,0.0,2529.406,1039.942
2062,city,Pleasant Grove,Pleasant Grove,,,,,,Pleasant Grove,,,,,,,14737.0,39703.378,2.694,30469.0,5489.0,4507.0,20473.0,33946.102,4251.0,1238.0,1313.0,3194.0,6037.0,2559.0,4693.0,7184.0,3.036,0.0,2420.725,1053.34
2063,city,Pleasant Grove,Pleasant Grove,,,,,,Pleasant Grove,,,,,,,14759.0,40194.727,2.723,30631.0,5530.0,4511.0,20590.0,34140.533,4283.0,1247.0,1317.0,3194.0,6037.0,2595.0,4736.0,7222.0,3.036,0.0,2433.357,1073.143
2064,city,Pleasant Grove,Pleasant Grove,,,,,,Pleasant Grove,,,,,,,14768.0,40684.803,2.755,30768.0,5549.0,4515.0,20704.0,34323.748,4299.0,1250.0,1321.0,3194.0,6037.0,2615.0,4774.0,7278.0,3.0389999999999997,0.0,2459.427,1093.286
2065,city,Pleasant Grove,Pleasant Grove,,,,,,Pleasant Grove,,,,,,,14770.0,41115.829,2.784,30924.0,5579.0,4520.0,20825.0,34438.841,4320.0,1259.0,1326.0,3194.0,6037.0,2638.0,4811.0,7339.0,3.0389999999999997,0.0,2400.085,1111.713
2023,city,Pleasant View,Pleasant View,,,,,,Pleasant View,,,,,,,3448.0,11236.173999999999,3.259,3773.0,647.0,1195.0,1931.0,4447.804,189.0,458.0,792.0,403.0,248.0,563.0,228.0,892.0,49.155,0.0,491.281,134.365
2024,city,Pleasant View,Pleasant View,,,,,,Pleasant View,,,,,,,3461.0,11192.801,3.234,3884.0,646.0,1282.0,1956.0,4265.495,183.0,463.0,807.0,475.0,228.0,597.0,230.0,901.0,49.064,0.0,197.431,135.0
2025,city,Pleasant View,Pleasant View,,,,,,Pleasant View,,,,,,,3486.0,11151.606,3.199,4019.0,645.0,1369.0,2005.0,4572.9,183.0,462.0,809.0,560.0,228.0,612.0,249.0,916.0,49.097,0.0,356.69800000000004,148.108
2026,city,Pleasant View,Pleasant View,,,,,,Pleasant View,,,,,,,3517.0,11136.23,3.166,4068.0,647.0,1392.0,2029.0,4595.487,181.0,466.0,809.0,583.0,226.0,619.0,257.0,927.0,48.126,0.0,330.255,149.107
2027,city,Pleasant View,Pleasant View,,,,,,Pleasant View,,,,,,,3546.0,11099.386,3.13,4126.0,657.0,1422.0,2047.0,4657.737,191.0,466.0,811.0,611.0,220.0,628.0,263.0,936.0,48.254,0.0,332.304,151.179
2028,city,Pleasant View,Pleasant View,,,,,,Pleasant View,,,,,,,3559.0,11033.984999999999,3.1,4144.0,657.0,1422.0,2065.0,4650.09,191.0,466.0,811.0,611.0,220.0,633.0,268.0,944.0,48.16,0.0,305.681,152.249
2029,city,Pleasant View,Pleasant View,,,,,,Pleasant View,,,,,,,3566.0,10946.079,3.07,4170.0,661.0,1423.0,2086.0,4664.961,198.0,463.0,812.0,611.0,220.0,643.0,272.0,951.0,48.126999999999995,0.0,293.765,153.06900000000002
2030,city,Pleasant View,Pleasant View,,,,,,Pleasant View,,,,,,,3579.0,10904.518,3.047,4206.0,668.0,1424.0,2114.0,4748.601,207.0,461.0,814.0,610.0,221.0,659.0,277.0,957.0,48.065,0.0,338.222,156.31199999999998
2031,city,Pleasant View,Pleasant View,,,,,,Pleasant View,,,,,,,3591.0,10848.896,3.021,4203.0,659.0,1429.0,2115.0,4726.399,213.0,446.0,819.0,610.0,221.0,656.0,277.0,961.0,47.064,0.0,320.198,156.134
2032,city,Pleasant View,Pleasant View,,,,,,Pleasant View,,,,,,,3595.0,10773.314,2.997,4214.0,657.0,1431.0,2126.0,4749.055,216.0,441.0,822.0,609.0,221.0,656.0,280.0,969.0,47.0,0.0,331.886,156.165
2033,city,Pleasant View,Pleasant View,,,,,,Pleasant View,,,,,,,3598.0,10703.003,2.975,4227.0,662.0,1432.0,2133.0,4708.007,222.0,440.0,823.0,609.0,222.0,656.0,282.0,973.0,47.095,0.0,275.778,158.133
2034,city,Pleasant View,Pleasant View,,,,,,Pleasant View,,,,,,,3618.0,10682.117,2.952,4246.0,667.0,1434.0,2145.0,4755.2119999999995,222.0,445.0,825.0,609.0,224.0,657.0,284.0,980.0,47.159,0.0,301.727,160.327
2035,city,Pleasant View,Pleasant View,,,,,,Pleasant View,,,,,,,3639.0,10660.417,2.929,4208.0,653.0,1426.0,2129.0,4730.272,222.0,431.0,826.0,600.0,225.0,655.0,284.0,965.0,48.098,0.0,315.076,159.098
2036,city,Pleasant View,Pleasant View,,,,,,Pleasant View,,,,,,,3670.0,10655.623,2.903,4207.0,655.0,1421.0,2131.0,4832.423,223.0,432.0,828.0,593.0,227.0,655.0,284.0,965.0,47.160000000000004,0.0,416.163,162.097
2037,city,Pleasant View,Pleasant View,,,,,,Pleasant View,,,,,,,3657.0,10653.313,2.913,4099.0,605.0,1380.0,2114.0,4602.403,187.0,418.0,824.0,556.0,226.0,646.0,273.0,969.0,48.269,0.0,290.04200000000003,165.097
2038,city,Pleasant View,Pleasant View,,,,,,Pleasant View,,,,,,,3730.0,10787.839,2.892,4109.0,605.0,1383.0,2121.0,4745.241,187.0,418.0,827.0,556.0,226.0,647.0,275.0,973.0,47.297,0.0,421.84900000000005,167.097
2039,city,Pleasant View,Pleasant View,,,,,,Pleasant View,,,,,,,3775.0,10862.46,2.877,4126.0,605.0,1385.0,2136.0,4630.167,187.0,418.0,829.0,556.0,228.0,653.0,275.0,980.0,48.237,0.0,284.931,171.0
2040,city,Pleasant View,Pleasant View,,,,,,Pleasant View,,,,,,,3828.0,10931.089,2.856,4138.0,605.0,1388.0,2145.0,4755.906,187.0,418.0,832.0,556.0,229.0,657.0,275.0,984.0,47.169000000000004,0.0,396.549,174.192
2041,city,Pleasant View,Pleasant View,,,,,,Pleasant View,,,,,,,3869.0,10968.241,2.835,4150.0,605.0,1391.0,2154.0,4680.181,187.0,418.0,835.0,556.0,230.0,657.0,276.0,991.0,46.324,0.0,308.047,175.813
2042,city,Pleasant View,Pleasant View,,,,,,Pleasant View,,,,,,,3893.0,10969.149,2.818,4163.0,605.0,1391.0,2167.0,4736.4,187.0,418.0,835.0,556.0,232.0,663.0,278.0,994.0,46.293,0.0,349.917,177.186
2043,city,Pleasant View,Pleasant View,,,,,,Pleasant View,,,,,,,3921.0,10988.583,2.802,4170.0,605.0,1391.0,2174.0,4738.853,187.0,418.0,835.0,556.0,232.0,666.0,278.0,998.0,46.294,0.0,342.247,180.313
2044,city,Pleasant View,Pleasant View,,,,,,Pleasant View,,,,,,,3955.0,11029.417,2.789,4176.0,605.0,1391.0,2180.0,4750.544,187.0,418.0,835.0,556.0,232.0,666.0,280.0,1002.0,45.225,0.0,347.03999999999996,182.279
2045,city,Pleasant View,Pleasant View,,,,,,Pleasant View,,,,,,,3987.0,11065.363,2.775,4180.0,605.0,1391.0,2184.0,4731.677,187.0,418.0,835.0,556.0,234.0,667.0,281.0,1002.0,45.162,0.0,322.33,184.184
2046,city,Pleasant View,Pleasant View,,,,,,Pleasant View,,,,,,,4012.0,11087.061,2.763,4189.0,605.0,1392.0,2192.0,4764.319,187.0,418.0,836.0,556.0,237.0,669.0,282.0,1004.0,45.289,0.0,341.872,188.153
2047,city,Pleasant View,Pleasant View,,,,,,Pleasant View,,,,,,,4073.0,11149.301,2.737,4198.0,605.0,1393.0,2200.0,4839.459,187.0,418.0,837.0,556.0,237.0,669.0,285.0,1009.0,45.094,0.0,406.085,190.274
2048,city,Pleasant View,Pleasant View,,,,,,Pleasant View,,,,,,,4127.0,11235.264000000001,2.722,4204.0,605.0,1395.0,2204.0,4806.427,187.0,418.0,839.0,556.0,237.0,671.0,285.0,1011.0,45.263,0.0,362.044,195.124
2049,city,Pleasant View,Pleasant View,,,,,,Pleasant View,,,,,,,4175.0,11313.989,2.71,4210.0,605.0,1396.0,2209.0,4805.993,187.0,418.0,840.0,556.0,237.0,673.0,287.0,1012.0,46.099,0.0,350.864,199.03
2050,city,Pleasant View,Pleasant View,,,,,,Pleasant View,,,,,,,4224.0,11345.175,2.686,4219.0,605.0,1397.0,2217.0,4867.8240000000005,187.0,418.0,841.0,556.0,240.0,675.0,287.0,1015.0,45.132999999999996,0.0,399.695,204.0
2051,city,Pleasant View,Pleasant View,,,,,,Pleasant View,,,,,,,4305.0,11449.858,2.66,4213.0,605.0,1398.0,2210.0,4845.145,187.0,418.0,843.0,555.0,239.0,675.0,285.0,1011.0,44.193999999999996,0.0,379.705,208.247
2052,city,Pleasant View,Pleasant View,,,,,,Pleasant View,,,,,,,4341.0,11490.264,2.647,4219.0,605.0,1398.0,2216.0,4864.1669999999995,187.0,418.0,843.0,555.0,239.0,678.0,286.0,1013.0,43.218999999999994,0.0,390.515,211.431
2053,city,Pleasant View,Pleasant View,,,,,,Pleasant View,,,,,,,4423.0,11653.058,2.635,4220.0,605.0,1398.0,2217.0,4914.309,187.0,418.0,843.0,555.0,239.0,678.0,287.0,1013.0,42.185,0.0,435.999,216.12400000000002
2054,city,Pleasant View,Pleasant View,,,,,,Pleasant View,,,,,,,4467.0,11693.946,2.618,4230.0,605.0,1401.0,2224.0,5058.098,187.0,418.0,846.0,555.0,239.0,680.0,288.0,1017.0,42.126,0.0,567.603,218.367
2055,city,Pleasant View,Pleasant View,,,,,,Pleasant View,,,,,,,4524.0,11745.788,2.596,4244.0,605.0,1406.0,2233.0,4955.2339999999995,187.0,418.0,851.0,555.0,240.0,681.0,289.0,1023.0,42.089999999999996,0.0,445.014,224.124
2056,city,Pleasant View,Pleasant View,,,,,,Pleasant View,,,,,,,4551.0,11792.652,2.591,4252.0,605.0,1408.0,2239.0,4894.623,187.0,418.0,853.0,555.0,242.0,682.0,289.0,1026.0,42.028999999999996,0.0,372.685,227.90800000000002
2057,city,Pleasant View,Pleasant View,,,,,,Pleasant View,,,,,,,4549.0,11897.503,2.615,4268.0,605.0,1411.0,2252.0,4938.25,187.0,418.0,856.0,555.0,242.0,684.0,291.0,1035.0,42.253,0.0,398.118,229.874
2058,city,Pleasant View,Pleasant View,,,,,,Pleasant View,,,,,,,4549.0,12006.03,2.639,4277.0,605.0,1415.0,2257.0,5119.4890000000005,187.0,418.0,860.0,555.0,242.0,685.0,291.0,1039.0,42.29,0.0,566.296,233.909
2059,city,Pleasant View,Pleasant View,,,,,,Pleasant View,,,,,,,4547.0,12109.401,2.663,4286.0,604.0,1418.0,2264.0,4989.042,187.0,417.0,863.0,555.0,243.0,686.0,293.0,1042.0,42.292,0.0,424.479,236.278
2060,city,Pleasant View,Pleasant View,,,,,,Pleasant View,,,,,,,4543.0,12203.564,2.686,4295.0,603.0,1423.0,2269.0,5051.738,187.0,416.0,868.0,555.0,244.0,688.0,293.0,1044.0,43.33,0.0,474.559,238.847
2061,city,Pleasant View,Pleasant View,,,,,,Pleasant View,,,,,,,4542.0,12314.198,2.711,4301.0,603.0,1426.0,2272.0,5087.333,187.0,416.0,871.0,555.0,244.0,688.0,293.0,1047.0,42.19499999999999,0.0,502.172,241.969
2062,city,Pleasant View,Pleasant View,,,,,,Pleasant View,,,,,,,4541.0,12421.167,2.735,4314.0,603.0,1431.0,2280.0,5083.418,187.0,416.0,876.0,555.0,245.0,689.0,295.0,1051.0,43.694,0.0,480.627,245.088
2063,city,Pleasant View,Pleasant View,,,,,,Pleasant View,,,,,,,4539.0,12525.904,2.76,4324.0,602.0,1437.0,2285.0,5030.549,187.0,415.0,882.0,555.0,245.0,690.0,296.0,1054.0,42.0,0.0,413.456,251.091
2064,city,Pleasant View,Pleasant View,,,,,,Pleasant View,,,,,,,4537.0,12630.532000000001,2.784,4335.0,601.0,1443.0,2291.0,5108.737,187.0,414.0,888.0,555.0,247.0,690.0,298.0,1056.0,43.132,0.0,476.449,254.156
2065,city,Pleasant View,Pleasant View,,,,,,Pleasant View,,,,,,,4530.0,12721.183,2.808,4343.0,601.0,1445.0,2297.0,5194.024,187.0,414.0,890.0,555.0,248.0,690.0,299.0,1060.0,42.266,0.0,551.852,256.908
2023,city,Provo,Provo,,,,,,Provo,,,,,,,36295.0,106245.532,2.927,88974.0,10790.0,5791.0,72393.0,96838.64,6217.0,4573.0,2906.0,2885.0,9499.0,25706.0,14580.0,22608.0,49.392,93.739,5387.5380000000005,2333.967
2024,city,Provo,Provo,,,,,,Provo,,,,,,,36948.0,107378.328,2.906,89940.0,10840.0,5932.0,73168.0,96161.563,6149.0,4691.0,2980.0,2952.0,9351.0,26022.0,15191.0,22604.0,51.408,102.56,3789.908,2277.68
2025,city,Provo,Provo,,,,,,Provo,,,,,,,37756.0,108891.671,2.884,91760.0,11064.0,6046.0,74650.0,102104.827,6304.0,4760.0,3094.0,2952.0,9450.0,26286.0,15767.0,23147.0,51.394000000000005,102.242,7682.913,2508.289
2026,city,Provo,Provo,,,,,,Provo,,,,,,,38335.0,109645.218,2.86,93008.0,11207.0,6157.0,75644.0,102829.96399999999,6363.0,4844.0,3161.0,2996.0,9445.0,26467.0,16182.0,23550.0,51.394,105.855,7140.625,2524.079
2027,city,Provo,Provo,,,,,,Provo,,,,,,,38848.0,110104.595,2.834,94066.0,11372.0,6241.0,76453.0,102328.675,6472.0,4900.0,3222.0,3019.0,9418.0,26652.0,16534.0,23849.0,51.419,108.3,5563.789,2539.154
2028,city,Provo,Provo,,,,,,Provo,,,,,,,39272.0,110296.249,2.809,95074.0,11503.0,6278.0,77293.0,103184.976,6553.0,4950.0,3262.0,3016.0,9415.0,26769.0,16820.0,24289.0,51.367999999999995,103.942,5405.985,2549.678
2029,city,Provo,Provo,,,,,,Provo,,,,,,,39617.0,110274.305,2.784,95944.0,11588.0,6336.0,78020.0,104052.02,6625.0,4963.0,3325.0,3011.0,9399.0,26860.0,17073.0,24688.0,50.414,98.203,5407.262,2552.141
2030,city,Provo,Provo,,,,,,Provo,,,,,,,39950.0,110319.223,2.761,96719.0,11696.0,6416.0,78607.0,104991.17,6732.0,4964.0,3406.0,3010.0,9382.0,26918.0,17315.0,24992.0,49.536,96.609,5566.806,2559.224
2031,city,Provo,Provo,,,,,,Provo,,,,,,,40262.0,110325.709,2.74,97179.0,11784.0,6268.0,79127.0,106496.855,6841.0,4943.0,3458.0,2810.0,9353.0,26929.0,17576.0,25269.0,48.48,97.353,6600.971,2571.038
2032,city,Provo,Provo,,,,,,Provo,,,,,,,40621.0,110555.972,2.722,97901.0,11863.0,6347.0,79691.0,107222.557,6930.0,4933.0,3547.0,2800.0,9323.0,26953.0,17819.0,25596.0,47.484,102.242,6582.225,2589.602
2033,city,Provo,Provo,,,,,,Provo,,,,,,,40904.0,110662.712,2.705,98392.0,11952.0,6380.0,80060.0,107329.889,6998.0,4954.0,3588.0,2792.0,9236.0,26957.0,17996.0,25871.0,47.293,107.237,6170.39,2612.977
2034,city,Provo,Provo,,,,,,Provo,,,,,,,41185.0,110836.455,2.691,99318.0,12156.0,6434.0,80728.0,108861.465,7084.0,5072.0,3664.0,2770.0,9223.0,26987.0,18195.0,26323.0,48.525999999999996,111.594,6726.289,2657.059
2035,city,Provo,Provo,,,,,,Provo,,,,,,,41468.0,111174.368,2.681,98589.0,11924.0,6425.0,80240.0,108783.302,7038.0,4886.0,3697.0,2728.0,9201.0,26866.0,18230.0,25943.0,48.47,113.188,7386.238,2646.408
2036,city,Provo,Provo,,,,,,Provo,,,,,,,41919.0,111925.719,2.67,98505.0,11831.0,6495.0,80179.0,108979.231,6942.0,4889.0,3776.0,2719.0,9097.0,26843.0,18306.0,25933.0,49.428,112.444,7636.977,2675.384
2037,city,Provo,Provo,,,,,,Provo,,,,,,,41992.0,111561.434,2.657,99016.0,12047.0,6446.0,80523.0,108470.298,7117.0,4930.0,3743.0,2703.0,8971.0,26816.0,18432.0,26304.0,50.364,111.488,6607.844,2684.607
2038,city,Provo,Provo,,,,,,Provo,,,,,,,42510.0,112513.726,2.647,99196.0,12087.0,6497.0,80612.0,108659.506,7148.0,4939.0,3803.0,2694.0,8952.0,26839.0,18482.0,26339.0,49.537,111.275,6574.476,2728.215
2039,city,Provo,Provo,,,,,,Provo,,,,,,,42981.0,113298.664,2.636,99559.0,12140.0,6492.0,80927.0,108731.554,7192.0,4948.0,3836.0,2656.0,8943.0,26898.0,18562.0,26524.0,49.479,111.275,6255.072,2756.725
2040,city,Provo,Provo,,,,,,Provo,,,,,,,43509.0,114261.474,2.626,99691.0,12082.0,6544.0,81065.0,108944.547,7161.0,4921.0,3895.0,2649.0,8926.0,26951.0,18636.0,26552.0,49.427,111.275,6302.318,2790.526
2041,city,Provo,Provo,,,,,,Provo,,,,,,,44017.0,115219.27,2.618,99426.0,12040.0,6441.0,80945.0,108912.144,7122.0,4918.0,3793.0,2648.0,8925.0,26988.0,18628.0,26404.0,49.441,111.807,6499.136,2825.755
2042,city,Provo,Provo,,,,,,Provo,,,,,,,44486.0,116031.293,2.608,99816.0,12094.0,6503.0,81219.0,108037.998,7170.0,4924.0,3864.0,2639.0,8915.0,27038.0,18711.0,26555.0,49.473,112.87,5199.86,2859.7999999999997
2043,city,Provo,Provo,,,,,,Provo,,,,,,,44839.0,116541.294,2.599,100037.0,12132.0,6544.0,81361.0,108360.036,7209.0,4923.0,3926.0,2618.0,8885.0,27072.0,18771.0,26633.0,49.395,113.826,5277.432,2882.3740000000003
2044,city,Provo,Provo,,,,,,Provo,,,,,,,45156.0,117003.194,2.591,100424.0,12178.0,6606.0,81640.0,108761.50600000001,7253.0,4925.0,3988.0,2618.0,8885.0,27130.0,18872.0,26753.0,50.397999999999996,113.72,5265.992,2907.401
2045,city,Provo,Provo,,,,,,Provo,,,,,,,45543.0,117683.293,2.584,100915.0,12255.0,6675.0,81985.0,109032.018,7315.0,4940.0,4057.0,2618.0,8883.0,27202.0,18999.0,26901.0,50.333,113.401,5015.176,2938.117
2046,city,Provo,Provo,,,,,,Provo,,,,,,,45865.0,118172.813,2.577,101283.0,12321.0,6734.0,82228.0,109387.139,7368.0,4953.0,4116.0,2618.0,8882.0,27257.0,19070.0,27019.0,49.377,113.401,4980.476,2960.893
2047,city,Provo,Provo,,,,,,Provo,,,,,,,46177.0,118666.76,2.57,101654.0,12377.0,6787.0,82490.0,109846.603,7421.0,4956.0,4169.0,2618.0,8876.0,27323.0,19135.0,27156.0,50.331999999999994,114.039,5039.232,2989.0119999999997
2048,city,Provo,Provo,,,,,,Provo,,,,,,,46544.0,119262.198,2.562,101793.0,12416.0,6828.0,82549.0,110321.69,7452.0,4964.0,4210.0,2618.0,8863.0,27377.0,19094.0,27215.0,48.238,115.208,5350.354,3014.895
2049,city,Provo,Provo,,,,,,Provo,,,,,,,46914.0,119820.922,2.554,101883.0,12436.0,6853.0,82594.0,110845.059,7465.0,4971.0,4236.0,2617.0,8854.0,27404.0,19135.0,27201.0,46.197,116.271,5753.132,3046.473
2050,city,Provo,Provo,,,,,,Provo,,,,,,,47324.0,120432.541,2.545,102126.0,12477.0,6904.0,82745.0,111073.543,7499.0,4978.0,4287.0,2617.0,8840.0,27438.0,19189.0,27278.0,44.368,117.44,5707.94,3077.7870000000003
2051,city,Provo,Provo,,,,,,Provo,,,,,,,47711.0,120995.743,2.536,102370.0,12515.0,6953.0,82902.0,111306.785,7531.0,4984.0,4336.0,2617.0,8840.0,27494.0,19221.0,27347.0,43.437,118.396,5663.843,3111.107
2052,city,Provo,Provo,,,,,,Provo,,,,,,,48029.0,121377.242,2.527,102552.0,12549.0,7004.0,82999.0,111693.842,7562.0,4987.0,4387.0,2617.0,8839.0,27541.0,19251.0,27368.0,44.583999999999996,119.353,5844.501,3133.408
2053,city,Provo,Provo,,,,,,Provo,,,,,,,48437.0,121947.586,2.518,102741.0,12570.0,7040.0,83131.0,112712.66900000001,7580.0,4990.0,4423.0,2617.0,8839.0,27592.0,19290.0,27410.0,44.561,120.628,6643.557,3162.9210000000003
2054,city,Provo,Provo,,,,,,Provo,,,,,,,49078.0,123174.848,2.51,102948.0,12597.0,7070.0,83281.0,113836.412,7605.0,4992.0,4453.0,2617.0,8839.0,27643.0,19332.0,27467.0,44.527,121.478,7514.306,3208.105
2055,city,Provo,Provo,,,,,,Provo,,,,,,,49889.0,124830.69499999999,2.502,103096.0,12617.0,7098.0,83381.0,114220.998,7621.0,4996.0,4481.0,2617.0,8839.0,27686.0,19368.0,27488.0,44.555,121.797,7694.0470000000005,3264.597
2056,city,Provo,Provo,,,,,,Provo,,,,,,,50793.0,126894.04,2.498,103285.0,12642.0,7127.0,83516.0,114206.622,7646.0,4996.0,4510.0,2617.0,8837.0,27728.0,19402.0,27549.0,44.555,121.053,7424.204,3331.801
2057,city,Provo,Provo,,,,,,Provo,,,,,,,51693.0,129474.806,2.505,103452.0,12658.0,7150.0,83644.0,114847.60800000001,7664.0,4994.0,4533.0,2617.0,8837.0,27774.0,19437.0,27596.0,44.577,118.928,7819.0070000000005,3413.1
2058,city,Provo,Provo,,,,,,Provo,,,,,,,51764.0,131159.986,2.534,103542.0,12656.0,7162.0,83724.0,115033.101,7676.0,4980.0,4546.0,2616.0,8835.0,27803.0,19459.0,27627.0,44.589,116.908,7851.402,3478.196
2059,city,Provo,Provo,,,,,,Provo,,,,,,,51800.0,132545.396,2.559,103672.0,12679.0,7183.0,83810.0,114980.507,7695.0,4984.0,4567.0,2616.0,8835.0,27838.0,19477.0,27660.0,44.599000000000004,115.42,7611.791,3536.71
2060,city,Provo,Provo,,,,,,Provo,,,,,,,52186.0,134774.437,2.583,103838.0,12709.0,7212.0,83917.0,116206.042,7725.0,4984.0,4596.0,2616.0,8835.0,27868.0,19503.0,27711.0,44.611,114.676,8590.663,3618.085
2061,city,Provo,Provo,,,,,,Provo,,,,,,,52238.0,136581.40899999999,2.615,103968.0,12728.0,7237.0,84003.0,115936.429,7741.0,4987.0,4621.0,2616.0,8835.0,27892.0,19525.0,27751.0,44.571999999999996,114.145,8125.913,3683.8019999999997
2062,city,Provo,Provo,,,,,,Provo,,,,,,,52289.0,138209.101,2.643,104104.0,12753.0,7262.0,84089.0,116025.955,7760.0,4993.0,4646.0,2616.0,8835.0,27915.0,19552.0,27787.0,43.524,113.826,8019.3949999999995,3745.212
2063,city,Provo,Provo,,,,,,Provo,,,,,,,52324.0,139814.888,2.672,104150.0,12746.0,7270.0,84134.0,116425.683,7770.0,4976.0,4660.0,2610.0,8833.0,27932.0,19571.0,27798.0,43.515,113.507,8306.156,3812.499
2064,city,Provo,Provo,,,,,,Provo,,,,,,,52341.0,141473.483,2.703,104247.0,12766.0,7296.0,84185.0,116639.253,7789.0,4977.0,4686.0,2610.0,8831.0,27953.0,19590.0,27811.0,42.53,113.295,8361.423999999999,3875.009
2065,city,Provo,Provo,,,,,,Provo,,,,,,,52369.0,142997.772,2.731,104365.0,12782.0,7319.0,84264.0,116722.975,7803.0,4979.0,4709.0,2610.0,8831.0,27977.0,19610.0,27846.0,42.562000000000005,113.082,8267.331,3934.995
2023,city,Riverdale,Riverdale,,,,,,Riverdale,,,,,,,3129.0,7911.231,2.528,14458.0,4442.0,1666.0,8350.0,15283.307999999999,2900.0,1542.0,1232.0,434.0,829.0,2510.0,659.0,4352.0,10.032,0.0,691.943,123.33500000000001
2024,city,Riverdale,Riverdale,,,,,,Riverdale,,,,,,,3255.0,8149.996,2.504,15354.0,4701.0,1981.0,8672.0,15940.769,2935.0,1766.0,1456.0,525.0,828.0,2726.0,689.0,4429.0,10.013,0.0,449.75699999999995,127.0
2025,city,Riverdale,Riverdale,,,,,,Riverdale,,,,,,,3416.0,8385.617,2.455,15891.0,4696.0,2172.0,9023.0,17050.375,2935.0,1761.0,1609.0,563.0,869.0,2888.0,784.0,4482.0,10.02,0.0,1005.248,144.108
2026,city,Riverdale,Riverdale,,,,,,Riverdale,,,,,,,3528.0,8525.317,2.416,16053.0,4686.0,2181.0,9186.0,17176.53,2925.0,1761.0,1611.0,570.0,855.0,2912.0,890.0,4529.0,10.026,0.0,963.395,150.107
2027,city,Riverdale,Riverdale,,,,,,Riverdale,,,,,,,3575.0,8539.826,2.389,16330.0,4734.0,2236.0,9360.0,17299.91,2973.0,1761.0,1617.0,619.0,849.0,2941.0,983.0,4587.0,10.053,0.0,807.6790000000001,152.18
2028,city,Riverdale,Riverdale,,,,,,Riverdale,,,,,,,3589.0,8499.164999999999,2.368,16456.0,4727.0,2237.0,9492.0,17490.739,2973.0,1754.0,1618.0,619.0,849.0,2949.0,1053.0,4641.0,10.033,0.0,871.459,153.248
2029,city,Riverdale,Riverdale,,,,,,Riverdale,,,,,,,3592.0,8435.686,2.348,16617.0,4729.0,2260.0,9628.0,17548.510000000002,2983.0,1746.0,1641.0,619.0,855.0,2957.0,1107.0,4709.0,10.027000000000001,0.0,767.415,154.07
2030,city,Riverdale,Riverdale,,,,,,Riverdale,,,,,,,3600.0,8407.539,2.335,16818.0,4738.0,2281.0,9799.0,17839.596,3013.0,1725.0,1662.0,619.0,865.0,2984.0,1183.0,4767.0,10.013,0.0,856.271,155.31
2031,city,Riverdale,Riverdale,,,,,,Riverdale,,,,,,,3700.0,8533.879,2.306,16951.0,4750.0,2309.0,9892.0,18129.015,3049.0,1701.0,1690.0,619.0,871.0,2969.0,1248.0,4804.0,10.013,0.0,1006.86,161.14
2032,city,Riverdale,Riverdale,,,,,,Riverdale,,,,,,,3731.0,8532.28,2.287,17068.0,4736.0,2322.0,10010.0,18169.841,3050.0,1686.0,1703.0,619.0,880.0,2969.0,1317.0,4844.0,10.0,0.0,927.668,164.175
2033,city,Riverdale,Riverdale,,,,,,Riverdale,,,,,,,3832.0,8665.511,2.261,17223.0,4746.0,2336.0,10141.0,18349.604,3068.0,1678.0,1717.0,619.0,897.0,2969.0,1382.0,4893.0,9.018,0.0,947.444,170.142
2034,city,Riverdale,Riverdale,,,,,,Riverdale,,,,,,,3867.0,8678.542,2.244,17725.0,5054.0,2344.0,10327.0,18724.839,3186.0,1868.0,1725.0,619.0,925.0,2976.0,1454.0,4972.0,9.030999999999999,0.0,817.456,173.354
2035,city,Riverdale,Riverdale,,,,,,Riverdale,,,,,,,3881.0,8657.734,2.231,17587.0,4952.0,2346.0,10289.0,18619.065,3168.0,1784.0,1734.0,612.0,953.0,2974.0,1470.0,4892.0,9.018,0.0,850.941,172.106
2036,city,Riverdale,Riverdale,,,,,,Riverdale,,,,,,,3891.0,8633.464,2.219,17767.0,5007.0,2366.0,10394.0,18798.186999999998,3222.0,1785.0,1755.0,611.0,978.0,2978.0,1521.0,4917.0,9.030999999999999,0.0,850.054,172.102
2037,city,Riverdale,Riverdale,,,,,,Riverdale,,,,,,,3385.0,7720.768,2.281,17915.0,4918.0,2464.0,10533.0,18869.031,3169.0,1749.0,1810.0,654.0,1009.0,2981.0,1616.0,4927.0,10.056000000000001,0.0,791.888,152.09
2038,city,Riverdale,Riverdale,,,,,,Riverdale,,,,,,,3386.0,7685.2339999999995,2.27,18230.0,5045.0,2485.0,10700.0,19203.442000000003,3296.0,1749.0,1831.0,654.0,1037.0,2990.0,1707.0,4966.0,10.062999999999999,0.0,810.2919999999999,153.087
2039,city,Riverdale,Riverdale,,,,,,Riverdale,,,,,,,3446.0,7750.066,2.249,18583.0,5203.0,2505.0,10875.0,19776.476000000002,3445.0,1758.0,1851.0,654.0,1056.0,2998.0,1796.0,5025.0,10.049,0.0,1027.4279999999999,156.0
2040,city,Riverdale,Riverdale,,,,,,Riverdale,,,,,,,3486.0,7792.083,2.235,18882.0,5347.0,2521.0,11014.0,19921.398,3581.0,1766.0,1867.0,654.0,1077.0,3010.0,1869.0,5058.0,10.036000000000001,0.0,871.191,158.174
2041,city,Riverdale,Riverdale,,,,,,Riverdale,,,,,,,3505.0,7795.219,2.224,19236.0,5550.0,2540.0,11146.0,20157.987,3747.0,1803.0,1886.0,654.0,1092.0,3013.0,1946.0,5095.0,10.07,0.0,752.091,159.829
2042,city,Riverdale,Riverdale,,,,,,Riverdale,,,,,,,3513.0,7778.57,2.214,19539.0,5700.0,2559.0,11280.0,20715.515,3887.0,1813.0,1905.0,654.0,1124.0,3023.0,2008.0,5125.0,10.064,0.0,1005.284,161.172
2043,city,Riverdale,Riverdale,,,,,,Riverdale,,,,,,,3558.0,7823.882,2.199,19862.0,5896.0,2567.0,11399.0,20965.756999999998,4047.0,1849.0,1913.0,654.0,1149.0,3038.0,2057.0,5155.0,10.064,0.0,929.409,164.284
2044,city,Riverdale,Riverdale,,,,,,Riverdale,,,,,,,3580.0,7844.282,2.191,19978.0,5898.0,2579.0,11501.0,21014.122,4048.0,1850.0,1925.0,654.0,1166.0,3047.0,2107.0,5181.0,10.05,0.0,860.818,165.252
2045,city,Riverdale,Riverdale,,,,,,Riverdale,,,,,,,3588.0,7837.536,2.184,20111.0,5905.0,2591.0,11615.0,21029.222,4055.0,1850.0,1937.0,654.0,1190.0,3061.0,2154.0,5210.0,10.036000000000001,0.0,742.019,166.166
2046,city,Riverdale,Riverdale,,,,,,Riverdale,,,,,,,3684.0,7989.879,2.169,20236.0,5915.0,2605.0,11716.0,21594.188,4065.0,1850.0,1951.0,654.0,1225.0,3069.0,2193.0,5229.0,10.064,0.0,1173.981,174.141
2047,city,Riverdale,Riverdale,,,,,,Riverdale,,,,,,,3726.0,8027.967000000001,2.155,20398.0,5994.0,2612.0,11792.0,21389.532,4144.0,1850.0,1958.0,654.0,1244.0,3075.0,2225.0,5248.0,10.021,0.0,805.258,176.256
2048,city,Riverdale,Riverdale,,,,,,Riverdale,,,,,,,3743.0,8036.592,2.147,20611.0,6121.0,2622.0,11868.0,21679.754,4271.0,1850.0,1968.0,654.0,1269.0,3087.0,2254.0,5258.0,10.058,0.0,879.583,179.112
2049,city,Riverdale,Riverdale,,,,,,Riverdale,,,,,,,3887.0,8268.444,2.127,20858.0,6301.0,2630.0,11927.0,22233.563000000002,4446.0,1855.0,1976.0,654.0,1286.0,3093.0,2283.0,5265.0,9.018999999999998,0.0,1179.5140000000001,187.02800000000002
2050,city,Riverdale,Riverdale,,,,,,Riverdale,,,,,,,3942.0,8341.455,2.116,21093.0,6474.0,2642.0,11977.0,22248.936999999998,4612.0,1862.0,1988.0,654.0,1295.0,3108.0,2306.0,5268.0,9.026,0.0,956.9110000000001,190.0
2051,city,Riverdale,Riverdale,,,,,,Riverdale,,,,,,,4009.0,8439.725,2.105,21109.0,6474.0,2645.0,11990.0,22140.651,4612.0,1862.0,1991.0,654.0,1297.0,3112.0,2313.0,5268.0,9.04,0.0,828.381,194.23
2052,city,Riverdale,Riverdale,,,,,,Riverdale,,,,,,,4378.0,8992.111,2.054,21132.0,6474.0,2647.0,12011.0,22993.373,4612.0,1862.0,1993.0,654.0,1298.0,3122.0,2319.0,5272.0,9.046,0.0,1639.894,212.434
2053,city,Riverdale,Riverdale,,,,,,Riverdale,,,,,,,4418.0,9030.499,2.044,21161.0,6474.0,2649.0,12038.0,22362.004,4612.0,1862.0,1995.0,654.0,1299.0,3136.0,2327.0,5276.0,10.045,0.0,975.835,215.12300000000002
2054,city,Riverdale,Riverdale,,,,,,Riverdale,,,,,,,4418.0,8999.448,2.037,21185.0,6474.0,2652.0,12059.0,22447.479,4612.0,1862.0,1998.0,654.0,1303.0,3147.0,2330.0,5279.0,10.03,0.0,1035.083,217.367
2055,city,Riverdale,Riverdale,,,,,,Riverdale,,,,,,,4421.0,8975.8,2.03,21210.0,6474.0,2653.0,12083.0,22447.085,4612.0,1862.0,1999.0,654.0,1307.0,3156.0,2337.0,5283.0,10.022,0.0,1008.94,218.119
2056,city,Riverdale,Riverdale,,,,,,Riverdale,,,,,,,4422.0,8954.215,2.025,21239.0,6474.0,2656.0,12109.0,22541.072,4612.0,1862.0,2002.0,654.0,1309.0,3165.0,2345.0,5290.0,10.007,0.0,1073.151,218.91
2057,city,Riverdale,Riverdale,,,,,,Riverdale,,,,,,,4422.0,9024.374,2.041,21259.0,6474.0,2657.0,12128.0,22513.635,4612.0,1862.0,2003.0,654.0,1310.0,3174.0,2349.0,5295.0,10.06,0.0,1022.692,221.879
2058,city,Riverdale,Riverdale,,,,,,Riverdale,,,,,,,4422.0,9092.342,2.056,21271.0,6471.0,2659.0,12141.0,22530.617,4612.0,1859.0,2005.0,654.0,1312.0,3177.0,2353.0,5299.0,10.068999999999999,0.0,1022.6370000000001,226.911
2059,city,Riverdale,Riverdale,,,,,,Riverdale,,,,,,,4422.0,9160.271,2.072,21303.0,6471.0,2663.0,12169.0,22575.709,4612.0,1859.0,2009.0,654.0,1315.0,3186.0,2362.0,5306.0,10.068999999999999,0.0,1032.3700000000001,230.27
2060,city,Riverdale,Riverdale,,,,,,Riverdale,,,,,,,4422.0,9227.662,2.087,21321.0,6468.0,2665.0,12188.0,23203.666,4612.0,1856.0,2011.0,654.0,1316.0,3198.0,2366.0,5308.0,10.077,0.0,1638.738,233.84900000000002
2061,city,Riverdale,Riverdale,,,,,,Riverdale,,,,,,,4422.0,9298.189,2.103,21333.0,6466.0,2667.0,12200.0,22590.143,4612.0,1854.0,2013.0,654.0,1318.0,3198.0,2373.0,5311.0,10.046000000000001,0.0,1011.127,235.971
2062,city,Riverdale,Riverdale,,,,,,Riverdale,,,,,,,4422.0,9366.938,2.118,21350.0,6465.0,2668.0,12217.0,22715.64,4612.0,1853.0,2014.0,654.0,1319.0,3204.0,2380.0,5314.0,9.931000000000001,0.0,1116.619,239.088
2063,city,Riverdale,Riverdale,,,,,,Riverdale,,,,,,,4422.0,9435.968,2.134,21365.0,6463.0,2669.0,12233.0,22838.568,4612.0,1851.0,2015.0,654.0,1320.0,3211.0,2383.0,5319.0,10.0,0.0,1220.476,243.09
2064,city,Riverdale,Riverdale,,,,,,Riverdale,,,,,,,4422.0,9504.466,2.149,21383.0,6461.0,2672.0,12250.0,22748.659,4612.0,1849.0,2018.0,654.0,1321.0,3217.0,2389.0,5323.0,10.031,0.0,1109.479,246.149
2065,city,Riverdale,Riverdale,,,,,,Riverdale,,,,,,,4422.0,9573.691,2.165,21406.0,6459.0,2677.0,12270.0,22738.719,4612.0,1847.0,2023.0,654.0,1323.0,3221.0,2400.0,5326.0,10.064,0.0,1071.747,250.911
2023,city,Riverton,Riverton,,,,,,Riverton,,,,,,,13623.0,43651.144,3.204,16091.0,4572.0,1796.0,9723.0,18848.477,2501.0,2071.0,722.0,1074.0,1606.0,2337.0,2393.0,3387.0,71.169,1.722,1809.708,874.8779999999999
2024,city,Riverton,Riverton,,,,,,Riverton,,,,,,,13925.0,43982.441,3.159,16284.0,4571.0,1861.0,9852.0,19100.965,2487.0,2084.0,767.0,1094.0,1605.0,2396.0,2418.0,3433.0,68.382,1.764,1874.662,872.155
2025,city,Riverton,Riverton,,,,,,Riverton,,,,,,,14108.0,43969.627,3.117,16475.0,4565.0,1951.0,9959.0,18845.595999999998,2490.0,2075.0,842.0,1109.0,1612.0,2428.0,2469.0,3450.0,68.27199999999999,1.742,1338.237,962.344
2026,city,Riverton,Riverton,,,,,,Riverton,,,,,,,14392.0,44277.101,3.077,16532.0,4554.0,1962.0,10016.0,19149.091,2481.0,2073.0,842.0,1120.0,1606.0,2430.0,2498.0,3482.0,67.213,1.779,1566.94,981.157
2027,city,Riverton,Riverton,,,,,,Riverton,,,,,,,14604.0,44333.556000000004,3.036,16635.0,4562.0,1974.0,10099.0,19273.622,2496.0,2066.0,842.0,1132.0,1606.0,2442.0,2530.0,3521.0,63.56699999999999,1.804,1569.128,1004.122
2028,city,Riverton,Riverton,,,,,,Riverton,,,,,,,14817.0,44418.565,2.998,16688.0,4547.0,1976.0,10165.0,19295.881,2501.0,2046.0,842.0,1134.0,1616.0,2450.0,2549.0,3550.0,58.428,1.717,1526.703,1021.029
2029,city,Riverton,Riverton,,,,,,Riverton,,,,,,,15000.0,44479.987,2.965,16743.0,4514.0,1981.0,10248.0,19476.201,2488.0,2026.0,844.0,1137.0,1622.0,2458.0,2577.0,3591.0,58.19199999999999,1.61,1632.249,1041.154
2030,city,Riverton,Riverton,,,,,,Riverton,,,,,,,15088.0,44278.33,2.935,16868.0,4509.0,2010.0,10349.0,19422.628,2501.0,2008.0,872.0,1138.0,1637.0,2468.0,2612.0,3632.0,57.333,1.576,1439.6000000000001,1056.122
2031,city,Riverton,Riverton,,,,,,Riverton,,,,,,,15202.0,44203.604,2.908,16923.0,4483.0,2050.0,10390.0,19558.891,2512.0,1971.0,910.0,1140.0,1646.0,2468.0,2630.0,3646.0,56.329,1.579,1509.957,1068.03
2032,city,Riverton,Riverton,,,,,,Riverton,,,,,,,15310.0,44116.614,2.882,17019.0,4477.0,2050.0,10492.0,19542.942000000003,2528.0,1949.0,910.0,1140.0,1664.0,2468.0,2657.0,3703.0,56.424,1.651,1382.2,1083.668
2033,city,Riverton,Riverton,,,,,,Riverton,,,,,,,15457.0,44144.72,2.856,17082.0,4484.0,2060.0,10538.0,19748.117,2542.0,1942.0,922.0,1138.0,1674.0,2467.0,2654.0,3743.0,57.478,1.728,1498.579,1108.336
2034,city,Riverton,Riverton,,,,,,Riverton,,,,,,,15658.0,44320.801999999996,2.831,17304.0,4542.0,2051.0,10711.0,20456.069,2574.0,1968.0,919.0,1132.0,1710.0,2473.0,2686.0,3842.0,54.683,1.796,1954.378,1141.211
2035,city,Riverton,Riverton,,,,,,Riverton,,,,,,,15812.0,44428.677,2.81,17229.0,4460.0,2037.0,10732.0,19917.273,2576.0,1884.0,920.0,1117.0,1743.0,2466.0,2701.0,3822.0,53.626999999999995,1.818,1483.802,1149.029
2036,city,Riverton,Riverton,,,,,,Riverton,,,,,,,15924.0,44445.02,2.791,17357.0,4477.0,2031.0,10849.0,20080.064,2592.0,1885.0,920.0,1111.0,1783.0,2472.0,2717.0,3877.0,55.739000000000004,1.803,1498.488,1167.029
2037,city,Riverton,Riverton,,,,,,Riverton,,,,,,,16546.0,45657.406,2.759,17130.0,4342.0,2059.0,10729.0,20191.129,2479.0,1863.0,986.0,1073.0,1772.0,2462.0,2707.0,3788.0,49.492000000000004,1.786,1781.913,1227.936
2038,city,Riverton,Riverton,,,,,,Riverton,,,,,,,16736.0,45928.493,2.744,17068.0,4310.0,2043.0,10715.0,20056.816,2485.0,1825.0,987.0,1056.0,1782.0,2464.0,2705.0,3764.0,47.472,1.78,1685.625,1253.936
2039,city,Riverton,Riverton,,,,,,Riverton,,,,,,,16886.0,46088.418,2.729,17217.0,4337.0,2046.0,10834.0,20000.163,2502.0,1835.0,987.0,1059.0,1806.0,2472.0,2730.0,3826.0,48.28,1.777,1451.104,1282.0
2040,city,Riverton,Riverton,,,,,,Riverton,,,,,,,17063.0,46331.987,2.715,17252.0,4292.0,2041.0,10919.0,20456.032,2488.0,1804.0,989.0,1052.0,1840.0,2485.0,2757.0,3837.0,46.308,1.777,1846.376,1309.573
2041,city,Riverton,Riverton,,,,,,Riverton,,,,,,,17245.0,46553.106999999996,2.7,17422.0,4337.0,2041.0,11044.0,20531.453999999998,2515.0,1822.0,989.0,1052.0,1854.0,2499.0,2776.0,3915.0,46.268,1.784,1716.038,1345.368
2042,city,Riverton,Riverton,,,,,,Riverton,,,,,,,17430.0,46822.836,2.686,17662.0,4404.0,2045.0,11213.0,20840.177,2555.0,1849.0,989.0,1056.0,1885.0,2506.0,2799.0,4023.0,45.334,1.801,1760.496,1370.545
2043,city,Riverton,Riverton,,,,,,Riverton,,,,,,,17650.0,47234.926,2.676,17768.0,4424.0,2042.0,11302.0,21028.78,2566.0,1858.0,989.0,1053.0,1904.0,2522.0,2804.0,4072.0,44.400999999999996,1.815,1808.653,1405.907
2044,city,Riverton,Riverton,,,,,,Riverton,,,,,,,17889.0,47646.546,2.663,17981.0,4447.0,2051.0,11483.0,21329.490999999998,2570.0,1877.0,990.0,1061.0,1948.0,2538.0,2833.0,4164.0,43.072,1.813,1860.668,1442.9379999999999
2045,city,Riverton,Riverton,,,,,,Riverton,,,,,,,18092.0,47958.962,2.651,18032.0,4429.0,2096.0,11507.0,21396.524,2553.0,1876.0,1036.0,1060.0,1967.0,2534.0,2825.0,4181.0,43.036,1.81,1838.89,1480.79
2046,city,Riverton,Riverton,,,,,,Riverton,,,,,,,18319.0,48310.857,2.637,18154.0,4420.0,2124.0,11610.0,21497.451,2553.0,1867.0,1061.0,1063.0,1992.0,2544.0,2845.0,4229.0,42.896,1.811,1777.777,1520.971
2047,city,Riverton,Riverton,,,,,,Riverton,,,,,,,18557.0,48725.836,2.626,18265.0,4417.0,2149.0,11699.0,21322.95,2556.0,1861.0,1085.0,1064.0,2008.0,2558.0,2872.0,4261.0,43.036,1.824,1451.815,1561.2740000000001
2048,city,Riverton,Riverton,,,,,,Riverton,,,,,,,18734.0,48940.332,2.612,18314.0,4397.0,2150.0,11767.0,21547.466,2566.0,1831.0,1082.0,1068.0,2020.0,2565.0,2893.0,4289.0,43.0,1.844,1588.498,1600.123
2049,city,Riverton,Riverton,,,,,,Riverton,,,,,,,18861.0,49020.327,2.599,18414.0,4416.0,2159.0,11839.0,21762.134000000002,2582.0,1834.0,1090.0,1069.0,2037.0,2575.0,2924.0,4303.0,42.964,1.865,1669.944,1633.3609999999999
2050,city,Riverton,Riverton,,,,,,Riverton,,,,,,,18953.0,49023.292,2.587,18485.0,4417.0,2164.0,11904.0,22056.113,2585.0,1832.0,1093.0,1071.0,2052.0,2581.0,2948.0,4323.0,43.0,1.885,1856.439,1669.79
2051,city,Riverton,Riverton,,,,,,Riverton,,,,,,,19044.0,49031.327,2.575,18534.0,4419.0,2167.0,11948.0,22147.48,2591.0,1828.0,1094.0,1073.0,2065.0,2591.0,2951.0,4341.0,42.964,1.902,1871.311,1697.302
2052,city,Riverton,Riverton,,,,,,Riverton,,,,,,,19156.0,49012.769,2.559,18551.0,4421.0,2168.0,11962.0,22223.811,2595.0,1826.0,1095.0,1073.0,2069.0,2598.0,2952.0,4343.0,43.0,1.922,1897.682,1730.209
2053,city,Riverton,Riverton,,,,,,Riverton,,,,,,,19306.0,49081.318,2.542,18559.0,4414.0,2168.0,11977.0,22558.271,2591.0,1823.0,1096.0,1072.0,2072.0,2602.0,2957.0,4346.0,43.0,1.944,2190.421,1763.9089999999999
2054,city,Riverton,Riverton,,,,,,Riverton,,,,,,,19612.0,49396.556,2.519,18435.0,4257.0,2171.0,12007.0,22542.831,2492.0,1765.0,1097.0,1074.0,2073.0,2612.0,2964.0,4358.0,43.0,1.96,2249.025,1813.8509999999999
2055,city,Riverton,Riverton,,,,,,Riverton,,,,,,,19807.0,49531.546,2.501,18434.0,4247.0,2172.0,12015.0,22481.984,2481.0,1766.0,1097.0,1075.0,2073.0,2616.0,2967.0,4359.0,43.0,1.969,2146.682,1856.336
2056,city,Riverton,Riverton,,,,,,Riverton,,,,,,,19984.0,49616.432,2.483,18435.0,4245.0,2170.0,12020.0,22622.846999999998,2483.0,1762.0,1095.0,1075.0,2075.0,2617.0,2967.0,4361.0,43.036,1.96,2246.941,1895.9099999999999
2057,city,Riverton,Riverton,,,,,,Riverton,,,,,,,20146.0,49942.328,2.479,18295.0,4236.0,2122.0,11937.0,22494.81,2479.0,1757.0,1063.0,1059.0,2066.0,2611.0,2951.0,4309.0,43.036,1.928,2209.541,1945.304
2058,city,Riverton,Riverton,,,,,,Riverton,,,,,,,20635.0,51073.444,2.475,17315.0,3778.0,1811.0,11726.0,22082.754,2200.0,1578.0,833.0,978.0,2054.0,2575.0,2950.0,4147.0,43.0,1.898,2698.7619999999997,2024.092
2059,city,Riverton,Riverton,,,,,,Riverton,,,,,,,20723.0,51387.021,2.48,17316.0,3776.0,1807.0,11733.0,21511.09,2202.0,1574.0,830.0,977.0,2058.0,2578.0,2954.0,4143.0,43.0,1.879,2081.899,2068.311
2060,city,Riverton,Riverton,,,,,,Riverton,,,,,,,20779.0,51703.795,2.488,17305.0,3767.0,1808.0,11730.0,21474.605,2192.0,1575.0,830.0,978.0,2058.0,2580.0,2955.0,4137.0,42.07,1.869,2015.261,2110.405
2061,city,Riverton,Riverton,,,,,,Riverton,,,,,,,21203.0,52662.983,2.484,16756.0,3567.0,1642.0,11547.0,21640.889,2077.0,1490.0,761.0,881.0,2035.0,2551.0,2951.0,4010.0,43.0,1.863,2649.119,2190.9049999999997
2062,city,Riverton,Riverton,,,,,,Riverton,,,,,,,21244.0,52967.044,2.493,16772.0,3571.0,1642.0,11559.0,21077.908,2080.0,1491.0,761.0,881.0,2038.0,2554.0,2952.0,4015.0,42.07,1.86,2030.07,2231.9049999999997
2063,city,Riverton,Riverton,,,,,,Riverton,,,,,,,21199.0,53117.325,2.506,16986.0,3597.0,1656.0,11733.0,21659.223,2096.0,1501.0,761.0,895.0,2078.0,2588.0,2980.0,4087.0,42.07,1.857,2363.951,2265.348
2064,city,Riverton,Riverton,,,,,,Riverton,,,,,,,21227.0,53465.099,2.519,17153.0,3624.0,1658.0,11871.0,21561.378,2114.0,1510.0,761.0,897.0,2113.0,2619.0,3002.0,4137.0,43.0,1.854,2053.209,2310.314
2065,city,Riverton,Riverton,,,,,,Riverton,,,,,,,21252.0,53776.779,2.53,17297.0,3647.0,1663.0,11987.0,21781.638,2125.0,1522.0,761.0,902.0,2137.0,2646.0,3026.0,4178.0,42.07,1.852,2088.746,2351.969
2023,city,Roy,Roy,,,,,,Roy,,,,,,,13334.0,37487.553,2.811,8200.0,1939.0,529.0,5732.0,9696.221,1163.0,776.0,244.0,285.0,569.0,1530.0,908.0,2725.0,5.015,0.0,966.787,524.422
2024,city,Roy,Roy,,,,,,Roy,,,,,,,13386.0,37360.019,2.791,8316.0,1888.0,616.0,5812.0,9083.048,1113.0,775.0,331.0,285.0,537.0,1610.0,908.0,2757.0,5.006,0.0,244.041,518.0
2025,city,Roy,Roy,,,,,,Roy,,,,,,,13449.0,37173.684,2.764,8480.0,1887.0,666.0,5927.0,9956.441,1113.0,774.0,381.0,285.0,550.0,1668.0,930.0,2779.0,5.01,0.0,906.0120000000001,565.419
2026,city,Roy,Roy,,,,,,Roy,,,,,,,13522.0,37024.78,2.738,8524.0,1879.0,666.0,5979.0,9978.525,1104.0,775.0,381.0,285.0,548.0,1675.0,955.0,2801.0,5.013999999999999,0.0,877.1,572.411
2027,city,Roy,Roy,,,,,,Roy,,,,,,,13592.0,36875.088,2.713,8570.0,1879.0,669.0,6022.0,10103.967999999999,1104.0,775.0,384.0,285.0,540.0,1680.0,976.0,2826.0,5.026,0.0,951.26,577.684
2028,city,Roy,Roy,,,,,,Roy,,,,,,,13621.0,36632.749,2.689,8602.0,1875.0,673.0,6054.0,10103.854,1104.0,771.0,388.0,285.0,538.0,1683.0,987.0,2846.0,5.016,0.0,910.8879999999999,585.954
2029,city,Roy,Roy,,,,,,Roy,,,,,,,13665.0,36430.959,2.666,8645.0,1873.0,678.0,6094.0,10156.475999999999,1104.0,769.0,393.0,285.0,539.0,1689.0,998.0,2868.0,5.013999999999999,0.0,915.197,591.272
2030,city,Roy,Roy,,,,,,Roy,,,,,,,13678.0,36217.093,2.648,8690.0,1869.0,685.0,6136.0,10162.42,1105.0,764.0,400.0,285.0,539.0,1706.0,1008.0,2883.0,5.006,0.0,871.223,596.19
2031,city,Roy,Roy,,,,,,Roy,,,,,,,13730.0,36049.329,2.626,8702.0,1861.0,691.0,6150.0,10249.385,1105.0,756.0,406.0,285.0,540.0,1701.0,1015.0,2894.0,5.006,0.0,941.86,600.524
2032,city,Roy,Roy,,,,,,Roy,,,,,,,13758.0,35870.818,2.607,8713.0,1853.0,693.0,6167.0,10254.662,1105.0,748.0,408.0,285.0,540.0,1699.0,1021.0,2907.0,5.0,0.0,932.017,604.6419999999999
2033,city,Roy,Roy,,,,,,Roy,,,,,,,13784.0,35708.6,2.591,8733.0,1853.0,696.0,6184.0,10134.433,1105.0,748.0,412.0,284.0,543.0,1699.0,1025.0,2917.0,5.01,0.0,787.916,608.51
2034,city,Roy,Roy,,,,,,Roy,,,,,,,13813.0,35550.519,2.574,8780.0,1853.0,697.0,6230.0,10280.624,1105.0,748.0,413.0,284.0,546.0,1705.0,1029.0,2950.0,5.016,0.0,881.352,614.252
2035,city,Roy,Roy,,,,,,Roy,,,,,,,13852.0,35435.036,2.558,8697.0,1817.0,700.0,6180.0,10125.98,1099.0,718.0,419.0,281.0,549.0,1702.0,1030.0,2899.0,5.01,0.0,811.597,612.374
2036,city,Roy,Roy,,,,,,Roy,,,,,,,13926.0,35387.6,2.541,8718.0,1817.0,702.0,6199.0,10378.14,1099.0,718.0,423.0,279.0,551.0,1703.0,1035.0,2910.0,5.016,0.0,1036.752,618.37
2037,city,Roy,Roy,,,,,,Roy,,,,,,,13760.0,34888.758,2.536,8847.0,1840.0,726.0,6281.0,10257.26,1123.0,717.0,446.0,280.0,560.0,1712.0,1040.0,2969.0,5.029,0.0,793.877,611.358
2038,city,Roy,Roy,,,,,,Roy,,,,,,,13839.0,34879.657,2.52,8882.0,1840.0,729.0,6313.0,10480.1,1123.0,717.0,449.0,280.0,567.0,1719.0,1052.0,2975.0,5.031,0.0,973.716,619.356
2039,city,Roy,Roy,,,,,,Roy,,,,,,,13881.0,34815.826,2.508,8914.0,1840.0,733.0,6341.0,10424.078,1123.0,717.0,453.0,280.0,568.0,1725.0,1062.0,2986.0,5.0249999999999995,0.0,879.053,626.0
2040,city,Roy,Roy,,,,,,Roy,,,,,,,13958.0,34824.135,2.495,8941.0,1840.0,738.0,6363.0,10574.542,1123.0,717.0,458.0,280.0,570.0,1728.0,1070.0,2995.0,5.019,0.0,993.825,634.699
2041,city,Roy,Roy,,,,,,Roy,,,,,,,13994.0,34749.298,2.483,8970.0,1840.0,741.0,6389.0,10330.221,1123.0,717.0,461.0,280.0,572.0,1729.0,1077.0,3011.0,5.034999999999999,0.0,714.874,640.309
2042,city,Roy,Roy,,,,,,Roy,,,,,,,14030.0,34685.269,2.472,9005.0,1840.0,741.0,6424.0,10691.26,1123.0,717.0,461.0,280.0,578.0,1737.0,1084.0,3025.0,5.031,0.0,1035.545,645.683
2043,city,Roy,Roy,,,,,,Roy,,,,,,,14088.0,34693.277,2.463,9025.0,1840.0,743.0,6442.0,10549.008,1123.0,717.0,463.0,280.0,581.0,1743.0,1087.0,3031.0,5.031,0.0,869.848,649.125
2044,city,Roy,Roy,,,,,,Roy,,,,,,,14129.0,34652.493,2.453,9060.0,1840.0,748.0,6472.0,10610.456,1123.0,717.0,468.0,280.0,585.0,1749.0,1093.0,3045.0,5.0249999999999995,0.0,890.43,655.0029999999999
2045,city,Roy,Roy,,,,,,Roy,,,,,,,14145.0,34582.757,2.445,9110.0,1863.0,751.0,6496.0,10547.866,1128.0,735.0,471.0,280.0,586.0,1758.0,1099.0,3053.0,4.015000000000001,0.0,773.191,660.66
2046,city,Roy,Roy,,,,,,Roy,,,,,,,14264.0,34754.557,2.437,9153.0,1880.0,753.0,6520.0,10975.938,1142.0,738.0,473.0,280.0,588.0,1761.0,1105.0,3066.0,4.025,0.0,1147.362,671.551
2047,city,Roy,Roy,,,,,,Roy,,,,,,,14362.0,34818.909999999996,2.424,9192.0,1889.0,756.0,6547.0,10755.224,1151.0,738.0,476.0,280.0,595.0,1771.0,1108.0,3073.0,4.008,0.0,876.231,682.985
2048,city,Roy,Roy,,,,,,Roy,,,,,,,14457.0,34951.398,2.418,9213.0,1890.0,759.0,6564.0,10787.901,1151.0,739.0,479.0,280.0,596.0,1778.0,1114.0,3076.0,5.03,0.0,880.44,689.435
2049,city,Roy,Roy,,,,,,Roy,,,,,,,14491.0,34920.544,2.41,9229.0,1890.0,760.0,6579.0,10775.444,1151.0,739.0,480.0,280.0,598.0,1783.0,1117.0,3081.0,5.01,0.0,849.327,692.106
2050,city,Roy,Roy,,,,,,Roy,,,,,,,14515.0,34869.747,2.402,9262.0,1891.0,763.0,6608.0,10882.139,1151.0,740.0,483.0,280.0,600.0,1798.0,1122.0,3088.0,5.015,0.0,916.125,699.0
2051,city,Roy,Roy,,,,,,Roy,,,,,,,14550.0,34819.627,2.393,9267.0,1891.0,764.0,6612.0,10748.258,1151.0,740.0,484.0,280.0,601.0,1799.0,1122.0,3090.0,5.021,0.0,768.396,707.841
2052,city,Roy,Roy,,,,,,Roy,,,,,,,14562.0,34734.269,2.385,9280.0,1891.0,765.0,6624.0,10932.195,1151.0,740.0,485.0,280.0,602.0,1808.0,1122.0,3092.0,5.0249999999999995,0.0,934.71,712.454
2053,city,Roy,Roy,,,,,,Roy,,,,,,,14632.0,34740.061,2.374,9299.0,1892.0,765.0,6642.0,11025.302,1152.0,740.0,485.0,280.0,603.0,1822.0,1124.0,3093.0,5.021,0.0,1004.865,716.408
2054,city,Roy,Roy,,,,,,Roy,,,,,,,14641.0,34631.613,2.365,9311.0,1892.0,766.0,6653.0,11008.564,1152.0,740.0,486.0,280.0,603.0,1831.0,1125.0,3094.0,5.015,0.0,973.336,719.218
2055,city,Roy,Roy,,,,,,Roy,,,,,,,14686.0,34584.5,2.355,9324.0,1892.0,767.0,6665.0,11056.493,1152.0,740.0,487.0,280.0,604.0,1838.0,1127.0,3096.0,5.01,0.0,1002.082,725.402
2056,city,Roy,Roy,,,,,,Roy,,,,,,,14711.0,34537.877,2.348,9344.0,1891.0,768.0,6685.0,11176.507,1152.0,739.0,488.0,280.0,607.0,1844.0,1129.0,3105.0,5.004,0.0,1095.805,731.701
2057,city,Roy,Roy,,,,,,Roy,,,,,,,14709.0,34837.541,2.368,9369.0,1891.0,769.0,6709.0,11114.49,1152.0,739.0,489.0,280.0,607.0,1858.0,1133.0,3111.0,5.03,0.0,1001.8570000000001,738.604
2058,city,Roy,Roy,,,,,,Roy,,,,,,,14708.0,35133.813,2.389,9393.0,1891.0,770.0,6732.0,11123.007,1152.0,739.0,490.0,280.0,607.0,1868.0,1140.0,3117.0,5.034999999999999,0.0,971.2719999999999,753.702
2059,city,Roy,Roy,,,,,,Roy,,,,,,,14707.0,35428.344,2.409,9407.0,1890.0,771.0,6746.0,11154.65,1152.0,738.0,491.0,280.0,608.0,1876.0,1142.0,3120.0,5.034999999999999,0.0,976.7189999999999,765.897
2060,city,Roy,Roy,,,,,,Roy,,,,,,,14702.0,35713.366,2.429,9422.0,1890.0,773.0,6759.0,11254.116,1152.0,738.0,493.0,280.0,608.0,1886.0,1143.0,3122.0,5.039,0.0,1053.575,773.505
2061,city,Roy,Roy,,,,,,Roy,,,,,,,14699.0,36013.166,2.45,9430.0,1890.0,774.0,6766.0,11227.216,1152.0,738.0,494.0,280.0,610.0,1886.0,1145.0,3125.0,5.023999999999999,0.0,1005.2909999999999,786.9
2062,city,Roy,Roy,,,,,,Roy,,,,,,,14696.0,36303.427,2.47,9445.0,1890.0,776.0,6779.0,11299.406,1152.0,738.0,496.0,280.0,611.0,1890.0,1149.0,3129.0,4.965,0.0,1052.141,797.3000000000001
2063,city,Roy,Roy,,,,,,Roy,,,,,,,14694.0,36596.527,2.491,9458.0,1889.0,777.0,6792.0,11244.756,1152.0,737.0,497.0,280.0,612.0,1896.0,1151.0,3133.0,5.0,0.0,974.458,807.298
2064,city,Roy,Roy,,,,,,Roy,,,,,,,14690.0,36889.26,2.511,9470.0,1888.0,779.0,6803.0,11350.265,1152.0,736.0,499.0,280.0,612.0,1900.0,1155.0,3136.0,5.015,0.0,1054.751,820.499
2065,city,Roy,Roy,,,,,,Roy,,,,,,,14685.0,37176.544,2.532,9484.0,1888.0,782.0,6814.0,11552.757,1152.0,736.0,502.0,280.0,613.0,1905.0,1159.0,3137.0,5.031,0.0,1233.021,830.698
2023,city,SL County East Cyns,SL County East Cyns,,,,,,SL County East Cyns,,,,,,,1.0,2.0,2.0,167.0,0.0,0.0,167.0,183.674,0.0,0.0,0.0,0.0,0.0,167.0,0.0,0.0,0.0,0.0,16.674,0.0
2024,city,SL County East Cyns,SL County East Cyns,,,,,,SL County East Cyns,,,,,,,3.0,6.939,2.313,167.0,0.0,0.0,167.0,181.281,0.0,0.0,0.0,0.0,0.0,167.0,0.0,0.0,0.0,0.0,14.280999999999999,0.0
2025,city,SL County East Cyns,SL County East Cyns,,,,,,SL County East Cyns,,,,,,,3.0,6.876,2.292,167.0,0.0,0.0,167.0,183.535,0.0,0.0,0.0,0.0,0.0,167.0,0.0,0.0,0.0,0.0,16.535,0.0
2026,city,SL County East Cyns,SL County East Cyns,,,,,,SL County East Cyns,,,,,,,3.0,6.813000000000001,2.271,167.0,0.0,0.0,167.0,183.71200000000002,0.0,0.0,0.0,0.0,0.0,167.0,0.0,0.0,0.0,0.0,16.712,0.0
2027,city,SL County East Cyns,SL County East Cyns,,,,,,SL County East Cyns,,,,,,,3.0,6.7509999999999994,2.25,167.0,0.0,0.0,167.0,184.227,0.0,0.0,0.0,0.0,0.0,167.0,0.0,0.0,0.0,0.0,17.227,0.0
2028,city,SL County East Cyns,SL County East Cyns,,,,,,SL County East Cyns,,,,,,,4.0,9.536999999999999,2.384,167.0,0.0,0.0,167.0,184.359,0.0,0.0,0.0,0.0,0.0,167.0,0.0,0.0,0.0,0.0,17.358999999999998,0.0
2029,city,SL County East Cyns,SL County East Cyns,,,,,,SL County East Cyns,,,,,,,4.0,9.454,2.364,167.0,0.0,0.0,167.0,184.05,0.0,0.0,0.0,0.0,0.0,167.0,0.0,0.0,0.0,0.0,17.05,0.0
2030,city,SL County East Cyns,SL County East Cyns,,,,,,SL County East Cyns,,,,,,,4.0,9.374,2.344,167.0,0.0,0.0,167.0,184.47799999999998,0.0,0.0,0.0,0.0,0.0,167.0,0.0,0.0,0.0,0.0,17.478,0.0
2031,city,SL County East Cyns,SL County East Cyns,,,,,,SL County East Cyns,,,,,,,4.0,9.298,2.325,167.0,0.0,0.0,167.0,183.98600000000002,0.0,0.0,0.0,0.0,0.0,167.0,0.0,0.0,0.0,0.0,16.986,0.0
2032,city,SL County East Cyns,SL County East Cyns,,,,,,SL County East Cyns,,,,,,,4.0,9.227,2.307,167.0,0.0,0.0,167.0,183.574,0.0,0.0,0.0,0.0,0.0,167.0,0.0,0.0,0.0,0.0,16.574,0.0
2033,city,SL County East Cyns,SL County East Cyns,,,,,,SL County East Cyns,,,,,,,4.0,9.162,2.291,167.0,0.0,0.0,167.0,183.334,0.0,0.0,0.0,0.0,0.0,167.0,0.0,0.0,0.0,0.0,16.334,0.0
2034,city,SL County East Cyns,SL County East Cyns,,,,,,SL County East Cyns,,,,,,,4.0,9.102,2.276,167.0,0.0,0.0,167.0,183.186,0.0,0.0,0.0,0.0,0.0,167.0,0.0,0.0,0.0,0.0,16.186,0.0
2035,city,SL County East Cyns,SL County East Cyns,,,,,,SL County East Cyns,,,,,,,4.0,9.046,2.261,167.0,0.0,0.0,167.0,184.093,0.0,0.0,0.0,0.0,0.0,167.0,0.0,0.0,0.0,0.0,17.093,0.0
2036,city,SL County East Cyns,SL County East Cyns,,,,,,SL County East Cyns,,,,,,,4.0,8.993,2.248,167.0,0.0,0.0,167.0,183.896,0.0,0.0,0.0,0.0,0.0,167.0,0.0,0.0,0.0,0.0,16.896,0.0
2037,city,SL County East Cyns,SL County East Cyns,,,,,,SL County East Cyns,,,,,,,4.0,12.238,3.059,167.0,0.0,0.0,167.0,183.541,0.0,0.0,0.0,0.0,0.0,167.0,0.0,0.0,0.0,0.0,16.541,0.0
2038,city,SL County East Cyns,SL County East Cyns,,,,,,SL County East Cyns,,,,,,,4.0,12.161000000000001,3.04,167.0,0.0,0.0,167.0,183.06300000000002,0.0,0.0,0.0,0.0,0.0,167.0,0.0,0.0,0.0,0.0,16.063,0.0
2039,city,SL County East Cyns,SL County East Cyns,,,,,,SL County East Cyns,,,,,,,4.0,12.091000000000001,3.023,167.0,0.0,0.0,167.0,183.105,0.0,0.0,0.0,0.0,0.0,167.0,0.0,0.0,0.0,0.0,16.105,0.0
2040,city,SL County East Cyns,SL County East Cyns,,,,,,SL County East Cyns,,,,,,,4.0,12.026,3.006,167.0,0.0,0.0,167.0,183.141,0.0,0.0,0.0,0.0,0.0,167.0,0.0,0.0,0.0,0.0,16.141000000000002,0.0
2041,city,SL County East Cyns,SL County East Cyns,,,,,,SL County East Cyns,,,,,,,4.0,11.964,2.991,167.0,0.0,0.0,167.0,182.641,0.0,0.0,0.0,0.0,0.0,167.0,0.0,0.0,0.0,0.0,15.641,0.0
2042,city,SL County East Cyns,SL County East Cyns,,,,,,SL County East Cyns,,,,,,,4.0,11.91,2.978,167.0,0.0,0.0,167.0,182.4,0.0,0.0,0.0,0.0,0.0,167.0,0.0,0.0,0.0,0.0,15.4,0.0
2043,city,SL County East Cyns,SL County East Cyns,,,,,,SL County East Cyns,,,,,,,4.0,11.857,2.964,167.0,0.0,0.0,167.0,182.745,0.0,0.0,0.0,0.0,0.0,167.0,0.0,0.0,0.0,0.0,15.745,0.0
2044,city,SL County East Cyns,SL County East Cyns,,,,,,SL County East Cyns,,,,,,,4.0,11.808,2.952,167.0,0.0,0.0,167.0,182.529,0.0,0.0,0.0,0.0,0.0,167.0,0.0,0.0,0.0,0.0,15.529,0.0
2045,city,SL County East Cyns,SL County East Cyns,,,,,,SL County East Cyns,,,,,,,4.0,11.762,2.941,167.0,0.0,0.0,167.0,182.316,0.0,0.0,0.0,0.0,0.0,167.0,0.0,0.0,0.0,0.0,15.315999999999999,0.0
2046,city,SL County East Cyns,SL County East Cyns,,,,,,SL County East Cyns,,,,,,,4.0,11.72,2.93,167.0,0.0,0.0,167.0,182.44299999999998,0.0,0.0,0.0,0.0,0.0,167.0,0.0,0.0,0.0,0.0,15.443000000000001,0.0
2047,city,SL County East Cyns,SL County East Cyns,,,,,,SL County East Cyns,,,,,,,4.0,11.678,2.92,167.0,0.0,0.0,167.0,182.4,0.0,0.0,0.0,0.0,0.0,167.0,0.0,0.0,0.0,0.0,15.4,0.0
2048,city,SL County East Cyns,SL County East Cyns,,,,,,SL County East Cyns,,,,,,,4.0,11.637,2.909,167.0,0.0,0.0,167.0,183.607,0.0,0.0,0.0,0.0,0.0,167.0,0.0,0.0,0.0,0.0,16.607,0.0
2049,city,SL County East Cyns,SL County East Cyns,,,,,,SL County East Cyns,,,,,,,4.0,11.597999999999999,2.899,167.0,0.0,0.0,167.0,184.081,0.0,0.0,0.0,0.0,0.0,167.0,0.0,0.0,0.0,0.0,17.081,0.0
2050,city,SL County East Cyns,SL County East Cyns,,,,,,SL County East Cyns,,,,,,,4.0,11.558,2.889,167.0,0.0,0.0,167.0,184.31300000000002,0.0,0.0,0.0,0.0,0.0,167.0,0.0,0.0,0.0,0.0,17.313000000000002,0.0
2051,city,SL County East Cyns,SL County East Cyns,,,,,,SL County East Cyns,,,,,,,4.0,11.518,2.88,167.0,0.0,0.0,167.0,184.246,0.0,0.0,0.0,0.0,0.0,167.0,0.0,0.0,0.0,0.0,17.246,0.0
2052,city,SL County East Cyns,SL County East Cyns,,,,,,SL County East Cyns,,,,,,,4.0,11.477,2.869,167.0,0.0,0.0,167.0,184.328,0.0,0.0,0.0,0.0,0.0,167.0,0.0,0.0,0.0,0.0,17.328,0.0
2053,city,SL County East Cyns,SL County East Cyns,,,,,,SL County East Cyns,,,,,,,4.0,11.434000000000001,2.859,167.0,0.0,0.0,167.0,184.327,0.0,0.0,0.0,0.0,0.0,167.0,0.0,0.0,0.0,0.0,17.327,0.0
2054,city,SL County East Cyns,SL County East Cyns,,,,,,SL County East Cyns,,,,,,,4.0,11.39,2.848,167.0,0.0,0.0,167.0,184.382,0.0,0.0,0.0,0.0,0.0,167.0,0.0,0.0,0.0,0.0,17.381999999999998,0.0
2055,city,SL County East Cyns,SL County East Cyns,,,,,,SL County East Cyns,,,,,,,4.0,11.346,2.837,167.0,0.0,0.0,167.0,184.63400000000001,0.0,0.0,0.0,0.0,0.0,167.0,0.0,0.0,0.0,0.0,17.634,0.0
2056,city,SL County East Cyns,SL County East Cyns,,,,,,SL County East Cyns,,,,,,,4.0,11.3,2.825,167.0,0.0,0.0,167.0,184.596,0.0,0.0,0.0,0.0,0.0,167.0,0.0,0.0,0.0,0.0,17.596,0.0
2057,city,SL County East Cyns,SL County East Cyns,,,,,,SL County East Cyns,,,,,,,4.0,11.333,2.833,167.0,0.0,0.0,167.0,184.83499999999998,0.0,0.0,0.0,0.0,0.0,167.0,0.0,0.0,0.0,0.0,17.834999999999997,0.0
2058,city,SL County East Cyns,SL County East Cyns,,,,,,SL County East Cyns,,,,,,,4.0,11.370000000000001,2.843,167.0,0.0,0.0,167.0,184.72,0.0,0.0,0.0,0.0,0.0,167.0,0.0,0.0,0.0,0.0,17.72,0.0
2059,city,SL County East Cyns,SL County East Cyns,,,,,,SL County East Cyns,,,,,,,4.0,11.43,2.857,167.0,0.0,0.0,167.0,185.04600000000002,0.0,0.0,0.0,0.0,0.0,167.0,0.0,0.0,0.0,0.0,18.046,0.0
2060,city,SL County East Cyns,SL County East Cyns,,,,,,SL County East Cyns,,,,,,,4.0,11.498,2.874,167.0,0.0,0.0,167.0,185.10899999999998,0.0,0.0,0.0,0.0,0.0,167.0,0.0,0.0,0.0,0.0,18.108999999999998,0.0
2061,city,SL County East Cyns,SL County East Cyns,,,,,,SL County East Cyns,,,,,,,4.0,11.576,2.894,162.0,0.0,0.0,162.0,170.10399999999998,0.0,0.0,0.0,0.0,0.0,162.0,0.0,0.0,0.0,0.0,8.104,0.0
2062,city,SL County East Cyns,SL County East Cyns,,,,,,SL County East Cyns,,,,,,,4.0,11.644,2.911,162.0,0.0,0.0,162.0,170.375,0.0,0.0,0.0,0.0,0.0,162.0,0.0,0.0,0.0,0.0,8.375,0.0
2063,city,SL County East Cyns,SL County East Cyns,,,,,,SL County East Cyns,,,,,,,4.0,11.706,2.926,162.0,0.0,0.0,162.0,170.33700000000002,0.0,0.0,0.0,0.0,0.0,162.0,0.0,0.0,0.0,0.0,8.337,0.0
2064,city,SL County East Cyns,SL County East Cyns,,,,,,SL County East Cyns,,,,,,,4.0,11.784,2.946,162.0,0.0,0.0,162.0,170.517,0.0,0.0,0.0,0.0,0.0,162.0,0.0,0.0,0.0,0.0,8.517,0.0
2065,city,SL County East Cyns,SL County East Cyns,,,,,,SL County East Cyns,,,,,,,4.0,11.854,2.963,162.0,0.0,0.0,162.0,170.667,0.0,0.0,0.0,0.0,0.0,162.0,0.0,0.0,0.0,0.0,8.667,0.0
2023,city,SL County East Cyns - BCC,SL County East Cyns - BCC,,,,,,SL County East Cyns - BCC,,,,,,,12.4,23.4,1.887,0.0,0.0,0.0,0.0,0.0,0.0,0.0,0.0,0.0,0.0,0.0,0.0,0.0,0.0,0.0,0.0,0.0
2024,city,SL County East Cyns - BCC,SL County East Cyns - BCC,,,,,,SL County East Cyns - BCC,,,,,,,12.5,23.5,1.88,0.0,0.0,0.0,0.0,0.0,0.0,0.0,0.0,0.0,0.0,0.0,0.0,0.0,0.0,0.0,0.0,0.0
2025,city,SL County East Cyns - BCC,SL County East Cyns - BCC,,,,,,SL County East Cyns - BCC,,,,,,,12.6,23.6,1.873,0.0,0.0,0.0,0.0,0.0,0.0,0.0,0.0,0.0,0.0,0.0,0.0,0.0,0.0,0.0,0.0,0.0
2026,city,SL County East Cyns - BCC,SL County East Cyns - BCC,,,,,,SL County East Cyns - BCC,,,,,,,12.7,23.7,1.866,0.0,0.0,0.0,0.0,0.0,0.0,0.0,0.0,0.0,0.0,0.0,0.0,0.0,0.0,0.0,0.0,0.0
2027,city,SL County East Cyns - BCC,SL County East Cyns - BCC,,,,,,SL County East Cyns - BCC,,,,,,,12.8,23.8,1.859,0.0,0.0,0.0,0.0,0.0,0.0,0.0,0.0,0.0,0.0,0.0,0.0,0.0,0.0,0.0,0.0,0.0
2028,city,SL County East Cyns - BCC,SL County East Cyns - BCC,,,,,,SL County East Cyns - BCC,,,,,,,12.9,23.9,1.853,0.0,0.0,0.0,0.0,0.0,0.0,0.0,0.0,0.0,0.0,0.0,0.0,0.0,0.0,0.0,0.0,0.0
2029,city,SL County East Cyns - BCC,SL County East Cyns - BCC,,,,,,SL County East Cyns - BCC,,,,,,,13.0,24.0,1.846,0.0,0.0,0.0,0.0,0.0,0.0,0.0,0.0,0.0,0.0,0.0,0.0,0.0,0.0,0.0,0.0,0.0
2030,city,SL County East Cyns - BCC,SL County East Cyns - BCC,,,,,,SL County East Cyns - BCC,,,,,,,13.1,24.1,1.84,0.0,0.0,0.0,0.0,0.0,0.0,0.0,0.0,0.0,0.0,0.0,0.0,0.0,0.0,0.0,0.0,0.0
2031,city,SL County East Cyns - BCC,SL County East Cyns - BCC,,,,,,SL County East Cyns - BCC,,,,,,,13.2,24.2,1.833,0.0,0.0,0.0,0.0,0.0,0.0,0.0,0.0,0.0,0.0,0.0,0.0,0.0,0.0,0.0,0.0,0.0
2032,city,SL County East Cyns - BCC,SL County East Cyns - BCC,,,,,,SL County East Cyns - BCC,,,,,,,13.3,24.3,1.827,0.0,0.0,0.0,0.0,0.0,0.0,0.0,0.0,0.0,0.0,0.0,0.0,0.0,0.0,0.0,0.0,0.0
2033,city,SL County East Cyns - BCC,SL County East Cyns - BCC,,,,,,SL County East Cyns - BCC,,,,,,,13.4,24.4,1.821,0.0,0.0,0.0,0.0,0.0,0.0,0.0,0.0,0.0,0.0,0.0,0.0,0.0,0.0,0.0,0.0,0.0
2034,city,SL County East Cyns - BCC,SL County East Cyns - BCC,,,,,,SL County East Cyns - BCC,,,,,,,13.5,24.5,1.815,0.0,0.0,0.0,0.0,0.0,0.0,0.0,0.0,0.0,0.0,0.0,0.0,0.0,0.0,0.0,0.0,0.0
2035,city,SL County East Cyns - BCC,SL County East Cyns - BCC,,,,,,SL County East Cyns - BCC,,,,,,,13.6,24.6,1.809,0.0,0.0,0.0,0.0,0.0,0.0,0.0,0.0,0.0,0.0,0.0,0.0,0.0,0.0,0.0,0.0,0.0
2036,city,SL County East Cyns - BCC,SL County East Cyns - BCC,,,,,,SL County East Cyns - BCC,,,,,,,13.7,24.7,1.803,0.0,0.0,0.0,0.0,0.0,0.0,0.0,0.0,0.0,0.0,0.0,0.0,0.0,0.0,0.0,0.0,0.0
2037,city,SL County East Cyns - BCC,SL County East Cyns - BCC,,,,,,SL County East Cyns - BCC,,,,,,,13.8,24.8,1.797,0.0,0.0,0.0,0.0,0.0,0.0,0.0,0.0,0.0,0.0,0.0,0.0,0.0,0.0,0.0,0.0,0.0
2038,city,SL County East Cyns - BCC,SL County East Cyns - BCC,,,,,,SL County East Cyns - BCC,,,,,,,13.9,24.9,1.791,0.0,0.0,0.0,0.0,0.0,0.0,0.0,0.0,0.0,0.0,0.0,0.0,0.0,0.0,0.0,0.0,0.0
2039,city,SL County East Cyns - BCC,SL County East Cyns - BCC,,,,,,SL County East Cyns - BCC,,,,,,,14.0,25.0,1.786,0.0,0.0,0.0,0.0,0.0,0.0,0.0,0.0,0.0,0.0,0.0,0.0,0.0,0.0,0.0,0.0,0.0
2040,city,SL County East Cyns - BCC,SL County East Cyns - BCC,,,,,,SL County East Cyns - BCC,,,,,,,14.1,25.1,1.78,0.0,0.0,0.0,0.0,0.0,0.0,0.0,0.0,0.0,0.0,0.0,0.0,0.0,0.0,0.0,0.0,0.0
2041,city,SL County East Cyns - BCC,SL County East Cyns - BCC,,,,,,SL County East Cyns - BCC,,,,,,,14.2,25.2,1.775,0.0,0.0,0.0,0.0,0.0,0.0,0.0,0.0,0.0,0.0,0.0,0.0,0.0,0.0,0.0,0.0,0.0
2042,city,SL County East Cyns - BCC,SL County East Cyns - BCC,,,,,,SL County East Cyns - BCC,,,,,,,14.3,25.3,1.769,0.0,0.0,0.0,0.0,0.0,0.0,0.0,0.0,0.0,0.0,0.0,0.0,0.0,0.0,0.0,0.0,0.0
2043,city,SL County East Cyns - BCC,SL County East Cyns - BCC,,,,,,SL County East Cyns - BCC,,,,,,,14.4,25.4,1.764,0.0,0.0,0.0,0.0,0.0,0.0,0.0,0.0,0.0,0.0,0.0,0.0,0.0,0.0,0.0,0.0,0.0
2044,city,SL County East Cyns - BCC,SL County East Cyns - BCC,,,,,,SL County East Cyns - BCC,,,,,,,14.5,25.5,1.759,0.0,0.0,0.0,0.0,0.0,0.0,0.0,0.0,0.0,0.0,0.0,0.0,0.0,0.0,0.0,0.0,0.0
2045,city,SL County East Cyns - BCC,SL County East Cyns - BCC,,,,,,SL County East Cyns - BCC,,,,,,,14.6,25.6,1.753,0.0,0.0,0.0,0.0,0.0,0.0,0.0,0.0,0.0,0.0,0.0,0.0,0.0,0.0,0.0,0.0,0.0
2046,city,SL County East Cyns - BCC,SL County East Cyns - BCC,,,,,,SL County East Cyns - BCC,,,,,,,14.7,25.7,1.748,0.0,0.0,0.0,0.0,0.0,0.0,0.0,0.0,0.0,0.0,0.0,0.0,0.0,0.0,0.0,0.0,0.0
2047,city,SL County East Cyns - BCC,SL County East Cyns - BCC,,,,,,SL County East Cyns - BCC,,,,,,,14.8,25.8,1.743,0.0,0.0,0.0,0.0,0.0,0.0,0.0,0.0,0.0,0.0,0.0,0.0,0.0,0.0,0.0,0.0,0.0
2048,city,SL County East Cyns - BCC,SL County East Cyns - BCC,,,,,,SL County East Cyns - BCC,,,,,,,14.9,25.9,1.738,0.0,0.0,0.0,0.0,0.0,0.0,0.0,0.0,0.0,0.0,0.0,0.0,0.0,0.0,0.0,0.0,0.0
2049,city,SL County East Cyns - BCC,SL County East Cyns - BCC,,,,,,SL County East Cyns - BCC,,,,,,,15.0,26.0,1.733,0.0,0.0,0.0,0.0,0.0,0.0,0.0,0.0,0.0,0.0,0.0,0.0,0.0,0.0,0.0,0.0,0.0
2050,city,SL County East Cyns - BCC,SL County East Cyns - BCC,,,,,,SL County East Cyns - BCC,,,,,,,15.1,26.1,1.728,0.0,0.0,0.0,0.0,0.0,0.0,0.0,0.0,0.0,0.0,0.0,0.0,0.0,0.0,0.0,0.0,0.0
2051,city,SL County East Cyns - BCC,SL County East Cyns - BCC,,,,,,SL County East Cyns - BCC,,,,,,,15.2,26.2,1.724,0.0,0.0,0.0,0.0,0.0,0.0,0.0,0.0,0.0,0.0,0.0,0.0,0.0,0.0,0.0,0.0,0.0
2052,city,SL County East Cyns - BCC,SL County East Cyns - BCC,,,,,,SL County East Cyns - BCC,,,,,,,15.3,26.3,1.719,0.0,0.0,0.0,0.0,0.0,0.0,0.0,0.0,0.0,0.0,0.0,0.0,0.0,0.0,0.0,0.0,0.0
2053,city,SL County East Cyns - BCC,SL County East Cyns - BCC,,,,,,SL County East Cyns - BCC,,,,,,,15.4,26.4,1.714,0.0,0.0,0.0,0.0,0.0,0.0,0.0,0.0,0.0,0.0,0.0,0.0,0.0,0.0,0.0,0.0,0.0
2054,city,SL County East Cyns - BCC,SL County East Cyns - BCC,,,,,,SL County East Cyns - BCC,,,,,,,15.5,26.5,1.71,0.0,0.0,0.0,0.0,0.0,0.0,0.0,0.0,0.0,0.0,0.0,0.0,0.0,0.0,0.0,0.0,0.0
2055,city,SL County East Cyns - BCC,SL County East Cyns - BCC,,,,,,SL County East Cyns - BCC,,,,,,,15.6,26.6,1.705,0.0,0.0,0.0,0.0,0.0,0.0,0.0,0.0,0.0,0.0,0.0,0.0,0.0,0.0,0.0,0.0,0.0
2056,city,SL County East Cyns - BCC,SL County East Cyns - BCC,,,,,,SL County East Cyns - BCC,,,,,,,15.7,26.7,1.701,0.0,0.0,0.0,0.0,0.0,0.0,0.0,0.0,0.0,0.0,0.0,0.0,0.0,0.0,0.0,0.0,0.0
2057,city,SL County East Cyns - BCC,SL County East Cyns - BCC,,,,,,SL County East Cyns - BCC,,,,,,,15.8,26.8,1.696,0.0,0.0,0.0,0.0,0.0,0.0,0.0,0.0,0.0,0.0,0.0,0.0,0.0,0.0,0.0,0.0,0.0
2058,city,SL County East Cyns - BCC,SL County East Cyns - BCC,,,,,,SL County East Cyns - BCC,,,,,,,15.9,26.9,1.692,0.0,0.0,0.0,0.0,0.0,0.0,0.0,0.0,0.0,0.0,0.0,0.0,0.0,0.0,0.0,0.0,0.0
2059,city,SL County East Cyns - BCC,SL County East Cyns - BCC,,,,,,SL County East Cyns - BCC,,,,,,,16.0,27.0,1.688,0.0,0.0,0.0,0.0,0.0,0.0,0.0,0.0,0.0,0.0,0.0,0.0,0.0,0.0,0.0,0.0,0.0
2060,city,SL County East Cyns - BCC,SL County East Cyns - BCC,,,,,,SL County East Cyns - BCC,,,,,,,16.1,27.1,1.683,0.0,0.0,0.0,0.0,0.0,0.0,0.0,0.0,0.0,0.0,0.0,0.0,0.0,0.0,0.0,0.0,0.0
2061,city,SL County East Cyns - BCC,SL County East Cyns - BCC,,,,,,SL County East Cyns - BCC,,,,,,,0.0,0.0,0,0.0,0.0,0.0,0.0,0.0,0.0,0.0,0.0,0.0,0.0,0.0,0.0,0.0,0.0,0.0,0.0,0.0
2062,city,SL County East Cyns - BCC,SL County East Cyns - BCC,,,,,,SL County East Cyns - BCC,,,,,,,0.0,0.0,0,0.0,0.0,0.0,0.0,0.0,0.0,0.0,0.0,0.0,0.0,0.0,0.0,0.0,0.0,0.0,0.0,0.0
2063,city,SL County East Cyns - BCC,SL County East Cyns - BCC,,,,,,SL County East Cyns - BCC,,,,,,,0.0,0.0,0,0.0,0.0,0.0,0.0,0.0,0.0,0.0,0.0,0.0,0.0,0.0,0.0,0.0,0.0,0.0,0.0,0.0
2064,city,SL County East Cyns - BCC,SL County East Cyns - BCC,,,,,,SL County East Cyns - BCC,,,,,,,0.0,0.0,0,0.0,0.0,0.0,0.0,0.0,0.0,0.0,0.0,0.0,0.0,0.0,0.0,0.0,0.0,0.0,0.0,0.0
2065,city,SL County East Cyns - BCC,SL County East Cyns - BCC,,,,,,SL County East Cyns - BCC,,,,,,,0.0,0.0,0,0.0,0.0,0.0,0.0,0.0,0.0,0.0,0.0,0.0,0.0,0.0,0.0,0.0,0.0,0.0,0.0,0.0
2023,city,SL County East Cyns - LCC,SL County East Cyns - LCC,,,,,,SL County East Cyns - LCC,,,,,,,45.2,91.5,2.024,741.5,487.9,0.0,253.6,741.5,31.1,456.8,0.0,0.0,9.1,32.2,0.0,212.3,0.0,0.0,0.0,0.0
2024,city,SL County East Cyns - LCC,SL County East Cyns - LCC,,,,,,SL County East Cyns - LCC,,,,,,,45.5,91.9,2.02,752.0999999999999,496.7,0.0,255.39999999999998,752.0999999999999,30.8,465.9,0.0,0.0,9.2,32.3,0.0,213.9,0.0,0.0,0.0,0.0
2025,city,SL County East Cyns - LCC,SL County East Cyns - LCC,,,,,,SL County East Cyns - LCC,,,,,,,45.8,92.30000000000001,2.015,754.6999999999999,498.1,0.0,256.6,754.6999999999999,30.7,467.4,0.0,0.0,9.3,32.3,0.0,215.0,0.0,0.0,0.0,0.0
2026,city,SL County East Cyns - LCC,SL County East Cyns - LCC,,,,,,SL County East Cyns - LCC,,,,,,,46.099999999999994,92.69999999999999,2.011,756.3000000000001,499.0,0.0,257.29999999999995,756.3000000000001,30.7,468.3,0.0,0.0,9.4,32.4,0.0,215.5,0.0,0.0,0.0,0.0
2027,city,SL County East Cyns - LCC,SL County East Cyns - LCC,,,,,,SL County East Cyns - LCC,,,,,,,46.400000000000006,93.1,2.006,758.4,500.3,0.0,258.1,758.4,30.7,469.6,0.0,0.0,9.5,32.6,0.0,216.0,0.0,0.0,0.0,0.0
2028,city,SL County East Cyns - LCC,SL County East Cyns - LCC,,,,,,SL County East Cyns - LCC,,,,,,,46.7,93.5,2.002,761.3,502.1,0.0,259.2,761.3,30.7,471.4,0.0,0.0,9.6,32.8,0.0,216.8,0.0,0.0,0.0,0.0
2029,city,SL County East Cyns - LCC,SL County East Cyns - LCC,,,,,,SL County East Cyns - LCC,,,,,,,47.0,93.9,1.998,765.9,505.1,0.0,260.8,765.9,30.8,474.3,0.0,0.0,9.7,33.0,0.0,218.10000000000002,0.0,0.0,0.0,0.0
2030,city,SL County East Cyns - LCC,SL County East Cyns - LCC,,,,,,SL County East Cyns - LCC,,,,,,,47.3,94.30000000000001,1.994,771.9,510.9,0.0,261.0,771.9,30.9,480.0,0.0,0.0,9.7,33.1,0.0,218.2,0.0,0.0,0.0,0.0
2031,city,SL County East Cyns - LCC,SL County East Cyns - LCC,,,,,,SL County East Cyns - LCC,,,,,,,47.599999999999994,94.69999999999999,1.989,769.7,508.2,0.0,261.5,769.7,31.1,477.1,0.0,0.0,9.7,33.3,0.0,218.5,0.0,0.0,0.0,0.0
2032,city,SL County East Cyns - LCC,SL County East Cyns - LCC,,,,,,SL County East Cyns - LCC,,,,,,,47.900000000000006,95.1,1.985,770.3000000000001,508.2,0.0,262.1,770.3000000000001,31.4,476.8,0.0,0.0,9.7,33.4,0.0,219.0,0.0,0.0,0.0,0.0
2033,city,SL County East Cyns - LCC,SL County East Cyns - LCC,,,,,,SL County East Cyns - LCC,,,,,,,48.2,95.5,1.981,770.8,508.3,0.0,262.5,770.8,31.7,476.6,0.0,0.0,9.7,33.5,0.0,219.29999999999998,0.0,0.0,0.0,0.0
2034,city,SL County East Cyns - LCC,SL County East Cyns - LCC,,,,,,SL County East Cyns - LCC,,,,,,,48.5,95.9,1.977,772.7,509.3,0.0,263.4,772.7,31.9,477.4,0.0,0.0,9.8,33.7,0.0,219.89999999999998,0.0,0.0,0.0,0.0
2035,city,SL County East Cyns - LCC,SL County East Cyns - LCC,,,,,,SL County East Cyns - LCC,,,,,,,48.8,96.30000000000001,1.973,774.4,510.3,0.0,264.1,774.4,32.1,478.2,0.0,0.0,9.9,33.8,0.0,220.4,0.0,0.0,0.0,0.0
2036,city,SL County East Cyns - LCC,SL County East Cyns - LCC,,,,,,SL County East Cyns - LCC,,,,,,,49.099999999999994,96.69999999999999,1.969,775.6999999999999,510.7,0.0,265.0,775.6999999999999,32.3,478.4,0.0,0.0,10.0,33.9,0.0,221.10000000000002,0.0,0.0,0.0,0.0
2037,city,SL County East Cyns - LCC,SL County East Cyns - LCC,,,,,,SL County East Cyns - LCC,,,,,,,49.400000000000006,97.1,1.966,778.1,512.1,0.0,266.0,778.1,32.6,479.5,0.0,0.0,10.1,34.1,0.0,221.79999999999998,0.0,0.0,0.0,0.0
2038,city,SL County East Cyns - LCC,SL County East Cyns - LCC,,,,,,SL County East Cyns - LCC,,,,,,,49.7,97.5,1.962,778.9,512.0,0.0,266.9,778.9,32.8,479.2,0.0,0.0,10.2,34.2,0.0,222.5,0.0,0.0,0.0,0.0
2039,city,SL County East Cyns - LCC,SL County East Cyns - LCC,,,,,,SL County East Cyns - LCC,,,,,,,50.0,97.9,1.958,780.1999999999999,512.5,0.0,267.70000000000005,780.1999999999999,33.1,479.4,0.0,0.0,10.3,34.3,0.0,223.1,0.0,0.0,0.0,0.0
2040,city,SL County East Cyns - LCC,SL County East Cyns - LCC,,,,,,SL County East Cyns - LCC,,,,,,,50.3,98.30000000000001,1.954,781.5999999999999,512.9,0.0,268.7,781.5999999999999,33.3,479.6,0.0,0.0,10.4,34.4,0.0,223.9,0.0,0.0,0.0,0.0
2041,city,SL County East Cyns - LCC,SL County East Cyns - LCC,,,,,,SL County East Cyns - LCC,,,,,,,50.599999999999994,98.69999999999999,1.951,784.6,514.9,0.0,269.7,784.6,33.5,481.4,0.0,0.0,10.5,34.5,0.0,224.7,0.0,0.0,0.0,0.0
2042,city,SL County East Cyns - LCC,SL County East Cyns - LCC,,,,,,SL County East Cyns - LCC,,,,,,,50.900000000000006,99.1,1.947,787.6,516.9,0.0,270.7,787.6,33.7,483.2,0.0,0.0,10.6,34.6,0.0,225.5,0.0,0.0,0.0,0.0
2043,city,SL County East Cyns - LCC,SL County East Cyns - LCC,,,,,,SL County East Cyns - LCC,,,,,,,51.2,99.5,1.943,791.2,519.5,0.0,271.7,791.2,33.9,485.6,0.0,0.0,10.7,34.7,0.0,226.3,0.0,0.0,0.0,0.0
2044,city,SL County East Cyns - LCC,SL County East Cyns - LCC,,,,,,SL County East Cyns - LCC,,,,,,,51.5,99.8,1.938,794.6,521.9,0.0,272.70000000000005,794.6,34.1,487.8,0.0,0.0,10.8,34.8,0.0,227.1,0.0,0.0,0.0,0.0
2045,city,SL County East Cyns - LCC,SL County East Cyns - LCC,,,,,,SL County East Cyns - LCC,,,,,,,51.800000000000004,100.1,1.932,798.3000000000001,524.8,0.0,273.5,798.3000000000001,34.3,490.5,0.0,0.0,10.9,34.9,0.0,227.7,0.0,0.0,0.0,0.0
2046,city,SL County East Cyns - LCC,SL County East Cyns - LCC,,,,,,SL County East Cyns - LCC,,,,,,,52.099999999999994,100.4,1.927,801.5,527.2,0.0,274.3,801.5,34.5,492.7,0.0,0.0,11.0,35.0,0.0,228.3,0.0,0.0,0.0,0.0
2047,city,SL County East Cyns - LCC,SL County East Cyns - LCC,,,,,,SL County East Cyns - LCC,,,,,,,52.400000000000006,100.7,1.922,805.2,530.3,0.0,274.9,805.2,34.7,495.6,0.0,0.0,11.0,35.1,0.0,228.8,0.0,0.0,0.0,0.0
2048,city,SL County East Cyns - LCC,SL County East Cyns - LCC,,,,,,SL County East Cyns - LCC,,,,,,,52.699999999999996,101.0,1.917,809.3,533.7,0.0,275.6,809.3,34.9,498.8,0.0,0.0,11.0,35.2,0.0,229.4,0.0,0.0,0.0,0.0
2049,city,SL County East Cyns - LCC,SL County East Cyns - LCC,,,,,,SL County East Cyns - LCC,,,,,,,52.9,101.3,1.915,812.7,536.6,0.0,276.1,812.7,35.1,501.5,0.0,0.0,11.0,35.3,0.0,229.79999999999998,0.0,0.0,0.0,0.0
2050,city,SL County East Cyns - LCC,SL County East Cyns - LCC,,,,,,SL County East Cyns - LCC,,,,,,,53.1,101.6,1.913,814.9000000000001,538.4,0.0,276.5,814.9000000000001,35.3,503.1,0.0,0.0,11.0,35.4,0.0,230.10000000000002,0.0,0.0,0.0,0.0
2051,city,SL County East Cyns - LCC,SL County East Cyns - LCC,,,,,,SL County East Cyns - LCC,,,,,,,53.3,101.8,1.91,817.1999999999999,540.1,0.0,277.1,817.1999999999999,35.5,504.6,0.0,0.0,11.0,35.5,0.0,230.6,0.0,0.0,0.0,0.0
2052,city,SL County East Cyns - LCC,SL County East Cyns - LCC,,,,,,SL County East Cyns - LCC,,,,,,,53.5,102.0,1.907,818.8,541.3,0.0,277.5,818.8,35.7,505.6,0.0,0.0,11.0,35.6,0.0,230.9,0.0,0.0,0.0,0.0
2053,city,SL County East Cyns - LCC,SL County East Cyns - LCC,,,,,,SL County East Cyns - LCC,,,,,,,53.699999999999996,102.2,1.903,820.4,542.5,0.0,277.9,820.4,35.9,506.6,0.0,0.0,11.0,35.7,0.0,231.2,0.0,0.0,0.0,0.0
2054,city,SL County East Cyns - LCC,SL County East Cyns - LCC,,,,,,SL County East Cyns - LCC,,,,,,,54.0,102.4,1.896,822.0,543.7,0.0,278.3,822.0,36.1,507.6,0.0,0.0,11.0,35.8,0.0,231.5,0.0,0.0,0.0,0.0
2055,city,SL County East Cyns - LCC,SL County East Cyns - LCC,,,,,,SL County East Cyns - LCC,,,,,,,54.300000000000004,102.6,1.89,823.5,544.8,0.0,278.7,823.5,36.3,508.5,0.0,0.0,11.0,35.9,0.0,231.8,0.0,0.0,0.0,0.0
2056,city,SL County East Cyns - LCC,SL County East Cyns - LCC,,,,,,SL County East Cyns - LCC,,,,,,,54.599999999999994,102.8,1.883,825.1999999999999,546.1,0.0,279.1,825.1999999999999,36.5,509.6,0.0,0.0,11.0,36.0,0.0,232.1,0.0,0.0,0.0,0.0
2057,city,SL County East Cyns - LCC,SL County East Cyns - LCC,,,,,,SL County East Cyns - LCC,,,,,,,54.8,103.0,1.88,826.7,547.2,0.0,279.5,826.7,36.6,510.6,0.0,0.0,11.0,36.1,0.0,232.4,0.0,0.0,0.0,0.0
2058,city,SL County East Cyns - LCC,SL County East Cyns - LCC,,,,,,SL County East Cyns - LCC,,,,,,,55.1,103.2,1.873,828.2,548.3,0.0,279.9,828.2,36.7,511.6,0.0,0.0,11.0,36.2,0.0,232.7,0.0,0.0,0.0,0.0
2059,city,SL County East Cyns - LCC,SL County East Cyns - LCC,,,,,,SL County East Cyns - LCC,,,,,,,55.4,103.4,1.866,829.6,549.4,0.0,280.2,829.6,36.8,512.6,0.0,0.0,11.0,36.3,0.0,232.89999999999998,0.0,0.0,0.0,0.0
2060,city,SL County East Cyns - LCC,SL County East Cyns - LCC,,,,,,SL County East Cyns - LCC,,,,,,,55.7,103.6,1.86,831.0,550.5,0.0,280.5,831.0,36.9,513.6,0.0,0.0,11.0,36.4,0.0,233.10000000000002,0.0,0.0,0.0,0.0
2061,city,SL County East Cyns - LCC,SL County East Cyns - LCC,,,,,,SL County East Cyns - LCC,,,,,,,0.0,0.0,0,0.0,0.0,0.0,0.0,0.0,0.0,0.0,0.0,0.0,0.0,0.0,0.0,0.0,0.0,0.0,0.0,0.0
2062,city,SL County East Cyns - LCC,SL County East Cyns - LCC,,,,,,SL County East Cyns - LCC,,,,,,,0.0,0.0,0,0.0,0.0,0.0,0.0,0.0,0.0,0.0,0.0,0.0,0.0,0.0,0.0,0.0,0.0,0.0,0.0,0.0
2063,city,SL County East Cyns - LCC,SL County East Cyns - LCC,,,,,,SL County East Cyns - LCC,,,,,,,0.0,0.0,0,0.0,0.0,0.0,0.0,0.0,0.0,0.0,0.0,0.0,0.0,0.0,0.0,0.0,0.0,0.0,0.0,0.0
2064,city,SL County East Cyns - LCC,SL County East Cyns - LCC,,,,,,SL County East Cyns - LCC,,,,,,,0.0,0.0,0,0.0,0.0,0.0,0.0,0.0,0.0,0.0,0.0,0.0,0.0,0.0,0.0,0.0,0.0,0.0,0.0,0.0
2065,city,SL County East Cyns - LCC,SL County East Cyns - LCC,,,,,,SL County East Cyns - LCC,,,,,,,0.0,0.0,0,0.0,0.0,0.0,0.0,0.0,0.0,0.0,0.0,0.0,0.0,0.0,0.0,0.0,0.0,0.0,0.0,0.0
2023,city,SL County East Cyns - MCC,SL County East Cyns - MCC,,,,,,SL County East Cyns - MCC,,,,,,,7.0,12.3,1.757,55.0,53.9,0.0,1.1,55.0,0.0,53.9,0.0,0.0,0.0,1.1,0.0,0.0,0.0,0.0,0.0,0.0
2024,city,SL County East Cyns - MCC,SL County East Cyns - MCC,,,,,,SL County East Cyns - MCC,,,,,,,7.0,12.4,1.771,55.0,53.9,0.0,1.1,55.0,0.0,53.9,0.0,0.0,0.0,1.1,0.0,0.0,0.0,0.0,0.0,0.0
2025,city,SL County East Cyns - MCC,SL County East Cyns - MCC,,,,,,SL County East Cyns - MCC,,,,,,,7.0,12.5,1.786,55.0,53.9,0.0,1.1,55.0,0.0,53.9,0.0,0.0,0.0,1.1,0.0,0.0,0.0,0.0,0.0,0.0
2026,city,SL County East Cyns - MCC,SL County East Cyns - MCC,,,,,,SL County East Cyns - MCC,,,,,,,7.0,12.6,1.8,55.0,53.9,0.0,1.1,55.0,0.0,53.9,0.0,0.0,0.0,1.1,0.0,0.0,0.0,0.0,0.0,0.0
2027,city,SL County East Cyns - MCC,SL County East Cyns - MCC,,,,,,SL County East Cyns - MCC,,,,,,,7.0,12.7,1.814,55.0,53.9,0.0,1.1,55.0,0.0,53.9,0.0,0.0,0.0,1.1,0.0,0.0,0.0,0.0,0.0,0.0
2028,city,SL County East Cyns - MCC,SL County East Cyns - MCC,,,,,,SL County East Cyns - MCC,,,,,,,7.0,12.8,1.829,55.0,53.9,0.0,1.1,55.0,0.0,53.9,0.0,0.0,0.0,1.1,0.0,0.0,0.0,0.0,0.0,0.0
2029,city,SL County East Cyns - MCC,SL County East Cyns - MCC,,,,,,SL County East Cyns - MCC,,,,,,,7.0,12.9,1.843,55.0,53.9,0.0,1.1,55.0,0.0,53.9,0.0,0.0,0.0,1.1,0.0,0.0,0.0,0.0,0.0,0.0
2030,city,SL County East Cyns - MCC,SL County East Cyns - MCC,,,,,,SL County East Cyns - MCC,,,,,,,7.0,13.0,1.857,55.0,53.9,0.0,1.1,55.0,0.0,53.9,0.0,0.0,0.0,1.1,0.0,0.0,0.0,0.0,0.0,0.0
2031,city,SL County East Cyns - MCC,SL County East Cyns - MCC,,,,,,SL County East Cyns - MCC,,,,,,,7.0,13.1,1.871,55.0,53.9,0.0,1.1,55.0,0.0,53.9,0.0,0.0,0.0,1.1,0.0,0.0,0.0,0.0,0.0,0.0
2032,city,SL County East Cyns - MCC,SL County East Cyns - MCC,,,,,,SL County East Cyns - MCC,,,,,,,7.0,13.2,1.886,55.0,53.9,0.0,1.1,55.0,0.0,53.9,0.0,0.0,0.0,1.1,0.0,0.0,0.0,0.0,0.0,0.0
2033,city,SL County East Cyns - MCC,SL County East Cyns - MCC,,,,,,SL County East Cyns - MCC,,,,,,,7.0,13.3,1.9,55.0,53.9,0.0,1.1,55.0,0.0,53.9,0.0,0.0,0.0,1.1,0.0,0.0,0.0,0.0,0.0,0.0
2034,city,SL County East Cyns - MCC,SL County East Cyns - MCC,,,,,,SL County East Cyns - MCC,,,,,,,7.0,13.4,1.914,55.0,53.9,0.0,1.1,55.0,0.0,53.9,0.0,0.0,0.0,1.1,0.0,0.0,0.0,0.0,0.0,0.0
2035,city,SL County East Cyns - MCC,SL County East Cyns - MCC,,,,,,SL County East Cyns - MCC,,,,,,,7.0,13.5,1.929,55.0,53.9,0.0,1.1,55.0,0.0,53.9,0.0,0.0,0.0,1.1,0.0,0.0,0.0,0.0,0.0,0.0
2036,city,SL County East Cyns - MCC,SL County East Cyns - MCC,,,,,,SL County East Cyns - MCC,,,,,,,7.0,13.6,1.943,55.0,53.9,0.0,1.1,55.0,0.0,53.9,0.0,0.0,0.0,1.1,0.0,0.0,0.0,0.0,0.0,0.0
2037,city,SL County East Cyns - MCC,SL County East Cyns - MCC,,,,,,SL County East Cyns - MCC,,,,,,,7.0,13.7,1.957,55.0,53.9,0.0,1.1,55.0,0.0,53.9,0.0,0.0,0.0,1.1,0.0,0.0,0.0,0.0,0.0,0.0
2038,city,SL County East Cyns - MCC,SL County East Cyns - MCC,,,,,,SL County East Cyns - MCC,,,,,,,7.0,13.8,1.971,55.0,53.9,0.0,1.1,55.0,0.0,53.9,0.0,0.0,0.0,1.1,0.0,0.0,0.0,0.0,0.0,0.0
2039,city,SL County East Cyns - MCC,SL County East Cyns - MCC,,,,,,SL County East Cyns - MCC,,,,,,,7.0,13.9,1.986,55.0,53.9,0.0,1.1,55.0,0.0,53.9,0.0,0.0,0.0,1.1,0.0,0.0,0.0,0.0,0.0,0.0
2040,city,SL County East Cyns - MCC,SL County East Cyns - MCC,,,,,,SL County East Cyns - MCC,,,,,,,7.0,14.0,2.0,55.0,53.9,0.0,1.1,55.0,0.0,53.9,0.0,0.0,0.0,1.1,0.0,0.0,0.0,0.0,0.0,0.0
2041,city,SL County East Cyns - MCC,SL County East Cyns - MCC,,,,,,SL County East Cyns - MCC,,,,,,,7.0,14.1,2.014,55.0,53.9,0.0,1.1,55.0,0.0,53.9,0.0,0.0,0.0,1.1,0.0,0.0,0.0,0.0,0.0,0.0
2042,city,SL County East Cyns - MCC,SL County East Cyns - MCC,,,,,,SL County East Cyns - MCC,,,,,,,7.0,14.1,2.014,55.0,53.9,0.0,1.1,55.0,0.0,53.9,0.0,0.0,0.0,1.1,0.0,0.0,0.0,0.0,0.0,0.0
2043,city,SL County East Cyns - MCC,SL County East Cyns - MCC,,,,,,SL County East Cyns - MCC,,,,,,,7.0,14.1,2.014,55.0,53.9,0.0,1.1,55.0,0.0,53.9,0.0,0.0,0.0,1.1,0.0,0.0,0.0,0.0,0.0,0.0
2044,city,SL County East Cyns - MCC,SL County East Cyns - MCC,,,,,,SL County East Cyns - MCC,,,,,,,7.0,14.1,2.014,55.0,53.9,0.0,1.1,55.0,0.0,53.9,0.0,0.0,0.0,1.1,0.0,0.0,0.0,0.0,0.0,0.0
2045,city,SL County East Cyns - MCC,SL County East Cyns - MCC,,,,,,SL County East Cyns - MCC,,,,,,,7.0,14.1,2.014,55.0,53.9,0.0,1.1,55.0,0.0,53.9,0.0,0.0,0.0,1.1,0.0,0.0,0.0,0.0,0.0,0.0
2046,city,SL County East Cyns - MCC,SL County East Cyns - MCC,,,,,,SL County East Cyns - MCC,,,,,,,7.0,14.1,2.014,55.0,53.9,0.0,1.1,55.0,0.0,53.9,0.0,0.0,0.0,1.1,0.0,0.0,0.0,0.0,0.0,0.0
2047,city,SL County East Cyns - MCC,SL County East Cyns - MCC,,,,,,SL County East Cyns - MCC,,,,,,,7.0,14.1,2.014,55.0,53.9,0.0,1.1,55.0,0.0,53.9,0.0,0.0,0.0,1.1,0.0,0.0,0.0,0.0,0.0,0.0
2048,city,SL County East Cyns - MCC,SL County East Cyns - MCC,,,,,,SL County East Cyns - MCC,,,,,,,7.0,14.1,2.014,55.0,53.9,0.0,1.1,55.0,0.0,53.9,0.0,0.0,0.0,1.1,0.0,0.0,0.0,0.0,0.0,0.0
2049,city,SL County East Cyns - MCC,SL County East Cyns - MCC,,,,,,SL County East Cyns - MCC,,,,,,,7.0,14.1,2.014,55.0,53.9,0.0,1.1,55.0,0.0,53.9,0.0,0.0,0.0,1.1,0.0,0.0,0.0,0.0,0.0,0.0
2050,city,SL County East Cyns - MCC,SL County East Cyns - MCC,,,,,,SL County East Cyns - MCC,,,,,,,7.0,14.1,2.014,55.0,53.9,0.0,1.1,55.0,0.0,53.9,0.0,0.0,0.0,1.1,0.0,0.0,0.0,0.0,0.0,0.0
2051,city,SL County East Cyns - MCC,SL County East Cyns - MCC,,,,,,SL County East Cyns - MCC,,,,,,,7.0,14.1,2.014,55.0,53.9,0.0,1.1,55.0,0.0,53.9,0.0,0.0,0.0,1.1,0.0,0.0,0.0,0.0,0.0,0.0
2052,city,SL County East Cyns - MCC,SL County East Cyns - MCC,,,,,,SL County East Cyns - MCC,,,,,,,7.0,14.1,2.014,55.0,53.9,0.0,1.1,55.0,0.0,53.9,0.0,0.0,0.0,1.1,0.0,0.0,0.0,0.0,0.0,0.0
2053,city,SL County East Cyns - MCC,SL County East Cyns - MCC,,,,,,SL County East Cyns - MCC,,,,,,,7.0,14.1,2.014,55.0,53.9,0.0,1.1,55.0,0.0,53.9,0.0,0.0,0.0,1.1,0.0,0.0,0.0,0.0,0.0,0.0
2054,city,SL County East Cyns - MCC,SL County East Cyns - MCC,,,,,,SL County East Cyns - MCC,,,,,,,7.0,14.1,2.014,55.0,53.9,0.0,1.1,55.0,0.0,53.9,0.0,0.0,0.0,1.1,0.0,0.0,0.0,0.0,0.0,0.0
2055,city,SL County East Cyns - MCC,SL County East Cyns - MCC,,,,,,SL County East Cyns - MCC,,,,,,,7.0,14.1,2.014,55.0,53.9,0.0,1.1,55.0,0.0,53.9,0.0,0.0,0.0,1.1,0.0,0.0,0.0,0.0,0.0,0.0
2056,city,SL County East Cyns - MCC,SL County East Cyns - MCC,,,,,,SL County East Cyns - MCC,,,,,,,7.0,14.1,2.014,55.0,53.9,0.0,1.1,55.0,0.0,53.9,0.0,0.0,0.0,1.1,0.0,0.0,0.0,0.0,0.0,0.0
2057,city,SL County East Cyns - MCC,SL County East Cyns - MCC,,,,,,SL County East Cyns - MCC,,,,,,,7.0,14.1,2.014,55.0,53.9,0.0,1.1,55.0,0.0,53.9,0.0,0.0,0.0,1.1,0.0,0.0,0.0,0.0,0.0,0.0
2058,city,SL County East Cyns - MCC,SL County East Cyns - MCC,,,,,,SL County East Cyns - MCC,,,,,,,7.0,14.1,2.014,55.0,53.9,0.0,1.1,55.0,0.0,53.9,0.0,0.0,0.0,1.1,0.0,0.0,0.0,0.0,0.0,0.0
2059,city,SL County East Cyns - MCC,SL County East Cyns - MCC,,,,,,SL County East Cyns - MCC,,,,,,,7.0,14.1,2.014,55.0,53.9,0.0,1.1,55.0,0.0,53.9,0.0,0.0,0.0,1.1,0.0,0.0,0.0,0.0,0.0,0.0
2060,city,SL County East Cyns - MCC,SL County East Cyns - MCC,,,,,,SL County East Cyns - MCC,,,,,,,7.0,14.1,2.014,55.0,53.9,0.0,1.1,55.0,0.0,53.9,0.0,0.0,0.0,1.1,0.0,0.0,0.0,0.0,0.0,0.0
2061,city,SL County East Cyns - MCC,SL County East Cyns - MCC,,,,,,SL County East Cyns - MCC,,,,,,,0.0,0.0,0,0.0,0.0,0.0,0.0,0.0,0.0,0.0,0.0,0.0,0.0,0.0,0.0,0.0,0.0,0.0,0.0,0.0
2062,city,SL County East Cyns - MCC,SL County East Cyns - MCC,,,,,,SL County East Cyns - MCC,,,,,,,0.0,0.0,0,0.0,0.0,0.0,0.0,0.0,0.0,0.0,0.0,0.0,0.0,0.0,0.0,0.0,0.0,0.0,0.0,0.0
2063,city,SL County East Cyns - MCC,SL County East Cyns - MCC,,,,,,SL County East Cyns - MCC,,,,,,,0.0,0.0,0,0.0,0.0,0.0,0.0,0.0,0.0,0.0,0.0,0.0,0.0,0.0,0.0,0.0,0.0,0.0,0.0,0.0
2064,city,SL County East Cyns - MCC,SL County East Cyns - MCC,,,,,,SL County East Cyns - MCC,,,,,,,0.0,0.0,0,0.0,0.0,0.0,0.0,0.0,0.0,0.0,0.0,0.0,0.0,0.0,0.0,0.0,0.0,0.0,0.0,0.0
2065,city,SL County East Cyns - MCC,SL County East Cyns - MCC,,,,,,SL County East Cyns - MCC,,,,,,,0.0,0.0,0,0.0,0.0,0.0,0.0,0.0,0.0,0.0,0.0,0.0,0.0,0.0,0.0,0.0,0.0,0.0,0.0,0.0
2023,city,SL County East Cyns - Parleys,SL County East Cyns - Parleys,,,,,,SL County East Cyns - Parleys,,,,,,,30.6,72.2,2.359,15.0,4.5,0.0,10.5,15.0,0.0,4.5,0.0,0.0,0.0,0.0,0.0,10.5,0.0,0.0,0.0,0.0
2024,city,SL County East Cyns - Parleys,SL County East Cyns - Parleys,,,,,,SL County East Cyns - Parleys,,,,,,,30.8,72.5,2.354,15.0,4.5,0.0,10.5,15.0,0.0,4.5,0.0,0.0,0.0,0.0,0.0,10.5,0.0,0.0,0.0,0.0
2025,city,SL County East Cyns - Parleys,SL County East Cyns - Parleys,,,,,,SL County East Cyns - Parleys,,,,,,,31.0,72.8,2.348,15.0,4.5,0.0,10.5,15.0,0.0,4.5,0.0,0.0,0.0,0.0,0.0,10.5,0.0,0.0,0.0,0.0
2026,city,SL County East Cyns - Parleys,SL County East Cyns - Parleys,,,,,,SL County East Cyns - Parleys,,,,,,,31.2,73.1,2.343,15.0,4.5,0.0,10.5,15.0,0.0,4.5,0.0,0.0,0.0,0.0,0.0,10.5,0.0,0.0,0.0,0.0
2027,city,SL County East Cyns - Parleys,SL County East Cyns - Parleys,,,,,,SL County East Cyns - Parleys,,,,,,,31.4,73.4,2.338,15.0,4.5,0.0,10.5,15.0,0.0,4.5,0.0,0.0,0.0,0.0,0.0,10.5,0.0,0.0,0.0,0.0
2028,city,SL County East Cyns - Parleys,SL County East Cyns - Parleys,,,,,,SL County East Cyns - Parleys,,,,,,,31.6,73.7,2.332,15.0,4.5,0.0,10.5,15.0,0.0,4.5,0.0,0.0,0.0,0.0,0.0,10.5,0.0,0.0,0.0,0.0
2029,city,SL County East Cyns - Parleys,SL County East Cyns - Parleys,,,,,,SL County East Cyns - Parleys,,,,,,,31.8,74.0,2.327,15.0,4.5,0.0,10.5,15.0,0.0,4.5,0.0,0.0,0.0,0.0,0.0,10.5,0.0,0.0,0.0,0.0
2030,city,SL County East Cyns - Parleys,SL County East Cyns - Parleys,,,,,,SL County East Cyns - Parleys,,,,,,,32.0,74.3,2.322,15.0,4.5,0.0,10.5,15.0,0.0,4.5,0.0,0.0,0.0,0.0,0.0,10.5,0.0,0.0,0.0,0.0
2031,city,SL County East Cyns - Parleys,SL County East Cyns - Parleys,,,,,,SL County East Cyns - Parleys,,,,,,,32.2,74.6,2.317,15.0,4.5,0.0,10.5,15.0,0.0,4.5,0.0,0.0,0.0,0.0,0.0,10.5,0.0,0.0,0.0,0.0
2032,city,SL County East Cyns - Parleys,SL County East Cyns - Parleys,,,,,,SL County East Cyns - Parleys,,,,,,,32.4,74.9,2.312,15.0,4.5,0.0,10.5,15.0,0.0,4.5,0.0,0.0,0.0,0.0,0.0,10.5,0.0,0.0,0.0,0.0
2033,city,SL County East Cyns - Parleys,SL County East Cyns - Parleys,,,,,,SL County East Cyns - Parleys,,,,,,,32.6,75.2,2.307,15.0,4.5,0.0,10.5,15.0,0.0,4.5,0.0,0.0,0.0,0.0,0.0,10.5,0.0,0.0,0.0,0.0
2034,city,SL County East Cyns - Parleys,SL County East Cyns - Parleys,,,,,,SL County East Cyns - Parleys,,,,,,,32.8,75.5,2.302,15.0,4.5,0.0,10.5,15.0,0.0,4.5,0.0,0.0,0.0,0.0,0.0,10.5,0.0,0.0,0.0,0.0
2035,city,SL County East Cyns - Parleys,SL County East Cyns - Parleys,,,,,,SL County East Cyns - Parleys,,,,,,,33.0,75.8,2.297,15.0,4.5,0.0,10.5,15.0,0.0,4.5,0.0,0.0,0.0,0.0,0.0,10.5,0.0,0.0,0.0,0.0
2036,city,SL County East Cyns - Parleys,SL County East Cyns - Parleys,,,,,,SL County East Cyns - Parleys,,,,,,,33.2,76.1,2.292,15.0,4.5,0.0,10.5,15.0,0.0,4.5,0.0,0.0,0.0,0.0,0.0,10.5,0.0,0.0,0.0,0.0
2037,city,SL County East Cyns - Parleys,SL County East Cyns - Parleys,,,,,,SL County East Cyns - Parleys,,,,,,,33.4,76.4,2.287,15.0,4.5,0.0,10.5,15.0,0.0,4.5,0.0,0.0,0.0,0.0,0.0,10.5,0.0,0.0,0.0,0.0
2038,city,SL County East Cyns - Parleys,SL County East Cyns - Parleys,,,,,,SL County East Cyns - Parleys,,,,,,,33.6,76.7,2.283,15.0,4.5,0.0,10.5,15.0,0.0,4.5,0.0,0.0,0.0,0.0,0.0,10.5,0.0,0.0,0.0,0.0
2039,city,SL County East Cyns - Parleys,SL County East Cyns - Parleys,,,,,,SL County East Cyns - Parleys,,,,,,,33.8,77.0,2.278,15.0,4.5,0.0,10.5,15.0,0.0,4.5,0.0,0.0,0.0,0.0,0.0,10.5,0.0,0.0,0.0,0.0
2040,city,SL County East Cyns - Parleys,SL County East Cyns - Parleys,,,,,,SL County East Cyns - Parleys,,,,,,,34.0,77.3,2.274,15.0,4.5,0.0,10.5,15.0,0.0,4.5,0.0,0.0,0.0,0.0,0.0,10.5,0.0,0.0,0.0,0.0
2041,city,SL County East Cyns - Parleys,SL County East Cyns - Parleys,,,,,,SL County East Cyns - Parleys,,,,,,,34.2,77.6,2.269,15.0,4.5,0.0,10.5,15.0,0.0,4.5,0.0,0.0,0.0,0.0,0.0,10.5,0.0,0.0,0.0,0.0
2042,city,SL County East Cyns - Parleys,SL County East Cyns - Parleys,,,,,,SL County East Cyns - Parleys,,,,,,,34.4,77.9,2.265,15.0,4.5,0.0,10.5,15.0,0.0,4.5,0.0,0.0,0.0,0.0,0.0,10.5,0.0,0.0,0.0,0.0
2043,city,SL County East Cyns - Parleys,SL County East Cyns - Parleys,,,,,,SL County East Cyns - Parleys,,,,,,,34.6,78.2,2.26,15.0,4.5,0.0,10.5,15.0,0.0,4.5,0.0,0.0,0.0,0.0,0.0,10.5,0.0,0.0,0.0,0.0
2044,city,SL County East Cyns - Parleys,SL County East Cyns - Parleys,,,,,,SL County East Cyns - Parleys,,,,,,,34.8,78.5,2.256,15.0,4.5,0.0,10.5,15.0,0.0,4.5,0.0,0.0,0.0,0.0,0.0,10.5,0.0,0.0,0.0,0.0
2045,city,SL County East Cyns - Parleys,SL County East Cyns - Parleys,,,,,,SL County East Cyns - Parleys,,,,,,,35.0,78.8,2.251,15.0,4.5,0.0,10.5,15.0,0.0,4.5,0.0,0.0,0.0,0.0,0.0,10.5,0.0,0.0,0.0,0.0
2046,city,SL County East Cyns - Parleys,SL County East Cyns - Parleys,,,,,,SL County East Cyns - Parleys,,,,,,,35.2,79.1,2.247,15.0,4.5,0.0,10.5,15.0,0.0,4.5,0.0,0.0,0.0,0.0,0.0,10.5,0.0,0.0,0.0,0.0
2047,city,SL County East Cyns - Parleys,SL County East Cyns - Parleys,,,,,,SL County East Cyns - Parleys,,,,,,,35.4,79.4,2.243,15.0,4.5,0.0,10.5,15.0,0.0,4.5,0.0,0.0,0.0,0.0,0.0,10.5,0.0,0.0,0.0,0.0
2048,city,SL County East Cyns - Parleys,SL County East Cyns - Parleys,,,,,,SL County East Cyns - Parleys,,,,,,,35.5,79.7,2.245,15.0,4.5,0.0,10.5,15.0,0.0,4.5,0.0,0.0,0.0,0.0,0.0,10.5,0.0,0.0,0.0,0.0
2049,city,SL County East Cyns - Parleys,SL County East Cyns - Parleys,,,,,,SL County East Cyns - Parleys,,,,,,,35.6,80.0,2.247,15.0,4.5,0.0,10.5,15.0,0.0,4.5,0.0,0.0,0.0,0.0,0.0,10.5,0.0,0.0,0.0,0.0
2050,city,SL County East Cyns - Parleys,SL County East Cyns - Parleys,,,,,,SL County East Cyns - Parleys,,,,,,,35.7,80.19999999999999,2.246,15.0,4.5,0.0,10.5,15.0,0.0,4.5,0.0,0.0,0.0,0.0,0.0,10.5,0.0,0.0,0.0,0.0
2051,city,SL County East Cyns - Parleys,SL County East Cyns - Parleys,,,,,,SL County East Cyns - Parleys,,,,,,,35.8,80.4,2.246,15.0,4.5,0.0,10.5,15.0,0.0,4.5,0.0,0.0,0.0,0.0,0.0,10.5,0.0,0.0,0.0,0.0
2052,city,SL County East Cyns - Parleys,SL County East Cyns - Parleys,,,,,,SL County East Cyns - Parleys,,,,,,,35.9,80.6,2.245,15.0,4.5,0.0,10.5,15.0,0.0,4.5,0.0,0.0,0.0,0.0,0.0,10.5,0.0,0.0,0.0,0.0
2053,city,SL County East Cyns - Parleys,SL County East Cyns - Parleys,,,,,,SL County East Cyns - Parleys,,,,,,,36.0,80.8,2.244,15.0,4.5,0.0,10.5,15.0,0.0,4.5,0.0,0.0,0.0,0.0,0.0,10.5,0.0,0.0,0.0,0.0
2054,city,SL County East Cyns - Parleys,SL County East Cyns - Parleys,,,,,,SL County East Cyns - Parleys,,,,,,,36.1,81.0,2.244,15.0,4.5,0.0,10.5,15.0,0.0,4.5,0.0,0.0,0.0,0.0,0.0,10.5,0.0,0.0,0.0,0.0
2055,city,SL County East Cyns - Parleys,SL County East Cyns - Parleys,,,,,,SL County East Cyns - Parleys,,,,,,,36.2,81.19999999999999,2.243,15.0,4.5,0.0,10.5,15.0,0.0,4.5,0.0,0.0,0.0,0.0,0.0,10.5,0.0,0.0,0.0,0.0
2056,city,SL County East Cyns - Parleys,SL County East Cyns - Parleys,,,,,,SL County East Cyns - Parleys,,,,,,,36.3,81.3,2.24,15.0,4.5,0.0,10.5,15.0,0.0,4.5,0.0,0.0,0.0,0.0,0.0,10.5,0.0,0.0,0.0,0.0
2057,city,SL County East Cyns - Parleys,SL County East Cyns - Parleys,,,,,,SL County East Cyns - Parleys,,,,,,,36.4,81.4,2.236,15.0,4.5,0.0,10.5,15.0,0.0,4.5,0.0,0.0,0.0,0.0,0.0,10.5,0.0,0.0,0.0,0.0
2058,city,SL County East Cyns - Parleys,SL County East Cyns - Parleys,,,,,,SL County East Cyns - Parleys,,,,,,,36.5,81.5,2.233,15.0,4.5,0.0,10.5,15.0,0.0,4.5,0.0,0.0,0.0,0.0,0.0,10.5,0.0,0.0,0.0,0.0
2059,city,SL County East Cyns - Parleys,SL County East Cyns - Parleys,,,,,,SL County East Cyns - Parleys,,,,,,,36.6,81.6,2.23,15.0,4.5,0.0,10.5,15.0,0.0,4.5,0.0,0.0,0.0,0.0,0.0,10.5,0.0,0.0,0.0,0.0
2060,city,SL County East Cyns - Parleys,SL County East Cyns - Parleys,,,,,,SL County East Cyns - Parleys,,,,,,,36.7,81.69999999999999,2.226,15.0,4.5,0.0,10.5,15.0,0.0,4.5,0.0,0.0,0.0,0.0,0.0,10.5,0.0,0.0,0.0,0.0
2061,city,SL County East Cyns - Parleys,SL County East Cyns - Parleys,,,,,,SL County East Cyns - Parleys,,,,,,,0.0,0.0,0,0.0,0.0,0.0,0.0,0.0,0.0,0.0,0.0,0.0,0.0,0.0,0.0,0.0,0.0,0.0,0.0,0.0
2062,city,SL County East Cyns - Parleys,SL County East Cyns - Parleys,,,,,,SL County East Cyns - Parleys,,,,,,,0.0,0.0,0,0.0,0.0,0.0,0.0,0.0,0.0,0.0,0.0,0.0,0.0,0.0,0.0,0.0,0.0,0.0,0.0,0.0
2063,city,SL County East Cyns - Parleys,SL County East Cyns - Parleys,,,,,,SL County East Cyns - Parleys,,,,,,,0.0,0.0,0,0.0,0.0,0.0,0.0,0.0,0.0,0.0,0.0,0.0,0.0,0.0,0.0,0.0,0.0,0.0,0.0,0.0
2064,city,SL County East Cyns - Parleys,SL County East Cyns - Parleys,,,,,,SL County East Cyns - Parleys,,,,,,,0.0,0.0,0,0.0,0.0,0.0,0.0,0.0,0.0,0.0,0.0,0.0,0.0,0.0,0.0,0.0,0.0,0.0,0.0,0.0
2065,city,SL County East Cyns - Parleys,SL County East Cyns - Parleys,,,,,,SL County East Cyns - Parleys,,,,,,,0.0,0.0,0,0.0,0.0,0.0,0.0,0.0,0.0,0.0,0.0,0.0,0.0,0.0,0.0,0.0,0.0,0.0,0.0,0.0
2023,city,SL County West,SL County West,,,,,,SL County West,,,,,,,506.0,1655.7749999999999,3.272,3863.0,69.0,2980.0,814.0,6783.845,5.0,64.0,2873.0,107.0,7.0,747.0,0.0,60.0,197.472,2502.48,187.898,32.995
2024,city,SL County West,SL County West,,,,,,SL County West,,,,,,,723.0,2157.871,2.985,3944.0,73.0,2996.0,875.0,7348.512999999999,5.0,68.0,2883.0,113.0,8.0,795.0,9.0,63.0,185.03,2562.404,611.068,46.009
2025,city,SL County West,SL County West,,,,,,SL County West,,,,,,,962.0,2716.001,2.823,4129.0,77.0,3110.0,942.0,7447.006,6.0,71.0,2996.0,114.0,8.0,838.0,33.0,63.0,184.739,2531.617,536.628,65.023
2026,city,SL County West,SL County West,,,,,,SL County West,,,,,,,1230.0,3283.218,2.669,4487.0,89.0,3210.0,1188.0,8550.671,13.0,76.0,3069.0,141.0,31.0,879.0,103.0,175.0,187.602,2585.4930000000004,1205.56,85.014
2027,city,SL County West,SL County West,,,,,,SL County West,,,,,,,1536.0,4019.791,2.617,5097.0,122.0,3474.0,1501.0,8640.863,26.0,96.0,3299.0,175.0,38.0,1008.0,192.0,263.0,188.677,2620.678,628.494,106.013
2028,city,SL County West,SL County West,,,,,,SL County West,,,,,,,1815.0,4600.096,2.534,5417.0,127.0,3531.0,1759.0,9049.541,29.0,98.0,3347.0,184.0,87.0,1084.0,220.0,368.0,155.138,2494.784,857.616,125.003
2029,city,SL County West,SL County West,,,,,,SL County West,,,,,,,2324.0,5741.548,2.471,6067.0,144.0,4038.0,1885.0,10713.133,30.0,114.0,3853.0,185.0,87.0,1156.0,272.0,370.0,154.508,2339.2039999999997,1989.398,163.025
2030,city,SL County West,SL County West,,,,,,SL County West,,,,,,,2775.0,6780.620999999999,2.443,6859.0,148.0,4637.0,2074.0,10269.646,30.0,118.0,4452.0,185.0,88.0,1236.0,378.0,372.0,153.89,2289.726,772.008,195.022
2031,city,SL County West,SL County West,,,,,,SL County West,,,,,,,3290.0,7925.523000000001,2.409,7474.0,159.0,5168.0,2147.0,10971.573,30.0,129.0,4982.0,186.0,91.0,1251.0,433.0,372.0,154.90099999999998,2294.674,815.994,232.006
2032,city,SL County West,SL County West,,,,,,SL County West,,,,,,,3764.0,8938.126,2.375,8664.0,191.0,6087.0,2386.0,12948.341,43.0,148.0,5900.0,187.0,129.0,1281.0,521.0,455.0,154.159,2399.126,1463.138,267.91700000000003
2033,city,SL County West,SL County West,,,,,,SL County West,,,,,,,4207.0,9832.011,2.337,10471.0,211.0,7740.0,2520.0,15234.564,43.0,168.0,7552.0,188.0,129.0,1326.0,609.0,456.0,136.134,2511.277,1815.062,301.091
2034,city,SL County West,SL County West,,,,,,SL County West,,,,,,,4952.0,11433.574,2.309,13179.0,578.0,8718.0,3883.0,20378.706000000002,173.0,405.0,8496.0,222.0,402.0,1426.0,746.0,1309.0,138.727,2610.233,4089.678,361.067
2035,city,SL County West,SL County West,,,,,,SL County West,,,,,,,5612.0,12894.655,2.298,13691.0,572.0,9204.0,3915.0,18251.413,175.0,397.0,8983.0,221.0,413.0,1431.0,758.0,1313.0,136.591,2641.0190000000002,1374.792,408.009
2036,city,SL County West,SL County West,,,,,,SL County West,,,,,,,6208.0,14104.938,2.272,15139.0,637.0,10322.0,4180.0,19671.751,205.0,432.0,10099.0,223.0,469.0,1491.0,814.0,1406.0,139.857,2620.128,1317.7549999999999,455.01099999999997
2037,city,SL County West,SL County West,,,,,,SL County West,,,,,,,6075.0,13803.662,2.272,13058.0,422.0,9090.0,3546.0,17601.150999999998,120.0,302.0,8871.0,219.0,338.0,1512.0,743.0,953.0,145.448,2594.84,1351.884,450.97900000000004
2038,city,SL County West,SL County West,,,,,,SL County West,,,,,,,6643.0,14978.818,2.255,13840.0,463.0,9656.0,3721.0,18374.108,131.0,332.0,9436.0,220.0,375.0,1549.0,779.0,1018.0,144.43699999999998,2586.593,1305.103,497.9750000000001
2039,city,SL County West,SL County West,,,,,,SL County West,,,,,,,7192.0,16117.297999999999,2.241,14366.0,478.0,10099.0,3789.0,19196.833,135.0,343.0,9877.0,222.0,384.0,1577.0,798.0,1030.0,148.862,2582.1940000000004,1552.777,547.0
2040,city,SL County West,SL County West,,,,,,SL County West,,,,,,,7816.0,17436.956000000002,2.231,15304.0,523.0,10865.0,3916.0,20818.672,142.0,381.0,10638.0,227.0,393.0,1640.0,827.0,1056.0,146.972,2581.645,2185.25,600.805
2041,city,SL County West,SL County West,,,,,,SL County West,,,,,,,8428.0,18732.075,2.223,16676.0,622.0,11793.0,4261.0,22467.184,186.0,436.0,11555.0,238.0,468.0,1735.0,879.0,1179.0,145.84199999999998,2592.0910000000003,2399.071,654.178
2042,city,SL County West,SL County West,,,,,,SL County West,,,,,,,9297.0,20529.900999999998,2.208,17843.0,711.0,12602.0,4530.0,24503.488999999998,217.0,494.0,12360.0,242.0,513.0,1819.0,924.0,1274.0,145.076,2616.829,3166.8250000000003,731.757
2043,city,SL County West,SL County West,,,,,,SL County West,,,,,,,9907.0,21789.052,2.199,20530.0,1199.0,13338.0,5993.0,27925.261,502.0,697.0,13082.0,256.0,768.0,1997.0,1068.0,2160.0,144.307,2637.7200000000003,3823.285,789.9490000000001
2044,city,SL County West,SL County West,,,,,,SL County West,,,,,,,10355.0,22664.644,2.189,22909.0,1620.0,13893.0,7396.0,28357.043,737.0,883.0,13625.0,268.0,1025.0,2171.0,1172.0,3028.0,143.236,2634.971,1833.8700000000001,835.965
2045,city,SL County West,SL County West,,,,,,SL County West,,,,,,,10779.0,23461.146,2.177,24031.0,1948.0,13693.0,8390.0,29681.272999999997,939.0,1009.0,13394.0,299.0,1195.0,2260.0,1277.0,3658.0,145.119,2629.474,1992.809,882.873
2046,city,SL County West,SL County West,,,,,,SL County West,,,,,,,11125.0,24052.872,2.162,25567.0,2271.0,14052.0,9244.0,30910.698,1136.0,1135.0,13750.0,302.0,1344.0,2375.0,1349.0,4176.0,147.63600000000002,2631.123,1641.9569999999999,922.981
2047,city,SL County West,SL County West,,,,,,SL County West,,,,,,,11449.0,24607.312,2.149,26618.0,2442.0,14338.0,9838.0,32262.421000000002,1227.0,1215.0,14022.0,316.0,1446.0,2442.0,1411.0,4539.0,149.121,2649.814,1881.314,964.17
2048,city,SL County West,SL County West,,,,,,SL County West,,,,,,,11673.0,24946.407,2.137,27293.0,2529.0,14586.0,10178.0,32808.408,1278.0,1251.0,14266.0,320.0,1520.0,2490.0,1456.0,4712.0,149.0,2679.5020000000004,1689.8300000000002,997.075
2049,city,SL County West,SL County West,,,,,,SL County West,,,,,,,11834.0,25174.242,2.127,27804.0,2594.0,14754.0,10456.0,33395.953,1318.0,1276.0,14432.0,322.0,1568.0,2527.0,1519.0,4842.0,148.879,2709.7380000000003,1706.739,1026.596
2050,city,SL County West,SL County West,,,,,,SL County West,,,,,,,11932.0,25292.712,2.12,28214.0,2649.0,14880.0,10685.0,33935.039,1351.0,1298.0,14554.0,326.0,1618.0,2561.0,1552.0,4954.0,149.0,2739.425,1779.749,1052.866
2051,city,SL County West,SL County West,,,,,,SL County West,,,,,,,11987.0,25314.118,2.112,28511.0,2701.0,14952.0,10858.0,34283.005000000005,1380.0,1321.0,14625.0,327.0,1648.0,2590.0,1571.0,5049.0,148.879,2764.163,1789.775,1069.191
2052,city,SL County West,SL County West,,,,,,SL County West,,,,,,,12030.0,25327.753,2.105,28749.0,2741.0,15003.0,11005.0,34599.185,1408.0,1333.0,14675.0,328.0,1681.0,2612.0,1589.0,5123.0,149.0,2792.7509999999997,1822.301,1086.133
2053,city,SL County West,SL County West,,,,,,SL County West,,,,,,,12063.0,25307.791,2.098,29197.0,2778.0,15231.0,11188.0,35366.862,1433.0,1345.0,14902.0,329.0,1703.0,2662.0,1614.0,5209.0,149.0,2824.637,2094.283,1101.943
2054,city,SL County West,SL County West,,,,,,SL County West,,,,,,,12099.0,25302.5,2.091,29611.0,2854.0,15426.0,11331.0,35654.008,1483.0,1371.0,15095.0,331.0,1716.0,2700.0,1637.0,5278.0,149.0,2847.1769999999997,1927.923,1118.908
2055,city,SL County West,SL County West,,,,,,SL County West,,,,,,,12131.0,25265.596999999998,2.083,29878.0,2887.0,15546.0,11445.0,36007.48,1502.0,1385.0,15210.0,336.0,1730.0,2738.0,1648.0,5329.0,149.0,2860.92,1981.968,1137.5919999999999
2056,city,SL County West,SL County West,,,,,,SL County West,,,,,,,12154.0,25219.895,2.075,30078.0,2916.0,15626.0,11536.0,36219.204,1520.0,1396.0,15290.0,336.0,1736.0,2763.0,1658.0,5379.0,149.121,2847.726,1990.412,1153.945
2057,city,SL County West,SL County West,,,,,,SL County West,,,,,,,12165.0,25286.972,2.079,30244.0,2939.0,15686.0,11619.0,36397.148,1532.0,1407.0,15348.0,338.0,1747.0,2779.0,1669.0,5424.0,149.121,2800.997,2029.846,1173.184
2058,city,SL County West,SL County West,,,,,,SL County West,,,,,,,12169.0,25358.279,2.084,30343.0,2951.0,15718.0,11674.0,36429.528,1538.0,1413.0,15380.0,338.0,1758.0,2786.0,1673.0,5457.0,149.0,2757.567,1986.906,1193.054
2059,city,SL County West,SL County West,,,,,,SL County West,,,,,,,12172.0,25471.681,2.093,31163.0,2985.0,16277.0,11901.0,38476.33,1545.0,1440.0,15939.0,338.0,1762.0,2917.0,1747.0,5475.0,149.0,2729.529,3218.618,1216.182
2060,city,SL County West,SL County West,,,,,,SL County West,,,,,,,12197.0,25631.380999999998,2.101,31953.0,3007.0,16881.0,12065.0,38261.279,1552.0,1455.0,16539.0,342.0,1768.0,3009.0,1795.0,5493.0,149.243,2715.235,2204.5660000000003,1239.236
2061,city,SL County West,SL County West,,,,,,SL County West,,,,,,,12206.0,25780.953,2.112,32595.0,3054.0,17357.0,12184.0,38924.625,1561.0,1493.0,17013.0,344.0,1771.0,3075.0,1826.0,5512.0,149.0,2707.539,2210.14,1262.946
2062,city,SL County West,SL County West,,,,,,SL County West,,,,,,,12206.0,25902.713,2.122,32960.0,3068.0,17623.0,12269.0,39374.049,1566.0,1502.0,17279.0,344.0,1775.0,3122.0,1849.0,5523.0,149.243,2702.0409999999997,2278.819,1283.946
2063,city,SL County West,SL County West,,,,,,SL County West,,,,,,,12208.0,26011.893,2.131,33285.0,3089.0,17849.0,12347.0,39727.105,1573.0,1516.0,17505.0,344.0,1777.0,3168.0,1865.0,5537.0,149.243,2697.643,2290.018,1305.2
2064,city,SL County West,SL County West,,,,,,SL County West,,,,,,,12210.0,26154.208,2.142,33466.0,3092.0,17973.0,12401.0,39986.531,1574.0,1518.0,17629.0,344.0,1778.0,3201.0,1877.0,5545.0,150.0,2693.795,2348.555,1328.179
2065,city,SL County West,SL County West,,,,,,SL County West,,,,,,,12214.0,26285.478,2.152,33652.0,3104.0,18094.0,12454.0,40250.513,1577.0,1527.0,17750.0,344.0,1779.0,3227.0,1897.0,5551.0,149.243,2690.497,2404.789,1353.983
2023,city,Salem,Salem,,,,,,Salem,,,,,,,3492.0,11773.029999999999,3.371,3510.0,677.0,262.0,2571.0,4365.152,466.0,211.0,101.0,161.0,307.0,894.0,178.0,1192.0,127.008,0.0,503.862,224.28199999999998
2024,city,Salem,Salem,,,,,,Salem,,,,,,,3685.0,12280.067,3.332,3570.0,678.0,276.0,2616.0,5349.259,460.0,218.0,108.0,168.0,301.0,916.0,194.0,1205.0,127.007,0.0,1425.7930000000001,226.465
2025,city,Salem,Salem,,,,,,Salem,,,,,,,3981.0,13163.421,3.307,3723.0,709.0,295.0,2719.0,4549.714,479.0,230.0,127.0,168.0,311.0,945.0,211.0,1252.0,122.935,0.0,437.32099999999997,266.454
2026,city,Salem,Salem,,,,,,Salem,,,,,,,4461.0,14549.614,3.262,3845.0,727.0,315.0,2803.0,4764.419,489.0,238.0,135.0,180.0,311.0,974.0,229.0,1289.0,117.896,0.0,507.39300000000003,294.125
2027,city,Salem,Salem,,,,,,Salem,,,,,,,5074.0,16293.126,3.211,3881.0,735.0,330.0,2816.0,5990.585,497.0,238.0,147.0,183.0,307.0,990.0,240.0,1279.0,112.918,0.0,1662.243,334.413
2028,city,Salem,Salem,,,,,,Salem,,,,,,,5690.0,18079.998,3.178,3972.0,752.0,339.0,2881.0,5884.406,506.0,246.0,156.0,183.0,307.0,1011.0,247.0,1316.0,108.77699999999999,0.0,1433.095,370.533
2029,city,Salem,Salem,,,,,,Salem,,,,,,,6384.0,20045.491,3.14,4056.0,769.0,348.0,2939.0,6567.141,520.0,249.0,165.0,183.0,307.0,1022.0,253.0,1357.0,106.881,0.0,1993.753,410.503
2030,city,Salem,Salem,,,,,,Salem,,,,,,,7086.0,22046.22,3.111,4187.0,797.0,364.0,3026.0,7153.162,547.0,250.0,181.0,183.0,307.0,1032.0,271.0,1416.0,101.089,0.0,2408.678,456.396
2031,city,Salem,Salem,,,,,,Salem,,,,,,,7813.0,24140.84,3.09,4313.0,832.0,380.0,3101.0,7021.632,583.0,249.0,197.0,183.0,307.0,1035.0,283.0,1476.0,95.95,0.0,2110.277,502.4
2032,city,Salem,Salem,,,,,,Salem,,,,,,,8486.0,25983.916,3.062,4517.0,886.0,399.0,3232.0,7162.948,633.0,253.0,216.0,183.0,307.0,1045.0,306.0,1574.0,92.94800000000001,0.0,2007.0810000000001,545.915
2033,city,Salem,Salem,,,,,,Salem,,,,,,,9224.0,28049.641,3.041,4708.0,930.0,419.0,3359.0,7528.446,669.0,261.0,236.0,183.0,307.0,1050.0,329.0,1673.0,91.563,0.0,2141.437,587.446
2034,city,Salem,Salem,,,,,,Salem,,,,,,,9973.0,30122.728,3.02,5093.0,1055.0,436.0,3602.0,8152.168,727.0,328.0,253.0,183.0,307.0,1057.0,355.0,1883.0,83.911,0.0,2331.767,643.502
2035,city,Salem,Salem,,,,,,Salem,,,,,,,10621.0,31820.826,2.996,5106.0,1051.0,447.0,3608.0,7339.711,737.0,314.0,264.0,183.0,310.0,1054.0,366.0,1878.0,80.785,0.0,1476.31,676.616
2036,city,Salem,Salem,,,,,,Salem,,,,,,,11197.0,33367.572,2.98,5318.0,1104.0,480.0,3734.0,7728.778,780.0,324.0,297.0,183.0,310.0,1060.0,387.0,1977.0,77.669,0.0,1613.469,719.637
2037,city,Salem,Salem,,,,,,Salem,,,,,,,10846.0,32064.339,2.956,4927.0,994.0,491.0,3442.0,7248.305,697.0,297.0,316.0,175.0,294.0,1069.0,336.0,1743.0,80.585,0.0,1548.307,692.414
2038,city,Salem,Salem,,,,,,Salem,,,,,,,11417.0,33625.199,2.945,5067.0,1026.0,513.0,3528.0,7634.893,722.0,304.0,338.0,175.0,294.0,1081.0,344.0,1809.0,77.845,0.0,1756.73,733.324
2039,city,Salem,Salem,,,,,,Salem,,,,,,,11970.0,35066.291,2.93,5124.0,1047.0,528.0,3549.0,7583.534,740.0,307.0,353.0,175.0,290.0,1082.0,347.0,1830.0,74.726,0.0,1616.619,768.199
2040,city,Salem,Salem,,,,,,Salem,,,,,,,12505.0,36485.669,2.918,5308.0,1092.0,544.0,3672.0,7926.953,780.0,312.0,369.0,175.0,290.0,1095.0,359.0,1928.0,72.62599999999999,0.0,1742.461,803.861
2041,city,Salem,Salem,,,,,,Salem,,,,,,,12904.0,37486.794,2.905,5473.0,1139.0,566.0,3768.0,7727.229,823.0,316.0,391.0,175.0,290.0,1109.0,371.0,1998.0,69.621,0.0,1357.095,827.52
2042,city,Salem,Salem,,,,,,Salem,,,,,,,13467.0,38961.311,2.893,5580.0,1168.0,575.0,3837.0,8370.135,851.0,317.0,400.0,175.0,290.0,1122.0,379.0,2046.0,65.627,0.0,1858.671,865.851
2043,city,Salem,Salem,,,,,,Salem,,,,,,,14007.0,40354.914,2.881,5733.0,1223.0,580.0,3930.0,8521.696,892.0,331.0,405.0,175.0,289.0,1141.0,387.0,2113.0,61.49,0.0,1823.769,903.429
2044,city,Salem,Salem,,,,,,Salem,,,,,,,14563.0,41841.225,2.873,5910.0,1275.0,591.0,4044.0,8452.337,928.0,347.0,416.0,175.0,289.0,1163.0,405.0,2187.0,59.47,0.0,1545.774,937.095
2045,city,Salem,Salem,,,,,,Salem,,,,,,,15165.0,43471.705,2.867,6085.0,1320.0,606.0,4159.0,8922.14,965.0,355.0,431.0,175.0,289.0,1188.0,420.0,2262.0,55.367,0.0,1802.406,979.371
2046,city,Salem,Salem,,,,,,Salem,,,,,,,15835.0,45259.026,2.858,6206.0,1351.0,612.0,4243.0,9413.542,993.0,358.0,437.0,175.0,289.0,1206.0,432.0,2316.0,52.4,0.0,2130.182,1024.961
2047,city,Salem,Salem,,,,,,Salem,,,,,,,16489.0,46952.056,2.847,6297.0,1375.0,624.0,4298.0,9207.812,1017.0,358.0,449.0,175.0,288.0,1218.0,445.0,2347.0,47.314,0.0,1794.859,1068.647
2048,city,Salem,Salem,,,,,,Salem,,,,,,,17118.0,48620.474,2.84,6396.0,1398.0,619.0,4379.0,9356.416,1048.0,350.0,444.0,175.0,286.0,1242.0,464.0,2387.0,44.219,0.0,1809.24,1106.963
2049,city,Salem,Salem,,,,,,Salem,,,,,,,17662.0,49976.494,2.83,6526.0,1444.0,625.0,4457.0,9337.676,1092.0,352.0,450.0,175.0,285.0,1259.0,482.0,2431.0,43.186,0.0,1625.695,1142.8
2050,city,Salem,Salem,,,,,,Salem,,,,,,,18090.0,50916.587,2.815,6648.0,1473.0,635.0,4540.0,9102.048,1120.0,353.0,461.0,174.0,281.0,1276.0,502.0,2481.0,42.352,0.0,1236.772,1174.92
2051,city,Salem,Salem,,,,,,Salem,,,,,,,18430.0,51635.616,2.802,6777.0,1501.0,658.0,4618.0,9497.418,1161.0,340.0,484.0,174.0,280.0,1288.0,517.0,2533.0,40.405,0.0,1480.973,1199.038
2052,city,Salem,Salem,,,,,,Salem,,,,,,,18784.0,52373.401,2.788,6960.0,1562.0,677.0,4721.0,9400.219000000001,1216.0,346.0,503.0,174.0,280.0,1319.0,530.0,2592.0,39.519,0.0,1179.539,1221.158
2053,city,Salem,Salem,,,,,,Salem,,,,,,,19147.0,53050.851,2.771,7106.0,1609.0,688.0,4809.0,9825.557999999999,1259.0,350.0,514.0,174.0,280.0,1349.0,545.0,2635.0,41.521,0.0,1425.274,1252.761
2054,city,Salem,Salem,,,,,,Salem,,,,,,,19768.0,54569.673,2.761,7310.0,1653.0,695.0,4962.0,10203.213,1301.0,352.0,521.0,174.0,280.0,1407.0,573.0,2702.0,41.492,0.0,1555.278,1296.448
2055,city,Salem,Salem,,,,,,Salem,,,,,,,20852.0,57247.135,2.745,7526.0,1708.0,712.0,5106.0,10768.061,1346.0,362.0,538.0,174.0,280.0,1452.0,591.0,2783.0,41.516999999999996,0.0,1833.295,1367.249
2056,city,Salem,Salem,,,,,,Salem,,,,,,,21886.0,59787.216,2.732,7735.0,1753.0,723.0,5259.0,10881.949,1382.0,371.0,549.0,174.0,280.0,1501.0,615.0,2863.0,41.516999999999996,0.0,1671.518,1433.914
2057,city,Salem,Salem,,,,,,Salem,,,,,,,22769.0,62076.784,2.726,7963.0,1802.0,740.0,5421.0,11286.812,1425.0,377.0,566.0,174.0,280.0,1544.0,640.0,2957.0,40.524,0.0,1778.685,1504.603
2058,city,Salem,Salem,,,,,,Salem,,,,,,,22846.0,63009.625,2.758,8119.0,1836.0,753.0,5530.0,11372.682,1455.0,381.0,579.0,174.0,269.0,1581.0,662.0,3018.0,40.536,0.0,1677.501,1535.645
2059,city,Salem,Salem,,,,,,Salem,,,,,,,22964.0,63941.247,2.784,8293.0,1881.0,767.0,5645.0,11648.877,1491.0,390.0,593.0,174.0,269.0,1615.0,674.0,3087.0,40.544000000000004,0.0,1747.022,1568.315
2060,city,Salem,Salem,,,,,,Salem,,,,,,,22987.0,64753.728,2.817,8505.0,1936.0,780.0,5789.0,11797.794,1540.0,396.0,606.0,174.0,269.0,1648.0,697.0,3175.0,40.556,0.0,1659.638,1592.598
2061,city,Salem,Salem,,,,,,Salem,,,,,,,23059.0,65779.191,2.853,8671.0,1992.0,790.0,5889.0,12100.103,1583.0,409.0,616.0,174.0,269.0,1667.0,715.0,3238.0,40.519999999999996,0.0,1761.674,1626.914
2062,city,Salem,Salem,,,,,,Salem,,,,,,,23094.0,66612.317,2.884,8813.0,2021.0,799.0,5993.0,12188.367,1606.0,415.0,625.0,174.0,269.0,1691.0,729.0,3304.0,39.473,0.0,1683.352,1652.534
2063,city,Salem,Salem,,,,,,Salem,,,,,,,23139.0,67472.324,2.916,8931.0,2048.0,803.0,6080.0,12399.917,1626.0,422.0,629.0,174.0,269.0,1712.0,739.0,3360.0,39.468,0.0,1748.225,1681.221
2064,city,Salem,Salem,,,,,,Salem,,,,,,,23150.0,68321.263,2.951,9050.0,2082.0,806.0,6162.0,12533.081,1656.0,426.0,632.0,174.0,269.0,1729.0,757.0,3407.0,39.492,0.0,1731.148,1712.445
2065,city,Salem,Salem,,,,,,Salem,,,,,,,23195.0,69183.52100000001,2.983,9155.0,2115.0,812.0,6228.0,12708.733,1684.0,431.0,638.0,174.0,269.0,1746.0,763.0,3450.0,39.522,0.0,1772.651,1741.554
2023,city,Salt Lake City,Salt Lake City,,,,,,Salt Lake City,,,,,,,96072.0,206906.366,2.154,374254.0,44572.0,79447.0,250235.0,404404.08,24033.0,20539.0,26019.0,53428.0,55450.0,69162.0,34418.0,91205.0,230.548,1098.818,22650.595,6170.119
2024,city,Salt Lake City,Salt Lake City,,,,,,Salt Lake City,,,,,,,100065.0,215519.413,2.154,377048.0,44518.0,79238.0,253292.0,407812.568,23874.0,20644.0,25371.0,53867.0,55107.0,71096.0,35193.0,91896.0,238.33,1125.132,23133.971,6267.121
2025,city,Salt Lake City,Salt Lake City,,,,,,Salt Lake City,,,,,,,103337.0,221629.36,2.145,382240.0,44763.0,80142.0,257335.0,412546.269,24260.0,20503.0,25532.0,54610.0,55598.0,72068.0,36413.0,93256.0,237.951,1111.611,21911.194,7045.5070000000005
2026,city,Salt Lake City,Salt Lake City,,,,,,Salt Lake City,,,,,,,106499.0,227468.266,2.136,383158.0,44469.0,80281.0,258408.0,414405.695,24065.0,20404.0,25484.0,54797.0,55040.0,72276.0,37255.0,93837.0,238.766,1135.269,22595.492,7278.167
2027,city,Salt Lake City,Salt Lake City,,,,,,Salt Lake City,,,,,,,109899.0,233824.18,2.128,385045.0,44387.0,80609.0,260049.0,418392.105,24263.0,20124.0,25452.0,55157.0,54897.0,72746.0,38042.0,94364.0,241.141,1150.72,24391.306,7563.923
2028,city,Salt Lake City,Salt Lake City,,,,,,Salt Lake City,,,,,,,113826.0,241796.457,2.124,385502.0,44176.0,80462.0,260864.0,420347.068,24256.0,19920.0,25433.0,55029.0,54633.0,73113.0,38468.0,94650.0,248.82299999999998,1095.439,25638.565,7862.232
2029,city,Salt Lake City,Salt Lake City,,,,,,Salt Lake City,,,,,,,117293.0,248010.575,2.114,388139.0,43995.0,80408.0,263736.0,421582.758,24390.0,19605.0,25433.0,54975.0,55283.0,73628.0,38896.0,95929.0,250.821,1027.1260000000002,24012.585,8153.216
2030,city,Salt Lake City,Salt Lake City,,,,,,Salt Lake City,,,,,,,119936.0,252543.352,2.106,389478.0,44216.0,80379.0,264883.0,423822.667,24841.0,19375.0,25488.0,54891.0,56084.0,73722.0,38407.0,96670.0,248.438,1005.399,24681.843,8408.975
2031,city,Salt Lake City,Salt Lake City,,,,,,Salt Lake City,,,,,,,122531.0,257061.857,2.098,392209.0,44441.0,80393.0,267375.0,427143.70900000003,25424.0,19017.0,25529.0,54864.0,56807.0,73871.0,38908.0,97789.0,254.482,1007.572,25046.420000000002,8626.238
2032,city,Salt Lake City,Salt Lake City,,,,,,Salt Lake City,,,,,,,124736.0,260275.629,2.087,395410.0,44579.0,80289.0,270542.0,430006.937,25860.0,18719.0,25412.0,54877.0,57567.0,74187.0,39476.0,99312.0,254.91899999999998,1053.4340000000002,24436.298,8852.267
2033,city,Salt Lake City,Salt Lake City,,,,,,Salt Lake City,,,,,,,126552.0,262730.926,2.076,400305.0,45017.0,80490.0,274798.0,435404.647,26380.0,18637.0,25668.0,54822.0,58873.0,74593.0,40083.0,101249.0,262.182,1102.68,24666.065,9068.738
2034,city,Salt Lake City,Salt Lake City,,,,,,Salt Lake City,,,,,,,128370.0,265320.655,2.067,405281.0,45971.0,80338.0,278972.0,439052.522,26731.0,19240.0,25566.0,54772.0,59855.0,75090.0,40763.0,103264.0,269.355,1146.129,23019.304,9336.724
2035,city,Salt Lake City,Salt Lake City,,,,,,Salt Lake City,,,,,,,129709.0,266927.064,2.058,404144.0,45077.0,79621.0,279446.0,439068.947,26594.0,18483.0,25572.0,54049.0,60724.0,75301.0,40868.0,102553.0,273.181,1159.651,24057.866,9434.234
2036,city,Salt Lake City,Salt Lake City,,,,,,Salt Lake City,,,,,,,130935.0,268284.638,2.049,406934.0,45372.0,79216.0,282346.0,442867.381,26802.0,18570.0,25544.0,53672.0,61833.0,75725.0,41213.0,103575.0,272.621,1150.477,24912.035,9598.237
2037,city,Salt Lake City,Salt Lake City,,,,,,Salt Lake City,,,,,,,131760.0,268276.917,2.036,408755.0,45318.0,80060.0,283377.0,444442.229,26733.0,18585.0,26460.0,53600.0,62500.0,75755.0,40957.0,104165.0,277.765,1139.373,24499.579999999998,9770.506
2038,city,Salt Lake City,Salt Lake City,,,,,,Salt Lake City,,,,,,,132849.0,269505.299,2.029,413038.0,45346.0,80329.0,287363.0,448256.501,26706.0,18640.0,26675.0,53654.0,63565.0,76464.0,41453.0,105881.0,279.783,1135.752,23834.454,9968.508
2039,city,Salt Lake City,Salt Lake City,,,,,,Salt Lake City,,,,,,,133660.0,270063.091,2.021,417296.0,45600.0,80563.0,291133.0,451038.446,26885.0,18715.0,26818.0,53745.0,64542.0,77246.0,41852.0,107493.0,289.68,1133.819,22162.948,10156.0
2040,city,Salt Lake City,Salt Lake City,,,,,,Salt Lake City,,,,,,,134719.0,271390.014,2.014,421539.0,46080.0,80737.0,294722.0,456144.144,27162.0,18918.0,26902.0,53835.0,65396.0,78061.0,42343.0,108922.0,292.941,1133.58,22824.99,10353.628
2041,city,Salt Lake City,Salt Lake City,,,,,,Salt Lake City,,,,,,,135727.0,272599.85599999997,2.008,424773.0,46376.0,80889.0,297508.0,460668.394,27390.0,18986.0,26929.0,53960.0,65648.0,78801.0,42843.0,110216.0,295.71,1138.1660000000002,23896.634,10564.887
2042,city,Salt Lake City,Salt Lake City,,,,,,Salt Lake City,,,,,,,136668.0,273595.973,2.002,428833.0,46508.0,80936.0,301389.0,461804.63,27427.0,19081.0,26891.0,54045.0,66812.0,79621.0,43268.0,111688.0,298.212,1149.029,20763.985,10760.414
2043,city,Salt Lake City,Salt Lake City,,,,,,Salt Lake City,,,,,,,137679.0,274808.113,1.996,432248.0,46840.0,80858.0,304550.0,467911.801,27720.0,19120.0,26812.0,54046.0,67721.0,80488.0,43702.0,112639.0,303.752,1158.1989999999998,23227.56,10974.292
2044,city,Salt Lake City,Salt Lake City,,,,,,Salt Lake City,,,,,,,138594.0,275887.216,1.991,437231.0,47113.0,80976.0,309142.0,473524.123,27823.0,19290.0,26882.0,54094.0,69169.0,81525.0,44215.0,114233.0,303.5,1156.992,23632.093,11200.525
2045,city,Salt Lake City,Salt Lake City,,,,,,Salt Lake City,,,,,,,139496.0,276915.541,1.985,443112.0,47585.0,81961.0,313566.0,478277.53,28137.0,19448.0,27762.0,54199.0,70504.0,82610.0,44768.0,115684.0,307.253,1154.5790000000002,22280.349,11423.360999999999
2046,city,Salt Lake City,Salt Lake City,,,,,,Salt Lake City,,,,,,,140452.0,278185.899,1.981,448923.0,47900.0,82649.0,318374.0,486241.14,28304.0,19596.0,28351.0,54298.0,71927.0,83818.0,45379.0,117250.0,310.236,1155.3029999999999,24194.829,11657.763
2047,city,Salt Lake City,Salt Lake City,,,,,,Salt Lake City,,,,,,,141145.0,278869.242,1.976,457559.0,48888.0,83491.0,325180.0,495843.648,28882.0,20006.0,28945.0,54546.0,73909.0,85164.0,46138.0,119969.0,314.258,1163.511,24918.776,11888.099
2048,city,Salt Lake City,Salt Lake City,,,,,,Salt Lake City,,,,,,,142028.0,280143.669,1.972,463993.0,49503.0,84061.0,330429.0,506776.903,29290.0,20213.0,29502.0,54559.0,75660.0,86488.0,46667.0,121614.0,315.0,1176.545,29154.422,12137.94
2049,city,Salt Lake City,Salt Lake City,,,,,,Salt Lake City,,,,,,,142962.0,281561.799,1.969,471482.0,50196.0,84831.0,336455.0,513453.5,29720.0,20476.0,30148.0,54683.0,77259.0,87780.0,48126.0,123290.0,314.742,1189.825,28080.796,12386.14
2050,city,Salt Lake City,Salt Lake City,,,,,,Salt Lake City,,,,,,,143917.0,283116.906,1.967,478342.0,50903.0,85599.0,341840.0,522162.668,30197.0,20706.0,30742.0,54857.0,78968.0,89257.0,48787.0,124828.0,315.0,1202.857,29650.428,12652.385
2051,city,Salt Lake City,Salt Lake City,,,,,,Salt Lake City,,,,,,,145129.0,285103.94,1.964,484542.0,51722.0,86511.0,346309.0,528848.456,30736.0,20986.0,31574.0,54937.0,80269.0,90321.0,49373.0,126346.0,315.741,1213.72,29829.695,12947.305
2052,city,Salt Lake City,Salt Lake City,,,,,,Salt Lake City,,,,,,,146314.0,287109.742,1.962,491094.0,52617.0,87379.0,351098.0,535892.004,31347.0,21270.0,32309.0,55070.0,81481.0,91546.0,50056.0,128015.0,316.0,1226.273,30047.129,13208.605
2053,city,Salt Lake City,Salt Lake City,,,,,,Salt Lake City,,,,,,,147239.0,288490.015,1.959,497986.0,53465.0,88017.0,356504.0,543697.8,31895.0,21570.0,32771.0,55246.0,82746.0,92799.0,50774.0,130185.0,316.0,1240.2740000000001,30684.219,13471.318
2054,city,Salt Lake City,Salt Lake City,,,,,,Salt Lake City,,,,,,,147743.0,288788.015,1.955,506248.0,55345.0,88551.0,362352.0,553901.2829999999,33220.0,22125.0,33185.0,55366.0,83997.0,94212.0,51479.0,132664.0,316.0,1250.173,32413.247,13673.875
2055,city,Salt Lake City,Salt Lake City,,,,,,Salt Lake City,,,,,,,149937.0,293201.141,1.955,513123.0,56233.0,89337.0,367553.0,561479.907,33801.0,22432.0,33793.0,55544.0,85128.0,95510.0,52205.0,134710.0,316.0,1256.207,32731.734,14052.963
2056,city,Salt Lake City,Salt Lake City,,,,,,Salt Lake City,,,,,,,149658.0,292009.612,1.951,521371.0,57241.0,90200.0,373930.0,571964.318,34477.0,22764.0,34388.0,55812.0,86288.0,97160.0,53104.0,137378.0,316.259,1250.413,34807.33,14219.324999999999
2057,city,Salt Lake City,Salt Lake City,,,,,,Salt Lake City,,,,,,,149764.0,292853.849,1.955,529575.0,57979.0,90975.0,380621.0,579684.473,34945.0,23034.0,34948.0,56027.0,88168.0,98432.0,53874.0,140147.0,316.259,1229.894,34125.067,14438.25
2058,city,Salt Lake City,Salt Lake City,,,,,,Salt Lake City,,,,,,,149721.0,293500.14,1.96,536913.0,58955.0,92049.0,385909.0,587101.551,35524.0,23431.0,35821.0,56228.0,89334.0,99534.0,54640.0,142401.0,316.0,1210.826,33979.066,14682.672
2059,city,Salt Lake City,Salt Lake City,,,,,,Salt Lake City,,,,,,,149873.0,294945.631,1.968,542447.0,59566.0,92301.0,390580.0,595122.228,35960.0,23606.0,35924.0,56377.0,90438.0,100567.0,55269.0,144306.0,316.0,1198.515,36200.473,14960.25
2060,city,Salt Lake City,Salt Lake City,,,,,,Salt Lake City,,,,,,,149822.0,296164.466,1.977,548418.0,60362.0,92736.0,395320.0,602117.132,36481.0,23881.0,36221.0,56515.0,91582.0,101613.0,55998.0,146127.0,316.51800000000003,1192.237,36960.465,15229.918
2061,city,Salt Lake City,Salt Lake City,,,,,,Salt Lake City,,,,,,,149942.0,297918.699,1.987,555363.0,61514.0,93148.0,400701.0,609863.465,37000.0,24514.0,36521.0,56627.0,92810.0,102699.0,56734.0,148458.0,316.0,1188.857,37500.273,15495.328
2062,city,Salt Lake City,Salt Lake City,,,,,,Salt Lake City,,,,,,,149949.0,299255.24,1.996,560859.0,62181.0,93729.0,404949.0,615033.616,37432.0,24749.0,36982.0,56747.0,93748.0,103655.0,57418.0,150128.0,316.51800000000003,1186.446,36913.331,15758.331
2063,city,Salt Lake City,Salt Lake City,,,,,,Salt Lake City,,,,,,,150123.0,300780.705,2.004,566280.0,62807.0,94203.0,409270.0,622151.888,37865.0,24942.0,37449.0,56754.0,94770.0,104666.0,58095.0,151739.0,316.51800000000003,1184.512,38325.404,16045.464
2064,city,Salt Lake City,Salt Lake City,,,,,,Salt Lake City,,,,,,,149920.0,302012.589,2.014,571660.0,63443.0,94869.0,413348.0,627437.04,38286.0,25157.0,37999.0,56870.0,95581.0,105637.0,58802.0,153328.0,316.0,1182.8239999999998,37947.986,16330.231
2065,city,Salt Lake City,Salt Lake City,,,,,,Salt Lake City,,,,,,,149918.0,303381.628,2.024,577226.0,64090.0,95611.0,417525.0,634287.834,38715.0,25375.0,38591.0,57020.0,96389.0,106668.0,59532.0,154936.0,316.51800000000003,1181.374,38972.161,16591.767
2023,city,Sandy,Sandy,,,,,,Sandy,,,,,,,35556.0,99354.545,2.794,68077.0,12645.0,6396.0,49036.0,75140.342,7798.0,4847.0,3060.0,3336.0,11615.0,7639.0,4072.0,25710.0,2.004,222.175,4555.489,2283.671
2024,city,Sandy,Sandy,,,,,,Sandy,,,,,,,35898.0,99405.559,2.769,69127.0,12739.0,6476.0,49912.0,75469.408,7797.0,4942.0,2985.0,3491.0,11630.0,8099.0,4228.0,25955.0,2.012,227.495,3868.498,2244.4
2025,city,Sandy,Sandy,,,,,,Sandy,,,,,,,36208.0,99349.135,2.744,70411.0,12843.0,6643.0,50925.0,78771.275,7885.0,4958.0,2997.0,3646.0,11753.0,8316.0,4513.0,26343.0,2.008,224.762,5664.629,2468.877
2026,city,Sandy,Sandy,,,,,,Sandy,,,,,,,36458.0,99130.733,2.719,70880.0,12827.0,6701.0,51352.0,78285.291,7852.0,4975.0,2992.0,3709.0,11688.0,8333.0,4715.0,26616.0,2.006,229.545,4683.344,2490.393
2027,city,Sandy,Sandy,,,,,,Sandy,,,,,,,36652.0,98713.039,2.693,71794.0,12960.0,6794.0,52040.0,79646.44,7951.0,5009.0,2986.0,3808.0,11696.0,8454.0,4907.0,26983.0,2.018,232.668,5092.447,2525.308
2028,city,Sandy,Sandy,,,,,,Sandy,,,,,,,36807.0,98159.399,2.667,72330.0,12950.0,6812.0,52568.0,80028.921,7968.0,4982.0,2986.0,3826.0,11798.0,8542.0,4999.0,27229.0,2.014,221.49200000000002,4937.335,2538.076
2029,city,Sandy,Sandy,,,,,,Sandy,,,,,,,36938.0,97614.015,2.643,72868.0,12943.0,6831.0,53094.0,80648.937,7994.0,4949.0,2969.0,3862.0,11922.0,8604.0,5066.0,27502.0,2.006,207.679,5002.871,2568.378
2030,city,Sandy,Sandy,,,,,,Sandy,,,,,,,37034.0,97017.087,2.62,73563.0,12957.0,6845.0,53761.0,81340.934,8065.0,4892.0,2970.0,3875.0,12109.0,8654.0,5245.0,27753.0,2.012,203.28600000000003,4982.339,2590.3
2031,city,Sandy,Sandy,,,,,,Sandy,,,,,,,37081.0,96307.99,2.597,73939.0,12967.0,6845.0,54127.0,81933.997,8144.0,4823.0,2956.0,3889.0,12210.0,8652.0,5309.0,27956.0,2.012,203.726,5180.183,2609.075
2032,city,Sandy,Sandy,,,,,,Sandy,,,,,,,37273.0,96037.099,2.577,73859.0,12829.0,6780.0,54250.0,81996.93000000001,8107.0,4722.0,2945.0,3835.0,12253.0,8642.0,5366.0,27989.0,2.016,212.999,5278.727,2644.1839999999997
2033,city,Sandy,Sandy,,,,,,Sandy,,,,,,,37497.0,95947.032,2.559,73033.0,12844.0,5431.0,54758.0,81739.225,8160.0,4684.0,1618.0,3813.0,12424.0,8644.0,5426.0,28264.0,2.016,222.95600000000002,5795.452,2685.811
2034,city,Sandy,Sandy,,,,,,Sandy,,,,,,,37610.0,95575.097,2.541,73858.0,13023.0,5389.0,55446.0,82445.295,8245.0,4778.0,1579.0,3810.0,12593.0,8666.0,5546.0,28641.0,2.026,231.74099999999999,5616.018,2737.504
2035,city,Sandy,Sandy,,,,,,Sandy,,,,,,,37801.0,95457.453,2.525,73337.0,12782.0,5326.0,55229.0,81527.361,8227.0,4555.0,1578.0,3748.0,12749.0,8648.0,5562.0,28270.0,2.024,234.47400000000002,5204.786,2749.073
2036,city,Sandy,Sandy,,,,,,Sandy,,,,,,,38002.0,95380.26,2.51,73892.0,12857.0,5288.0,55747.0,82354.788,8286.0,4571.0,1575.0,3713.0,12984.0,8678.0,5603.0,28482.0,2.026,232.619,5446.07,2782.073
2037,city,Sandy,Sandy,,,,,,Sandy,,,,,,,38493.0,96096.342,2.496,77412.0,12933.0,5294.0,59185.0,86023.189,8359.0,4574.0,1539.0,3755.0,13524.0,9394.0,6452.0,29815.0,2.02,230.375,5525.935,2852.855
2038,city,Sandy,Sandy,,,,,,Sandy,,,,,,,38833.0,96413.303,2.483,77695.0,12792.0,5287.0,59616.0,86967.47899999999,8291.0,4501.0,1535.0,3752.0,13665.0,9421.0,6509.0,30021.0,2.02,229.643,6130.958,2909.855
2039,city,Sandy,Sandy,,,,,,Sandy,,,,,,,39162.0,96726.168,2.47,78614.0,12818.0,5261.0,60535.0,88776.374,8310.0,4508.0,1520.0,3741.0,13932.0,9525.0,6594.0,30484.0,2.012,229.25199999999998,6961.11,2970.0
2040,city,Sandy,Sandy,,,,,,Sandy,,,,,,,39559.0,97286.338,2.459,79251.0,12818.0,5219.0,61214.0,88904.235,8336.0,4482.0,1491.0,3728.0,14310.0,9617.0,6726.0,30561.0,4.028,229.203,6377.996,3042.009
2041,city,Sandy,Sandy,,,,,,Sandy,,,,,,,40192.0,98435.462,2.449,79282.0,12546.0,5045.0,61691.0,89706.91500000001,8152.0,4394.0,1325.0,3720.0,14595.0,9681.0,6831.0,30584.0,4.024,230.13,7060.908,3129.849
2042,city,Sandy,Sandy,,,,,,Sandy,,,,,,,40853.0,99637.093,2.439,78937.0,12592.0,4994.0,61351.0,89146.894,8175.0,4417.0,1314.0,3680.0,14420.0,9727.0,6946.0,30258.0,4.028,232.327,6756.602,3216.929
2043,city,Sandy,Sandy,,,,,,Sandy,,,,,,,41432.0,100584.568,2.428,80065.0,12528.0,5028.0,62509.0,90919.462,8162.0,4366.0,1306.0,3722.0,14938.0,9936.0,7062.0,30573.0,4.036,234.182,7311.454,3304.785
2044,city,Sandy,Sandy,,,,,,Sandy,,,,,,,42159.0,101813.854,2.415,80473.0,12362.0,5066.0,63045.0,90317.114,8121.0,4241.0,1297.0,3769.0,15341.0,10049.0,7231.0,30424.0,4.008,233.938,6203.313,3402.8559999999998
2045,city,Sandy,Sandy,,,,,,Sandy,,,,,,,42872.0,102962.194,2.402,81040.0,12291.0,5072.0,63677.0,91536.30099999999,8062.0,4229.0,1289.0,3783.0,15586.0,10180.0,7365.0,30546.0,5.004999999999999,233.44899999999998,6746.347,3511.492
2046,city,Sandy,Sandy,,,,,,Sandy,,,,,,,43628.0,104201.489,2.388,79910.0,12197.0,5080.0,62633.0,90584.738,8004.0,4193.0,1280.0,3800.0,15485.0,10301.0,7410.0,29437.0,4.99,233.59599999999998,6813.225,3622.926
2047,city,Sandy,Sandy,,,,,,Sandy,,,,,,,44497.0,105702.316,2.375,78530.0,11531.0,5086.0,61913.0,88612.97499999999,7668.0,3863.0,1261.0,3825.0,15518.0,10328.0,7465.0,28602.0,5.004999999999999,235.255,6093.052,3749.665
2048,city,Sandy,Sandy,,,,,,Sandy,,,,,,,45455.0,107453.816,2.364,78802.0,11565.0,5097.0,62140.0,88549.573,7695.0,3870.0,1257.0,3840.0,15600.0,10435.0,7518.0,28587.0,5.0,237.891,5623.381,3881.295
2049,city,Sandy,Sandy,,,,,,Sandy,,,,,,,46259.0,108856.873,2.353,79241.0,11613.0,5103.0,62525.0,89527.134,7754.0,3859.0,1254.0,3849.0,15803.0,10546.0,7713.0,28463.0,4.995,240.57500000000002,6029.139,4011.428
2050,city,Sandy,Sandy,,,,,,Sandy,,,,,,,47103.0,110531.995,2.347,79938.0,11700.0,5125.0,63113.0,90295.845,7812.0,3888.0,1254.0,3871.0,16011.0,10657.0,7776.0,28669.0,5.0,243.21200000000002,5964.164,4145.468
2051,city,Sandy,Sandy,,,,,,Sandy,,,,,,,47882.0,111997.08899999999,2.339,79946.0,11181.0,5106.0,63659.0,91245.965,7447.0,3734.0,1216.0,3890.0,16191.0,10812.0,7872.0,28784.0,4.995,245.40699999999998,6778.803,4270.757
2052,city,Sandy,Sandy,,,,,,Sandy,,,,,,,48569.0,113186.391,2.33,80790.0,11141.0,5136.0,64513.0,92381.391,7407.0,3734.0,1216.0,3920.0,16473.0,11012.0,8016.0,29012.0,5.0,247.945,6951.906,4386.5380000000005
2053,city,Sandy,Sandy,,,,,,Sandy,,,,,,,49379.0,114716.849,2.323,81594.0,11273.0,5159.0,65162.0,93254.898,7488.0,3785.0,1209.0,3950.0,16515.0,11224.0,8120.0,29303.0,5.0,250.776,6891.349,4513.7699999999995
2054,city,Sandy,Sandy,,,,,,Sandy,,,,,,,50424.0,116854.641,2.317,82542.0,11388.0,5190.0,65964.0,94078.64600000001,7583.0,3805.0,1198.0,3992.0,16725.0,11399.0,8241.0,29599.0,5.0,252.778,6610.257,4668.611
2055,city,Sandy,Sandy,,,,,,Sandy,,,,,,,50782.0,117417.251,2.312,83931.0,11592.0,5254.0,67085.0,97370.659,7726.0,3866.0,1192.0,4062.0,17047.0,11782.0,8207.0,30049.0,5.0,253.997,8417.363,4763.295
2056,city,Sandy,Sandy,,,,,,Sandy,,,,,,,52454.0,120846.809,2.304,85000.0,11756.0,5322.0,67922.0,98188.083,7838.0,3918.0,1191.0,4131.0,17177.0,12056.0,8389.0,30300.0,5.004999999999999,252.82700000000003,7947.495,4982.766
2057,city,Sandy,Sandy,,,,,,Sandy,,,,,,,52764.0,121697.437,2.306,84049.0,12039.0,5254.0,66756.0,98461.503,8029.0,4010.0,1169.0,4085.0,16193.0,12397.0,8684.0,29482.0,5.004999999999999,248.677,9069.025,5089.791
2058,city,Sandy,Sandy,,,,,,Sandy,,,,,,,52833.0,122159.073,2.312,86283.0,12320.0,5356.0,68607.0,98950.272,8195.0,4125.0,1166.0,4190.0,16615.0,12819.0,8963.0,30210.0,5.0,244.822,7237.211,5180.236
2059,city,Sandy,Sandy,,,,,,Sandy,,,,,,,52924.0,122888.138,2.322,87903.0,12508.0,5442.0,69953.0,100761.568,8324.0,4184.0,1160.0,4282.0,16870.0,13181.0,9251.0,30651.0,5.0,242.33200000000002,7326.435,5284.79
2060,city,Sandy,Sandy,,,,,,Sandy,,,,,,,52970.0,123559.17,2.333,89326.0,12755.0,5523.0,71048.0,102415.741,8491.0,4264.0,1159.0,4364.0,17051.0,13479.0,9430.0,31088.0,5.01,241.064,7462.636,5381.032
2061,city,Sandy,Sandy,,,,,,Sandy,,,,,,,53039.0,124386.681,2.345,90817.0,13135.0,5614.0,72068.0,104117.052,8701.0,4434.0,1159.0,4455.0,17363.0,13761.0,9641.0,31303.0,5.0,240.381,7574.907,5479.762
2062,city,Sandy,Sandy,,,,,,Sandy,,,,,,,53172.0,125221.532,2.355,92031.0,13269.0,5666.0,73096.0,105450.783,8792.0,4477.0,1159.0,4507.0,17558.0,14027.0,9816.0,31695.0,5.01,239.892,7586.12,5588.764999999999
2063,city,Sandy,Sandy,,,,,,Sandy,,,,,,,53215.0,125861.51,2.365,93292.0,13425.0,5713.0,74154.0,106680.112,8907.0,4518.0,1159.0,4554.0,17802.0,14254.0,9995.0,32103.0,5.01,239.502,7460.732,5682.874
2064,city,Sandy,Sandy,,,,,,Sandy,,,,,,,53251.0,126635.175,2.378,94181.0,13548.0,5745.0,74888.0,108042.429,8997.0,4551.0,1159.0,4586.0,17957.0,14426.0,10154.0,32351.0,5.0,239.16,7816.472,5800.789
2065,city,Sandy,Sandy,,,,,,Sandy,,,,,,,53298.0,127362.545,2.39,95048.0,13656.0,5770.0,75622.0,109058.343,9060.0,4596.0,1159.0,4611.0,18110.0,14588.0,10290.0,32634.0,5.01,238.867,7865.549,5900.919
2023,city,Santaquin,Santaquin,,,,,,Santaquin,,,,,,,5259.0,18013.117,3.425,4569.0,666.0,130.0,3773.0,5689.251,330.0,336.0,71.0,59.0,2953.0,646.0,121.0,53.0,109.872,29.826,645.133,335.427
2024,city,Santaquin,Santaquin,,,,,,Santaquin,,,,,,,6612.0,21832.04,3.302,4528.0,667.0,137.0,3724.0,8313.883,328.0,339.0,71.0,66.0,2898.0,652.0,121.0,53.0,106.847,32.633,3242.578,403.83
2025,city,Santaquin,Santaquin,,,,,,Santaquin,,,,,,,7341.0,23690.581,3.227,4576.0,669.0,138.0,3769.0,5871.18,328.0,341.0,72.0,66.0,2936.0,658.0,122.0,53.0,106.816,32.531,670.004,485.83500000000004
2026,city,Santaquin,Santaquin,,,,,,Santaquin,,,,,,,7861.0,24823.775999999998,3.158,4658.0,677.0,184.0,3797.0,6077.04,333.0,344.0,77.0,107.0,2936.0,664.0,125.0,72.0,106.816,33.681,765.322,513.217
2027,city,Santaquin,Santaquin,,,,,,Santaquin,,,,,,,8603.0,26647.188000000002,3.097,4810.0,698.0,252.0,3860.0,7501.187,346.0,352.0,81.0,171.0,2932.0,676.0,133.0,119.0,107.87700000000001,34.459,1990.146,558.693
2028,city,Santaquin,Santaquin,,,,,,Santaquin,,,,,,,9404.0,28575.387,3.039,4895.0,703.0,256.0,3936.0,7558.352,346.0,357.0,85.0,171.0,2999.0,682.0,136.0,119.0,107.77,33.072,1913.632,608.872
2029,city,Santaquin,Santaquin,,,,,,Santaquin,,,,,,,10564.0,31361.824,2.969,5148.0,707.0,270.0,4171.0,8840.895,346.0,361.0,99.0,171.0,3159.0,739.0,154.0,119.0,105.874,31.246,2875.934,679.834
2030,city,Santaquin,Santaquin,,,,,,Santaquin,,,,,,,11502.0,33615.499,2.923,5594.0,710.0,295.0,4589.0,8929.507,346.0,364.0,121.0,174.0,3526.0,772.0,170.0,121.0,102.096,30.739,2467.034,735.638
2031,city,Santaquin,Santaquin,,,,,,Santaquin,,,,,,,12312.0,35469.062,2.881,5895.0,709.0,311.0,4875.0,8707.19,346.0,363.0,138.0,173.0,3789.0,776.0,189.0,121.0,101.001,30.976,1899.591,780.622
2032,city,Santaquin,Santaquin,,,,,,Santaquin,,,,,,,13011.0,37089.536,2.851,6289.0,719.0,347.0,5223.0,9258.518,354.0,365.0,149.0,198.0,4088.0,785.0,210.0,140.0,102.043,32.531,2007.064,827.874
2033,city,Santaquin,Santaquin,,,,,,Santaquin,,,,,,,13741.0,38806.448000000004,2.824,6644.0,741.0,407.0,5496.0,9825.963,373.0,368.0,160.0,247.0,4312.0,789.0,224.0,171.0,101.626,34.121,2167.556,878.664
2034,city,Santaquin,Santaquin,,,,,,Santaquin,,,,,,,14295.0,39976.521,2.797,7098.0,788.0,462.0,5848.0,10042.253,380.0,408.0,171.0,291.0,4599.0,791.0,245.0,213.0,100.082,35.507,1888.955,919.718
2035,city,Santaquin,Santaquin,,,,,,Santaquin,,,,,,,14698.0,40812.03,2.777,7169.0,774.0,465.0,5930.0,9682.25,380.0,394.0,176.0,289.0,4678.0,789.0,252.0,211.0,101.99,36.014,1441.389,933.852
2036,city,Santaquin,Santaquin,,,,,,Santaquin,,,,,,,14987.0,41379.046,2.761,7375.0,784.0,467.0,6124.0,9777.218,380.0,404.0,179.0,288.0,4864.0,791.0,258.0,211.0,101.877,35.778,1308.713,955.853
2037,city,Santaquin,Santaquin,,,,,,Santaquin,,,,,,,15555.0,43125.532,2.772,7942.0,801.0,427.0,6714.0,10873.427,367.0,434.0,197.0,230.0,5471.0,820.0,245.0,178.0,99.725,35.473,1804.64,991.593
2038,city,Santaquin,Santaquin,,,,,,Santaquin,,,,,,,15904.0,43884.617,2.759,8183.0,810.0,439.0,6934.0,10777.72,371.0,439.0,202.0,237.0,5666.0,825.0,253.0,190.0,99.071,35.406,1441.795,1018.451
2039,city,Santaquin,Santaquin,,,,,,Santaquin,,,,,,,16277.0,44722.269,2.748,8377.0,824.0,443.0,7110.0,11227.37,378.0,446.0,206.0,237.0,5818.0,836.0,261.0,195.0,97.95,35.406,1670.74,1046.273
2040,city,Santaquin,Santaquin,,,,,,Santaquin,,,,,,,16529.0,45267.012,2.739,8554.0,829.0,449.0,7276.0,11058.047,382.0,447.0,211.0,238.0,5970.0,840.0,264.0,202.0,97.841,35.406,1304.975,1065.821
2041,city,Santaquin,Santaquin,,,,,,Santaquin,,,,,,,16829.0,45896.882,2.727,8765.0,848.0,462.0,7455.0,11489.822,398.0,450.0,223.0,239.0,6120.0,851.0,266.0,218.0,98.88199999999999,35.575,1504.693,1085.678
2042,city,Santaquin,Santaquin,,,,,,Santaquin,,,,,,,17131.0,46542.196,2.717,9433.0,862.0,492.0,8079.0,12400.688,405.0,457.0,236.0,256.0,6687.0,873.0,285.0,234.0,99.94800000000001,35.913,1729.7549999999999,1102.079
2043,city,Santaquin,Santaquin,,,,,,Santaquin,,,,,,,17417.0,47112.349,2.705,9883.0,871.0,511.0,8501.0,12716.647,413.0,458.0,250.0,261.0,7048.0,907.0,293.0,253.0,99.807,36.217,1575.0819999999999,1122.53
2044,city,Santaquin,Santaquin,,,,,,Santaquin,,,,,,,17725.0,47769.962,2.695,10217.0,875.0,540.0,8802.0,12888.963,417.0,458.0,256.0,284.0,7309.0,925.0,302.0,266.0,100.793,36.184,1389.653,1145.337
2045,city,Santaquin,Santaquin,,,,,,Santaquin,,,,,,,17983.0,48274.353,2.684,10575.0,842.0,550.0,9183.0,13339.992999999999,411.0,431.0,261.0,289.0,7639.0,947.0,321.0,276.0,101.664,36.082,1464.811,1162.44
2046,city,Santaquin,Santaquin,,,,,,Santaquin,,,,,,,18197.0,48674.939,2.675,10881.0,853.0,560.0,9468.0,13475.704,417.0,436.0,264.0,296.0,7884.0,972.0,335.0,277.0,99.759,36.082,1282.917,1175.96
2047,city,Santaquin,Santaquin,,,,,,Santaquin,,,,,,,18492.0,49280.695,2.665,11208.0,865.0,568.0,9775.0,14122.591,425.0,440.0,270.0,298.0,8167.0,981.0,338.0,289.0,99.651,36.285,1582.058,1196.608
2048,city,Santaquin,Santaquin,,,,,,Santaquin,,,,,,,18745.0,49770.468,2.655,11478.0,873.0,599.0,10006.0,14165.969,429.0,444.0,279.0,320.0,8366.0,1000.0,347.0,293.0,96.477,36.657,1339.888,1214.96
2049,city,Santaquin,Santaquin,,,,,,Santaquin,,,,,,,19081.0,50466.623,2.645,11772.0,878.0,627.0,10267.0,14825.488,432.0,446.0,288.0,339.0,8590.0,1018.0,359.0,300.0,92.397,36.995,1687.311,1236.788
2050,city,Santaquin,Santaquin,,,,,,Santaquin,,,,,,,19489.0,51320.724,2.633,12153.0,886.0,649.0,10618.0,15323.244999999999,435.0,451.0,300.0,349.0,8908.0,1042.0,366.0,302.0,84.707,37.367,1782.258,1265.913
2051,city,Santaquin,Santaquin,,,,,,Santaquin,,,,,,,20044.0,52513.276,2.62,12393.0,893.0,661.0,10839.0,15843.649,438.0,455.0,311.0,350.0,9108.0,1056.0,371.0,304.0,64.649,37.671,2049.284,1299.041
2052,city,Santaquin,Santaquin,,,,,,Santaquin,,,,,,,20361.0,53129.258,2.609,12430.0,895.0,668.0,10867.0,15216.818000000001,438.0,457.0,315.0,353.0,9134.0,1060.0,370.0,303.0,37.491,37.976,1385.1779999999999,1326.174
2053,city,Santaquin,Santaquin,,,,,,Santaquin,,,,,,,20485.0,53228.271,2.598,12617.0,898.0,673.0,11046.0,15660.191,441.0,457.0,320.0,353.0,9298.0,1068.0,377.0,303.0,36.458,38.382,1632.539,1335.815
2054,city,Santaquin,Santaquin,,,,,,Santaquin,,,,,,,20560.0,53197.228,2.587,12826.0,907.0,714.0,11205.0,16070.892,446.0,461.0,323.0,391.0,9432.0,1084.0,377.0,312.0,36.432,38.652,1827.35,1342.463
2055,city,Santaquin,Santaquin,,,,,,Santaquin,,,,,,,20611.0,53118.841,2.577,13004.0,913.0,731.0,11360.0,16240.319,450.0,463.0,325.0,406.0,9565.0,1096.0,380.0,319.0,36.455,38.754,1811.868,1349.246
2056,city,Santaquin,Santaquin,,,,,,Santaquin,,,,,,,20685.0,53058.312,2.565,13164.0,921.0,750.0,11493.0,16387.167,456.0,465.0,325.0,425.0,9680.0,1108.0,384.0,321.0,36.455,38.517,1792.281,1355.916
2057,city,Santaquin,Santaquin,,,,,,Santaquin,,,,,,,20739.0,53323.81,2.571,13409.0,923.0,767.0,11719.0,16797.889,457.0,466.0,331.0,436.0,9882.0,1124.0,390.0,323.0,36.471,37.841,1946.936,1367.633
2058,city,Santaquin,Santaquin,,,,,,Santaquin,,,,,,,20770.0,53985.125,2.599,13658.0,932.0,784.0,11942.0,17026.034,459.0,473.0,337.0,447.0,10086.0,1139.0,394.0,323.0,36.481,37.198,1899.67,1394.681
2059,city,Santaquin,Santaquin,,,,,,Santaquin,,,,,,,20814.0,54607.591,2.624,13853.0,941.0,818.0,12094.0,17193.47,466.0,475.0,340.0,478.0,10212.0,1151.0,398.0,333.0,36.491,36.725,1848.977,1418.2820000000002
2060,city,Santaquin,Santaquin,,,,,,Santaquin,,,,,,,20796.0,55151.615,2.652,14040.0,944.0,829.0,12267.0,17461.829,467.0,477.0,341.0,488.0,10365.0,1163.0,400.0,339.0,36.501,36.488,1909.202,1439.632
2061,city,Santaquin,Santaquin,,,,,,Santaquin,,,,,,,20828.0,55917.716,2.685,14237.0,951.0,840.0,12446.0,17705.194,470.0,481.0,348.0,492.0,10523.0,1176.0,403.0,344.0,36.467999999999996,36.319,1927.488,1467.917
2062,city,Santaquin,Santaquin,,,,,,Santaquin,,,,,,,20856.0,56581.145,2.713,14389.0,953.0,850.0,12586.0,17881.752,472.0,481.0,354.0,496.0,10650.0,1185.0,406.0,345.0,36.437,36.217,1924.613,1495.484
2063,city,Santaquin,Santaquin,,,,,,Santaquin,,,,,,,20881.0,57250.006,2.742,14501.0,954.0,853.0,12694.0,18002.567,473.0,481.0,357.0,496.0,10739.0,1199.0,408.0,348.0,36.432,36.116,1909.822,1519.195
2064,city,Santaquin,Santaquin,,,,,,Santaquin,,,,,,,20896.0,57938.997,2.773,14569.0,956.0,865.0,12748.0,18114.456,473.0,483.0,361.0,504.0,10787.0,1201.0,409.0,351.0,36.455,36.048,1924.555,1548.405
2065,city,Santaquin,Santaquin,,,,,,Santaquin,,,,,,,20926.0,58615.727,2.801,14608.0,956.0,867.0,12785.0,18191.603,473.0,483.0,362.0,505.0,10818.0,1206.0,410.0,351.0,36.481,35.981,1939.539,1571.596
2023,city,Saratoga Springs,Saratoga Springs,,,,,,Saratoga Springs,,,,,,,14366.0,54473.137,3.792,10201.0,3421.0,154.0,6626.0,15080.794,2045.0,1376.0,91.0,63.0,662.0,1853.0,566.0,3545.0,113.904,0.0,3842.716,923.175
2024,city,Saratoga Springs,Saratoga Springs,,,,,,Saratoga Springs,,,,,,,15459.0,57659.827,3.73,10366.0,3431.0,197.0,6738.0,14930.333999999999,2025.0,1406.0,104.0,93.0,649.0,1896.0,626.0,3567.0,111.888,0.0,3495.485,956.963
2025,city,Saratoga Springs,Saratoga Springs,,,,,,Saratoga Springs,,,,,,,17037.0,62256.081,3.654,10851.0,3500.0,270.0,7081.0,13766.665,2067.0,1433.0,131.0,139.0,722.0,1977.0,681.0,3701.0,110.845,0.0,1668.877,1135.942
2026,city,Saratoga Springs,Saratoga Springs,,,,,,Saratoga Springs,,,,,,,18662.0,66871.158,3.583,11182.0,3559.0,286.0,7337.0,14308.865,2094.0,1465.0,139.0,147.0,722.0,2065.0,731.0,3819.0,107.822,0.0,1786.514,1232.5240000000001
2027,city,Saratoga Springs,Saratoga Springs,,,,,,Saratoga Springs,,,,,,,20513.0,72230.263,3.521,11615.0,3668.0,308.0,7639.0,16102.767,2170.0,1498.0,158.0,150.0,720.0,2157.0,786.0,3976.0,104.849,0.0,3042.233,1340.664
2028,city,Saratoga Springs,Saratoga Springs,,,,,,Saratoga Springs,,,,,,,22159.0,76683.54,3.461,12036.0,3733.0,343.0,7960.0,17169.287,2212.0,1521.0,177.0,166.0,761.0,2259.0,825.0,4115.0,102.731,0.0,3595.482,1435.065
2029,city,Saratoga Springs,Saratoga Springs,,,,,,Saratoga Springs,,,,,,,23765.0,80910.249,3.405,12555.0,3782.0,415.0,8358.0,18541.655,2248.0,1534.0,199.0,216.0,842.0,2367.0,868.0,4281.0,94.783,0.0,4359.995,1531.881
2030,city,Saratoga Springs,Saratoga Springs,,,,,,Saratoga Springs,,,,,,,25413.0,85344.745,3.358,12948.0,3846.0,485.0,8617.0,19278.06,2307.0,1539.0,236.0,249.0,845.0,2427.0,915.0,4430.0,91.996,0.0,4606.655,1631.413
2031,city,Saratoga Springs,Saratoga Springs,,,,,,Saratoga Springs,,,,,,,27138.0,89920.043,3.313,13447.0,3932.0,604.0,8911.0,19985.656,2398.0,1534.0,279.0,325.0,868.0,2453.0,966.0,4624.0,87.86999999999999,0.0,4714.401,1736.375
2032,city,Saratoga Springs,Saratoga Springs,,,,,,Saratoga Springs,,,,,,,28926.0,94544.916,3.269,13869.0,4012.0,653.0,9204.0,20830.915,2470.0,1542.0,311.0,342.0,868.0,2461.0,1039.0,4836.0,83.856,0.0,5030.339,1847.715
2033,city,Saratoga Springs,Saratoga Springs,,,,,,Saratoga Springs,,,,,,,30568.0,98722.361,3.23,14292.0,4112.0,688.0,9492.0,20812.321,2548.0,1564.0,340.0,348.0,868.0,2469.0,1098.0,5057.0,82.503,0.0,4485.337,1952.473
2034,city,Saratoga Springs,Saratoga Springs,,,,,,Saratoga Springs,,,,,,,32083.0,102536.372,3.196,14983.0,4285.0,775.0,9923.0,21475.806,2634.0,1651.0,367.0,408.0,850.0,2509.0,1167.0,5397.0,77.845,0.0,4342.356,2072.613
2035,city,Saratoga Springs,Saratoga Springs,,,,,,Saratoga Springs,,,,,,,33770.0,106874.284,3.165,15038.0,4240.0,790.0,10008.0,22413.833,2641.0,1599.0,385.0,405.0,941.0,2505.0,1194.0,5368.0,75.742,0.0,5144.134,2155.963
2036,city,Saratoga Springs,Saratoga Springs,,,,,,Saratoga Springs,,,,,,,35310.0,110676.714,3.134,15452.0,4311.0,816.0,10325.0,22145.567,2691.0,1620.0,412.0,404.0,1037.0,2518.0,1250.0,5520.0,75.651,0.0,4361.9039999999995,2256.007
2037,city,Saratoga Springs,Saratoga Springs,,,,,,Saratoga Springs,,,,,,,37439.0,116198.349,3.104,15720.0,4367.0,734.0,10619.0,23216.942,2719.0,1648.0,457.0,277.0,1156.0,2489.0,1319.0,5655.0,72.526,0.0,5031.995,2392.431
2038,city,Saratoga Springs,Saratoga Springs,,,,,,Saratoga Springs,,,,,,,39189.0,120597.317,3.077,16318.0,4495.0,780.0,11043.0,24828.061,2819.0,1676.0,503.0,277.0,1156.0,2536.0,1402.0,5949.0,70.768,0.0,5927.175,2512.121
2039,city,Saratoga Springs,Saratoga Springs,,,,,,Saratoga Springs,,,,,,,41343.0,126113.362,3.05,16982.0,4643.0,823.0,11516.0,26495.392,2929.0,1714.0,546.0,277.0,1156.0,2625.0,1483.0,6252.0,70.691,0.0,6788.019,2654.688
2040,city,Saratoga Springs,Saratoga Springs,,,,,,Saratoga Springs,,,,,,,43162.0,130745.858,3.029,17636.0,4776.0,865.0,11995.0,25307.318,3046.0,1730.0,588.0,277.0,1156.0,2698.0,1590.0,6551.0,70.61,0.0,4821.178,2779.527
2041,city,Saratoga Springs,Saratoga Springs,,,,,,Saratoga Springs,,,,,,,45575.0,137204.537,3.011,18218.0,4905.0,908.0,12405.0,28056.293,3153.0,1752.0,631.0,277.0,1156.0,2760.0,1664.0,6825.0,68.612,0.0,6834.852,2934.828
2042,city,Saratoga Springs,Saratoga Springs,,,,,,Saratoga Springs,,,,,,,47551.0,142270.037,2.992,18721.0,5028.0,941.0,12752.0,27082.189,3253.0,1775.0,664.0,277.0,1120.0,2820.0,1734.0,7078.0,66.638,0.0,5234.571,3059.9919999999997
2043,city,Saratoga Springs,Saratoga Springs,,,,,,Saratoga Springs,,,,,,,49490.0,147076.231,2.972,19274.0,5169.0,986.0,13119.0,28297.579,3364.0,1805.0,699.0,287.0,1120.0,2885.0,1799.0,7315.0,65.524,0.0,5770.524,3187.527
2044,city,Saratoga Springs,Saratoga Springs,,,,,,Saratoga Springs,,,,,,,51183.0,151262.11,2.955,19805.0,5269.0,1036.0,13500.0,28316.724000000002,3439.0,1830.0,712.0,324.0,1127.0,2961.0,1880.0,7532.0,64.509,0.0,5150.365,3296.855
2045,city,Saratoga Springs,Saratoga Springs,,,,,,Saratoga Springs,,,,,,,52997.0,155617.107,2.936,20388.0,5403.0,1064.0,13921.0,29290.116,3536.0,1867.0,738.0,326.0,1127.0,3039.0,2000.0,7755.0,63.419,0.0,5418.398,3420.3
2046,city,Saratoga Springs,Saratoga Springs,,,,,,Saratoga Springs,,,,,,,54875.0,160194.801,2.919,20889.0,5520.0,1079.0,14290.0,30198.964,3636.0,1884.0,755.0,324.0,1122.0,3150.0,2078.0,7940.0,61.468,0.0,5705.634,3542.872
2047,city,Saratoga Springs,Saratoga Springs,,,,,,Saratoga Springs,,,,,,,56429.0,163639.873,2.9,21423.0,5640.0,1111.0,14672.0,30429.296000000002,3733.0,1907.0,787.0,324.0,1122.0,3243.0,2167.0,8140.0,62.411,0.0,5297.0869999999995,3646.81
2048,city,Saratoga Springs,Saratoga Springs,,,,,,Saratoga Springs,,,,,,,57656.0,166252.825,2.884,21963.0,5772.0,1145.0,15046.0,29939.358,3841.0,1931.0,819.0,326.0,1123.0,3338.0,2249.0,8336.0,62.308,0.0,4181.187,3732.873
2049,city,Saratoga Springs,Saratoga Springs,,,,,,Saratoga Springs,,,,,,,58761.0,168567.847,2.869,22625.0,5909.0,1215.0,15501.0,30307.548,3952.0,1957.0,878.0,337.0,1124.0,3473.0,2328.0,8576.0,64.276,0.0,3809.935,3808.34
2050,city,Saratoga Springs,Saratoga Springs,,,,,,Saratoga Springs,,,,,,,59371.0,169514.503,2.855,23263.0,6047.0,1258.0,15958.0,30006.537,4068.0,1979.0,919.0,339.0,1124.0,3645.0,2388.0,8801.0,66.55199999999999,0.0,2826.238,3850.733
2051,city,Saratoga Springs,Saratoga Springs,,,,,,Saratoga Springs,,,,,,,59774.0,169896.921,2.842,23855.0,6171.0,1317.0,16367.0,30882.833,4167.0,2004.0,973.0,344.0,1127.0,3772.0,2462.0,9006.0,68.69,0.0,3074.007,3885.1259999999997
2052,city,Saratoga Springs,Saratoga Springs,,,,,,Saratoga Springs,,,,,,,60075.0,169969.652,2.829,24444.0,6285.0,1377.0,16782.0,31643.687,4263.0,2022.0,1024.0,353.0,1132.0,3940.0,2526.0,9184.0,72.958,0.0,3216.216,3910.513
2053,city,Saratoga Springs,Saratoga Springs,,,,,,Saratoga Springs,,,,,,,60347.0,169889.298,2.815,25034.0,6426.0,1409.0,17199.0,33080.516,4376.0,2050.0,1056.0,353.0,1132.0,4097.0,2598.0,9372.0,72.914,0.0,4039.206,3934.392
2054,city,Saratoga Springs,Saratoga Springs,,,,,,Saratoga Springs,,,,,,,60993.0,170821.36,2.801,25598.0,6535.0,1448.0,17615.0,34143.292,4473.0,2062.0,1095.0,353.0,1132.0,4263.0,2698.0,9522.0,72.864,0.0,4484.059,3988.371
2055,city,Saratoga Springs,Saratoga Springs,,,,,,Saratoga Springs,,,,,,,61549.0,171505.09100000001,2.786,26164.0,6664.0,1479.0,18021.0,34688.877,4577.0,2087.0,1126.0,353.0,1132.0,4405.0,2779.0,9705.0,72.908,0.0,4418.238,4033.744
2056,city,Saratoga Springs,Saratoga Springs,,,,,,Saratoga Springs,,,,,,,61756.0,171280.601,2.774,26728.0,6759.0,1508.0,18461.0,35303.221,4658.0,2101.0,1155.0,353.0,1132.0,4560.0,2868.0,9901.0,72.908,0.0,4452.559,4049.756
2057,city,Saratoga Springs,Saratoga Springs,,,,,,Saratoga Springs,,,,,,,61808.0,171895.969,2.781,27245.0,6829.0,1540.0,18876.0,36081.193,4718.0,2111.0,1187.0,353.0,1132.0,4702.0,2958.0,10084.0,72.942,0.0,4681.33,4081.916
2058,city,Saratoga Springs,Saratoga Springs,,,,,,Saratoga Springs,,,,,,,61834.0,174136.938,2.816,27719.0,6910.0,1577.0,19232.0,36535.348,4788.0,2122.0,1224.0,353.0,1132.0,4815.0,3027.0,10258.0,72.964,0.0,4590.339,4153.036
2059,city,Saratoga Springs,Saratoga Springs,,,,,,Saratoga Springs,,,,,,,61911.0,176170.96600000001,2.846,27944.0,6879.0,1605.0,19460.0,36958.449,4795.0,2084.0,1250.0,355.0,1127.0,4902.0,3084.0,10347.0,72.98,0.0,4719.634,4221.84
2060,city,Saratoga Springs,Saratoga Springs,,,,,,Saratoga Springs,,,,,,,62080.0,178655.199,2.878,27803.0,6697.0,1613.0,19493.0,37233.055,4642.0,2055.0,1254.0,359.0,1104.0,4972.0,3136.0,10281.0,73.002,0.0,5049.134,4307.909
2061,city,Saratoga Springs,Saratoga Springs,,,,,,Saratoga Springs,,,,,,,62132.0,181184.668,2.916,28232.0,6798.0,1631.0,19803.0,37715.977,4710.0,2088.0,1272.0,359.0,1097.0,5072.0,3208.0,10426.0,72.93599999999999,0.0,5028.272,4382.757
2062,city,Saratoga Springs,Saratoga Springs,,,,,,Saratoga Springs,,,,,,,62358.0,183795.104,2.947,28303.0,6719.0,1690.0,19894.0,38021.326,4645.0,2074.0,1309.0,381.0,1076.0,5163.0,3245.0,10410.0,72.874,0.0,5174.001,4471.442
2063,city,Saratoga Springs,Saratoga Springs,,,,,,Saratoga Springs,,,,,,,62798.0,186870.55,2.976,28559.0,6774.0,1715.0,20070.0,38685.211,4685.0,2089.0,1334.0,381.0,1026.0,5253.0,3293.0,10498.0,69.828,0.0,5481.777,4574.604
2064,city,Saratoga Springs,Saratoga Springs,,,,,,Saratoga Springs,,,,,,,62823.0,189196.67,3.012,29027.0,6860.0,1748.0,20419.0,38697.247,4759.0,2101.0,1364.0,384.0,1026.0,5357.0,3372.0,10664.0,69.86999999999999,0.0,4948.175,4652.209
2065,city,Saratoga Springs,Saratoga Springs,,,,,,Saratoga Springs,,,,,,,62841.0,191318.458,3.044,29465.0,6965.0,1787.0,20713.0,39189.993,4845.0,2120.0,1388.0,399.0,1028.0,5450.0,3423.0,10812.0,68.91,0.0,4929.29,4726.794
2023,city,South Cedar Valley,South Cedar Valley,,,,,,South Cedar Valley,,,,,,,0.0,0.0,0,0.0,0.0,0.0,0.0,717.663,0.0,0.0,0.0,0.0,0.0,0.0,0.0,0.0,717.663,0.0,0.0,0.0
2024,city,South Cedar Valley,South Cedar Valley,,,,,,South Cedar Valley,,,,,,,0.0,0.0,0,0.0,0.0,0.0,0.0,725.711,0.0,0.0,0.0,0.0,0.0,0.0,0.0,0.0,725.711,0.0,0.0,0.0
2025,city,South Cedar Valley,South Cedar Valley,,,,,,South Cedar Valley,,,,,,,1.0,1.952,1.952,0.0,0.0,0.0,0.0,726.6,0.0,0.0,0.0,0.0,0.0,0.0,0.0,0.0,726.5450000000001,0.0,0.055,0.0
2026,city,South Cedar Valley,South Cedar Valley,,,,,,South Cedar Valley,,,,,,,1.0,1.937,1.937,0.0,0.0,0.0,0.0,732.6410000000001,0.0,0.0,0.0,0.0,0.0,0.0,0.0,0.0,732.587,0.0,0.054,0.0
2027,city,South Cedar Valley,South Cedar Valley,,,,,,South Cedar Valley,,,,,,,1.0,1.923,1.923,0.0,0.0,0.0,0.0,734.042,0.0,0.0,0.0,0.0,0.0,0.0,0.0,0.0,734.005,0.0,0.037,0.0
2028,city,South Cedar Valley,South Cedar Valley,,,,,,South Cedar Valley,,,,,,,1.0,1.908,1.908,0.0,0.0,0.0,0.0,733.2919999999999,0.0,0.0,0.0,0.0,0.0,0.0,0.0,0.0,733.255,0.0,0.036,0.0
2029,city,South Cedar Valley,South Cedar Valley,,,,,,South Cedar Valley,,,,,,,1.0,1.895,1.895,0.0,0.0,0.0,0.0,735.116,0.0,0.0,0.0,0.0,0.0,0.0,0.0,0.0,735.081,0.0,0.035,0.0
2030,city,South Cedar Valley,South Cedar Valley,,,,,,South Cedar Valley,,,,,,,1.0,1.882,1.882,0.0,0.0,0.0,0.0,739.9699999999999,0.0,0.0,0.0,0.0,0.0,0.0,0.0,0.0,739.935,0.0,0.035,0.0
2031,city,South Cedar Valley,South Cedar Valley,,,,,,South Cedar Valley,,,,,,,1.0,1.87,1.87,0.0,0.0,0.0,0.0,739.405,0.0,0.0,0.0,0.0,0.0,0.0,0.0,0.0,739.3679999999999,0.0,0.037,0.0
2032,city,South Cedar Valley,South Cedar Valley,,,,,,South Cedar Valley,,,,,,,1.0,1.859,1.859,0.0,0.0,0.0,0.0,741.654,0.0,0.0,0.0,0.0,0.0,0.0,0.0,0.0,741.614,0.0,0.039,0.0
2033,city,South Cedar Valley,South Cedar Valley,,,,,,South Cedar Valley,,,,,,,1.0,1.85,1.85,0.0,0.0,0.0,0.0,744.659,0.0,0.0,0.0,0.0,0.0,0.0,0.0,0.0,744.6179999999999,0.0,0.04,0.0
2034,city,South Cedar Valley,South Cedar Valley,,,,,,South Cedar Valley,,,,,,,1.0,1.841,1.841,0.0,0.0,0.0,0.0,754.163,0.0,0.0,0.0,0.0,0.0,0.0,0.0,0.0,754.12,0.0,0.043,0.0
2035,city,South Cedar Valley,South Cedar Valley,,,,,,South Cedar Valley,,,,,,,1.0,1.834,1.834,0.0,0.0,0.0,0.0,756.375,0.0,0.0,0.0,0.0,0.0,0.0,0.0,0.0,756.335,0.0,0.04,0.0
2036,city,South Cedar Valley,South Cedar Valley,,,,,,South Cedar Valley,,,,,,,1.0,1.827,1.827,0.0,0.0,0.0,0.0,760.593,0.0,0.0,0.0,0.0,0.0,0.0,0.0,0.0,760.5500000000001,0.0,0.043,0.0
2037,city,South Cedar Valley,South Cedar Valley,,,,,,South Cedar Valley,,,,,,,1.0,1.821,1.821,0.0,0.0,0.0,0.0,762.578,0.0,0.0,0.0,0.0,0.0,0.0,0.0,0.0,762.539,0.0,0.039,0.0
2038,city,South Cedar Valley,South Cedar Valley,,,,,,South Cedar Valley,,,,,,,1.0,1.815,1.815,0.0,0.0,0.0,0.0,770.328,0.0,0.0,0.0,0.0,0.0,0.0,0.0,0.0,770.289,0.0,0.039,0.0
2039,city,South Cedar Valley,South Cedar Valley,,,,,,South Cedar Valley,,,,,,,1.0,1.81,1.81,0.0,0.0,0.0,0.0,774.534,0.0,0.0,0.0,0.0,0.0,0.0,0.0,0.0,774.497,0.0,0.037,0.0
2040,city,South Cedar Valley,South Cedar Valley,,,,,,South Cedar Valley,,,,,,,1.0,1.805,1.805,0.0,0.0,0.0,0.0,779.748,0.0,0.0,0.0,0.0,0.0,0.0,0.0,0.0,779.711,0.0,0.037,0.0
2041,city,South Cedar Valley,South Cedar Valley,,,,,,South Cedar Valley,,,,,,,1.0,1.8,1.8,0.0,0.0,0.0,0.0,785.006,0.0,0.0,0.0,0.0,0.0,0.0,0.0,0.0,784.9730000000001,0.0,0.033,0.0
2042,city,South Cedar Valley,South Cedar Valley,,,,,,South Cedar Valley,,,,,,,1.0,1.795,1.795,0.0,0.0,0.0,0.0,794.519,0.0,0.0,0.0,0.0,0.0,0.0,0.0,0.0,794.4879999999999,0.0,0.031,0.0
2043,city,South Cedar Valley,South Cedar Valley,,,,,,South Cedar Valley,,,,,,,1.0,1.79,1.79,0.0,0.0,0.0,0.0,800.505,0.0,0.0,0.0,0.0,0.0,0.0,0.0,0.0,800.4730000000001,0.0,0.033,0.0
2044,city,South Cedar Valley,South Cedar Valley,,,,,,South Cedar Valley,,,,,,,1.0,1.786,1.786,0.0,0.0,0.0,0.0,810.37,0.0,0.0,0.0,0.0,0.0,0.0,0.0,0.0,810.3380000000001,0.0,0.032,0.0
2045,city,South Cedar Valley,South Cedar Valley,,,,,,South Cedar Valley,,,,,,,1.0,1.782,1.782,0.0,0.0,0.0,0.0,818.3349999999999,0.0,0.0,0.0,0.0,0.0,0.0,0.0,0.0,818.304,0.0,0.031,0.0
2046,city,South Cedar Valley,South Cedar Valley,,,,,,South Cedar Valley,,,,,,,1.0,1.778,1.778,0.0,0.0,0.0,0.0,830.3140000000001,0.0,0.0,0.0,0.0,0.0,0.0,0.0,0.0,830.284,0.0,0.03,0.0
2047,city,South Cedar Valley,South Cedar Valley,,,,,,South Cedar Valley,,,,,,,1.0,1.773,1.773,0.0,0.0,0.0,0.0,843.5089999999999,0.0,0.0,0.0,0.0,0.0,0.0,0.0,0.0,843.4789999999999,0.0,0.03,0.0
2048,city,South Cedar Valley,South Cedar Valley,,,,,,South Cedar Valley,,,,,,,1.0,1.769,1.769,0.0,0.0,0.0,0.0,861.231,0.0,0.0,0.0,0.0,0.0,0.0,0.0,0.0,861.201,0.0,0.03,0.0
2049,city,South Cedar Valley,South Cedar Valley,,,,,,South Cedar Valley,,,,,,,1.0,1.765,1.765,0.0,0.0,0.0,0.0,881.86,0.0,0.0,0.0,0.0,0.0,0.0,0.0,0.0,881.83,0.0,0.03,0.0
2050,city,South Cedar Valley,South Cedar Valley,,,,,,South Cedar Valley,,,,,,,1.0,1.761,1.761,0.0,0.0,0.0,0.0,912.721,0.0,0.0,0.0,0.0,0.0,0.0,0.0,0.0,912.69,0.0,0.031,0.0
2051,city,South Cedar Valley,South Cedar Valley,,,,,,South Cedar Valley,,,,,,,1.0,1.756,1.756,0.0,0.0,0.0,0.0,955.661,0.0,0.0,0.0,0.0,0.0,0.0,0.0,0.0,955.629,0.0,0.032,0.0
2052,city,South Cedar Valley,South Cedar Valley,,,,,,South Cedar Valley,,,,,,,1.0,1.751,1.751,0.0,0.0,0.0,0.0,1028.51,0.0,0.0,0.0,0.0,0.0,0.0,0.0,0.0,1028.4769999999999,0.0,0.033,0.0
2053,city,South Cedar Valley,South Cedar Valley,,,,,,South Cedar Valley,,,,,,,1.0,1.746,1.746,0.0,0.0,0.0,0.0,1037.0919999999999,0.0,0.0,0.0,0.0,0.0,0.0,0.0,0.0,1037.048,0.0,0.044,0.0
2054,city,South Cedar Valley,South Cedar Valley,,,,,,South Cedar Valley,,,,,,,1.0,1.742,1.742,0.0,0.0,0.0,0.0,1034.242,0.0,0.0,0.0,0.0,0.0,0.0,0.0,0.0,1034.194,0.0,0.048,0.0
2055,city,South Cedar Valley,South Cedar Valley,,,,,,South Cedar Valley,,,,,,,1.0,1.737,1.737,0.0,0.0,0.0,0.0,1031.8149999999998,0.0,0.0,0.0,0.0,0.0,0.0,0.0,0.0,1031.7659999999998,0.0,0.049,0.0
2056,city,South Cedar Valley,South Cedar Valley,,,,,,South Cedar Valley,,,,,,,1.0,1.732,1.732,0.0,0.0,0.0,0.0,1029.821,0.0,0.0,0.0,0.0,0.0,0.0,0.0,0.0,1029.773,0.0,0.047,0.0
2057,city,South Cedar Valley,South Cedar Valley,,,,,,South Cedar Valley,,,,,,,1.0,1.735,1.735,0.0,0.0,0.0,0.0,1028.4009999999998,0.0,0.0,0.0,0.0,0.0,0.0,0.0,0.0,1028.3509999999999,0.0,0.05,0.0
2058,city,South Cedar Valley,South Cedar Valley,,,,,,South Cedar Valley,,,,,,,1.0,1.75,1.75,0.0,0.0,0.0,0.0,1025.6899999999998,0.0,0.0,0.0,0.0,0.0,0.0,0.0,0.0,1025.6409999999998,0.0,0.05,0.0
2059,city,South Cedar Valley,South Cedar Valley,,,,,,South Cedar Valley,,,,,,,1.0,1.762,1.762,0.0,0.0,0.0,0.0,1022.684,0.0,0.0,0.0,0.0,0.0,0.0,0.0,0.0,1022.636,0.0,0.048,0.0
2060,city,South Cedar Valley,South Cedar Valley,,,,,,South Cedar Valley,,,,,,,1.0,1.777,1.777,0.0,0.0,0.0,0.0,1019.975,0.0,0.0,0.0,0.0,0.0,0.0,0.0,0.0,1019.925,0.0,0.05,0.0
2061,city,South Cedar Valley,South Cedar Valley,,,,,,South Cedar Valley,,,,,,,1.0,1.793,1.793,0.0,0.0,0.0,0.0,1016.106,0.0,0.0,0.0,0.0,0.0,0.0,0.0,0.0,1016.0550000000001,0.0,0.051,0.0
2062,city,South Cedar Valley,South Cedar Valley,,,,,,South Cedar Valley,,,,,,,1.0,1.807,1.807,0.0,0.0,0.0,0.0,1012.242,0.0,0.0,0.0,0.0,0.0,0.0,0.0,0.0,1012.1909999999999,0.0,0.05,0.0
2063,city,South Cedar Valley,South Cedar Valley,,,,,,South Cedar Valley,,,,,,,1.0,1.821,1.821,0.0,0.0,0.0,0.0,1009.967,0.0,0.0,0.0,0.0,0.0,0.0,0.0,0.0,1009.915,0.0,0.052,0.0
2064,city,South Cedar Valley,South Cedar Valley,,,,,,South Cedar Valley,,,,,,,1.0,1.836,1.836,0.0,0.0,0.0,0.0,1008.543,0.0,0.0,0.0,0.0,0.0,0.0,0.0,0.0,1008.489,0.0,0.053,0.0
2065,city,South Cedar Valley,South Cedar Valley,,,,,,South Cedar Valley,,,,,,,1.0,1.85,1.85,0.0,0.0,0.0,0.0,1006.402,0.0,0.0,0.0,0.0,0.0,0.0,0.0,0.0,1006.349,0.0,0.052,0.0
2023,city,South Goshen Valley,South Goshen Valley,,,,,,South Goshen Valley,,,,,,,0.0,0.0,0,0.0,0.0,0.0,0.0,37.294,0.0,0.0,0.0,0.0,0.0,0.0,0.0,0.0,37.294,0.0,0.0,0.0
2024,city,South Goshen Valley,South Goshen Valley,,,,,,South Goshen Valley,,,,,,,0.0,0.0,0,0.0,0.0,0.0,0.0,37.293,0.0,0.0,0.0,0.0,0.0,0.0,0.0,0.0,37.293,0.0,0.0,0.0
2025,city,South Goshen Valley,South Goshen Valley,,,,,,South Goshen Valley,,,,,,,1.0,4.808,4.808,0.0,0.0,0.0,0.0,38.348,0.0,0.0,0.0,0.0,0.0,0.0,0.0,0.0,38.292,0.0,0.055,0.0
2026,city,South Goshen Valley,South Goshen Valley,,,,,,South Goshen Valley,,,,,,,1.0,4.75,4.75,0.0,0.0,0.0,0.0,38.346,0.0,0.0,0.0,0.0,0.0,0.0,0.0,0.0,38.292,0.0,0.054,0.0
2027,city,South Goshen Valley,South Goshen Valley,,,,,,South Goshen Valley,,,,,,,1.0,4.692,4.692,0.0,0.0,0.0,0.0,38.35,0.0,0.0,0.0,0.0,0.0,0.0,0.0,0.0,38.313,0.0,0.037,0.0
2028,city,South Goshen Valley,South Goshen Valley,,,,,,South Goshen Valley,,,,,,,1.0,4.634,4.634,0.0,0.0,0.0,0.0,38.31,0.0,0.0,0.0,0.0,0.0,0.0,0.0,0.0,38.274,0.0,0.036,0.0
2029,city,South Goshen Valley,South Goshen Valley,,,,,,South Goshen Valley,,,,,,,1.0,4.579,4.579,0.0,0.0,0.0,0.0,38.352,0.0,0.0,0.0,0.0,0.0,0.0,0.0,0.0,38.317,0.0,0.035,0.0
2030,city,South Goshen Valley,South Goshen Valley,,,,,,South Goshen Valley,,,,,,,1.0,4.529,4.529,0.0,0.0,0.0,0.0,38.447,0.0,0.0,0.0,0.0,0.0,0.0,0.0,0.0,38.412,0.0,0.035,0.0
2031,city,South Goshen Valley,South Goshen Valley,,,,,,South Goshen Valley,,,,,,,1.0,4.48,4.48,0.0,0.0,0.0,0.0,38.42,0.0,0.0,0.0,0.0,0.0,0.0,0.0,0.0,38.382,0.0,0.037,0.0
2032,city,South Goshen Valley,South Goshen Valley,,,,,,South Goshen Valley,,,,,,,1.0,4.436,4.436,0.0,0.0,0.0,0.0,38.434,0.0,0.0,0.0,0.0,0.0,0.0,0.0,0.0,38.394,0.0,0.039,0.0
2033,city,South Goshen Valley,South Goshen Valley,,,,,,South Goshen Valley,,,,,,,1.0,4.399,4.399,0.0,0.0,0.0,0.0,39.284,0.0,0.0,0.0,0.0,0.0,0.0,0.0,0.0,39.243,0.0,0.04,0.0
2034,city,South Goshen Valley,South Goshen Valley,,,,,,South Goshen Valley,,,,,,,1.0,4.366,4.366,0.0,0.0,0.0,0.0,39.467,0.0,0.0,0.0,0.0,0.0,0.0,0.0,0.0,39.424,0.0,0.043,0.0
2035,city,South Goshen Valley,South Goshen Valley,,,,,,South Goshen Valley,,,,,,,1.0,4.336,4.336,0.0,0.0,0.0,0.0,39.422,0.0,0.0,0.0,0.0,0.0,0.0,0.0,0.0,39.382,0.0,0.04,0.0
2036,city,South Goshen Valley,South Goshen Valley,,,,,,South Goshen Valley,,,,,,,1.0,4.31,4.31,0.0,0.0,0.0,0.0,39.382,0.0,0.0,0.0,0.0,0.0,0.0,0.0,0.0,39.339,0.0,0.043,0.0
2037,city,South Goshen Valley,South Goshen Valley,,,,,,South Goshen Valley,,,,,,,1.0,1.821,1.821,0.0,0.0,0.0,0.0,39.324,0.0,0.0,0.0,0.0,0.0,0.0,0.0,0.0,39.285,0.0,0.039,0.0
2038,city,South Goshen Valley,South Goshen Valley,,,,,,South Goshen Valley,,,,,,,1.0,1.815,1.815,0.0,0.0,0.0,0.0,40.474,0.0,0.0,0.0,0.0,0.0,0.0,0.0,0.0,40.435,0.0,0.039,0.0
2039,city,South Goshen Valley,South Goshen Valley,,,,,,South Goshen Valley,,,,,,,1.0,1.81,1.81,0.0,0.0,0.0,0.0,40.428,0.0,0.0,0.0,0.0,0.0,0.0,0.0,0.0,40.391,0.0,0.037,0.0
2040,city,South Goshen Valley,South Goshen Valley,,,,,,South Goshen Valley,,,,,,,1.0,1.805,1.805,0.0,0.0,0.0,0.0,40.384,0.0,0.0,0.0,0.0,0.0,0.0,0.0,0.0,40.347,0.0,0.037,0.0
2041,city,South Goshen Valley,South Goshen Valley,,,,,,South Goshen Valley,,,,,,,1.0,1.8,1.8,0.0,0.0,0.0,0.0,41.401,0.0,0.0,0.0,0.0,0.0,0.0,0.0,0.0,41.367,0.0,0.033,0.0
2042,city,South Goshen Valley,South Goshen Valley,,,,,,South Goshen Valley,,,,,,,1.0,1.795,1.795,0.0,0.0,0.0,0.0,41.421,0.0,0.0,0.0,0.0,0.0,0.0,0.0,0.0,41.39,0.0,0.031,0.0
2043,city,South Goshen Valley,South Goshen Valley,,,,,,South Goshen Valley,,,,,,,1.0,1.79,1.79,0.0,0.0,0.0,0.0,41.367,0.0,0.0,0.0,0.0,0.0,0.0,0.0,0.0,41.334,0.0,0.033,0.0
2044,city,South Goshen Valley,South Goshen Valley,,,,,,South Goshen Valley,,,,,,,1.0,1.786,1.786,0.0,0.0,0.0,0.0,42.363,0.0,0.0,0.0,0.0,0.0,0.0,0.0,0.0,42.331,0.0,0.032,0.0
2045,city,South Goshen Valley,South Goshen Valley,,,,,,South Goshen Valley,,,,,,,1.0,1.782,1.782,0.0,0.0,0.0,0.0,42.305,0.0,0.0,0.0,0.0,0.0,0.0,0.0,0.0,42.274,0.0,0.031,0.0
2046,city,South Goshen Valley,South Goshen Valley,,,,,,South Goshen Valley,,,,,,,1.0,1.778,1.778,0.0,0.0,0.0,0.0,43.358,0.0,0.0,0.0,0.0,0.0,0.0,0.0,0.0,43.328,0.0,0.03,0.0
2047,city,South Goshen Valley,South Goshen Valley,,,,,,South Goshen Valley,,,,,,,1.0,1.773,1.773,0.0,0.0,0.0,0.0,44.318,0.0,0.0,0.0,0.0,0.0,0.0,0.0,0.0,44.288,0.0,0.03,0.0
2048,city,South Goshen Valley,South Goshen Valley,,,,,,South Goshen Valley,,,,,,,1.0,1.769,1.769,0.0,0.0,0.0,0.0,45.25,0.0,0.0,0.0,0.0,0.0,0.0,0.0,0.0,45.221,0.0,0.03,0.0
2049,city,South Goshen Valley,South Goshen Valley,,,,,,South Goshen Valley,,,,,,,1.0,1.765,1.765,0.0,0.0,0.0,0.0,46.231,0.0,0.0,0.0,0.0,0.0,0.0,0.0,0.0,46.201,0.0,0.03,0.0
2050,city,South Goshen Valley,South Goshen Valley,,,,,,South Goshen Valley,,,,,,,1.0,1.761,1.761,0.0,0.0,0.0,0.0,47.43,0.0,0.0,0.0,0.0,0.0,0.0,0.0,0.0,47.399,0.0,0.031,0.0
2051,city,South Goshen Valley,South Goshen Valley,,,,,,South Goshen Valley,,,,,,,1.0,1.756,1.756,0.0,0.0,0.0,0.0,49.531,0.0,0.0,0.0,0.0,0.0,0.0,0.0,0.0,49.499,0.0,0.032,0.0
2052,city,South Goshen Valley,South Goshen Valley,,,,,,South Goshen Valley,,,,,,,1.0,1.751,1.751,0.0,0.0,0.0,0.0,53.737,0.0,0.0,0.0,0.0,0.0,0.0,0.0,0.0,53.704,0.0,0.033,0.0
2053,city,South Goshen Valley,South Goshen Valley,,,,,,South Goshen Valley,,,,,,,1.0,1.746,1.746,0.0,0.0,0.0,0.0,53.719,0.0,0.0,0.0,0.0,0.0,0.0,0.0,0.0,53.675,0.0,0.044,0.0
2054,city,South Goshen Valley,South Goshen Valley,,,,,,South Goshen Valley,,,,,,,1.0,1.742,1.742,0.0,0.0,0.0,0.0,53.681,0.0,0.0,0.0,0.0,0.0,0.0,0.0,0.0,53.632,0.0,0.048,0.0
2055,city,South Goshen Valley,South Goshen Valley,,,,,,South Goshen Valley,,,,,,,1.0,1.737,1.737,0.0,0.0,0.0,0.0,53.713,0.0,0.0,0.0,0.0,0.0,0.0,0.0,0.0,53.664,0.0,0.049,0.0
2056,city,South Goshen Valley,South Goshen Valley,,,,,,South Goshen Valley,,,,,,,1.0,1.732,1.732,0.0,0.0,0.0,0.0,53.713,0.0,0.0,0.0,0.0,0.0,0.0,0.0,0.0,53.666,0.0,0.047,0.0
2057,city,South Goshen Valley,South Goshen Valley,,,,,,South Goshen Valley,,,,,,,1.0,1.735,1.735,0.0,0.0,0.0,0.0,53.747,0.0,0.0,0.0,0.0,0.0,0.0,0.0,0.0,53.697,0.0,0.05,0.0
2058,city,South Goshen Valley,South Goshen Valley,,,,,,South Goshen Valley,,,,,,,1.0,1.75,1.75,0.0,0.0,0.0,0.0,53.764,0.0,0.0,0.0,0.0,0.0,0.0,0.0,0.0,53.714,0.0,0.05,0.0
2059,city,South Goshen Valley,South Goshen Valley,,,,,,South Goshen Valley,,,,,,,1.0,1.762,1.762,0.0,0.0,0.0,0.0,53.765,0.0,0.0,0.0,0.0,0.0,0.0,0.0,0.0,53.716,0.0,0.048,0.0
2060,city,South Goshen Valley,South Goshen Valley,,,,,,South Goshen Valley,,,,,,,1.0,1.777,1.777,0.0,0.0,0.0,0.0,52.77,0.0,0.0,0.0,0.0,0.0,0.0,0.0,0.0,52.72,0.0,0.05,0.0
2061,city,South Goshen Valley,South Goshen Valley,,,,,,South Goshen Valley,,,,,,,1.0,1.793,1.793,0.0,0.0,0.0,0.0,52.728,0.0,0.0,0.0,0.0,0.0,0.0,0.0,0.0,52.677,0.0,0.051,0.0
2062,city,South Goshen Valley,South Goshen Valley,,,,,,South Goshen Valley,,,,,,,1.0,1.807,1.807,0.0,0.0,0.0,0.0,52.684,0.0,0.0,0.0,0.0,0.0,0.0,0.0,0.0,52.634,0.0,0.05,0.0
2063,city,South Goshen Valley,South Goshen Valley,,,,,,South Goshen Valley,,,,,,,1.0,1.821,1.821,0.0,0.0,0.0,0.0,52.673,0.0,0.0,0.0,0.0,0.0,0.0,0.0,0.0,52.621,0.0,0.052,0.0
2064,city,South Goshen Valley,South Goshen Valley,,,,,,South Goshen Valley,,,,,,,1.0,1.836,1.836,0.0,0.0,0.0,0.0,52.705,0.0,0.0,0.0,0.0,0.0,0.0,0.0,0.0,52.652,0.0,0.053,0.0
2065,city,South Goshen Valley,South Goshen Valley,,,,,,South Goshen Valley,,,,,,,1.0,1.85,1.85,0.0,0.0,0.0,0.0,52.752,0.0,0.0,0.0,0.0,0.0,0.0,0.0,0.0,52.699,0.0,0.052,0.0
2023,city,South Jordan,South Jordan,,,,,,South Jordan,,,,,,,28023.0,86064.675,3.071,46694.0,8415.0,5964.0,32315.0,52291.343,4690.0,3725.0,3634.0,2330.0,8799.0,5875.0,2391.0,15250.0,104.247,6.888999999999999,3687.458,1798.748
2024,city,South Jordan,South Jordan,,,,,,South Jordan,,,,,,,28197.0,85669.63,3.038,47330.0,8440.0,6058.0,32832.0,51551.238,4668.0,3772.0,3606.0,2452.0,8784.0,6120.0,2462.0,15466.0,105.591,7.055,2340.276,1768.315
2025,city,South Jordan,South Jordan,,,,,,South Jordan,,,,,,,28556.0,85736.437,3.002,48064.0,8481.0,6232.0,33351.0,53863.606,4714.0,3767.0,3702.0,2530.0,8850.0,6225.0,2622.0,15654.0,105.42,6.968999999999999,3743.5209999999997,1943.694
2026,city,South Jordan,South Jordan,,,,,,South Jordan,,,,,,,28828.0,85577.474,2.969,48289.0,8482.0,6293.0,33514.0,53728.773,4705.0,3777.0,3738.0,2555.0,8785.0,6237.0,2700.0,15792.0,105.338,7.117,3359.0,1968.313
2027,city,South Jordan,South Jordan,,,,,,South Jordan,,,,,,,29057.0,85249.389,2.934,48753.0,8532.0,6393.0,33828.0,54397.132,4753.0,3779.0,3776.0,2617.0,8785.0,6297.0,2764.0,15982.0,105.945,7.215,3536.726,1994.243
2028,city,South Jordan,South Jordan,,,,,,South Jordan,,,,,,,29175.0,84676.664,2.902,49025.0,8515.0,6446.0,34064.0,54619.547,4757.0,3758.0,3814.0,2632.0,8827.0,6331.0,2807.0,16099.0,108.797,6.868,3466.8160000000003,2012.063
2029,city,South Jordan,South Jordan,,,,,,South Jordan,,,,,,,29263.0,84093.737,2.874,49288.0,8491.0,6506.0,34291.0,54930.456,4764.0,3727.0,3852.0,2654.0,8889.0,6356.0,2829.0,16217.0,108.35499999999999,6.44,3488.36,2039.304
2030,city,South Jordan,South Jordan,,,,,,South Jordan,,,,,,,31004.0,87908.533,2.835,50677.0,8593.0,6566.0,35518.0,60923.871,4888.0,3705.0,3891.0,2675.0,9183.0,6474.0,3123.0,16738.0,107.623,6.304,7961.686,2171.252
2031,city,South Jordan,South Jordan,,,,,,South Jordan,,,,,,,32176.0,90127.116,2.801,51647.0,8723.0,6673.0,36251.0,57696.633,5040.0,3683.0,3938.0,2735.0,9361.0,6490.0,3239.0,17161.0,108.635,6.317,3666.628,2268.066
2032,city,South Jordan,South Jordan,,,,,,South Jordan,,,,,,,33009.0,91561.394,2.774,52917.0,8890.0,6744.0,37283.0,59066.291,5192.0,3698.0,3977.0,2767.0,9603.0,6512.0,3392.0,17776.0,108.822,6.604,3690.5879999999997,2343.278
2033,city,South Jordan,South Jordan,,,,,,South Jordan,,,,,,,33598.0,92272.584,2.746,53846.0,9036.0,6788.0,38022.0,60015.126,5329.0,3707.0,4017.0,2771.0,9805.0,6486.0,3447.0,18284.0,110.921,6.913,3644.566,2406.725
2034,city,South Jordan,South Jordan,,,,,,South Jordan,,,,,,,33956.0,92480.643,2.724,55410.0,9360.0,6869.0,39181.0,62113.399,5469.0,3891.0,4057.0,2812.0,10059.0,6553.0,3594.0,18975.0,112.405,7.1850000000000005,4112.359,2471.4590000000003
2035,city,South Jordan,South Jordan,,,,,,South Jordan,,,,,,,35586.0,95788.60399999999,2.692,56282.0,9359.0,6939.0,39984.0,67462.036,5558.0,3801.0,4138.0,2801.0,10741.0,6570.0,3674.0,18999.0,111.297,7.271,8472.407,2589.067
2036,city,South Jordan,South Jordan,,,,,,South Jordan,,,,,,,36783.0,97714.84,2.657,59024.0,9651.0,7016.0,42357.0,66651.563,5777.0,3874.0,4186.0,2830.0,11708.0,6689.0,3893.0,20067.0,110.46300000000001,7.213,4817.814,2692.0679999999998
2037,city,South Jordan,South Jordan,,,,,,South Jordan,,,,,,,38030.0,99935.098,2.628,61090.0,10042.0,7524.0,43524.0,69172.591,6060.0,3982.0,4633.0,2891.0,12016.0,6854.0,4024.0,20630.0,103.024,7.144,5150.562,2821.8579999999997
2038,city,South Jordan,South Jordan,,,,,,South Jordan,,,,,,,38654.0,100718.864,2.606,63566.0,10396.0,7840.0,45330.0,71419.386,6295.0,4101.0,4883.0,2957.0,12467.0,6978.0,4168.0,21717.0,103.022,7.12,4839.386,2903.8559999999998
2039,city,South Jordan,South Jordan,,,,,,South Jordan,,,,,,,39051.0,101081.457,2.588,65646.0,10673.0,8239.0,46734.0,73235.872,6499.0,4174.0,5221.0,3018.0,12801.0,7137.0,4292.0,22504.0,106.619,7.108,4512.145,2964.0
2040,city,South Jordan,South Jordan,,,,,,South Jordan,,,,,,,39574.0,101783.948,2.572,67815.0,11073.0,8493.0,48249.0,77616.327,6780.0,4293.0,5399.0,3094.0,13149.0,7332.0,4388.0,23380.0,105.7,7.108,6645.5109999999995,3043.008
2041,city,South Jordan,South Jordan,,,,,,South Jordan,,,,,,,40022.0,102341.046,2.557,69326.0,11469.0,8687.0,49170.0,77325.41100000001,7039.0,4430.0,5542.0,3145.0,13379.0,7417.0,4444.0,23930.0,106.618,7.136,4768.805,3116.8469999999998
2042,city,South Jordan,South Jordan,,,,,,South Jordan,,,,,,,40338.0,102656.796,2.545,70260.0,11549.0,8856.0,49855.0,78240.539,7137.0,4412.0,5659.0,3197.0,13605.0,7492.0,4500.0,24258.0,106.78999999999999,7.204,4692.595,3173.939
2043,city,South Jordan,South Jordan,,,,,,South Jordan,,,,,,,40660.0,103037.62700000001,2.534,70572.0,11367.0,9153.0,50052.0,79111.255,7061.0,4306.0,5916.0,3237.0,13668.0,7525.0,4544.0,24315.0,106.966,7.260999999999999,5182.23,3242.794
2044,city,South Jordan,South Jordan,,,,,,South Jordan,,,,,,,41073.0,103700.254,2.525,71215.0,11351.0,9374.0,50490.0,79832.091,7042.0,4309.0,6085.0,3289.0,13790.0,7574.0,4596.0,24530.0,108.17699999999999,7.253,5179.798,3321.8579999999997
2045,city,South Jordan,South Jordan,,,,,,South Jordan,,,,,,,41393.0,104110.599,2.515,71732.0,11142.0,9662.0,50928.0,80917.732,6824.0,4318.0,6323.0,3339.0,13899.0,7639.0,4658.0,24732.0,108.08999999999999,7.239000000000001,5683.888,3386.515
2046,city,South Jordan,South Jordan,,,,,,South Jordan,,,,,,,41704.0,104468.296,2.505,72653.0,11320.0,9866.0,51467.0,82215.136,6922.0,4398.0,6491.0,3375.0,14014.0,7699.0,4656.0,25098.0,109.73100000000001,7.244,5984.229,3460.933
2047,city,South Jordan,South Jordan,,,,,,South Jordan,,,,,,,41942.0,104696.03,2.496,73494.0,11463.0,10072.0,51959.0,82245.129,7020.0,4443.0,6639.0,3433.0,14122.0,7765.0,4744.0,25328.0,112.094,7.295,5102.116,3529.622
2048,city,South Jordan,South Jordan,,,,,,South Jordan,,,,,,,42326.0,105230.53,2.486,74203.0,11538.0,10141.0,52524.0,83772.463,7052.0,4486.0,6717.0,3424.0,14314.0,7835.0,4810.0,25565.0,112.0,7.376,5834.811,3615.278
2049,city,South Jordan,South Jordan,,,,,,South Jordan,,,,,,,42838.0,106041.378,2.475,74785.0,11550.0,10203.0,53032.0,84226.062,7080.0,4470.0,6781.0,3422.0,14441.0,7909.0,4942.0,25740.0,111.906,7.46,5608.151,3713.543
2050,city,South Jordan,South Jordan,,,,,,South Jordan,,,,,,,43525.0,107189.04,2.463,75538.0,11707.0,10237.0,53594.0,85532.724,7189.0,4518.0,6839.0,3398.0,14619.0,8034.0,4961.0,25980.0,112.0,7.541,6049.666,3825.513
2051,city,South Jordan,South Jordan,,,,,,South Jordan,,,,,,,44326.0,108658.337,2.451,76095.0,11892.0,10273.0,53930.0,86262.704,7320.0,4572.0,6851.0,3422.0,14693.0,8144.0,5041.0,26052.0,111.906,7.609,6096.485,3951.705
2052,city,South Jordan,South Jordan,,,,,,South Jordan,,,,,,,45191.0,110142.599,2.437,76175.0,11712.0,10281.0,54182.0,87670.22499999999,7188.0,4524.0,6849.0,3432.0,14805.0,8280.0,5111.0,25986.0,112.0,7.688,7296.037,4079.495
2053,city,South Jordan,South Jordan,,,,,,South Jordan,,,,,,,46225.0,111979.136,2.422,77208.0,11896.0,10321.0,54991.0,88741.083,7309.0,4587.0,6851.0,3470.0,14974.0,8453.0,5190.0,26374.0,112.0,7.776,7185.52,4227.787
2054,city,South Jordan,South Jordan,,,,,,South Jordan,,,,,,,47343.0,114090.706,2.41,78081.0,12125.0,10367.0,55589.0,90094.323,7482.0,4643.0,6858.0,3509.0,15076.0,8611.0,5280.0,26622.0,112.0,7.839,7507.843,4385.639
2055,city,South Jordan,South Jordan,,,,,,South Jordan,,,,,,,48478.0,116051.284,2.394,78460.0,12120.0,10395.0,55945.0,90149.048,7526.0,4594.0,6859.0,3536.0,15163.0,8721.0,5370.0,26691.0,112.0,7.876,7024.802,4544.373
2056,city,South Jordan,South Jordan,,,,,,South Jordan,,,,,,,49570.0,117746.71399999999,2.375,78972.0,12211.0,10423.0,56338.0,90879.409,7602.0,4609.0,6859.0,3564.0,15233.0,8827.0,5429.0,26849.0,112.094,7.84,7083.705,4703.7789999999995
2057,city,South Jordan,South Jordan,,,,,,South Jordan,,,,,,,50168.0,119089.7,2.374,79291.0,12161.0,10435.0,56695.0,91093.455,7620.0,4541.0,6859.0,3576.0,15334.0,8904.0,5487.0,26970.0,112.094,7.711,6845.897,4836.76
2058,city,South Jordan,South Jordan,,,,,,South Jordan,,,,,,,50518.0,119913.35,2.374,79509.0,12115.0,10459.0,56935.0,91770.374,7617.0,4498.0,6859.0,3600.0,15390.0,8992.0,5478.0,27075.0,112.0,7.592,7190.555,4951.223
2059,city,South Jordan,South Jordan,,,,,,South Jordan,,,,,,,50901.0,120972.883,2.377,79624.0,12100.0,10406.0,57118.0,92124.337,7626.0,4474.0,6856.0,3550.0,15447.0,9047.0,5478.0,27146.0,112.0,7.515000000000001,7300.062,5080.766
2060,city,South Jordan,South Jordan,,,,,,South Jordan,,,,,,,51200.0,121951.855,2.382,79750.0,12027.0,10404.0,57319.0,92575.081,7586.0,4441.0,6856.0,3548.0,15479.0,9135.0,5563.0,27142.0,112.184,7.475,7505.429,5199.993
2061,city,South Jordan,South Jordan,,,,,,South Jordan,,,,,,,51387.0,122894.541,2.392,80214.0,12103.0,10449.0,57662.0,92653.851,7629.0,4474.0,6856.0,3593.0,15568.0,9192.0,5600.0,27302.0,112.0,7.452999999999999,7009.631,5310.772
2062,city,South Jordan,South Jordan,,,,,,South Jordan,,,,,,,51660.0,123754.629,2.396,80740.0,12189.0,10430.0,58121.0,94197.54,7681.0,4508.0,6857.0,3573.0,15695.0,9310.0,5667.0,27449.0,112.184,7.439,7910.15,5427.774
2063,city,South Jordan,South Jordan,,,,,,South Jordan,,,,,,,51918.0,124614.59999999999,2.4,81397.0,12293.0,10467.0,58637.0,94464.59,7756.0,4537.0,6857.0,3610.0,15803.0,9428.0,5744.0,27662.0,112.184,7.427,7397.124,5550.848
2064,city,South Jordan,South Jordan,,,,,,South Jordan,,,,,,,52142.0,125561.982,2.408,81886.0,12373.0,10484.0,59029.0,95163.93,7808.0,4565.0,6857.0,3627.0,15879.0,9522.0,5810.0,27818.0,112.0,7.416,7481.74,5676.781
2065,city,South Jordan,South Jordan,,,,,,South Jordan,,,,,,,52254.0,126327.184,2.418,82351.0,12438.0,10504.0,59409.0,95575.606,7855.0,4583.0,6857.0,3647.0,15961.0,9614.0,5875.0,27959.0,112.184,7.407,7321.091,5783.922
2023,city,South Ogden,South Ogden,,,,,,South Ogden,,,,,,,7887.0,19957.889,2.53,8428.0,1804.0,516.0,6108.0,9570.885,1187.0,617.0,256.0,260.0,667.0,735.0,1657.0,3049.0,1.003,105.0,727.039,309.842
2024,city,South Ogden,South Ogden,,,,,,South Ogden,,,,,,,7908.0,19898.892,2.516,8505.0,1790.0,555.0,6160.0,9116.633,1156.0,634.0,292.0,263.0,610.0,786.0,1669.0,3095.0,1.001,77.5,227.132,306.0
2025,city,South Ogden,South Ogden,,,,,,South Ogden,,,,,,,7932.0,19811.581,2.498,8558.0,1795.0,555.0,6208.0,9620.387,1156.0,639.0,292.0,263.0,611.0,790.0,1694.0,3113.0,1.002,77.0,651.138,333.246
2026,city,South Ogden,South Ogden,,,,,,South Ogden,,,,,,,7946.0,19684.169,2.477,8600.0,1797.0,555.0,6248.0,9678.002,1150.0,647.0,292.0,263.0,605.0,793.0,1715.0,3135.0,1.003,79.5,662.256,335.243
2027,city,South Ogden,South Ogden,,,,,,South Ogden,,,,,,,7996.0,19664.081,2.459,8646.0,1801.0,557.0,6288.0,9745.687,1153.0,648.0,294.0,263.0,600.0,800.0,1730.0,3158.0,1.005,81.0,676.279,341.402
2028,city,South Ogden,South Ogden,,,,,,South Ogden,,,,,,,8094.0,19851.033,2.453,8680.0,1799.0,557.0,6324.0,9770.716,1153.0,646.0,294.0,263.0,597.0,800.0,1744.0,3183.0,1.003,77.5,665.651,346.56399999999996
2029,city,South Ogden,South Ogden,,,,,,South Ogden,,,,,,,8136.0,19842.706000000002,2.439,8734.0,1799.0,570.0,6365.0,9830.783,1156.0,643.0,307.0,263.0,599.0,803.0,1759.0,3204.0,1.003,73.0,671.617,351.159
2030,city,South Ogden,South Ogden,,,,,,South Ogden,,,,,,,8156.0,19784.748,2.426,8777.0,1795.0,577.0,6405.0,9871.242,1159.0,636.0,314.0,263.0,601.0,811.0,1768.0,3225.0,1.001,72.0,665.531,355.71
2031,city,South Ogden,South Ogden,,,,,,South Ogden,,,,,,,8169.0,19669.142,2.408,8793.0,1787.0,583.0,6423.0,9864.397,1162.0,625.0,320.0,263.0,601.0,809.0,1775.0,3238.0,1.001,72.0,641.087,357.309
2032,city,South Ogden,South Ogden,,,,,,South Ogden,,,,,,,8177.0,19571.737,2.394,8814.0,1787.0,585.0,6442.0,9959.61,1163.0,624.0,322.0,263.0,601.0,809.0,1784.0,3248.0,1.0,75.5,708.725,360.385
2033,city,South Ogden,South Ogden,,,,,,South Ogden,,,,,,,8185.0,19469.823,2.379,8837.0,1781.0,591.0,6465.0,9874.783,1163.0,618.0,328.0,263.0,602.0,811.0,1792.0,3260.0,1.002,79.5,595.979,361.304
2034,city,South Ogden,South Ogden,,,,,,South Ogden,,,,,,,8193.0,19380.562,2.366,8882.0,1782.0,593.0,6507.0,9977.195,1163.0,619.0,330.0,263.0,606.0,814.0,1804.0,3283.0,1.003,83.0,646.447,364.745
2035,city,South Ogden,South Ogden,,,,,,South Ogden,,,,,,,8218.0,19320.197,2.351,8797.0,1740.0,594.0,6463.0,9853.17,1149.0,591.0,332.0,262.0,610.0,813.0,1805.0,3235.0,1.002,84.0,608.948,362.22200000000004
2036,city,South Ogden,South Ogden,,,,,,South Ogden,,,,,,,8256.0,19321.466,2.34,8826.0,1743.0,596.0,6487.0,10020.172,1149.0,594.0,338.0,258.0,614.0,815.0,1815.0,3243.0,1.003,83.5,743.451,366.219
2037,city,South Ogden,South Ogden,,,,,,South Ogden,,,,,,,8239.0,19152.489,2.325,8920.0,1777.0,615.0,6528.0,9951.733,1169.0,608.0,356.0,259.0,615.0,834.0,1833.0,3246.0,1.006,83.0,580.514,367.216
2038,city,South Ogden,South Ogden,,,,,,South Ogden,,,,,,,8250.0,19088.853,2.314,8955.0,1777.0,624.0,6554.0,10055.163,1169.0,608.0,365.0,259.0,616.0,842.0,1842.0,3254.0,1.006,83.0,644.941,371.21500000000003
2039,city,South Ogden,South Ogden,,,,,,South Ogden,,,,,,,8280.0,19072.1,2.303,8984.0,1779.0,626.0,6579.0,10122.594000000001,1169.0,610.0,369.0,257.0,618.0,853.0,1846.0,3262.0,1.005,83.0,679.5889999999999,375.0
2040,city,South Ogden,South Ogden,,,,,,South Ogden,,,,,,,8322.0,19092.904000000002,2.294,9025.0,1779.0,632.0,6614.0,10243.502,1169.0,610.0,375.0,257.0,621.0,873.0,1850.0,3270.0,1.004,83.0,755.08,379.417
2041,city,South Ogden,South Ogden,,,,,,South Ogden,,,,,,,8350.0,19086.446,2.286,9050.0,1779.0,636.0,6635.0,10073.64,1169.0,610.0,379.0,257.0,625.0,873.0,1855.0,3282.0,1.007,83.5,559.543,379.591
2042,city,South Ogden,South Ogden,,,,,,South Ogden,,,,,,,8392.0,19104.426,2.277,9084.0,1779.0,640.0,6665.0,10340.999,1169.0,610.0,383.0,257.0,633.0,882.0,1861.0,3289.0,1.006,84.5,786.085,385.406
2043,city,South Ogden,South Ogden,,,,,,South Ogden,,,,,,,8402.0,19060.729,2.269,9117.0,1779.0,643.0,6695.0,10208.655,1169.0,610.0,386.0,257.0,637.0,890.0,1868.0,3300.0,1.006,85.5,617.477,387.67
2044,city,South Ogden,South Ogden,,,,,,South Ogden,,,,,,,8413.0,19021.066,2.261,9145.0,1779.0,647.0,6719.0,10267.21,1169.0,610.0,390.0,257.0,641.0,898.0,1873.0,3307.0,1.005,85.5,644.103,391.599
2045,city,South Ogden,South Ogden,,,,,,South Ogden,,,,,,,8418.0,18973.753,2.254,9180.0,1779.0,651.0,6750.0,10231.423999999999,1169.0,610.0,394.0,257.0,643.0,905.0,1879.0,3323.0,1.004,85.0,573.028,392.392
2046,city,South Ogden,South Ogden,,,,,,South Ogden,,,,,,,8426.0,18957.057,2.25,9205.0,1779.0,655.0,6771.0,10387.013,1169.0,610.0,398.0,257.0,647.0,915.0,1882.0,3327.0,1.006,85.0,699.683,396.325
2047,city,South Ogden,South Ogden,,,,,,South Ogden,,,,,,,8444.0,18923.428,2.241,9230.0,1779.0,657.0,6794.0,10347.034,1169.0,610.0,400.0,257.0,650.0,926.0,1887.0,3331.0,1.002,85.5,630.955,399.579
2048,city,South Ogden,South Ogden,,,,,,South Ogden,,,,,,,8495.0,19021.575,2.239,9252.0,1779.0,659.0,6814.0,10462.14,1169.0,610.0,402.0,257.0,651.0,936.0,1891.0,3336.0,0.0,86.5,719.383,404.254
2049,city,South Ogden,South Ogden,,,,,,South Ogden,,,,,,,8549.0,19110.485,2.235,9271.0,1779.0,660.0,6832.0,10428.837,1169.0,610.0,403.0,257.0,654.0,946.0,1892.0,3340.0,0.0,88.0,658.773,411.062
2050,city,South Ogden,South Ogden,,,,,,South Ogden,,,,,,,8591.0,19159.489999999998,2.23,9298.0,1779.0,663.0,6856.0,10497.481,1169.0,610.0,406.0,257.0,658.0,960.0,1894.0,3344.0,0.0,89.0,696.481,414.0
2051,city,South Ogden,South Ogden,,,,,,South Ogden,,,,,,,8612.0,19145.147,2.223,9307.0,1779.0,666.0,6862.0,10364.686,1169.0,610.0,409.0,257.0,659.0,963.0,1894.0,3346.0,0.0,89.0,550.189,418.498
2052,city,South Ogden,South Ogden,,,,,,South Ogden,,,,,,,8694.0,19237.081,2.213,9320.0,1779.0,667.0,6874.0,10692.826,1169.0,610.0,410.0,257.0,659.0,969.0,1897.0,3349.0,0.0,90.0,858.961,423.865
2053,city,South Ogden,South Ogden,,,,,,South Ogden,,,,,,,8755.0,19313.217,2.206,9330.0,1779.0,669.0,6882.0,10651.286,1169.0,610.0,412.0,257.0,659.0,972.0,1899.0,3352.0,0.0,91.0,801.042,429.247
2054,city,South Ogden,South Ogden,,,,,,South Ogden,,,,,,,8854.0,19491.264,2.201,9346.0,1779.0,670.0,6897.0,10708.523,1169.0,610.0,413.0,257.0,659.0,984.0,1900.0,3354.0,0.0,92.0,836.794,433.733
2055,city,South Ogden,South Ogden,,,,,,South Ogden,,,,,,,8870.0,19477.092,2.196,9357.0,1779.0,671.0,6907.0,10610.065,1169.0,610.0,414.0,257.0,659.0,989.0,1902.0,3357.0,0.0,92.0,722.826,438.243
2056,city,South Ogden,South Ogden,,,,,,South Ogden,,,,,,,8917.0,19532.529,2.19,9375.0,1779.0,673.0,6923.0,10684.53,1169.0,610.0,416.0,257.0,659.0,997.0,1903.0,3364.0,0.0,91.0,774.71,443.819
2057,city,South Ogden,South Ogden,,,,,,South Ogden,,,,,,,8914.0,19691.605,2.209,9383.0,1779.0,674.0,6930.0,10767.901,1169.0,610.0,417.0,257.0,661.0,999.0,1904.0,3366.0,0.0,89.5,845.638,449.757
2058,city,South Ogden,South Ogden,,,,,,South Ogden,,,,,,,8910.0,19841.447,2.227,9394.0,1779.0,675.0,6940.0,11000.36,1169.0,610.0,418.0,257.0,661.0,1004.0,1906.0,3369.0,0.0,88.0,1063.541,454.82
2059,city,South Ogden,South Ogden,,,,,,South Ogden,,,,,,,8906.0,19987.946,2.244,9404.0,1779.0,677.0,6948.0,10763.84,1169.0,610.0,420.0,257.0,663.0,1009.0,1906.0,3370.0,0.0,86.5,812.799,460.53999999999996
2060,city,South Ogden,South Ogden,,,,,,South Ogden,,,,,,,8905.0,20143.781,2.262,9425.0,1779.0,678.0,6968.0,10770.753,1169.0,610.0,421.0,257.0,663.0,1025.0,1910.0,3370.0,0.0,86.0,791.0550000000001,468.699
2061,city,South Ogden,South Ogden,,,,,,South Ogden,,,,,,,8903.0,20301.164,2.28,9433.0,1779.0,683.0,6971.0,10805.299,1169.0,610.0,426.0,257.0,663.0,1025.0,1912.0,3371.0,0.0,85.5,810.861,475.94100000000003
2062,city,South Ogden,South Ogden,,,,,,South Ogden,,,,,,,8900.0,20449.2,2.298,9442.0,1779.0,686.0,6977.0,10890.246,1169.0,610.0,429.0,257.0,663.0,1027.0,1913.0,3374.0,0.0,85.5,877.564,485.181
2063,city,South Ogden,South Ogden,,,,,,South Ogden,,,,,,,8898.0,20604.337,2.316,9452.0,1779.0,688.0,6985.0,10790.908,1169.0,610.0,431.0,257.0,663.0,1031.0,1916.0,3375.0,0.0,85.0,763.731,490.181
2064,city,South Ogden,South Ogden,,,,,,South Ogden,,,,,,,8896.0,20761.436999999998,2.334,9467.0,1779.0,691.0,6997.0,10880.813,1169.0,610.0,434.0,257.0,664.0,1035.0,1919.0,3379.0,0.0,85.0,830.511,498.301
2065,city,South Ogden,South Ogden,,,,,,South Ogden,,,,,,,8893.0,20915.849,2.352,9479.0,1779.0,692.0,7008.0,10906.199999999999,1169.0,610.0,435.0,257.0,664.0,1039.0,1919.0,3386.0,0.0,84.5,838.882,503.82
2023,city,South Salt Lake,South Salt Lake,,,,,,South Salt Lake,,,,,,,11519.0,27678.843,2.403,45763.0,6684.0,10791.0,28288.0,48912.441,4988.0,1696.0,4820.0,5971.0,5143.0,7517.0,1814.0,13814.0,0.0,0.0,2410.545,738.893
2024,city,South Salt Lake,South Salt Lake,,,,,,South Salt Lake,,,,,,,11669.0,27917.41,2.392,46031.0,6636.0,10720.0,28675.0,49449.952,4901.0,1735.0,4714.0,6006.0,5107.0,7781.0,1956.0,13831.0,0.0,0.0,2688.823,730.131
2025,city,South Salt Lake,South Salt Lake,,,,,,South Salt Lake,,,,,,,11872.0,28301.468,2.384,46740.0,6694.0,10801.0,29245.0,50099.606999999996,4932.0,1762.0,4693.0,6108.0,5200.0,7893.0,2149.0,14003.0,0.0,0.0,2550.322,809.29
2026,city,South Salt Lake,South Salt Lake,,,,,,South Salt Lake,,,,,,,12093.0,28694.14,2.373,46854.0,6667.0,10754.0,29433.0,50674.007,4898.0,1769.0,4657.0,6097.0,5148.0,7874.0,2303.0,14108.0,0.0,0.0,2992.874,827.13
2027,city,South Salt Lake,South Salt Lake,,,,,,South Salt Lake,,,,,,,12357.0,29223.156,2.365,47217.0,6788.0,10596.0,29833.0,51003.176,5003.0,1785.0,4616.0,5980.0,5154.0,7932.0,2431.0,14316.0,0.0,0.0,2935.071,851.1039999999999
2028,city,South Salt Lake,South Salt Lake,,,,,,South Salt Lake,,,,,,,12644.0,29825.217,2.359,47591.0,6744.0,10597.0,30250.0,51636.403,4998.0,1746.0,4613.0,5984.0,5246.0,8007.0,2490.0,14507.0,0.0,0.0,3173.38,872.025
2029,city,South Salt Lake,South Salt Lake,,,,,,South Salt Lake,,,,,,,12955.0,30497.201,2.354,47934.0,6733.0,10597.0,30604.0,51761.320999999996,5000.0,1733.0,4605.0,5992.0,5335.0,8039.0,2550.0,14680.0,0.0,0.0,2928.189,899.134
2030,city,South Salt Lake,South Salt Lake,,,,,,South Salt Lake,,,,,,,13169.0,30699.861,2.331,48580.0,6818.0,10605.0,31157.0,52284.873,5102.0,1716.0,4605.0,6000.0,5487.0,8091.0,2700.0,14879.0,0.0,0.0,2781.762,923.109
2031,city,South Salt Lake,South Salt Lake,,,,,,South Salt Lake,,,,,,,13383.0,31020.946,2.318,48650.0,6895.0,10514.0,31241.0,52575.637,5200.0,1695.0,4519.0,5995.0,5512.0,8055.0,2763.0,14911.0,0.0,0.0,2984.609,941.026
2032,city,South Salt Lake,South Salt Lake,,,,,,South Salt Lake,,,,,,,13610.0,31376.622,2.305,48868.0,6942.0,10447.0,31479.0,52848.773,5273.0,1669.0,4481.0,5966.0,5571.0,8039.0,2848.0,15021.0,0.0,0.0,3014.07,966.707
2033,city,South Salt Lake,South Salt Lake,,,,,,South Salt Lake,,,,,,,13865.0,31821.499,2.295,49220.0,7012.0,10343.0,31865.0,53440.404,5333.0,1679.0,4416.0,5927.0,5730.0,8004.0,2875.0,15256.0,0.0,0.0,3226.107,994.301
2034,city,South Salt Lake,South Salt Lake,,,,,,South Salt Lake,,,,,,,14166.0,32387.877,2.286,49715.0,7106.0,10250.0,32359.0,53587.811,5333.0,1773.0,4376.0,5874.0,5859.0,8015.0,2959.0,15526.0,0.0,0.0,2843.622,1029.189
2035,city,South Salt Lake,South Salt Lake,,,,,,South Salt Lake,,,,,,,14397.0,32771.024,2.276,49511.0,7047.0,10142.0,32322.0,53626.738,5338.0,1709.0,4369.0,5773.0,5975.0,7994.0,2963.0,15390.0,0.0,0.0,3067.712,1048.027
2036,city,South Salt Lake,South Salt Lake,,,,,,South Salt Lake,,,,,,,14617.0,33133.901,2.267,49367.0,6977.0,10007.0,32383.0,53545.918,5261.0,1716.0,4307.0,5700.0,6091.0,7972.0,3004.0,15316.0,0.0,0.0,3105.888,1073.027
2037,city,South Salt Lake,South Salt Lake,,,,,,South Salt Lake,,,,,,,14941.0,33725.555,2.257,48787.0,6936.0,9852.0,31999.0,52832.981,5232.0,1704.0,4309.0,5543.0,5959.0,7952.0,2991.0,15097.0,0.0,0.0,2938.037,1107.946
2038,city,South Salt Lake,South Salt Lake,,,,,,South Salt Lake,,,,,,,15195.0,34215.416,2.252,48738.0,6817.0,9762.0,32159.0,53199.97,5141.0,1676.0,4274.0,5488.0,6075.0,7970.0,3066.0,15048.0,0.0,0.0,3322.024,1139.945
2039,city,South Salt Lake,South Salt Lake,,,,,,South Salt Lake,,,,,,,15394.0,34545.643,2.244,49302.0,6913.0,9726.0,32663.0,53070.145,5206.0,1707.0,4266.0,5460.0,6216.0,8033.0,3111.0,15303.0,0.0,0.0,2599.145,1169.0
2040,city,South Salt Lake,South Salt Lake,,,,,,South Salt Lake,,,,,,,15596.0,34860.384,2.235,49064.0,6745.0,9667.0,32652.0,53132.5,5074.0,1671.0,4250.0,5417.0,6301.0,8029.0,3134.0,15188.0,0.0,0.0,2866.895,1201.61
2041,city,South Salt Lake,South Salt Lake,,,,,,South Salt Lake,,,,,,,15789.0,35156.229,2.227,48961.0,6761.0,9558.0,32642.0,52903.639,5078.0,1683.0,4186.0,5372.0,6379.0,8015.0,3154.0,15094.0,0.0,0.0,2716.303,1226.334
2042,city,South Salt Lake,South Salt Lake,,,,,,South Salt Lake,,,,,,,16014.0,35515.37,2.218,48393.0,6584.0,9427.0,32382.0,52306.654,4946.0,1638.0,4142.0,5285.0,6430.0,7990.0,3121.0,14841.0,0.0,0.0,2653.074,1260.58
2043,city,South Salt Lake,South Salt Lake,,,,,,South Salt Lake,,,,,,,16241.0,35919.763,2.212,48269.0,6584.0,9336.0,32349.0,52138.31,4944.0,1640.0,4079.0,5257.0,6466.0,8004.0,3070.0,14809.0,0.0,0.0,2574.395,1294.915
2044,city,South Salt Lake,South Salt Lake,,,,,,South Salt Lake,,,,,,,16501.0,36370.075,2.204,47609.0,6475.0,9218.0,31916.0,51532.155,4843.0,1632.0,4024.0,5194.0,6380.0,7939.0,3073.0,14524.0,0.0,0.0,2589.215,1333.944
2045,city,South Salt Lake,South Salt Lake,,,,,,South Salt Lake,,,,,,,16697.0,36679.200000000004,2.197,46977.0,6355.0,9124.0,31498.0,50938.995,4761.0,1594.0,3993.0,5131.0,6340.0,7922.0,3036.0,14200.0,0.0,0.0,2590.195,1371.8039999999999
2046,city,South Salt Lake,South Salt Lake,,,,,,South Salt Lake,,,,,,,16927.0,37100.406,2.192,46244.0,6113.0,9000.0,31131.0,50244.051,4555.0,1558.0,3946.0,5054.0,6332.0,7867.0,3012.0,13920.0,0.0,0.0,2594.078,1405.976
2047,city,South Salt Lake,South Salt Lake,,,,,,South Salt Lake,,,,,,,17113.0,37405.999,2.186,45837.0,6035.0,8905.0,30897.0,49647.01,4506.0,1529.0,3933.0,4972.0,6310.0,7855.0,2995.0,13737.0,0.0,0.0,2367.754,1442.2540000000001
2048,city,South Salt Lake,South Salt Lake,,,,,,South Salt Lake,,,,,,,17267.0,37636.454,2.18,45946.0,6051.0,8867.0,31028.0,50021.969,4518.0,1533.0,3912.0,4955.0,6359.0,7881.0,3010.0,13778.0,0.0,0.0,2600.854,1475.113
2049,city,South Salt Lake,South Salt Lake,,,,,,South Salt Lake,,,,,,,17392.0,37808.444,2.174,46070.0,6046.0,8859.0,31165.0,50414.349,4514.0,1532.0,3909.0,4950.0,6410.0,7908.0,3068.0,13779.0,0.0,0.0,2839.938,1504.412
2050,city,South Salt Lake,South Salt Lake,,,,,,South Salt Lake,,,,,,,17513.0,37989.395000000004,2.169,46298.0,6082.0,8861.0,31355.0,50676.181000000004,4534.0,1548.0,3904.0,4957.0,6477.0,7955.0,3093.0,13830.0,0.0,0.0,2836.377,1541.8029999999999
2051,city,South Salt Lake,South Salt Lake,,,,,,South Salt Lake,,,,,,,17614.0,38122.98,2.164,46287.0,6106.0,8832.0,31349.0,50742.613,4554.0,1552.0,3899.0,4933.0,6477.0,7975.0,3107.0,13790.0,0.0,0.0,2887.333,1568.28
2052,city,South Salt Lake,South Salt Lake,,,,,,South Salt Lake,,,,,,,17706.0,38237.292,2.16,46494.0,6156.0,8831.0,31507.0,51062.483,4589.0,1567.0,3899.0,4932.0,6527.0,8004.0,3135.0,13841.0,0.0,0.0,2968.285,1600.196
2053,city,South Salt Lake,South Salt Lake,,,,,,South Salt Lake,,,,,,,17889.0,38592.117,2.157,46424.0,6202.0,8813.0,31409.0,51170.792,4620.0,1582.0,3894.0,4919.0,6476.0,8013.0,3154.0,13766.0,0.0,0.0,3112.877,1633.918
2054,city,South Salt Lake,South Salt Lake,,,,,,South Salt Lake,,,,,,,18015.0,38799.15,2.154,46668.0,6308.0,8812.0,31548.0,51316.436,4706.0,1602.0,3894.0,4918.0,6496.0,8035.0,3183.0,13834.0,0.0,0.0,2978.581,1669.863
2055,city,South Salt Lake,South Salt Lake,,,,,,South Salt Lake,,,,,,,18064.0,38808.596,2.148,46946.0,6358.0,8814.0,31774.0,51666.162,4740.0,1618.0,3892.0,4922.0,6546.0,8095.0,3214.0,13919.0,0.0,0.0,3028.767,1691.393
2056,city,South Salt Lake,South Salt Lake,,,,,,South Salt Lake,,,,,,,18224.0,39120.525,2.147,46333.0,6023.0,8775.0,31535.0,52364.856,4394.0,1629.0,3885.0,4890.0,6560.0,8185.0,3248.0,13542.0,0.0,0.0,4302.937,1728.918
2057,city,South Salt Lake,South Salt Lake,,,,,,South Salt Lake,,,,,,,18440.0,39601.036,2.148,46744.0,6008.0,8797.0,31939.0,51946.178,4393.0,1615.0,3884.0,4913.0,6752.0,8280.0,3208.0,13699.0,0.0,0.0,3425.904,1776.275
2058,city,South Salt Lake,South Salt Lake,,,,,,South Salt Lake,,,,,,,18440.0,39707.038,2.153,47388.0,6128.0,8745.0,32515.0,52440.236,4464.0,1664.0,3841.0,4904.0,6907.0,8400.0,3301.0,13907.0,0.0,0.0,3243.157,1809.083
2059,city,South Salt Lake,South Salt Lake,,,,,,South Salt Lake,,,,,,,18484.0,39972.443,2.163,47960.0,6205.0,8700.0,33055.0,53323.077,4517.0,1688.0,3834.0,4866.0,7051.0,8516.0,3397.0,14091.0,0.0,0.0,3518.805,1844.2740000000001
2060,city,South Salt Lake,South Salt Lake,,,,,,South Salt Lake,,,,,,,18534.0,40236.387,2.171,48428.0,6277.0,8615.0,33536.0,53828.206,4562.0,1715.0,3780.0,4835.0,7179.0,8635.0,3458.0,14264.0,0.0,0.0,3517.848,1882.358
2061,city,South Salt Lake,South Salt Lake,,,,,,South Salt Lake,,,,,,,18559.0,40507.122,2.183,48866.0,6409.0,8602.0,33855.0,54398.536,4637.0,1772.0,3773.0,4829.0,7198.0,8737.0,3503.0,14417.0,0.0,0.0,3612.621,1919.915
2062,city,South Salt Lake,South Salt Lake,,,,,,South Salt Lake,,,,,,,18579.0,40736.21,2.193,49337.0,6463.0,8611.0,34263.0,54755.571,4669.0,1794.0,3773.0,4838.0,7294.0,8836.0,3573.0,14560.0,0.0,0.0,3464.655,1953.915
2063,city,South Salt Lake,South Salt Lake,,,,,,South Salt Lake,,,,,,,18577.0,40912.585,2.202,49843.0,6539.0,8620.0,34684.0,55271.897,4720.0,1819.0,3773.0,4847.0,7371.0,8942.0,3632.0,14739.0,0.0,0.0,3443.591,1985.306
2064,city,South Salt Lake,South Salt Lake,,,,,,South Salt Lake,,,,,,,18576.0,41138.62,2.215,50197.0,6590.0,8627.0,34980.0,55748.898,4757.0,1833.0,3773.0,4854.0,7415.0,9014.0,3700.0,14851.0,0.0,0.0,3531.619,2020.275
2065,city,South Salt Lake,South Salt Lake,,,,,,South Salt Lake,,,,,,,18576.0,41342.01,2.226,50539.0,6644.0,8631.0,35264.0,56204.656,4799.0,1845.0,3773.0,4858.0,7468.0,9077.0,3762.0,14957.0,0.0,0.0,3608.677,2056.976
2023,city,South Weber,South Weber,,,,,,South Weber,,,,,,,2510.0,8226.142,3.277,1469.0,97.0,62.0,1310.0,1876.5919999999999,46.0,51.0,7.0,55.0,142.0,261.0,85.0,822.0,32.446999999999996,89.496,176.487,109.162
2024,city,South Weber,South Weber,,,,,,South Weber,,,,,,,2534.0,8222.698,3.245,1467.0,97.0,63.0,1307.0,1836.975,46.0,51.0,8.0,55.0,141.0,270.0,85.0,811.0,32.221999999999994,107.712,121.98,108.06099999999999
2025,city,South Weber,South Weber,,,,,,South Weber,,,,,,,2566.0,8232.345000000001,3.208,1481.0,97.0,64.0,1320.0,1931.779,46.0,51.0,8.0,56.0,141.0,271.0,89.0,819.0,33.307,106.656,190.898,119.918
2026,city,South Weber,South Weber,,,,,,South Weber,,,,,,,2586.0,8198.76,3.17,1481.0,97.0,64.0,1320.0,1911.957,46.0,51.0,8.0,56.0,139.0,269.0,90.0,822.0,35.244,109.296,166.456,119.96000000000001
2027,city,South Weber,South Weber,,,,,,South Weber,,,,,,,2597.0,8139.0779999999995,3.134,1484.0,97.0,66.0,1321.0,1891.789,46.0,51.0,8.0,58.0,137.0,267.0,91.0,826.0,35.409,110.616,140.843,120.92099999999999
2028,city,South Weber,South Weber,,,,,,South Weber,,,,,,,2609.0,8076.481,3.096,1484.0,97.0,66.0,1321.0,1897.306,46.0,51.0,8.0,58.0,132.0,264.0,91.0,834.0,35.455,105.6,151.172,121.078
2029,city,South Weber,South Weber,,,,,,South Weber,,,,,,,2627.0,8042.381,3.061,1485.0,97.0,66.0,1322.0,1903.73,46.0,51.0,8.0,58.0,129.0,262.0,93.0,838.0,35.165,99.0,161.60399999999998,122.96000000000001
2030,city,South Weber,South Weber,,,,,,South Weber,,,,,,,2638.0,7989.949,3.029,1490.0,97.0,66.0,1327.0,1900.5829999999999,46.0,51.0,8.0,58.0,127.0,260.0,95.0,845.0,36.129000000000005,96.888,154.549,123.019
2031,city,South Weber,South Weber,,,,,,South Weber,,,,,,,2646.0,7929.833,2.997,1487.0,97.0,66.0,1324.0,1892.5759999999998,46.0,51.0,8.0,58.0,127.0,256.0,95.0,846.0,35.957,97.416,149.092,123.112
2032,city,South Weber,South Weber,,,,,,South Weber,,,,,,,2670.0,7924.214,2.968,1491.0,96.0,66.0,1329.0,1959.751,46.0,50.0,8.0,58.0,127.0,254.0,97.0,851.0,36.259,101.376,206.094,125.019
2033,city,South Weber,South Weber,,,,,,South Weber,,,,,,,2726.0,7999.584,2.935,1495.0,96.0,66.0,1333.0,2019.456,46.0,50.0,8.0,58.0,127.0,251.0,100.0,855.0,37.446000000000005,106.392,253.545,127.07499999999999
2034,city,South Weber,South Weber,,,,,,South Weber,,,,,,,2768.0,8077.724999999999,2.918,1503.0,96.0,66.0,1341.0,1965.896,46.0,50.0,8.0,58.0,127.0,250.0,102.0,862.0,37.266,110.352,185.334,129.944
2035,city,South Weber,South Weber,,,,,,South Weber,,,,,,,2804.0,8114.49,2.894,1474.0,92.0,66.0,1316.0,1971.363,46.0,46.0,8.0,58.0,124.0,245.0,102.0,845.0,38.318999999999996,111.672,218.243,129.129
2036,city,South Weber,South Weber,,,,,,South Weber,,,,,,,2873.0,8259.538,2.875,1470.0,93.0,66.0,1311.0,2012.765,47.0,46.0,8.0,58.0,121.0,240.0,104.0,846.0,38.272999999999996,110.352,262.045,132.091
2037,city,South Weber,South Weber,,,,,,South Weber,,,,,,,2979.0,8500.529,2.853,1470.0,95.0,61.0,1314.0,1951.721,48.0,47.0,8.0,53.0,118.0,242.0,111.0,843.0,40.384,109.296,193.002,139.037
2038,city,South Weber,South Weber,,,,,,South Weber,,,,,,,3164.0,8998.309,2.844,1482.0,96.0,59.0,1327.0,2332.405,49.0,47.0,7.0,52.0,120.0,243.0,112.0,852.0,36.173,109.032,558.143,147.058
2039,city,South Weber,South Weber,,,,,,South Weber,,,,,,,3294.0,9351.325,2.839,1519.0,99.0,60.0,1360.0,2280.621,52.0,47.0,8.0,52.0,126.0,244.0,115.0,875.0,37.132,108.504,462.94399999999996,153.03900000000002
2040,city,South Weber,South Weber,,,,,,South Weber,,,,,,,3417.0,9677.055,2.832,1549.0,106.0,60.0,1383.0,2244.776,59.0,47.0,8.0,52.0,128.0,247.0,119.0,889.0,37.446,108.24,391.131,158.96
2041,city,South Weber,South Weber,,,,,,South Weber,,,,,,,3526.0,9930.645,2.816,1579.0,108.0,62.0,1409.0,2202.401,61.0,47.0,10.0,52.0,130.0,247.0,122.0,910.0,37.178,108.24,312.985,165.0
2042,city,South Weber,South Weber,,,,,,South Weber,,,,,,,3644.0,10211.134,2.802,1612.0,110.0,64.0,1438.0,2341.17,63.0,47.0,11.0,53.0,136.0,248.0,128.0,926.0,36.26,109.032,412.879,171.0
2043,city,South Weber,South Weber,,,,,,South Weber,,,,,,,3874.0,10827.374,2.795,1639.0,112.0,64.0,1463.0,2705.944,65.0,47.0,11.0,53.0,137.0,250.0,131.0,945.0,35.294,109.824,738.76,183.066
2044,city,South Weber,South Weber,,,,,,South Weber,,,,,,,4076.0,11389.050000000001,2.794,1687.0,112.0,64.0,1511.0,2521.13,65.0,47.0,11.0,53.0,143.0,252.0,138.0,978.0,33.079,109.032,500.905,191.114
2045,city,South Weber,South Weber,,,,,,South Weber,,,,,,,4399.0,12337.623,2.805,1703.0,112.0,64.0,1527.0,3085.184,65.0,47.0,11.0,53.0,149.0,252.0,139.0,987.0,29.105,108.504,1036.576,208.0
2046,city,South Weber,South Weber,,,,,,South Weber,,,,,,,4924.0,13881.060000000001,2.819,1764.0,118.0,63.0,1583.0,3977.032,71.0,47.0,11.0,52.0,161.0,261.0,149.0,1012.0,17.102,108.504,1852.372,235.054
2047,city,South Weber,South Weber,,,,,,South Weber,,,,,,,5063.0,14264.657,2.817,1822.0,127.0,65.0,1630.0,2645.236,80.0,47.0,11.0,54.0,170.0,271.0,154.0,1035.0,17.041,108.504,454.529,243.162
2048,city,South Weber,South Weber,,,,,,South Weber,,,,,,,5360.0,15053.661,2.809,1884.0,136.0,66.0,1682.0,2638.37,89.0,47.0,11.0,55.0,184.0,279.0,164.0,1055.0,17.061,109.56,369.411,258.33799999999997
2049,city,South Weber,South Weber,,,,,,South Weber,,,,,,,5479.0,15310.766,2.794,1956.0,144.0,66.0,1746.0,2810.432,97.0,47.0,12.0,54.0,199.0,294.0,178.0,1075.0,17.081,110.088,461.377,265.886
2050,city,South Weber,South Weber,,,,,,South Weber,,,,,,,5646.0,15777.142,2.794,2191.0,182.0,76.0,1933.0,3397.925,135.0,47.0,17.0,59.0,232.0,323.0,207.0,1171.0,17.083000000000002,110.88,804.848,274.116
2051,city,South Weber,South Weber,,,,,,South Weber,,,,,,,5746.0,15987.834,2.782,2269.0,195.0,78.0,1996.0,3241.1820000000002,148.0,47.0,19.0,59.0,247.0,327.0,224.0,1198.0,17.083000000000002,111.144,561.9259999999999,282.029
2052,city,South Weber,South Weber,,,,,,South Weber,,,,,,,5791.0,16048.476,2.771,2338.0,204.0,83.0,2051.0,3174.039,157.0,47.0,24.0,59.0,257.0,339.0,233.0,1222.0,17.083000000000002,111.936,422.934,284.086
2053,city,South Weber,South Weber,,,,,,South Weber,,,,,,,5825.0,16063.312,2.758,2420.0,209.0,89.0,2122.0,3335.029,162.0,47.0,30.0,59.0,266.0,352.0,242.0,1262.0,17.061999999999998,112.464,498.274,287.228
2054,city,South Weber,South Weber,,,,,,South Weber,,,,,,,5874.0,16153.387999999999,2.75,2480.0,216.0,92.0,2172.0,3424.241,169.0,47.0,33.0,59.0,272.0,364.0,254.0,1282.0,17.061999999999998,112.992,524.044,290.142
2055,city,South Weber,South Weber,,,,,,South Weber,,,,,,,5927.0,16247.432,2.741,2535.0,220.0,95.0,2220.0,3463.573,173.0,47.0,35.0,60.0,278.0,379.0,261.0,1302.0,17.041,112.992,504.454,294.084
2056,city,South Weber,South Weber,,,,,,South Weber,,,,,,,5999.0,16500.475,2.751,2627.0,228.0,97.0,2302.0,3675.152,181.0,47.0,35.0,62.0,281.0,390.0,275.0,1356.0,17.041,111.672,619.495,299.943
2057,city,South Weber,South Weber,,,,,,South Weber,,,,,,,6101.0,16777.063000000002,2.75,2684.0,233.0,99.0,2352.0,3819.86,186.0,47.0,36.0,63.0,287.0,401.0,283.0,1381.0,17.041,109.296,700.465,309.057
2058,city,South Weber,South Weber,,,,,,South Weber,,,,,,,6166.0,17007.843,2.758,2792.0,240.0,104.0,2448.0,3881.394,193.0,47.0,41.0,63.0,304.0,411.0,293.0,1440.0,17.061999999999998,106.92,650.236,315.176
2059,city,South Weber,South Weber,,,,,,South Weber,,,,,,,6236.0,17257.472,2.767,2832.0,240.0,105.0,2487.0,3885.053,194.0,46.0,42.0,63.0,312.0,421.0,297.0,1457.0,17.041,105.072,608.8209999999999,322.118
2060,city,South Weber,South Weber,,,,,,South Weber,,,,,,,6301.0,17467.313,2.772,2879.0,244.0,105.0,2530.0,3925.866,198.0,46.0,42.0,63.0,319.0,436.0,305.0,1470.0,16.02,103.752,598.005,329.089
2061,city,South Weber,South Weber,,,,,,South Weber,,,,,,,6389.0,17727.139,2.775,2925.0,249.0,107.0,2569.0,4066.506,203.0,46.0,45.0,62.0,322.0,435.0,320.0,1492.0,16.02,103.224,684.382,337.88
2062,city,South Weber,South Weber,,,,,,South Weber,,,,,,,6473.0,18013.443,2.783,2959.0,252.0,108.0,2599.0,4081.443,206.0,46.0,46.0,62.0,328.0,439.0,326.0,1506.0,16.038999999999998,102.696,659.826,343.879
2063,city,South Weber,South Weber,,,,,,South Weber,,,,,,,6509.0,18200.362,2.796,3004.0,254.0,112.0,2638.0,3973.98,208.0,46.0,48.0,64.0,334.0,442.0,333.0,1529.0,16.06,102.432,501.428,350.06
2064,city,South Weber,South Weber,,,,,,South Weber,,,,,,,6543.0,18389.016,2.81,3045.0,258.0,114.0,2673.0,4042.038,212.0,46.0,50.0,64.0,342.0,446.0,342.0,1543.0,16.038999999999998,101.904,523.759,355.334
2065,city,South Weber,South Weber,,,,,,South Weber,,,,,,,6633.0,18695.481,2.819,3078.0,260.0,114.0,2704.0,4274.467000000001,214.0,46.0,50.0,64.0,347.0,450.0,351.0,1556.0,16.08,101.904,714.605,363.878
2023,city,Spanish Fork,Spanish Fork,,,,,,Spanish Fork,,,,,,,13325.0,45001.451,3.377,25538.0,6578.0,3602.0,15358.0,29052.947,4524.0,2054.0,3035.0,567.0,1526.0,3751.0,1748.0,8333.0,154.224,8.522,2497.117,855.084
2024,city,Spanish Fork,Spanish Fork,,,,,,Spanish Fork,,,,,,,13611.0,45484.228,3.342,25975.0,6575.0,3712.0,15688.0,28749.078999999998,4484.0,2091.0,3093.0,619.0,1495.0,3911.0,1877.0,8405.0,151.198,9.324,1772.837,840.727
2025,city,Spanish Fork,Spanish Fork,,,,,,Spanish Fork,,,,,,,13924.0,45960.611,3.301,26815.0,6728.0,3837.0,16250.0,30493.704,4601.0,2127.0,3218.0,619.0,1544.0,4045.0,2002.0,8659.0,150.147,9.294,2594.68,924.583
2026,city,Spanish Fork,Spanish Fork,,,,,,Spanish Fork,,,,,,,14361.0,46737.92,3.255,27460.0,6834.0,3924.0,16702.0,31281.804,4656.0,2178.0,3276.0,648.0,1541.0,4171.0,2113.0,8877.0,149.138,9.624,2717.638,945.402
2027,city,Spanish Fork,Spanish Fork,,,,,,Spanish Fork,,,,,,,14847.0,47698.667,3.213,28080.0,6992.0,3918.0,17170.0,32148.539,4788.0,2204.0,3251.0,667.0,1541.0,4288.0,2228.0,9113.0,148.205,9.846,2944.277,966.198
2028,city,Spanish Fork,Spanish Fork,,,,,,Spanish Fork,,,,,,,15225.0,48348.878,3.176,28765.0,7120.0,3977.0,17668.0,32135.31,4891.0,2229.0,3310.0,667.0,1541.0,4392.0,2317.0,9418.0,148.058,9.45,2228.381,984.413
2029,city,Spanish Fork,Spanish Fork,,,,,,Spanish Fork,,,,,,,15552.0,48840.87,3.14,29453.0,7232.0,4060.0,18161.0,33025.141,4983.0,2249.0,3393.0,667.0,1541.0,4476.0,2392.0,9752.0,147.214,8.928,2415.762,1000.226
2030,city,Spanish Fork,Spanish Fork,,,,,,Spanish Fork,,,,,,,15949.0,49525.033,3.105,30081.0,7389.0,4174.0,18518.0,33837.711,5135.0,2254.0,3507.0,667.0,1541.0,4528.0,2454.0,9995.0,145.567,8.782,2575.476,1026.896
2031,city,Spanish Fork,Spanish Fork,,,,,,Spanish Fork,,,,,,,16342.0,50188.809,3.071,30667.0,7542.0,4307.0,18818.0,34845.584,5292.0,2250.0,3640.0,667.0,1541.0,4545.0,2522.0,10210.0,143.422,8.85,2980.4790000000003,1045.834
2032,city,Spanish Fork,Spanish Fork,,,,,,Spanish Fork,,,,,,,16843.0,51236.615,3.042,31213.0,7665.0,4415.0,19133.0,35423.103,5409.0,2256.0,3748.0,667.0,1541.0,4552.0,2580.0,10460.0,141.446,9.294,2980.525,1078.836
2033,city,Spanish Fork,Spanish Fork,,,,,,Spanish Fork,,,,,,,17273.0,52125.167,3.018,31727.0,7776.0,4503.0,19448.0,36229.038,5509.0,2267.0,3836.0,667.0,1536.0,4553.0,2659.0,10700.0,140.867,9.748,3243.583,1107.838
2034,city,Spanish Fork,Spanish Fork,,,,,,Spanish Fork,,,,,,,17651.0,52879.785,2.996,32694.0,8051.0,4608.0,20035.0,37080.442,5669.0,2382.0,3941.0,667.0,1535.0,4580.0,2765.0,11155.0,139.512,10.144,3101.904,1134.881
2035,city,Spanish Fork,Spanish Fork,,,,,,Spanish Fork,,,,,,,18039.0,53655.342,2.974,32698.0,8000.0,4679.0,20019.0,37558.151,5697.0,2303.0,4017.0,662.0,1535.0,4569.0,2817.0,11098.0,140.365,10.29,3554.447,1155.058
2036,city,Spanish Fork,Spanish Fork,,,,,,Spanish Fork,,,,,,,18385.0,54341.958,2.956,33360.0,8164.0,4807.0,20389.0,37368.765999999996,5823.0,2341.0,4147.0,660.0,1535.0,4590.0,2892.0,11372.0,137.182,10.222,2681.314,1180.0529999999999
2037,city,Spanish Fork,Spanish Fork,,,,,,Spanish Fork,,,,,,,18986.0,55862.245,2.942,34282.0,8246.0,4969.0,21067.0,38708.070999999996,5848.0,2398.0,4338.0,631.0,1497.0,4670.0,3047.0,11853.0,134.97899999999998,10.136,3065.23,1215.728
2038,city,Spanish Fork,Spanish Fork,,,,,,Spanish Fork,,,,,,,19392.0,56750.863,2.927,34848.0,8356.0,5080.0,21412.0,39073.118,5937.0,2419.0,4449.0,631.0,1497.0,4701.0,3096.0,12118.0,133.446,10.116,2835.003,1246.55
2039,city,Spanish Fork,Spanish Fork,,,,,,Spanish Fork,,,,,,,19762.0,57562.923,2.913,35447.0,8476.0,5186.0,21785.0,39576.536,6036.0,2440.0,4555.0,631.0,1497.0,4746.0,3169.0,12373.0,134.305,10.116,2715.79,1269.325
2040,city,Spanish Fork,Spanish Fork,,,,,,Spanish Fork,,,,,,,20117.0,58325.433,2.899,36080.0,8592.0,5283.0,22205.0,40631.903,6137.0,2455.0,4652.0,631.0,1497.0,4821.0,3230.0,12657.0,131.13,10.116,3117.876,1292.776
2041,city,Spanish Fork,Spanish Fork,,,,,,Spanish Fork,,,,,,,20534.0,59258.376000000004,2.886,36799.0,8737.0,5431.0,22631.0,41461.514,6260.0,2477.0,4800.0,631.0,1497.0,4916.0,3304.0,12914.0,128.143,10.164,3204.388,1319.823
2042,city,Spanish Fork,Spanish Fork,,,,,,Spanish Fork,,,,,,,21025.0,60414.82,2.873,37341.0,8847.0,5507.0,22987.0,42316.093,6357.0,2490.0,4876.0,631.0,1496.0,4974.0,3377.0,13140.0,126.2,10.26,3485.324,1353.33
2043,city,Spanish Fork,Spanish Fork,,,,,,Spanish Fork,,,,,,,21516.0,61569.029,2.862,37971.0,9001.0,5590.0,23380.0,42573.072,6461.0,2540.0,4959.0,631.0,1496.0,5049.0,3447.0,13388.0,126.01400000000001,10.348,3079.042,1386.6580000000001
2044,city,Spanish Fork,Spanish Fork,,,,,,Spanish Fork,,,,,,,22071.0,62879.433,2.849,38483.0,9118.0,5670.0,23695.0,43492.626,6554.0,2564.0,5039.0,631.0,1494.0,5111.0,3512.0,13578.0,122.97,10.338,3453.663,1422.668
2045,city,Spanish Fork,Spanish Fork,,,,,,Spanish Fork,,,,,,,22670.0,64303.118,2.836,39116.0,9272.0,5756.0,24088.0,44367.295,6677.0,2595.0,5125.0,631.0,1493.0,5197.0,3586.0,13812.0,119.78699999999999,10.31,3658.65,1462.549
2046,city,Spanish Fork,Spanish Fork,,,,,,Spanish Fork,,,,,,,23276.0,65731.223,2.824,39650.0,9383.0,5832.0,24435.0,44507.491,6763.0,2620.0,5201.0,631.0,1491.0,5291.0,3671.0,13982.0,115.884,10.31,3225.358,1505.946
2047,city,Spanish Fork,Spanish Fork,,,,,,Spanish Fork,,,,,,,23864.0,67115.907,2.812,40136.0,9493.0,5903.0,24740.0,44887.571,6860.0,2633.0,5272.0,631.0,1484.0,5383.0,3733.0,14140.0,114.75399999999999,10.368,3083.9610000000002,1542.494
2048,city,Spanish Fork,Spanish Fork,,,,,,Spanish Fork,,,,,,,24457.0,68462.446,2.799,40711.0,9609.0,5971.0,25131.0,45740.966,6965.0,2644.0,5344.0,627.0,1484.0,5490.0,3834.0,14323.0,112.55499999999999,10.474,3321.002,1585.948
2049,city,Spanish Fork,Spanish Fork,,,,,,Spanish Fork,,,,,,,25186.0,70122.078,2.784,41270.0,9740.0,6037.0,25493.0,47307.047,7084.0,2656.0,5410.0,627.0,1484.0,5602.0,3907.0,14500.0,107.462,10.57,4283.303,1635.7169999999999
2050,city,Spanish Fork,Spanish Fork,,,,,,Spanish Fork,,,,,,,25861.0,71654.23,2.771,41799.0,9877.0,6096.0,25826.0,46840.989,7205.0,2672.0,5469.0,627.0,1483.0,5721.0,3960.0,14662.0,103.865,10.676,3247.553,1679.889
2051,city,Spanish Fork,Spanish Fork,,,,,,Spanish Fork,,,,,,,26453.0,72892.327,2.756,42178.0,9993.0,6147.0,26038.0,46794.145,7310.0,2683.0,5521.0,626.0,1475.0,5813.0,4004.0,14746.0,107.077,10.764,2779.247,1719.059
2052,city,Spanish Fork,Spanish Fork,,,,,,Spanish Fork,,,,,,,26965.0,73836.898,2.738,42458.0,10058.0,6200.0,26200.0,47206.011,7355.0,2703.0,5574.0,626.0,1470.0,5907.0,4063.0,14760.0,93.219,10.85,2892.713,1751.224
2053,city,Spanish Fork,Spanish Fork,,,,,,Spanish Fork,,,,,,,27451.0,74730.252,2.722,42914.0,10152.0,6265.0,26497.0,48261.357,7431.0,2721.0,5639.0,626.0,1470.0,6003.0,4132.0,14892.0,81.021,10.966,3465.286,1790.092
2054,city,Spanish Fork,Spanish Fork,,,,,,Spanish Fork,,,,,,,28306.0,76738.712,2.711,43324.0,10230.0,6322.0,26772.0,49076.506,7497.0,2733.0,5696.0,626.0,1470.0,6107.0,4187.0,15008.0,80.958,11.044,3814.874,1845.635
2055,city,Spanish Fork,Spanish Fork,,,,,,Spanish Fork,,,,,,,29299.0,79082.317,2.699,43742.0,10324.0,6365.0,27053.0,49747.851,7577.0,2747.0,5739.0,626.0,1470.0,6211.0,4253.0,15119.0,81.00999999999999,11.072,4000.426,1913.349
2056,city,Spanish Fork,Spanish Fork,,,,,,Spanish Fork,,,,,,,30373.0,81542.492,2.685,44127.0,10398.0,6416.0,27313.0,50244.437,7643.0,2755.0,5790.0,626.0,1465.0,6302.0,4315.0,15231.0,81.00999999999999,11.004,4037.5480000000002,1987.882
2057,city,Spanish Fork,Spanish Fork,,,,,,Spanish Fork,,,,,,,31452.0,84562.318,2.689,44576.0,10480.0,6468.0,27628.0,50824.286,7714.0,2766.0,5843.0,625.0,1460.0,6420.0,4367.0,15381.0,81.05,10.812,4075.971,2080.447
2058,city,Spanish Fork,Spanish Fork,,,,,,Spanish Fork,,,,,,,31546.0,85800.074,2.72,45008.0,10565.0,6527.0,27916.0,51376.275,7787.0,2778.0,5902.0,625.0,1460.0,6503.0,4432.0,15521.0,81.07,10.628,4157.066,2119.509
2059,city,Spanish Fork,Spanish Fork,,,,,,Spanish Fork,,,,,,,31556.0,86723.682,2.748,45426.0,10652.0,6595.0,28179.0,51525.921,7859.0,2793.0,5970.0,625.0,1460.0,6586.0,4487.0,15646.0,81.09,10.492,3858.918,2149.431
2060,city,Spanish Fork,Spanish Fork,,,,,,Spanish Fork,,,,,,,31682.0,88008.498,2.778,45864.0,10742.0,6646.0,28476.0,52469.603,7938.0,2804.0,6021.0,625.0,1460.0,6659.0,4541.0,15816.0,81.11,10.426,4317.619,2196.441
2061,city,Spanish Fork,Spanish Fork,,,,,,Spanish Fork,,,,,,,31715.0,89244.345,2.814,46314.0,10842.0,6686.0,28786.0,52842.487,8009.0,2833.0,6061.0,625.0,1460.0,6736.0,4604.0,15986.0,81.03999999999999,10.376,4197.187,2239.878
2062,city,Spanish Fork,Spanish Fork,,,,,,Spanish Fork,,,,,,,31751.0,90337.731,2.845,46748.0,10939.0,6733.0,29076.0,53361.003,8087.0,2852.0,6108.0,625.0,1459.0,6816.0,4667.0,16134.0,80.97200000000001,10.348,4248.947,2272.732
2063,city,Spanish Fork,Spanish Fork,,,,,,Spanish Fork,,,,,,,31751.0,91374.177,2.878,47155.0,11015.0,6792.0,29348.0,53742.507,8152.0,2863.0,6167.0,625.0,1459.0,6894.0,4717.0,16278.0,79.947,10.318,4183.942,2313.31
2064,city,Spanish Fork,Spanish Fork,,,,,,Spanish Fork,,,,,,,31751.0,92476.361,2.913,47510.0,11106.0,6840.0,29564.0,54177.468,8229.0,2877.0,6215.0,625.0,1459.0,6954.0,4762.0,16389.0,79.997,10.3,4226.567,2350.606
2065,city,Spanish Fork,Spanish Fork,,,,,,Spanish Fork,,,,,,,31752.0,93486.298,2.944,47855.0,11191.0,6882.0,29782.0,54544.393000000004,8303.0,2888.0,6257.0,625.0,1459.0,7014.0,4812.0,16497.0,80.057,10.28,4218.66,2380.394
2023,city,Springville,Springville,,,,,,Springville,,,,,,,11004.0,34277.152,3.115,21546.0,4475.0,5989.0,11082.0,24032.060999999998,2967.0,1508.0,3695.0,2294.0,1686.0,2622.0,1401.0,5373.0,92.735,0.0,1684.428,708.903
2024,city,Springville,Springville,,,,,,Springville,,,,,,,11196.0,34607.426999999996,3.091,21711.0,4469.0,6048.0,11194.0,23651.131,2946.0,1523.0,3731.0,2317.0,1656.0,2680.0,1466.0,5392.0,92.734,0.0,1157.981,689.415
2025,city,Springville,Springville,,,,,,Springville,,,,,,,11352.0,34713.576,3.058,22464.0,4561.0,6437.0,11466.0,25480.684,3021.0,1540.0,3787.0,2650.0,1684.0,2727.0,1535.0,5520.0,92.706,0.0,2166.684,757.294
2026,city,Springville,Springville,,,,,,Springville,,,,,,,11540.0,34928.852,3.027,22844.0,4625.0,6518.0,11701.0,26410.101,3057.0,1568.0,3846.0,2672.0,1684.0,2780.0,1586.0,5651.0,94.721,0.0,2708.053,763.328
2027,city,Springville,Springville,,,,,,Springville,,,,,,,11695.0,35024.804,2.995,23259.0,4715.0,6606.0,11938.0,25567.859,3125.0,1590.0,3921.0,2685.0,1682.0,2830.0,1641.0,5785.0,93.75800000000001,0.0,1448.136,766.951
2028,city,Springville,Springville,,,,,,Springville,,,,,,,11926.0,35414.219,2.969,23697.0,4789.0,6724.0,12184.0,26323.867,3180.0,1609.0,3974.0,2750.0,1682.0,2877.0,1688.0,5937.0,93.66499999999999,0.0,1761.075,772.114
2029,city,Springville,Springville,,,,,,Springville,,,,,,,12224.0,36078.592,2.951,24152.0,4871.0,6837.0,12444.0,26878.681,3253.0,1618.0,4055.0,2782.0,1682.0,2918.0,1730.0,6114.0,93.776,0.0,1846.939,785.968
2030,city,Springville,Springville,,,,,,Springville,,,,,,,12525.0,36650.659999999996,2.926,24828.0,4991.0,6927.0,12910.0,28402.164,3366.0,1625.0,4145.0,2782.0,1682.0,2958.0,1891.0,6379.0,94.013,0.0,2673.454,806.703
2031,city,Springville,Springville,,,,,,Springville,,,,,,,12788.0,37156.207,2.906,25379.0,5087.0,7037.0,13255.0,28351.998,3472.0,1615.0,4225.0,2812.0,1682.0,2974.0,2017.0,6582.0,93.932,0.0,2061.416,817.648
2032,city,Springville,Springville,,,,,,Springville,,,,,,,13181.0,38003.509,2.883,25974.0,5190.0,7118.0,13666.0,29790.801,3569.0,1621.0,4306.0,2812.0,1682.0,2985.0,2158.0,6841.0,91.942,0.0,2881.988,842.8729999999999
2033,city,Springville,Springville,,,,,,Springville,,,,,,,13538.0,38804.839,2.866,26502.0,5267.0,7178.0,14057.0,29752.017,3622.0,1645.0,4366.0,2812.0,1682.0,2992.0,2278.0,7105.0,91.56099999999999,0.0,2293.796,864.656
2034,city,Springville,Springville,,,,,,Springville,,,,,,,13885.0,39558.102,2.849,27426.0,5503.0,7242.0,14681.0,31041.361,3733.0,1770.0,4430.0,2812.0,1682.0,3010.0,2440.0,7549.0,90.98299999999999,0.0,2630.684,893.6949999999999
2035,city,Springville,Springville,,,,,,Springville,,,,,,,14275.0,40509.972,2.838,27575.0,5460.0,7267.0,14848.0,31144.976,3739.0,1721.0,4467.0,2800.0,1837.0,3008.0,2495.0,7508.0,89.876,0.0,2569.275,910.833
2036,city,Springville,Springville,,,,,,Springville,,,,,,,14644.0,41391.829,2.827,28048.0,5562.0,7333.0,15153.0,31586.368,3808.0,1754.0,4540.0,2793.0,1837.0,3019.0,2593.0,7704.0,89.771,0.0,2510.758,937.835
2037,city,Springville,Springville,,,,,,Springville,,,,,,,15407.0,43815.297,2.844,27620.0,5544.0,7395.0,14681.0,31079.261,3833.0,1711.0,4626.0,2769.0,1964.0,3007.0,2234.0,7476.0,89.65,0.0,2385.032,984.588
2038,city,Springville,Springville,,,,,,Springville,,,,,,,15749.0,44633.925,2.834,28067.0,5622.0,7454.0,14991.0,31700.871,3896.0,1726.0,4685.0,2769.0,1964.0,3030.0,2298.0,7699.0,88.96199999999999,0.0,2531.458,1013.448
2039,city,Springville,Springville,,,,,,Springville,,,,,,,16044.0,45275.856,2.822,28512.0,5720.0,7513.0,15279.0,31833.413,3972.0,1748.0,4744.0,2769.0,1964.0,3070.0,2361.0,7884.0,88.866,0.0,2199.284,1033.267
2040,city,Springville,Springville,,,,,,Springville,,,,,,,16395.0,46143.876000000004,2.815,28903.0,5793.0,7559.0,15551.0,32386.399,4035.0,1758.0,4790.0,2769.0,1964.0,3111.0,2406.0,8070.0,87.755,0.0,2338.8269999999998,1056.819
2041,city,Springville,Springville,,,,,,Springville,,,,,,,16839.0,47266.725,2.807,29293.0,5874.0,7618.0,15801.0,33207.986,4101.0,1773.0,4849.0,2769.0,1964.0,3155.0,2465.0,8217.0,87.782,0.0,2740.531,1086.6770000000001
2042,city,Springville,Springville,,,,,,Springville,,,,,,,17442.0,48751.61,2.795,29607.0,5932.0,7673.0,16002.0,33702.294,4146.0,1786.0,4905.0,2768.0,1963.0,3187.0,2512.0,8340.0,84.805,0.0,2888.399,1122.104
2043,city,Springville,Springville,,,,,,Springville,,,,,,,17911.0,49933.345,2.788,29897.0,5989.0,7720.0,16188.0,33872.213,4186.0,1803.0,4952.0,2768.0,1963.0,3221.0,2547.0,8457.0,84.682,0.0,2733.9809999999998,1156.551
2044,city,Springville,Springville,,,,,,Springville,,,,,,,18451.0,51229.683,2.777,30257.0,6056.0,7763.0,16438.0,34363.85,4245.0,1811.0,4995.0,2768.0,1963.0,3265.0,2613.0,8597.0,84.666,0.0,2833.7980000000002,1188.391
2045,city,Springville,Springville,,,,,,Springville,,,,,,,18924.0,52337.779,2.766,30593.0,6121.0,7794.0,16678.0,34215.254,4297.0,1824.0,5030.0,2764.0,1963.0,3312.0,2685.0,8718.0,84.55499999999999,0.0,2317.242,1220.464
2046,city,Springville,Springville,,,,,,Springville,,,,,,,19439.0,53594.358,2.757,30902.0,6178.0,7838.0,16886.0,34692.26,4344.0,1834.0,5074.0,2764.0,1963.0,3354.0,2735.0,8834.0,81.622,0.0,2450.686,1257.95
2047,city,Springville,Springville,,,,,,Springville,,,,,,,19983.0,54940.018,2.749,31212.0,6232.0,7887.0,17093.0,35463.326,4384.0,1848.0,5125.0,2762.0,1963.0,3409.0,2792.0,8929.0,80.53,0.0,2880.219,1290.574
2048,city,Springville,Springville,,,,,,Springville,,,,,,,20664.0,56676.5,2.743,31598.0,6310.0,7938.0,17350.0,36172.356,4447.0,1863.0,5177.0,2761.0,1962.0,3501.0,2859.0,9028.0,79.39,0.0,3161.014,1333.949
2049,city,Springville,Springville,,,,,,Springville,,,,,,,21142.0,57805.493,2.734,31971.0,6390.0,7983.0,17598.0,36032.770000000004,4510.0,1880.0,5222.0,2761.0,1962.0,3572.0,2920.0,9144.0,78.337,0.0,2610.681,1372.762
2050,city,Springville,Springville,,,,,,Springville,,,,,,,21615.0,58845.441,2.722,32351.0,6462.0,8023.0,17866.0,36815.663,4566.0,1896.0,5267.0,2756.0,1945.0,3652.0,2982.0,9287.0,80.67099999999999,0.0,2977.083,1406.904
2051,city,Springville,Springville,,,,,,Springville,,,,,,,22101.0,59939.362,2.712,32696.0,6548.0,8053.0,18095.0,36998.426999999996,4637.0,1911.0,5309.0,2744.0,1935.0,3740.0,3035.0,9385.0,80.815,0.0,2787.567,1434.053
2052,city,Springville,Springville,,,,,,Springville,,,,,,,22408.0,60517.053,2.701,33038.0,6617.0,8103.0,18318.0,36974.613,4698.0,1919.0,5359.0,2744.0,1935.0,3804.0,3081.0,9498.0,85.114,0.0,2393.306,1458.19
2053,city,Springville,Springville,,,,,,Springville,,,,,,,22835.0,61350.566,2.687,33380.0,6686.0,8148.0,18546.0,37658.087,4757.0,1929.0,5404.0,2744.0,1935.0,3874.0,3128.0,9609.0,88.10900000000001,0.0,2703.076,1486.906
2054,city,Springville,Springville,,,,,,Springville,,,,,,,23520.0,62845.579,2.672,33769.0,6770.0,8182.0,18817.0,38650.136,4831.0,1939.0,5438.0,2744.0,1935.0,3947.0,3198.0,9737.0,87.03,0.0,3255.577,1538.531
2055,city,Springville,Springville,,,,,,Springville,,,,,,,24004.0,63775.84,2.657,34171.0,6854.0,8217.0,19100.0,39041.467000000004,4897.0,1957.0,5473.0,2744.0,1935.0,4037.0,3265.0,9863.0,86.072,0.0,3210.112,1574.289
2056,city,Springville,Springville,,,,,,Springville,,,,,,,24273.0,64168.592,2.644,34588.0,6925.0,8248.0,19415.0,39214.906,4956.0,1969.0,5504.0,2744.0,1935.0,4134.0,3334.0,10012.0,85.061,0.0,2947.944,1593.906
2057,city,Springville,Springville,,,,,,Springville,,,,,,,24321.0,64457.393,2.65,34951.0,6974.0,8287.0,19690.0,39682.439,4997.0,1977.0,5543.0,2744.0,1935.0,4211.0,3404.0,10140.0,85.101,0.0,3035.762,1610.574
2058,city,Springville,Springville,,,,,,Springville,,,,,,,24339.0,65276.428,2.682,35271.0,7028.0,8332.0,19911.0,40133.406,5041.0,1987.0,5588.0,2744.0,1935.0,4261.0,3461.0,10254.0,85.12400000000001,0.0,3141.65,1635.623
2059,city,Springville,Springville,,,,,,Springville,,,,,,,24368.0,66017.643,2.709,35592.0,7086.0,8368.0,20138.0,40455.964,5087.0,1999.0,5630.0,2738.0,1935.0,4315.0,3518.0,10370.0,85.144,0.0,3117.502,1661.3319999999999
2060,city,Springville,Springville,,,,,,Springville,,,,,,,24372.0,66799.551,2.741,35926.0,7162.0,8406.0,20358.0,40765.224,5150.0,2012.0,5668.0,2738.0,1935.0,4373.0,3566.0,10484.0,85.167,0.0,3064.488,1689.572
2061,city,Springville,Springville,,,,,,Springville,,,,,,,24378.0,67683.14,2.776,36190.0,7226.0,8442.0,20522.0,41184.087,5204.0,2022.0,5706.0,2736.0,1929.0,4409.0,3606.0,10578.0,85.092,0.0,3186.088,1722.908
2062,city,Springville,Springville,,,,,,Springville,,,,,,,24386.0,68470.659,2.808,36530.0,7300.0,8481.0,20749.0,41771.217,5261.0,2039.0,5750.0,2731.0,1928.0,4470.0,3655.0,10696.0,85.024,0.0,3411.625,1744.563
2063,city,Springville,Springville,,,,,,Springville,,,,,,,24415.0,69308.291,2.839,36868.0,7377.0,8508.0,20983.0,42104.808,5322.0,2055.0,5778.0,2730.0,1923.0,4537.0,3710.0,10813.0,85.006,0.0,3371.57,1780.2350000000001
2064,city,Springville,Springville,,,,,,Springville,,,,,,,24448.0,70220.523,2.872,37198.0,7428.0,8550.0,21220.0,42499.556,5363.0,2065.0,5821.0,2729.0,1923.0,4601.0,3766.0,10930.0,85.06,0.0,3404.032,1812.469
2065,city,Springville,Springville,,,,,,Springville,,,,,,,24472.0,71029.246,2.902,37509.0,7489.0,8593.0,21427.0,42786.439,5419.0,2070.0,5864.0,2729.0,1923.0,4656.0,3821.0,11027.0,85.123,0.0,3350.778,1841.531
2023,city,Sunset,Sunset,,,,,,Sunset,,,,,,,1955.0,5834.983,2.985,6935.0,244.0,173.0,6518.0,7390.866,232.0,12.0,69.0,104.0,1994.0,3266.0,396.0,862.0,0.0,0.0,369.73699999999997,86.128
2024,city,Sunset,Sunset,,,,,,Sunset,,,,,,,1955.0,5769.28,2.951,7041.0,242.0,284.0,6515.0,7212.9800000000005,230.0,12.0,183.0,101.0,1965.0,3295.0,398.0,857.0,0.0,0.0,87.934,84.047
2025,city,Sunset,Sunset,,,,,,Sunset,,,,,,,1955.0,5706.622,2.919,7386.0,242.0,376.0,6768.0,7797.533,230.0,12.0,269.0,107.0,2067.0,3423.0,409.0,869.0,0.0,0.0,320.595,90.93900000000001
2026,city,Sunset,Sunset,,,,,,Sunset,,,,,,,1955.0,5643.628,2.887,7645.0,238.0,459.0,6948.0,8074.593999999999,226.0,12.0,352.0,107.0,2125.0,3531.0,417.0,875.0,0.0,0.0,338.625,90.97
2027,city,Sunset,Sunset,,,,,,Sunset,,,,,,,1955.0,5578.881,2.854,7820.0,238.0,537.0,7045.0,8323.292000000001,226.0,12.0,427.0,110.0,2099.0,3630.0,427.0,889.0,0.0,0.0,412.35,90.94
2028,city,Sunset,Sunset,,,,,,Sunset,,,,,,,1955.0,5516.981,2.822,8070.0,238.0,536.0,7296.0,8531.328000000001,226.0,12.0,426.0,110.0,2363.0,3587.0,438.0,908.0,0.0,0.0,370.269,91.05799999999999
2029,city,Sunset,Sunset,,,,,,Sunset,,,,,,,1955.0,5453.853,2.79,8588.0,238.0,701.0,7649.0,9054.294,226.0,12.0,591.0,110.0,2527.0,3550.0,446.0,1126.0,0.0,0.0,375.324,90.97
2030,city,Sunset,Sunset,,,,,,Sunset,,,,,,,1964.0,5428.941,2.764,8868.0,241.0,821.0,7806.0,9336.689999999999,229.0,12.0,711.0,110.0,2674.0,3528.0,458.0,1146.0,0.0,0.0,376.676,92.015
2031,city,Sunset,Sunset,,,,,,Sunset,,,,,,,1997.0,5487.812,2.748,9004.0,242.0,895.0,7867.0,9508.621,230.0,12.0,785.0,110.0,2677.0,3484.0,469.0,1237.0,0.0,0.0,411.536,93.085
2032,city,Sunset,Sunset,,,,,,Sunset,,,,,,,2020.0,5508.048,2.727,9166.0,245.0,955.0,7966.0,9642.944,234.0,11.0,846.0,109.0,2711.0,3432.0,477.0,1346.0,0.0,0.0,382.93,94.015
2033,city,Sunset,Sunset,,,,,,Sunset,,,,,,,2033.0,5497.013,2.704,9391.0,247.0,1033.0,8111.0,9872.141,236.0,11.0,924.0,109.0,2808.0,3405.0,489.0,1409.0,0.0,0.0,386.086,95.056
2034,city,Sunset,Sunset,,,,,,Sunset,,,,,,,2036.0,5457.125,2.68,9790.0,248.0,1109.0,8433.0,10281.838,237.0,11.0,1000.0,109.0,2974.0,3383.0,509.0,1567.0,0.0,0.0,396.878,94.96
2035,city,Sunset,Sunset,,,,,,Sunset,,,,,,,2037.0,5414.402,2.658,9985.0,248.0,1107.0,8630.0,10489.446,237.0,11.0,1000.0,107.0,3121.0,3360.0,510.0,1639.0,0.0,0.0,409.351,95.095
2036,city,Sunset,Sunset,,,,,,Sunset,,,,,,,2038.0,5373.442,2.637,10274.0,249.0,1110.0,8915.0,10780.257000000001,238.0,11.0,1005.0,105.0,3294.0,3327.0,520.0,1774.0,0.0,0.0,411.191,95.066
2037,city,Sunset,Sunset,,,,,,Sunset,,,,,,,2076.0,5432.894,2.617,10515.0,257.0,1111.0,9147.0,11030.053,247.0,10.0,1002.0,109.0,3460.0,3301.0,548.0,1838.0,0.0,0.0,419.027,96.027
2038,city,Sunset,Sunset,,,,,,Sunset,,,,,,,2090.0,5434.659,2.6,10582.0,263.0,1114.0,9205.0,11111.099999999999,253.0,10.0,1006.0,108.0,3470.0,3307.0,559.0,1869.0,0.0,0.0,432.06100000000004,97.039
2039,city,Sunset,Sunset,,,,,,Sunset,,,,,,,2094.0,5410.423,2.584,10668.0,268.0,1115.0,9285.0,11178.869,258.0,10.0,1008.0,107.0,3487.0,3320.0,573.0,1905.0,0.0,0.0,413.845,97.025
2040,city,Sunset,Sunset,,,,,,Sunset,,,,,,,2098.0,5392.239,2.57,10746.0,274.0,1118.0,9354.0,11282.378,264.0,10.0,1010.0,108.0,3493.0,3344.0,588.0,1929.0,0.0,0.0,439.403,96.975
2041,city,Sunset,Sunset,,,,,,Sunset,,,,,,,2102.0,5374.824,2.557,10790.0,277.0,1123.0,9390.0,11280.868999999999,267.0,10.0,1014.0,109.0,3503.0,3342.0,593.0,1952.0,0.0,0.0,392.869,98.0
2042,city,Sunset,Sunset,,,,,,Sunset,,,,,,,2111.0,5369.628000000001,2.544,10857.0,284.0,1124.0,9449.0,11347.997,274.0,10.0,1014.0,110.0,3514.0,3357.0,606.0,1972.0,0.0,0.0,391.997,99.0
2043,city,Sunset,Sunset,,,,,,Sunset,,,,,,,2115.0,5358.708,2.534,10898.0,285.0,1124.0,9489.0,11390.66,275.0,10.0,1014.0,110.0,3521.0,3369.0,608.0,1991.0,0.0,0.0,393.624,99.037
2044,city,Sunset,Sunset,,,,,,Sunset,,,,,,,2124.0,5363.978,2.525,10945.0,288.0,1126.0,9531.0,11450.166000000001,278.0,10.0,1015.0,111.0,3528.0,3383.0,615.0,2005.0,0.0,0.0,404.10699999999997,101.06
2045,city,Sunset,Sunset,,,,,,Sunset,,,,,,,2123.0,5342.142,2.516,10975.0,289.0,1125.0,9561.0,11476.434,279.0,10.0,1013.0,112.0,3532.0,3390.0,622.0,2017.0,0.0,0.0,400.434,101.0
2046,city,Sunset,Sunset,,,,,,Sunset,,,,,,,2122.0,5320.424,2.507,10999.0,290.0,1128.0,9581.0,11502.126,280.0,10.0,1014.0,114.0,3534.0,3397.0,624.0,2026.0,0.0,0.0,401.104,102.023
2047,city,Sunset,Sunset,,,,,,Sunset,,,,,,,2122.0,5302.43,2.499,11019.0,292.0,1129.0,9598.0,11574.423,282.0,10.0,1015.0,114.0,3535.0,3400.0,632.0,2031.0,0.0,0.0,453.35400000000004,102.06899999999999
2048,city,Sunset,Sunset,,,,,,Sunset,,,,,,,2140.0,5342.3369999999995,2.496,11035.0,293.0,1129.0,9613.0,11673.59,283.0,10.0,1015.0,114.0,3538.0,3407.0,633.0,2035.0,0.0,0.0,535.455,103.136
2049,city,Sunset,Sunset,,,,,,Sunset,,,,,,,2155.0,5369.259,2.492,11046.0,294.0,1131.0,9621.0,11715.238,284.0,10.0,1017.0,114.0,3540.0,3409.0,634.0,2038.0,0.0,0.0,565.283,103.955
2050,city,Sunset,Sunset,,,,,,Sunset,,,,,,,2225.0,5578.758,2.507,11027.0,296.0,1128.0,9603.0,11716.776,286.0,10.0,1017.0,111.0,3539.0,3414.0,611.0,2039.0,0.0,0.0,581.731,108.04599999999999
2051,city,Sunset,Sunset,,,,,,Sunset,,,,,,,2303.0,5767.317,2.504,11037.0,297.0,1129.0,9611.0,11646.538,287.0,10.0,1018.0,111.0,3541.0,3414.0,613.0,2043.0,0.0,0.0,497.526,112.012
2052,city,Sunset,Sunset,,,,,,Sunset,,,,,,,2314.0,5785.849,2.5,11039.0,297.0,1129.0,9613.0,11710.423,287.0,10.0,1018.0,111.0,3541.0,3415.0,613.0,2044.0,0.0,0.0,558.389,113.036
2053,city,Sunset,Sunset,,,,,,Sunset,,,,,,,2317.0,5773.412,2.492,11041.0,297.0,1127.0,9617.0,11735.543,287.0,10.0,1018.0,109.0,3542.0,3415.0,613.0,2047.0,0.0,0.0,580.452,114.09
2054,city,Sunset,Sunset,,,,,,Sunset,,,,,,,2317.0,5751.432,2.482,11044.0,297.0,1128.0,9619.0,11738.694,287.0,10.0,1019.0,109.0,3542.0,3415.0,613.0,2049.0,0.0,0.0,580.637,114.056
2055,city,Sunset,Sunset,,,,,,Sunset,,,,,,,2317.0,5734.752,2.475,11047.0,297.0,1129.0,9621.0,11726.560000000001,287.0,10.0,1020.0,109.0,3542.0,3417.0,613.0,2049.0,0.0,0.0,564.527,115.03399999999999
2056,city,Sunset,Sunset,,,,,,Sunset,,,,,,,2317.0,5776.875,2.493,11050.0,297.0,1129.0,9624.0,11764.897,287.0,10.0,1020.0,109.0,3543.0,3417.0,615.0,2049.0,0.0,0.0,598.919,115.97800000000001
2057,city,Sunset,Sunset,,,,,,Sunset,,,,,,,2317.0,5810.594,2.508,11051.0,297.0,1128.0,9626.0,11737.84,287.0,10.0,1020.0,108.0,3543.0,3418.0,616.0,2049.0,0.0,0.0,569.816,117.02099999999999
2058,city,Sunset,Sunset,,,,,,Sunset,,,,,,,2317.0,5853.47,2.526,11052.0,297.0,1128.0,9627.0,11768.874,287.0,10.0,1020.0,108.0,3543.0,3418.0,616.0,2050.0,0.0,0.0,598.808,118.065
2059,city,Sunset,Sunset,,,,,,Sunset,,,,,,,2317.0,5898.191,2.546,11053.0,297.0,1128.0,9628.0,11777.289,287.0,10.0,1020.0,108.0,3544.0,3418.0,616.0,2050.0,0.0,0.0,604.247,120.044
2060,city,Sunset,Sunset,,,,,,Sunset,,,,,,,2317.0,5944.529,2.566,11056.0,297.0,1129.0,9630.0,11783.051,287.0,10.0,1021.0,108.0,3544.0,3420.0,616.0,2050.0,0.0,0.0,606.018,121.032
2061,city,Sunset,Sunset,,,,,,Sunset,,,,,,,2317.0,5993.257,2.587,11047.0,297.0,1129.0,9621.0,11800.829000000002,287.0,10.0,1021.0,108.0,3545.0,3409.0,617.0,2050.0,0.0,0.0,631.873,121.956
2062,city,Sunset,Sunset,,,,,,Sunset,,,,,,,2317.0,6036.137000000001,2.605,11048.0,297.0,1129.0,9622.0,11778.181,287.0,10.0,1021.0,108.0,3545.0,3409.0,617.0,2051.0,0.0,0.0,606.2239999999999,123.956
2063,city,Sunset,Sunset,,,,,,Sunset,,,,,,,2317.0,6069.174999999999,2.619,11050.0,297.0,1129.0,9624.0,11743.294999999998,287.0,10.0,1021.0,108.0,3546.0,3409.0,618.0,2051.0,0.0,0.0,568.274,125.02099999999999
2064,city,Sunset,Sunset,,,,,,Sunset,,,,,,,2317.0,6114.318,2.639,11052.0,297.0,1129.0,9626.0,11798.268,287.0,10.0,1021.0,108.0,3546.0,3409.0,618.0,2053.0,0.0,0.0,620.149,126.118
2065,city,Sunset,Sunset,,,,,,Sunset,,,,,,,2317.0,6161.753000000001,2.659,11055.0,298.0,1129.0,9628.0,11795.929,288.0,10.0,1021.0,108.0,3546.0,3409.0,619.0,2054.0,0.0,0.0,614.973,125.95899999999999
2023,city,Syracuse,Syracuse,,,,,,Syracuse,,,,,,,10528.0,36053.417,3.425,6113.0,1385.0,587.0,4141.0,7905.532,844.0,541.0,77.0,510.0,513.0,1359.0,559.0,1710.0,168.317,5.424,1156.1000000000001,462.69
2024,city,Syracuse,Syracuse,,,,,,Syracuse,,,,,,,10555.0,35718.504,3.384,6123.0,1378.0,581.0,4164.0,9180.541,837.0,541.0,83.0,498.0,500.0,1400.0,571.0,1693.0,166.143,6.528,2434.62,450.253
2025,city,Syracuse,Syracuse,,,,,,Syracuse,,,,,,,10718.0,35907.195,3.35,6186.0,1372.0,598.0,4216.0,8698.809,835.0,537.0,83.0,515.0,497.0,1409.0,598.0,1712.0,164.514,6.464,1843.166,498.661
2026,city,Syracuse,Syracuse,,,,,,Syracuse,,,,,,,11021.0,36506.064,3.312,6185.0,1363.0,595.0,4227.0,8390.502,827.0,536.0,80.0,515.0,479.0,1402.0,613.0,1733.0,164.136,6.624,1521.911,512.8299999999999
2027,city,Syracuse,Syracuse,,,,,,Syracuse,,,,,,,11411.0,37433.341,3.28,6202.0,1355.0,599.0,4248.0,7917.12,826.0,529.0,78.0,521.0,474.0,1396.0,626.0,1752.0,164.91,6.704,1011.859,531.653
2028,city,Syracuse,Syracuse,,,,,,Syracuse,,,,,,,11717.0,38007.248,3.244,6191.0,1353.0,594.0,4244.0,8083.297,826.0,527.0,78.0,516.0,460.0,1380.0,639.0,1765.0,165.119,6.4,1174.426,546.351
2029,city,Syracuse,Syracuse,,,,,,Syracuse,,,,,,,12238.0,39307.739,3.212,6201.0,1350.0,594.0,4257.0,7993.517,826.0,524.0,78.0,516.0,453.0,1371.0,657.0,1776.0,165.78,6.0,1048.918,571.8199999999999
2030,city,Syracuse,Syracuse,,,,,,Syracuse,,,,,,,12598.0,40003.18,3.175,6196.0,1342.0,591.0,4263.0,7961.106,828.0,514.0,77.0,514.0,446.0,1363.0,667.0,1787.0,165.589,5.872,1001.553,592.092
2031,city,Syracuse,Syracuse,,,,,,Syracuse,,,,,,,12970.0,40692.167,3.137,6208.0,1337.0,591.0,4280.0,8015.876,832.0,505.0,77.0,514.0,450.0,1355.0,683.0,1792.0,163.808,5.904,1033.616,604.549
2032,city,Syracuse,Syracuse,,,,,,Syracuse,,,,,,,13241.0,41061.081,3.101,6212.0,1338.0,589.0,4285.0,8254.697,838.0,500.0,77.0,512.0,450.0,1337.0,688.0,1810.0,164.176,6.144,1254.283,618.093
2033,city,Syracuse,Syracuse,,,,,,Syracuse,,,,,,,13531.0,41546.659999999996,3.07,6229.0,1335.0,584.0,4310.0,8334.404,838.0,497.0,76.0,508.0,449.0,1327.0,702.0,1832.0,164.965,6.448,1301.618,632.3679999999999
2034,city,Syracuse,Syracuse,,,,,,Syracuse,,,,,,,13778.0,41906.24,3.042,6273.0,1339.0,583.0,4351.0,8056.5019999999995,842.0,497.0,75.0,508.0,447.0,1316.0,715.0,1873.0,166.183,6.688,962.907,647.723
2035,city,Syracuse,Syracuse,,,,,,Syracuse,,,,,,,14147.0,42650.453,3.015,6187.0,1313.0,574.0,4300.0,8413.431,841.0,472.0,75.0,499.0,440.0,1299.0,719.0,1842.0,168.40300000000002,6.768,1396.611,654.654
2036,city,Syracuse,Syracuse,,,,,,Syracuse,,,,,,,14480.0,43236.33,2.986,6145.0,1286.0,571.0,4288.0,8179.185,819.0,467.0,78.0,493.0,431.0,1293.0,724.0,1840.0,168.199,6.688,1188.825,670.464
2037,city,Syracuse,Syracuse,,,,,,Syracuse,,,,,,,15799.0,46887.368,2.968,5882.0,1297.0,563.0,4022.0,8274.696,830.0,467.0,91.0,472.0,414.0,1268.0,730.0,1610.0,157.5,6.624,1497.374,731.201
2038,city,Syracuse,Syracuse,,,,,,Syracuse,,,,,,,16231.0,47822.320999999996,2.946,5702.0,1120.0,559.0,4023.0,8122.039,734.0,386.0,91.0,468.0,413.0,1270.0,746.0,1594.0,161.773,6.608,1498.359,753.302
2039,city,Syracuse,Syracuse,,,,,,Syracuse,,,,,,,16685.0,48807.69,2.925,5741.0,1107.0,559.0,4075.0,8151.3099999999995,729.0,378.0,93.0,466.0,419.0,1277.0,765.0,1614.0,161.579,6.576,1464.955,777.202
2040,city,Syracuse,Syracuse,,,,,,Syracuse,,,,,,,16987.0,49417.143,2.909,5822.0,1116.0,569.0,4137.0,7996.02,737.0,379.0,101.0,468.0,426.0,1286.0,775.0,1650.0,163.953,6.56,1211.709,791.798
2041,city,Syracuse,Syracuse,,,,,,Syracuse,,,,,,,17304.0,50071.114,2.894,5874.0,1125.0,571.0,4178.0,8217.467,746.0,379.0,105.0,466.0,432.0,1289.0,782.0,1675.0,162.777,6.56,1366.129,808.0
2042,city,Syracuse,Syracuse,,,,,,Syracuse,,,,,,,17611.0,50688.492,2.878,5798.0,1096.0,572.0,4130.0,8320.394,730.0,366.0,109.0,463.0,438.0,1295.0,707.0,1690.0,164.17700000000002,6.608,1525.607,826.0
2043,city,Syracuse,Syracuse,,,,,,Syracuse,,,,,,,17921.0,51328.26,2.864,5823.0,1081.0,576.0,4166.0,8184.57,722.0,359.0,114.0,462.0,440.0,1301.0,722.0,1703.0,166.387,6.656,1344.22,844.307
2044,city,Syracuse,Syracuse,,,,,,Syracuse,,,,,,,18190.0,51808.118,2.848,6008.0,1119.0,583.0,4306.0,8266.525,760.0,359.0,121.0,462.0,460.0,1310.0,733.0,1803.0,166.397,6.608,1223.007,862.5120000000001
2045,city,Syracuse,Syracuse,,,,,,Syracuse,,,,,,,18300.0,51874.006,2.835,6141.0,1131.0,590.0,4420.0,8160.425,772.0,359.0,126.0,464.0,468.0,1327.0,745.0,1880.0,170.61399999999998,6.576,973.236,869.0
2046,city,Syracuse,Syracuse,,,,,,Syracuse,,,,,,,18449.0,51973.195999999996,2.817,6372.0,1164.0,613.0,4595.0,8444.467,805.0,359.0,142.0,471.0,491.0,1350.0,760.0,1994.0,177.057,6.576,1008.636,880.201
2047,city,Syracuse,Syracuse,,,,,,Syracuse,,,,,,,18809.0,52537.673,2.793,6376.0,1147.0,620.0,4609.0,8683.466,798.0,349.0,150.0,470.0,501.0,1370.0,743.0,1995.0,176.42399999999998,6.576,1222.863,901.6030000000001
2048,city,Syracuse,Syracuse,,,,,,Syracuse,,,,,,,19348.0,53571.801,2.769,6396.0,1108.0,618.0,4670.0,8944.78,794.0,314.0,162.0,456.0,515.0,1401.0,749.0,2005.0,175.632,6.64,1431.285,935.226
2049,city,Syracuse,Syracuse,,,,,,Syracuse,,,,,,,19954.0,54793.846,2.746,6554.0,1118.0,629.0,4807.0,8864.206,809.0,309.0,173.0,456.0,542.0,1428.0,767.0,2070.0,174.84,6.672,1161.109,967.584
2050,city,Syracuse,Syracuse,,,,,,Syracuse,,,,,,,20018.0,54826.2,2.739,5698.0,599.0,578.0,4521.0,8944.555,456.0,143.0,177.0,401.0,501.0,1417.0,727.0,1876.0,174.844,6.72,2087.581,977.41
2051,city,Syracuse,Syracuse,,,,,,Syracuse,,,,,,,20487.0,55791.245,2.723,5878.0,633.0,590.0,4655.0,8552.983,490.0,143.0,190.0,400.0,530.0,1423.0,748.0,1954.0,173.841,6.736,1494.301,1000.103
2052,city,Syracuse,Syracuse,,,,,,Syracuse,,,,,,,21295.0,57573.532999999996,2.704,6019.0,660.0,602.0,4757.0,8439.144,517.0,143.0,202.0,400.0,543.0,1451.0,756.0,2007.0,173.84300000000002,6.784,1193.203,1046.318
2053,city,Syracuse,Syracuse,,,,,,Syracuse,,,,,,,21757.0,58468.992,2.687,6254.0,696.0,619.0,4939.0,9034.477,553.0,143.0,217.0,402.0,566.0,1490.0,773.0,2110.0,173.63,6.816,1530.174,1069.853
2054,city,Syracuse,Syracuse,,,,,,Syracuse,,,,,,,22029.0,58932.967,2.675,6403.0,710.0,636.0,5057.0,9072.596,569.0,141.0,231.0,405.0,582.0,1512.0,780.0,2183.0,173.63,6.848,1405.585,1083.53
2055,city,Syracuse,Syracuse,,,,,,Syracuse,,,,,,,22336.0,59486.202,2.663,6477.0,734.0,645.0,5098.0,9315.718,593.0,141.0,238.0,407.0,592.0,1537.0,782.0,2187.0,173.421,6.848,1554.128,1104.319
2056,city,Syracuse,Syracuse,,,,,,Syracuse,,,,,,,22481.0,60165.596,2.676,6631.0,751.0,660.0,5220.0,9703.363000000001,610.0,141.0,251.0,409.0,607.0,1562.0,805.0,2246.0,172.419,6.768,1767.386,1125.786
2057,city,Syracuse,Syracuse,,,,,,Syracuse,,,,,,,22719.0,60980.439,2.684,6795.0,778.0,666.0,5351.0,9864.304,638.0,140.0,256.0,410.0,619.0,1590.0,827.0,2315.0,171.417,6.624,1741.045,1150.215
2058,city,Syracuse,Syracuse,,,,,,Syracuse,,,,,,,22895.0,61732.445,2.696,6953.0,774.0,672.0,5507.0,10005.672999999999,640.0,134.0,261.0,411.0,632.0,1609.0,849.0,2417.0,169.62400000000002,6.48,1704.921,1171.6480000000001
2059,city,Syracuse,Syracuse,,,,,,Syracuse,,,,,,,23101.0,62569.622,2.709,7019.0,754.0,677.0,5588.0,10455.47,628.0,126.0,266.0,411.0,655.0,1615.0,868.0,2450.0,169.416,6.368,2065.2509999999997,1195.437
2060,city,Syracuse,Syracuse,,,,,,Syracuse,,,,,,,23181.0,63199.69,2.726,7127.0,769.0,681.0,5677.0,10076.278,642.0,127.0,271.0,410.0,675.0,1638.0,885.0,2479.0,169.207,6.288,1560.454,1213.326
2061,city,Syracuse,Syracuse,,,,,,Syracuse,,,,,,,23249.0,63829.347,2.745,7238.0,782.0,689.0,5767.0,10263.508,653.0,129.0,279.0,410.0,690.0,1631.0,928.0,2518.0,169.209,6.256,1623.4769999999999,1226.566
2062,city,Syracuse,Syracuse,,,,,,Syracuse,,,,,,,23404.0,64485.081,2.755,7299.0,768.0,698.0,5833.0,10568.869,645.0,123.0,291.0,407.0,705.0,1634.0,943.0,2551.0,169.417,6.224,1846.658,1247.5629999999999
2063,city,Syracuse,Syracuse,,,,,,Syracuse,,,,,,,23947.0,65956.154,2.754,7383.0,771.0,701.0,5911.0,11143.994,650.0,121.0,300.0,401.0,715.0,1640.0,963.0,2593.0,168.627,6.208,2299.935,1286.222
2064,city,Syracuse,Syracuse,,,,,,Syracuse,,,,,,,24036.0,66576.231,2.77,7491.0,785.0,709.0,5997.0,10668.27,658.0,127.0,307.0,402.0,727.0,1649.0,993.0,2628.0,168.41500000000002,6.176,1697.446,1305.229
2065,city,Syracuse,Syracuse,,,,,,Syracuse,,,,,,,24159.0,67258.97,2.784,7575.0,792.0,718.0,6065.0,10857.006,665.0,127.0,316.0,402.0,739.0,1654.0,1010.0,2662.0,168.841,6.176,1784.434,1322.552
2023,city,Taylorsville,Taylorsville,,,,,,Taylorsville,,,,,,,20353.0,57460.76,2.823,24687.0,5313.0,1540.0,17834.0,27894.81,2972.0,2341.0,725.0,815.0,3773.0,6349.0,1944.0,5768.0,2.005,1.722,1897.267,1306.812
2024,city,Taylorsville,Taylorsville,,,,,,Taylorsville,,,,,,,20359.0,56921.125,2.796,25116.0,5330.0,1565.0,18221.0,27794.689,2979.0,2351.0,710.0,855.0,3781.0,6523.0,2000.0,5917.0,2.011,1.764,1401.685,1273.227
2025,city,Taylorsville,Taylorsville,,,,,,Taylorsville,,,,,,,20395.0,56464.438,2.769,25487.0,5369.0,1598.0,18520.0,28722.393,3019.0,2350.0,710.0,888.0,3822.0,6578.0,2089.0,6031.0,2.008,1.742,1842.15,1389.493
2026,city,Taylorsville,Taylorsville,,,,,,Taylorsville,,,,,,,20438.0,56004.244,2.74,25587.0,5353.0,1611.0,18623.0,29098.234,3001.0,2352.0,710.0,901.0,3787.0,6577.0,2141.0,6118.0,2.006,1.779,2112.228,1395.221
2027,city,Taylorsville,Taylorsville,,,,,,Taylorsville,,,,,,,20470.0,55529.065,2.713,25781.0,5364.0,1631.0,18786.0,29274.581000000002,3026.0,2338.0,710.0,921.0,3799.0,6609.0,2184.0,6194.0,2.018,1.804,2081.585,1408.171
2028,city,Taylorsville,Taylorsville,,,,,,Taylorsville,,,,,,,20506.0,55106.526,2.687,25880.0,5348.0,1632.0,18900.0,29377.19,3029.0,2319.0,710.0,922.0,3817.0,6626.0,2203.0,6254.0,2.015,1.717,2078.416,1415.047
2029,city,Taylorsville,Taylorsville,,,,,,Taylorsville,,,,,,,20528.0,54663.487,2.663,26003.0,5337.0,1636.0,19030.0,29433.175,3038.0,2299.0,710.0,926.0,3843.0,6646.0,2220.0,6321.0,2.007,1.61,2001.345,1425.213
2030,city,Taylorsville,Taylorsville,,,,,,Taylorsville,,,,,,,20542.0,54209.992,2.639,26185.0,5351.0,1638.0,19196.0,29820.786,3067.0,2284.0,710.0,928.0,3876.0,6662.0,2263.0,6395.0,2.012,1.576,2191.027,1441.166
2031,city,Taylorsville,Taylorsville,,,,,,Taylorsville,,,,,,,20560.0,53800.678,2.617,26288.0,5360.0,1643.0,19285.0,30113.191,3103.0,2257.0,710.0,933.0,3909.0,6655.0,2282.0,6439.0,2.012,1.579,2373.56,1448.045
2032,city,Taylorsville,Taylorsville,,,,,,Taylorsville,,,,,,,20656.0,53647.916,2.597,26129.0,5253.0,1637.0,19239.0,29807.856,3075.0,2178.0,710.0,927.0,3908.0,6621.0,2284.0,6426.0,2.015,1.651,2208.641,1466.552
2033,city,Taylorsville,Taylorsville,,,,,,Taylorsville,,,,,,,20733.0,53417.942,2.576,26263.0,5278.0,1629.0,19356.0,30092.397,3107.0,2171.0,710.0,919.0,3937.0,6626.0,2298.0,6495.0,2.017,1.728,2342.205,1483.4470000000001
2034,city,Taylorsville,Taylorsville,,,,,,Taylorsville,,,,,,,20799.0,53221.323,2.559,26498.0,5307.0,1632.0,19559.0,30095.695,3128.0,2179.0,710.0,922.0,3987.0,6633.0,2332.0,6607.0,2.025,1.796,2080.593,1513.28
2035,city,Taylorsville,Taylorsville,,,,,,Taylorsville,,,,,,,20614.0,52268.902,2.536,26379.0,5230.0,1624.0,19525.0,30184.828,3137.0,2093.0,710.0,914.0,4022.0,6617.0,2325.0,6561.0,2.024,1.818,2302.951,1499.041
2036,city,Taylorsville,Taylorsville,,,,,,Taylorsville,,,,,,,20789.0,52534.877,2.527,26065.0,5183.0,1602.0,19280.0,30402.178,3122.0,2061.0,710.0,892.0,4011.0,6573.0,2265.0,6431.0,2.027,1.803,2809.312,1524.04
2037,city,Taylorsville,Taylorsville,,,,,,Taylorsville,,,,,,,21357.0,53828.59,2.52,26281.0,5265.0,1579.0,19437.0,30675.778,3184.0,2081.0,716.0,863.0,3991.0,6604.0,2372.0,6470.0,2.02,1.786,2809.0480000000002,1581.922
2038,city,Taylorsville,Taylorsville,,,,,,Taylorsville,,,,,,,22122.0,55387.731,2.504,26047.0,5119.0,1573.0,19355.0,30133.997,3118.0,2001.0,716.0,857.0,3986.0,6578.0,2368.0,6423.0,2.02,1.78,2422.277,1660.9189999999999
2039,city,Taylorsville,Taylorsville,,,,,,Taylorsville,,,,,,,22561.0,56028.239,2.483,26075.0,5116.0,1574.0,19385.0,29913.336,3124.0,1992.0,716.0,858.0,3993.0,6583.0,2375.0,6434.0,2.012,1.777,2122.547,1712.0
2040,city,Taylorsville,Taylorsville,,,,,,Taylorsville,,,,,,,22918.0,56470.551,2.464,26114.0,5121.0,1575.0,19418.0,29901.001,3126.0,1995.0,716.0,859.0,4001.0,6588.0,2374.0,6455.0,2.013,1.777,2019.784,1763.424
2041,city,Taylorsville,Taylorsville,,,,,,Taylorsville,,,,,,,23182.0,56747.297,2.448,26214.0,5154.0,1576.0,19484.0,29944.839,3149.0,2005.0,716.0,860.0,4020.0,6589.0,2388.0,6487.0,2.012,1.784,1924.546,1802.494
2042,city,Taylorsville,Taylorsville,,,,,,Taylorsville,,,,,,,23344.0,56795.93,2.433,26180.0,5057.0,1576.0,19547.0,30057.152,3116.0,1941.0,716.0,860.0,4040.0,6593.0,2390.0,6524.0,2.015,1.801,2035.947,1837.388
2043,city,Taylorsville,Taylorsville,,,,,,Taylorsville,,,,,,,23670.0,57393.688,2.425,26175.0,5041.0,1572.0,19562.0,30215.62,3116.0,1925.0,712.0,860.0,4040.0,6592.0,2393.0,6537.0,2.018,1.815,2150.909,1885.876
2044,city,Taylorsville,Taylorsville,,,,,,Taylorsville,,,,,,,23914.0,57808.072,2.417,26145.0,5026.0,1569.0,19550.0,30215.971999999998,3101.0,1925.0,711.0,858.0,4054.0,6588.0,2384.0,6524.0,2.003,1.813,2134.237,1932.9189999999999
2045,city,Taylorsville,Taylorsville,,,,,,Taylorsville,,,,,,,24116.0,58135.573,2.411,26083.0,4943.0,1574.0,19566.0,30355.178,3066.0,1877.0,711.0,863.0,4062.0,6597.0,2367.0,6540.0,2.002,1.81,2291.651,1976.715
2046,city,Taylorsville,Taylorsville,,,,,,Taylorsville,,,,,,,24266.0,58319.87,2.403,25751.0,4642.0,1572.0,19537.0,30405.587,2936.0,1706.0,711.0,861.0,4070.0,6598.0,2363.0,6506.0,1.995,1.811,2633.821,2016.959
2047,city,Taylorsville,Taylorsville,,,,,,Taylorsville,,,,,,,24383.0,58447.036,2.397,25372.0,4480.0,1563.0,19329.0,29878.713,2824.0,1656.0,711.0,852.0,4054.0,6549.0,2338.0,6388.0,2.002,1.824,2451.526,2051.363
2048,city,Taylorsville,Taylorsville,,,,,,Taylorsville,,,,,,,24736.0,59068.459,2.388,25443.0,4494.0,1563.0,19386.0,29602.111,2835.0,1659.0,711.0,852.0,4076.0,6561.0,2344.0,6405.0,2.0,1.844,2043.108,2112.1639999999998
2049,city,Taylorsville,Taylorsville,,,,,,Taylorsville,,,,,,,25234.0,59964.674,2.376,25525.0,4507.0,1567.0,19451.0,29884.106,2839.0,1668.0,711.0,856.0,4085.0,6568.0,2360.0,6438.0,1.998,1.865,2170.1,2185.141
2050,city,Taylorsville,Taylorsville,,,,,,Taylorsville,,,,,,,25744.0,60866.695,2.364,25593.0,4520.0,1567.0,19506.0,30129.399,2849.0,1671.0,711.0,856.0,4098.0,6577.0,2367.0,6464.0,2.0,1.885,2266.799,2265.71
2051,city,Taylorsville,Taylorsville,,,,,,Taylorsville,,,,,,,26117.0,61445.998999999996,2.353,25635.0,4536.0,1568.0,19531.0,30266.335,2864.0,1672.0,711.0,857.0,4105.0,6581.0,2368.0,6477.0,1.998,1.902,2297.018,2330.413
2052,city,Taylorsville,Taylorsville,,,,,,Taylorsville,,,,,,,26768.0,62856.456,2.348,25745.0,4552.0,1569.0,19624.0,30640.546,2876.0,1676.0,711.0,858.0,4124.0,6604.0,2379.0,6517.0,2.0,1.922,2474.328,2417.296
2053,city,Taylorsville,Taylorsville,,,,,,Taylorsville,,,,,,,27234.0,63829.827,2.344,25815.0,4559.0,1560.0,19696.0,30690.479,2884.0,1675.0,709.0,851.0,4151.0,6616.0,2392.0,6537.0,2.0,1.944,2383.666,2487.871
2054,city,Taylorsville,Taylorsville,,,,,,Taylorsville,,,,,,,27471.0,64182.867,2.336,26000.0,4610.0,1563.0,19827.0,31106.709,2922.0,1688.0,709.0,854.0,4180.0,6646.0,2409.0,6592.0,2.0,1.96,2560.958,2541.7889999999998
2055,city,Taylorsville,Taylorsville,,,,,,Taylorsville,,,,,,,27762.0,64573.54,2.326,26114.0,4584.0,1566.0,19964.0,31514.761,2909.0,1675.0,709.0,857.0,4226.0,6678.0,2439.0,6621.0,2.0,1.969,2792.726,2604.066
2056,city,Taylorsville,Taylorsville,,,,,,Taylorsville,,,,,,,28260.0,65404.757,2.314,26154.0,4495.0,1569.0,20090.0,31693.661,2883.0,1612.0,709.0,860.0,4243.0,6712.0,2464.0,6671.0,2.002,1.96,2853.825,2681.87
2057,city,Taylorsville,Taylorsville,,,,,,Taylorsville,,,,,,,28451.0,65968.12,2.319,26267.0,4493.0,1578.0,20196.0,31687.23,2879.0,1614.0,709.0,869.0,4274.0,6729.0,2486.0,6707.0,2.002,1.928,2670.873,2745.429
2058,city,Taylorsville,Taylorsville,,,,,,Taylorsville,,,,,,,28646.0,66517.37,2.322,26369.0,4509.0,1584.0,20276.0,32075.352,2890.0,1619.0,709.0,875.0,4291.0,6748.0,2492.0,6745.0,2.0,1.898,2895.325,2807.132
2059,city,Taylorsville,Taylorsville,,,,,,Taylorsville,,,,,,,28659.0,66853.414,2.333,26468.0,4524.0,1587.0,20357.0,32041.53,2900.0,1624.0,709.0,878.0,4318.0,6764.0,2501.0,6774.0,2.0,1.879,2709.224,2860.431
2060,city,Taylorsville,Taylorsville,,,,,,Taylorsville,,,,,,,28703.0,67250.279,2.343,26442.0,4415.0,1591.0,20436.0,32259.06,2801.0,1614.0,709.0,882.0,4334.0,6779.0,2512.0,6811.0,2.003,1.869,2893.634,2919.558
2061,city,Taylorsville,Taylorsville,,,,,,Taylorsville,,,,,,,28720.0,67691.742,2.357,26519.0,4426.0,1589.0,20504.0,32231.45,2802.0,1624.0,708.0,881.0,4346.0,6795.0,2522.0,6841.0,2.0,1.863,2743.715,2964.869
2062,city,Taylorsville,Taylorsville,,,,,,Taylorsville,,,,,,,28735.0,68067.75,2.369,26597.0,4437.0,1588.0,20572.0,32447.47,2809.0,1628.0,708.0,880.0,4359.0,6808.0,2537.0,6868.0,2.003,1.86,2825.741,3020.869
2063,city,Taylorsville,Taylorsville,,,,,,Taylorsville,,,,,,,28749.0,68412.268,2.38,26537.0,4455.0,1588.0,20494.0,32604.227,2823.0,1632.0,708.0,880.0,4311.0,6797.0,2544.0,6842.0,2.003,1.857,2989.894,3073.472
2064,city,Taylorsville,Taylorsville,,,,,,Taylorsville,,,,,,,28752.0,68822.334,2.394,26701.0,4473.0,1593.0,20635.0,32689.475,2832.0,1641.0,708.0,885.0,4348.0,6838.0,2565.0,6884.0,2.0,1.854,2855.196,3129.429
2065,city,Taylorsville,Taylorsville,,,,,,Taylorsville,,,,,,,28758.0,69193.47,2.406,26830.0,4485.0,1596.0,20749.0,32938.211,2841.0,1644.0,708.0,888.0,4376.0,6868.0,2584.0,6921.0,2.003,1.852,2920.397,3183.956
2023,city,Uintah,Uintah,,,,,,Uintah,,,,,,,412.0,1231.446,2.989,755.0,103.0,193.0,459.0,832.858,50.0,53.0,163.0,30.0,61.0,38.0,41.0,319.0,10.032,0.0,51.782,16.043999999999997
2024,city,Uintah,Uintah,,,,,,Uintah,,,,,,,411.0,1221.6540000000002,2.972,770.0,100.0,213.0,457.0,797.885,47.0,53.0,165.0,48.0,54.0,42.0,41.0,320.0,10.013,0.0,1.873,16.0
2025,city,Uintah,Uintah,,,,,,Uintah,,,,,,,412.0,1215.529,2.95,782.0,100.0,223.0,459.0,854.0070000000001,47.0,53.0,165.0,58.0,54.0,42.0,42.0,321.0,10.02,0.0,44.975,17.012999999999998
2026,city,Uintah,Uintah,,,,,,Uintah,,,,,,,413.0,1206.375,2.921,785.0,100.0,225.0,460.0,857.0930000000001,47.0,53.0,165.0,60.0,54.0,42.0,42.0,322.0,10.026,0.0,45.055,17.012
2027,city,Uintah,Uintah,,,,,,Uintah,,,,,,,413.0,1195.155,2.894,789.0,100.0,230.0,459.0,864.846,47.0,53.0,165.0,65.0,53.0,42.0,42.0,322.0,10.053,0.0,48.774,17.02
2028,city,Uintah,Uintah,,,,,,Uintah,,,,,,,413.0,1184.375,2.868,792.0,100.0,230.0,462.0,866.879,47.0,53.0,165.0,65.0,53.0,42.0,42.0,325.0,10.033,0.0,47.819,17.028
2029,city,Uintah,Uintah,,,,,,Uintah,,,,,,,417.0,1183.079,2.837,792.0,100.0,230.0,462.0,872.944,47.0,53.0,165.0,65.0,53.0,42.0,42.0,325.0,10.027000000000001,0.0,53.91000000000001,17.008
2030,city,Uintah,Uintah,,,,,,Uintah,,,,,,,418.0,1177.604,2.817,791.0,98.0,230.0,463.0,866.1390000000001,47.0,51.0,165.0,65.0,53.0,42.0,42.0,326.0,10.013,0.0,47.09,18.036
2031,city,Uintah,Uintah,,,,,,Uintah,,,,,,,418.0,1167.9330000000002,2.794,789.0,97.0,230.0,462.0,862.435,47.0,50.0,165.0,65.0,53.0,41.0,42.0,326.0,10.013,0.0,45.406,18.015
2032,city,Uintah,Uintah,,,,,,Uintah,,,,,,,420.0,1167.4689999999998,2.78,790.0,96.0,230.0,464.0,868.206,47.0,49.0,165.0,65.0,54.0,41.0,43.0,326.0,10.0,0.0,50.187,18.019
2033,city,Uintah,Uintah,,,,,,Uintah,,,,,,,420.0,1159.2939999999999,2.76,790.0,96.0,230.0,464.0,858.979,47.0,49.0,165.0,65.0,54.0,41.0,43.0,326.0,10.02,0.0,40.943,18.015
2034,city,Uintah,Uintah,,,,,,Uintah,,,,,,,420.0,1151.7440000000001,2.742,791.0,96.0,231.0,464.0,864.919,47.0,49.0,166.0,65.0,54.0,41.0,43.0,326.0,10.035,0.0,45.847,18.037
2035,city,Uintah,Uintah,,,,,,Uintah,,,,,,,420.0,1144.775,2.726,776.0,92.0,231.0,453.0,844.586,47.0,45.0,166.0,65.0,54.0,41.0,43.0,315.0,10.02,0.0,40.554,18.011
2036,city,Uintah,Uintah,,,,,,Uintah,,,,,,,420.0,1138.0459999999998,2.71,776.0,92.0,231.0,453.0,850.988,47.0,45.0,166.0,65.0,54.0,41.0,43.0,315.0,10.035,0.0,46.942,18.009999999999998
2037,city,Uintah,Uintah,,,,,,Uintah,,,,,,,445.0,1197.31,2.691,787.0,97.0,231.0,459.0,858.532,46.0,51.0,167.0,64.0,51.0,41.0,42.0,325.0,10.055,0.0,41.464999999999996,20.012
2038,city,Uintah,Uintah,,,,,,Uintah,,,,,,,446.0,1192.796,2.674,788.0,97.0,232.0,459.0,865.332,46.0,51.0,168.0,64.0,51.0,41.0,42.0,325.0,10.063,0.0,47.257000000000005,20.012
2039,city,Uintah,Uintah,,,,,,Uintah,,,,,,,446.0,1187.092,2.662,791.0,97.0,232.0,462.0,865.659,46.0,51.0,168.0,64.0,51.0,41.0,42.0,328.0,10.049,0.0,44.61,20.0
2040,city,Uintah,Uintah,,,,,,Uintah,,,,,,,447.0,1185.279,2.652,792.0,97.0,232.0,463.0,871.203,46.0,51.0,168.0,64.0,51.0,41.0,43.0,328.0,10.035,0.0,49.147,20.023
2041,city,Uintah,Uintah,,,,,,Uintah,,,,,,,447.0,1179.9289999999999,2.64,792.0,97.0,232.0,463.0,859.7560000000001,46.0,51.0,168.0,64.0,51.0,41.0,43.0,328.0,10.07,0.0,37.707,19.979
2042,city,Uintah,Uintah,,,,,,Uintah,,,,,,,447.0,1174.896,2.628,794.0,97.0,232.0,465.0,877.989,46.0,51.0,168.0,64.0,51.0,41.0,43.0,330.0,10.063,0.0,53.903999999999996,20.021
2043,city,Uintah,Uintah,,,,,,Uintah,,,,,,,449.0,1173.124,2.613,794.0,97.0,232.0,465.0,871.845,46.0,51.0,168.0,64.0,51.0,41.0,43.0,330.0,10.064,0.0,47.745999999999995,20.035
2044,city,Uintah,Uintah,,,,,,Uintah,,,,,,,450.0,1171.137,2.603,795.0,97.0,232.0,466.0,870.2560000000001,46.0,51.0,168.0,64.0,51.0,42.0,43.0,330.0,10.05,0.0,45.176,20.031
2045,city,Uintah,Uintah,,,,,,Uintah,,,,,,,450.0,1167.045,2.593,795.0,97.0,232.0,466.0,864.828,46.0,51.0,168.0,64.0,51.0,42.0,43.0,330.0,10.035,0.0,38.769999999999996,21.020999999999997
2046,city,Uintah,Uintah,,,,,,Uintah,,,,,,,450.0,1164.248,2.587,795.0,97.0,232.0,466.0,874.642,46.0,51.0,168.0,64.0,51.0,42.0,43.0,330.0,10.065,0.0,48.56,21.017
2047,city,Uintah,Uintah,,,,,,Uintah,,,,,,,450.0,1158.953,2.575,795.0,97.0,232.0,466.0,867.61,46.0,51.0,168.0,64.0,51.0,42.0,43.0,330.0,10.022,0.0,41.558,21.029999999999998
2048,city,Uintah,Uintah,,,,,,Uintah,,,,,,,450.0,1155.022,2.567,796.0,97.0,232.0,467.0,871.049,46.0,51.0,168.0,64.0,51.0,42.0,43.0,331.0,10.058,0.0,43.978,21.013
2049,city,Uintah,Uintah,,,,,,Uintah,,,,,,,454.0,1161.28,2.558,796.0,97.0,232.0,467.0,876.9390000000001,46.0,51.0,168.0,64.0,51.0,42.0,43.0,331.0,10.022,0.0,49.913999999999994,21.003
2050,city,Uintah,Uintah,,,,,,Uintah,,,,,,,456.0,1161.688,2.548,797.0,97.0,232.0,468.0,883.623,46.0,51.0,168.0,64.0,51.0,43.0,43.0,331.0,10.029,0.0,55.592999999999996,21.0
2051,city,Uintah,Uintah,,,,,,Uintah,,,,,,,459.0,1165.116,2.538,797.0,97.0,232.0,468.0,865.741,46.0,51.0,168.0,64.0,51.0,43.0,43.0,331.0,10.044,0.0,37.672,21.025
2052,city,Uintah,Uintah,,,,,,Uintah,,,,,,,462.0,1167.848,2.528,798.0,97.0,232.0,469.0,886.336,46.0,51.0,168.0,64.0,51.0,43.0,43.0,332.0,10.052,0.0,56.239999999999995,22.044999999999998
2053,city,Uintah,Uintah,,,,,,Uintah,,,,,,,464.0,1166.327,2.514,798.0,97.0,232.0,469.0,877.512,46.0,51.0,168.0,64.0,51.0,43.0,43.0,332.0,10.045,0.0,47.454,22.013
2054,city,Uintah,Uintah,,,,,,Uintah,,,,,,,464.0,1161.6,2.503,798.0,97.0,232.0,469.0,881.087,46.0,51.0,168.0,64.0,51.0,43.0,43.0,332.0,10.03,0.0,51.019999999999996,22.037
2055,city,Uintah,Uintah,,,,,,Uintah,,,,,,,465.0,1158.09,2.491,798.0,97.0,232.0,469.0,881.015,46.0,51.0,168.0,64.0,51.0,43.0,43.0,332.0,11.025,0.0,49.977000000000004,22.012
2056,city,Uintah,Uintah,,,,,,Uintah,,,,,,,468.0,1161.97,2.483,798.0,97.0,232.0,469.0,889.303,46.0,51.0,168.0,64.0,51.0,43.0,43.0,332.0,11.008,0.0,57.304,22.991
2057,city,Uintah,Uintah,,,,,,Uintah,,,,,,,468.0,1172.7130000000002,2.506,799.0,97.0,232.0,470.0,884.509,46.0,51.0,168.0,64.0,51.0,43.0,43.0,333.0,11.065999999999999,0.0,50.455,23.987
2058,city,Uintah,Uintah,,,,,,Uintah,,,,,,,467.0,1182.12,2.531,799.0,97.0,232.0,470.0,888.4559999999999,46.0,51.0,168.0,64.0,51.0,43.0,43.0,333.0,11.075,0.0,54.39,23.991
2059,city,Uintah,Uintah,,,,,,Uintah,,,,,,,467.0,1192.5210000000002,2.554,799.0,97.0,232.0,470.0,919.91,46.0,51.0,168.0,64.0,51.0,43.0,43.0,333.0,11.076,0.0,85.806,24.028
2060,city,Uintah,Uintah,,,,,,Uintah,,,,,,,467.0,1202.84,2.576,799.0,97.0,232.0,470.0,919.145,46.0,51.0,168.0,64.0,51.0,43.0,43.0,333.0,10.077,0.0,86.084,23.984
2061,city,Uintah,Uintah,,,,,,Uintah,,,,,,,467.0,1213.639,2.599,799.0,97.0,232.0,470.0,895.746,46.0,51.0,168.0,64.0,51.0,43.0,43.0,333.0,10.047,0.0,61.703,24.997
2062,city,Uintah,Uintah,,,,,,Uintah,,,,,,,467.0,1224.166,2.621,799.0,97.0,232.0,470.0,895.637,46.0,51.0,168.0,64.0,51.0,43.0,43.0,333.0,10.924,0.0,60.70399999999999,25.009
2063,city,Uintah,Uintah,,,,,,Uintah,,,,,,,467.0,1234.737,2.644,799.0,97.0,232.0,470.0,885.354,46.0,51.0,168.0,64.0,51.0,43.0,43.0,333.0,11.0,0.0,50.345,25.009
2064,city,Uintah,Uintah,,,,,,Uintah,,,,,,,467.0,1245.225,2.666,799.0,97.0,232.0,470.0,889.481,46.0,51.0,168.0,64.0,51.0,43.0,43.0,333.0,11.035,0.0,54.431,25.016
2065,city,Uintah,Uintah,,,,,,Uintah,,,,,,,467.0,1255.824,2.689,799.0,97.0,232.0,470.0,886.9749999999999,46.0,51.0,168.0,64.0,51.0,43.0,43.0,333.0,11.068999999999999,0.0,50.915,25.991
2023,city,Utah Lake,Utah Lake,,,,,,Utah Lake,,,,,,,0.0,0.0,0,0.0,0.0,0.0,0.0,4.032,0.0,0.0,0.0,0.0,0.0,0.0,0.0,0.0,4.032,0.0,0.0,0.0
2024,city,Utah Lake,Utah Lake,,,,,,Utah Lake,,,,,,,0.0,0.0,0,0.0,0.0,0.0,0.0,4.032,0.0,0.0,0.0,0.0,0.0,0.0,0.0,0.0,4.032,0.0,0.0,0.0
2025,city,Utah Lake,Utah Lake,,,,,,Utah Lake,,,,,,,0.0,0.0,0,0.0,0.0,0.0,0.0,4.031,0.0,0.0,0.0,0.0,0.0,0.0,0.0,0.0,4.031,0.0,0.0,0.0
2026,city,Utah Lake,Utah Lake,,,,,,Utah Lake,,,,,,,0.0,0.0,0,0.0,0.0,0.0,0.0,4.031,0.0,0.0,0.0,0.0,0.0,0.0,0.0,0.0,4.031,0.0,0.0,0.0
2027,city,Utah Lake,Utah Lake,,,,,,Utah Lake,,,,,,,0.0,0.0,0,0.0,0.0,0.0,0.0,4.033,0.0,0.0,0.0,0.0,0.0,0.0,0.0,0.0,4.033,0.0,0.0,0.0
2028,city,Utah Lake,Utah Lake,,,,,,Utah Lake,,,,,,,0.0,0.0,0,0.0,0.0,0.0,0.0,4.029,0.0,0.0,0.0,0.0,0.0,0.0,0.0,0.0,4.029,0.0,0.0,0.0
2029,city,Utah Lake,Utah Lake,,,,,,Utah Lake,,,,,,,0.0,0.0,0,0.0,0.0,0.0,0.0,4.033,0.0,0.0,0.0,0.0,0.0,0.0,0.0,0.0,4.033,0.0,0.0,0.0
2030,city,Utah Lake,Utah Lake,,,,,,Utah Lake,,,,,,,0.0,0.0,0,0.0,0.0,0.0,0.0,4.043,0.0,0.0,0.0,0.0,0.0,0.0,0.0,0.0,4.043,0.0,0.0,0.0
2031,city,Utah Lake,Utah Lake,,,,,,Utah Lake,,,,,,,0.0,0.0,0,0.0,0.0,0.0,0.0,4.04,0.0,0.0,0.0,0.0,0.0,0.0,0.0,0.0,4.04,0.0,0.0,0.0
2032,city,Utah Lake,Utah Lake,,,,,,Utah Lake,,,,,,,0.0,0.0,0,0.0,0.0,0.0,0.0,4.041,0.0,0.0,0.0,0.0,0.0,0.0,0.0,0.0,4.041,0.0,0.0,0.0
2033,city,Utah Lake,Utah Lake,,,,,,Utah Lake,,,,,,,0.0,0.0,0,0.0,0.0,0.0,0.0,5.031,0.0,0.0,0.0,0.0,0.0,0.0,0.0,0.0,5.031,0.0,0.0,0.0
2034,city,Utah Lake,Utah Lake,,,,,,Utah Lake,,,,,,,0.0,0.0,0,0.0,0.0,0.0,0.0,5.054,0.0,0.0,0.0,0.0,0.0,0.0,0.0,0.0,5.054,0.0,0.0,0.0
2035,city,Utah Lake,Utah Lake,,,,,,Utah Lake,,,,,,,0.0,0.0,0,0.0,0.0,0.0,0.0,5.049,0.0,0.0,0.0,0.0,0.0,0.0,0.0,0.0,5.049,0.0,0.0,0.0
2036,city,Utah Lake,Utah Lake,,,,,,Utah Lake,,,,,,,0.0,0.0,0,0.0,0.0,0.0,0.0,5.043,0.0,0.0,0.0,0.0,0.0,0.0,0.0,0.0,5.043,0.0,0.0,0.0
2037,city,Utah Lake,Utah Lake,,,,,,Utah Lake,,,,,,,0.0,0.0,0,0.0,0.0,0.0,0.0,5.037,0.0,0.0,0.0,0.0,0.0,0.0,0.0,0.0,5.037,0.0,0.0,0.0
2038,city,Utah Lake,Utah Lake,,,,,,Utah Lake,,,,,,,0.0,0.0,0,0.0,0.0,0.0,0.0,5.054,0.0,0.0,0.0,0.0,0.0,0.0,0.0,0.0,5.054,0.0,0.0,0.0
2039,city,Utah Lake,Utah Lake,,,,,,Utah Lake,,,,,,,0.0,0.0,0,0.0,0.0,0.0,0.0,5.049,0.0,0.0,0.0,0.0,0.0,0.0,0.0,0.0,5.049,0.0,0.0,0.0
2040,city,Utah Lake,Utah Lake,,,,,,Utah Lake,,,,,,,0.0,0.0,0,0.0,0.0,0.0,0.0,5.043,0.0,0.0,0.0,0.0,0.0,0.0,0.0,0.0,5.043,0.0,0.0,0.0
2041,city,Utah Lake,Utah Lake,,,,,,Utah Lake,,,,,,,0.0,0.0,0,0.0,0.0,0.0,0.0,5.045,0.0,0.0,0.0,0.0,0.0,0.0,0.0,0.0,5.045,0.0,0.0,0.0
2042,city,Utah Lake,Utah Lake,,,,,,Utah Lake,,,,,,,0.0,0.0,0,0.0,0.0,0.0,0.0,5.048,0.0,0.0,0.0,0.0,0.0,0.0,0.0,0.0,5.048,0.0,0.0,0.0
2043,city,Utah Lake,Utah Lake,,,,,,Utah Lake,,,,,,,0.0,0.0,0,0.0,0.0,0.0,0.0,5.041,0.0,0.0,0.0,0.0,0.0,0.0,0.0,0.0,5.041,0.0,0.0,0.0
2044,city,Utah Lake,Utah Lake,,,,,,Utah Lake,,,,,,,0.0,0.0,0,0.0,0.0,0.0,0.0,5.039,0.0,0.0,0.0,0.0,0.0,0.0,0.0,0.0,5.039,0.0,0.0,0.0
2045,city,Utah Lake,Utah Lake,,,,,,Utah Lake,,,,,,,0.0,0.0,0,0.0,0.0,0.0,0.0,5.033,0.0,0.0,0.0,0.0,0.0,0.0,0.0,0.0,5.033,0.0,0.0,0.0
2046,city,Utah Lake,Utah Lake,,,,,,Utah Lake,,,,,,,0.0,0.0,0,0.0,0.0,0.0,0.0,5.038,0.0,0.0,0.0,0.0,0.0,0.0,0.0,0.0,5.038,0.0,0.0,0.0
2047,city,Utah Lake,Utah Lake,,,,,,Utah Lake,,,,,,,0.0,0.0,0,0.0,0.0,0.0,0.0,5.033,0.0,0.0,0.0,0.0,0.0,0.0,0.0,0.0,5.033,0.0,0.0,0.0
2048,city,Utah Lake,Utah Lake,,,,,,Utah Lake,,,,,,,0.0,0.0,0,0.0,0.0,0.0,0.0,5.025,0.0,0.0,0.0,0.0,0.0,0.0,0.0,0.0,5.025,0.0,0.0,0.0
2049,city,Utah Lake,Utah Lake,,,,,,Utah Lake,,,,,,,0.0,0.0,0,0.0,0.0,0.0,0.0,5.022,0.0,0.0,0.0,0.0,0.0,0.0,0.0,0.0,5.022,0.0,0.0,0.0
2050,city,Utah Lake,Utah Lake,,,,,,Utah Lake,,,,,,,0.0,0.0,0,0.0,0.0,0.0,0.0,6.051,0.0,0.0,0.0,0.0,0.0,0.0,0.0,0.0,6.051,0.0,0.0,0.0
2051,city,Utah Lake,Utah Lake,,,,,,Utah Lake,,,,,,,0.0,0.0,0,0.0,0.0,0.0,0.0,6.061,0.0,0.0,0.0,0.0,0.0,0.0,0.0,0.0,6.061,0.0,0.0,0.0
2052,city,Utah Lake,Utah Lake,,,,,,Utah Lake,,,,,,,0.0,0.0,0,0.0,0.0,0.0,0.0,6.08,0.0,0.0,0.0,0.0,0.0,0.0,0.0,0.0,6.08,0.0,0.0,0.0
2053,city,Utah Lake,Utah Lake,,,,,,Utah Lake,,,,,,,0.0,0.0,0,0.0,0.0,0.0,0.0,6.076,0.0,0.0,0.0,0.0,0.0,0.0,0.0,0.0,6.076,0.0,0.0,0.0
2054,city,Utah Lake,Utah Lake,,,,,,Utah Lake,,,,,,,0.0,0.0,0,0.0,0.0,0.0,0.0,6.072,0.0,0.0,0.0,0.0,0.0,0.0,0.0,0.0,6.072,0.0,0.0,0.0
2055,city,Utah Lake,Utah Lake,,,,,,Utah Lake,,,,,,,0.0,0.0,0,0.0,0.0,0.0,0.0,6.075,0.0,0.0,0.0,0.0,0.0,0.0,0.0,0.0,6.075,0.0,0.0,0.0
2056,city,Utah Lake,Utah Lake,,,,,,Utah Lake,,,,,,,0.0,0.0,0,0.0,0.0,0.0,0.0,6.075,0.0,0.0,0.0,0.0,0.0,0.0,0.0,0.0,6.075,0.0,0.0,0.0
2057,city,Utah Lake,Utah Lake,,,,,,Utah Lake,,,,,,,0.0,0.0,0,0.0,0.0,0.0,0.0,6.079,0.0,0.0,0.0,0.0,0.0,0.0,0.0,0.0,6.079,0.0,0.0,0.0
2058,city,Utah Lake,Utah Lake,,,,,,Utah Lake,,,,,,,0.0,0.0,0,0.0,0.0,0.0,0.0,6.081,0.0,0.0,0.0,0.0,0.0,0.0,0.0,0.0,6.081,0.0,0.0,0.0
2059,city,Utah Lake,Utah Lake,,,,,,Utah Lake,,,,,,,0.0,0.0,0,0.0,0.0,0.0,0.0,6.081,0.0,0.0,0.0,0.0,0.0,0.0,0.0,0.0,6.081,0.0,0.0,0.0
2060,city,Utah Lake,Utah Lake,,,,,,Utah Lake,,,,,,,0.0,0.0,0,0.0,0.0,0.0,0.0,6.083,0.0,0.0,0.0,0.0,0.0,0.0,0.0,0.0,6.083,0.0,0.0,0.0
2061,city,Utah Lake,Utah Lake,,,,,,Utah Lake,,,,,,,0.0,0.0,0,0.0,0.0,0.0,0.0,6.078,0.0,0.0,0.0,0.0,0.0,0.0,0.0,0.0,6.078,0.0,0.0,0.0
2062,city,Utah Lake,Utah Lake,,,,,,Utah Lake,,,,,,,0.0,0.0,0,0.0,0.0,0.0,0.0,6.073,0.0,0.0,0.0,0.0,0.0,0.0,0.0,0.0,6.073,0.0,0.0,0.0
2063,city,Utah Lake,Utah Lake,,,,,,Utah Lake,,,,,,,0.0,0.0,0,0.0,0.0,0.0,0.0,6.072,0.0,0.0,0.0,0.0,0.0,0.0,0.0,0.0,6.072,0.0,0.0,0.0
2064,city,Utah Lake,Utah Lake,,,,,,Utah Lake,,,,,,,0.0,0.0,0,0.0,0.0,0.0,0.0,6.075,0.0,0.0,0.0,0.0,0.0,0.0,0.0,0.0,6.075,0.0,0.0,0.0
2065,city,Utah Lake,Utah Lake,,,,,,Utah Lake,,,,,,,0.0,0.0,0,0.0,0.0,0.0,0.0,6.081,0.0,0.0,0.0,0.0,0.0,0.0,0.0,0.0,6.081,0.0,0.0,0.0
2023,city,Vineyard,Vineyard,,,,,,Vineyard,,,,,,,5760.0,17275.775,2.999,3937.0,811.0,825.0,2301.0,4785.855,484.0,327.0,436.0,389.0,252.0,410.0,199.0,1440.0,5.04,0.0,473.344,370.472
2024,city,Vineyard,Vineyard,,,,,,Vineyard,,,,,,,6440.0,19063.166,2.96,3975.0,815.0,834.0,2326.0,10003.663,483.0,332.0,444.0,390.0,248.0,414.0,220.0,1444.0,5.04,0.0,5625.806,397.818
2025,city,Vineyard,Vineyard,,,,,,Vineyard,,,,,,,7266.0,21388.992000000002,2.944,4099.0,834.0,849.0,2416.0,5571.249,497.0,337.0,459.0,390.0,255.0,434.0,237.0,1490.0,5.039,0.0,984.385,482.826
2026,city,Vineyard,Vineyard,,,,,,Vineyard,,,,,,,8183.0,24014.302,2.935,4229.0,861.0,858.0,2510.0,5811.826,510.0,351.0,467.0,391.0,255.0,447.0,271.0,1537.0,5.039,0.0,1038.557,539.23
2027,city,Vineyard,Vineyard,,,,,,Vineyard,,,,,,,9380.0,27399.27,2.921,4573.0,926.0,880.0,2767.0,9231.807,548.0,378.0,482.0,398.0,254.0,528.0,338.0,1647.0,5.04,0.0,4042.002,611.76
2028,city,Vineyard,Vineyard,,,,,,Vineyard,,,,,,,10658.0,30836.833,2.893,4886.0,976.0,897.0,3013.0,9493.641,576.0,400.0,499.0,398.0,254.0,587.0,389.0,1783.0,5.034999999999999,0.0,3913.614,688.993
2029,city,Vineyard,Vineyard,,,,,,Vineyard,,,,,,,11825.0,33944.501,2.871,5254.0,1024.0,917.0,3313.0,8146.414000000001,611.0,413.0,519.0,398.0,254.0,662.0,456.0,1941.0,5.041,0.0,2124.434,762.936
2030,city,Vineyard,Vineyard,,,,,,Vineyard,,,,,,,12788.0,36394.082,2.846,5688.0,1103.0,942.0,3643.0,8179.993,687.0,416.0,544.0,398.0,254.0,730.0,530.0,2129.0,5.055,0.0,1665.223,821.715
2031,city,Vineyard,Vineyard,,,,,,Vineyard,,,,,,,13442.0,37934.629,2.822,6116.0,1182.0,975.0,3959.0,8232.599,766.0,416.0,577.0,398.0,254.0,750.0,641.0,2314.0,5.05,0.0,1251.867,859.682
2032,city,Vineyard,Vineyard,,,,,,Vineyard,,,,,,,13879.0,38828.652,2.798,6562.0,1257.0,1013.0,4292.0,8538.913,839.0,418.0,616.0,397.0,254.0,758.0,732.0,2548.0,5.051,0.0,1085.0,886.862
2033,city,Vineyard,Vineyard,,,,,,Vineyard,,,,,,,14225.0,39478.245,2.775,7005.0,1329.0,1042.0,4634.0,9313.2,890.0,439.0,645.0,397.0,254.0,769.0,848.0,2763.0,5.03,0.0,1393.483,909.684
2034,city,Vineyard,Vineyard,,,,,,Vineyard,,,,,,,14682.0,40498.156,2.758,7838.0,1521.0,1078.0,5239.0,10116.047999999999,958.0,563.0,681.0,397.0,254.0,806.0,1003.0,3176.0,5.055,0.0,1326.26,946.734
2035,city,Vineyard,Vineyard,,,,,,Vineyard,,,,,,,14969.0,41061.347,2.743,7930.0,1525.0,1100.0,5305.0,10053.67,975.0,550.0,705.0,395.0,254.0,813.0,1068.0,3170.0,5.05,0.0,1163.751,954.868
2036,city,Vineyard,Vineyard,,,,,,Vineyard,,,,,,,15544.0,42592.183999999994,2.74,8410.0,1631.0,1142.0,5637.0,10705.318,1040.0,591.0,747.0,395.0,254.0,835.0,1172.0,3376.0,5.044,0.0,1298.393,991.884
2037,city,Vineyard,Vineyard,,,,,,Vineyard,,,,,,,15866.0,43084.184,2.716,9830.0,1812.0,1194.0,6824.0,12668.781,1146.0,666.0,805.0,389.0,247.0,915.0,1802.0,3860.0,5.036,0.0,1819.1419999999998,1014.607
2038,city,Vineyard,Vineyard,,,,,,Vineyard,,,,,,,16165.0,43672.668000000005,2.702,10887.0,1969.0,1220.0,7698.0,13172.382,1249.0,720.0,831.0,389.0,247.0,1003.0,2109.0,4339.0,5.055,0.0,1241.864,1038.463
2039,city,Vineyard,Vineyard,,,,,,Vineyard,,,,,,,16390.0,44111.864,2.691,11793.0,2126.0,1247.0,8420.0,13919.425,1341.0,785.0,858.0,389.0,247.0,1105.0,2375.0,4693.0,5.05,0.0,1068.1,1053.274
2040,city,Vineyard,Vineyard,,,,,,Vineyard,,,,,,,16865.0,45215.888,2.681,12600.0,2235.0,1272.0,9093.0,14918.08,1426.0,809.0,883.0,389.0,247.0,1207.0,2613.0,5026.0,5.044,0.0,1229.222,1083.816
2041,city,Vineyard,Vineyard,,,,,,Vineyard,,,,,,,17132.0,45759.93,2.671,13589.0,2381.0,1305.0,9903.0,16325.635,1522.0,859.0,916.0,389.0,247.0,1322.0,2908.0,5426.0,5.045,0.0,1629.901,1101.688
2042,city,Vineyard,Vineyard,,,,,,Vineyard,,,,,,,16720.0,44625.492,2.669,14283.0,2476.0,1318.0,10489.0,17015.681,1602.0,874.0,929.0,389.0,247.0,1440.0,3115.0,5687.0,5.049,0.0,1651.578,1076.051
2043,city,Vineyard,Vineyard,,,,,,Vineyard,,,,,,,16798.0,44653.244,2.658,15211.0,2629.0,1335.0,11247.0,17567.689,1689.0,940.0,946.0,389.0,247.0,1594.0,3354.0,6052.0,5.04,0.0,1269.131,1082.517
2044,city,Vineyard,Vineyard,,,,,,Vineyard,,,,,,,16867.0,44670.423,2.648,16033.0,2739.0,1348.0,11946.0,18463.53,1765.0,974.0,959.0,389.0,247.0,1749.0,3554.0,6396.0,5.04,0.0,1338.218,1087.27
2045,city,Vineyard,Vineyard,,,,,,Vineyard,,,,,,,16931.0,44706.742,2.641,16883.0,2862.0,1365.0,12656.0,19230.368,1841.0,1021.0,976.0,389.0,247.0,1916.0,3827.0,6666.0,5.034,0.0,1247.919,1094.418
2046,city,Vineyard,Vineyard,,,,,,Vineyard,,,,,,,16994.0,44720.095,2.632,17552.0,2952.0,1381.0,13219.0,19911.436,1904.0,1048.0,992.0,389.0,247.0,2065.0,4010.0,6897.0,5.039,0.0,1257.439,1096.9589999999998
2047,city,Vineyard,Vineyard,,,,,,Vineyard,,,,,,,17032.0,44665.635,2.622,18263.0,3049.0,1414.0,13800.0,20696.398,1982.0,1067.0,1025.0,389.0,247.0,2248.0,4166.0,7139.0,5.034,0.0,1326.729,1101.638
2048,city,Vineyard,Vineyard,,,,,,Vineyard,,,,,,,17059.0,44583.849,2.614,18924.0,3146.0,1438.0,14340.0,21301.14,2060.0,1086.0,1049.0,389.0,247.0,2408.0,4340.0,7345.0,5.0249999999999995,0.0,1266.154,1105.961
2049,city,Vineyard,Vineyard,,,,,,Vineyard,,,,,,,17091.0,44516.314,2.605,19633.0,3280.0,1468.0,14885.0,22147.729,2158.0,1122.0,1079.0,389.0,247.0,2581.0,4484.0,7573.0,5.021,0.0,1400.904,1108.806
2050,city,Vineyard,Vineyard,,,,,,Vineyard,,,,,,,17129.0,44441.26,2.595,20197.0,3392.0,1499.0,15306.0,22458.334,2243.0,1149.0,1110.0,389.0,247.0,2703.0,4602.0,7754.0,5.041,0.0,1143.367,1112.9260000000002
2051,city,Vineyard,Vineyard,,,,,,Vineyard,,,,,,,17153.0,44336.35,2.585,20697.0,3489.0,1521.0,15687.0,23139.794,2325.0,1164.0,1132.0,389.0,247.0,2832.0,4699.0,7909.0,4.04,0.0,1325.716,1113.038
2052,city,Vineyard,Vineyard,,,,,,Vineyard,,,,,,,17177.0,44227.32,2.575,21239.0,3606.0,1555.0,16078.0,24012.863,2417.0,1189.0,1166.0,389.0,247.0,2957.0,4807.0,8067.0,3.0389999999999997,0.0,1654.679,1116.146
2053,city,Vineyard,Vineyard,,,,,,Vineyard,,,,,,,17202.0,44114.012,2.564,21770.0,3711.0,1579.0,16480.0,24838.888000000003,2499.0,1212.0,1190.0,389.0,247.0,3107.0,4908.0,8218.0,3.0389999999999997,0.0,1946.171,1119.68
2054,city,Vineyard,Vineyard,,,,,,Vineyard,,,,,,,17249.0,44066.916,2.555,22233.0,3802.0,1594.0,16837.0,25323.625,2577.0,1225.0,1205.0,389.0,247.0,3228.0,5009.0,8353.0,3.036,0.0,1962.202,1125.387
2055,city,Vineyard,Vineyard,,,,,,Vineyard,,,,,,,17451.0,44487.45,2.549,22723.0,3899.0,1615.0,17209.0,25943.454,2656.0,1243.0,1226.0,389.0,247.0,3361.0,5113.0,8488.0,3.0389999999999997,0.0,2074.205,1143.212
2056,city,Vineyard,Vineyard,,,,,,Vineyard,,,,,,,17770.0,45142.368,2.54,23165.0,3967.0,1631.0,17567.0,26395.719,2713.0,1254.0,1242.0,389.0,247.0,3454.0,5207.0,8659.0,3.0389999999999997,0.0,2062.749,1164.93
2057,city,Vineyard,Vineyard,,,,,,Vineyard,,,,,,,17861.0,45502.1,2.548,23632.0,4051.0,1654.0,17927.0,27110.59,2782.0,1269.0,1265.0,389.0,247.0,3555.0,5309.0,8816.0,3.0389999999999997,0.0,2294.862,1180.688
2058,city,Vineyard,Vineyard,,,,,,Vineyard,,,,,,,17861.0,46050.143000000004,2.578,24107.0,4121.0,1677.0,18309.0,27595.3,2839.0,1282.0,1288.0,389.0,247.0,3661.0,5396.0,9005.0,3.0389999999999997,0.0,2284.54,1200.723
2059,city,Vineyard,Vineyard,,,,,,Vineyard,,,,,,,17861.0,46521.667,2.605,24531.0,4198.0,1696.0,18637.0,27912.949,2899.0,1299.0,1307.0,389.0,247.0,3751.0,5492.0,9147.0,3.042,0.0,2160.668,1218.243
2060,city,Vineyard,Vineyard,,,,,,Vineyard,,,,,,,17861.0,47054.304000000004,2.634,24954.0,4299.0,1717.0,18938.0,28446.377,2983.0,1316.0,1328.0,389.0,247.0,3829.0,5569.0,9293.0,3.042,0.0,2252.6459999999997,1236.688
2061,city,Vineyard,Vineyard,,,,,,Vineyard,,,,,,,17861.0,47659.238,2.668,25390.0,4397.0,1742.0,19251.0,29094.283,3059.0,1338.0,1353.0,389.0,247.0,3902.0,5641.0,9461.0,3.0389999999999997,0.0,2439.314,1261.93
2062,city,Vineyard,Vineyard,,,,,,Vineyard,,,,,,,17861.0,48190.63,2.698,25801.0,4497.0,1762.0,19542.0,29422.344999999998,3137.0,1360.0,1373.0,389.0,247.0,3971.0,5715.0,9609.0,3.036,0.0,2336.895,1281.414
2063,city,Vineyard,Vineyard,,,,,,Vineyard,,,,,,,17861.0,48728.883,2.728,26178.0,4569.0,1786.0,19823.0,29776.162,3194.0,1375.0,1397.0,389.0,247.0,4032.0,5790.0,9754.0,3.036,0.0,2294.956,1300.171
2064,city,Vineyard,Vineyard,,,,,,Vineyard,,,,,,,17861.0,49299.504,2.76,26518.0,4632.0,1800.0,20086.0,30289.36,3244.0,1388.0,1411.0,389.0,247.0,4100.0,5862.0,9877.0,3.0389999999999997,0.0,2445.98,1322.3419999999999
2065,city,Vineyard,Vineyard,,,,,,Vineyard,,,,,,,17861.0,49820.969,2.789,26871.0,4691.0,1813.0,20367.0,30582.359,3290.0,1401.0,1424.0,389.0,247.0,4166.0,5946.0,10008.0,3.0389999999999997,0.0,2369.659,1338.66
2023,city,Washington Terrace,Washington Terrace,,,,,,Washington Terrace,,,,,,,3772.0,10253.969000000001,2.718,4226.0,100.0,120.0,4006.0,4737.1990000000005,66.0,34.0,45.0,75.0,148.0,747.0,2305.0,806.0,10.032,0.0,352.765,148.402
2024,city,Washington Terrace,Washington Terrace,,,,,,Washington Terrace,,,,,,,3772.0,10184.423,2.7,4268.0,115.0,127.0,4026.0,4641.956,65.0,50.0,52.0,75.0,137.0,764.0,2307.0,818.0,10.012,0.0,216.943,147.0
2025,city,Washington Terrace,Washington Terrace,,,,,,Washington Terrace,,,,,,,3793.0,10154.19,2.677,4284.0,120.0,128.0,4036.0,4757.377,65.0,55.0,53.0,75.0,137.0,770.0,2309.0,820.0,9.018,0.0,304.241,160.118
2026,city,Washington Terrace,Washington Terrace,,,,,,Washington Terrace,,,,,,,3855.0,10232.222,2.654,4300.0,123.0,128.0,4049.0,4834.8330000000005,65.0,58.0,53.0,75.0,134.0,774.0,2316.0,825.0,9.023,0.0,361.692,164.119
2027,city,Washington Terrace,Washington Terrace,,,,,,Washington Terrace,,,,,,,3889.0,10218.873,2.628,4315.0,125.0,128.0,4062.0,4823.1359999999995,67.0,58.0,53.0,75.0,132.0,782.0,2317.0,831.0,9.047,0.0,333.89300000000003,165.196
2028,city,Washington Terrace,Washington Terrace,,,,,,Washington Terrace,,,,,,,3907.0,10171.662,2.603,4326.0,125.0,129.0,4072.0,4829.014,67.0,58.0,54.0,75.0,131.0,783.0,2321.0,837.0,9.029,0.0,326.713,167.273
2029,city,Washington Terrace,Washington Terrace,,,,,,Washington Terrace,,,,,,,3989.0,10266.142,2.574,4336.0,124.0,132.0,4080.0,4993.235,67.0,57.0,57.0,75.0,132.0,784.0,2323.0,841.0,9.025,0.0,476.131,172.078
2030,city,Washington Terrace,Washington Terrace,,,,,,Washington Terrace,,,,,,,4008.0,10244.276,2.556,4344.0,126.0,133.0,4085.0,4852.666,69.0,57.0,58.0,75.0,132.0,786.0,2324.0,843.0,9.011,0.0,325.306,174.34799999999998
2031,city,Washington Terrace,Washington Terrace,,,,,,Washington Terrace,,,,,,,4012.0,10174.179,2.536,4345.0,126.0,134.0,4085.0,4843.5419999999995,69.0,57.0,59.0,75.0,133.0,782.0,2326.0,844.0,9.011,0.0,314.377,175.153
2032,city,Washington Terrace,Washington Terrace,,,,,,Washington Terrace,,,,,,,4020.0,10124.76,2.519,4349.0,125.0,134.0,4090.0,4881.303,69.0,56.0,59.0,75.0,133.0,782.0,2327.0,848.0,9.0,0.0,347.116,176.188
2033,city,Washington Terrace,Washington Terrace,,,,,,Washington Terrace,,,,,,,4022.0,10062.592,2.502,4358.0,126.0,135.0,4097.0,4827.721,70.0,56.0,60.0,75.0,133.0,782.0,2327.0,855.0,9.018,0.0,283.557,177.148
2034,city,Washington Terrace,Washington Terrace,,,,,,Washington Terrace,,,,,,,4031.0,10019.322,2.486,4368.0,126.0,137.0,4105.0,4876.38,70.0,56.0,62.0,75.0,133.0,782.0,2330.0,860.0,9.031,0.0,317.979,181.371
2035,city,Washington Terrace,Washington Terrace,,,,,,Washington Terrace,,,,,,,4035.0,9970.524,2.471,4360.0,126.0,137.0,4097.0,4832.785,70.0,56.0,63.0,74.0,134.0,779.0,2330.0,854.0,9.018,0.0,284.659,179.109
2036,city,Washington Terrace,Washington Terrace,,,,,,Washington Terrace,,,,,,,4056.0,9975.051,2.459,4367.0,128.0,137.0,4102.0,4941.732,70.0,58.0,64.0,73.0,137.0,779.0,2330.0,856.0,9.031,0.0,386.593,179.107
2037,city,Washington Terrace,Washington Terrace,,,,,,Washington Terrace,,,,,,,4268.0,10366.371,2.429,4243.0,101.0,137.0,4005.0,4729.607,67.0,34.0,67.0,70.0,130.0,776.0,2340.0,759.0,8.045,0.0,286.45,192.113
2038,city,Washington Terrace,Washington Terrace,,,,,,Washington Terrace,,,,,,,4289.0,10352.485,2.414,4251.0,103.0,138.0,4010.0,4818.289,67.0,36.0,68.0,70.0,130.0,776.0,2344.0,760.0,8.05,0.0,365.129,194.111
2039,city,Washington Terrace,Washington Terrace,,,,,,Washington Terrace,,,,,,,4301.0,10334.555,2.403,4255.0,103.0,138.0,4014.0,4768.590999999999,67.0,36.0,68.0,70.0,130.0,778.0,2344.0,762.0,8.04,0.0,311.553,194.0
2040,city,Washington Terrace,Washington Terrace,,,,,,Washington Terrace,,,,,,,4305.0,10299.045,2.392,4260.0,104.0,139.0,4017.0,4797.068,67.0,37.0,69.0,70.0,130.0,778.0,2345.0,764.0,8.029,0.0,332.824,196.21699999999998
2041,city,Washington Terrace,Washington Terrace,,,,,,Washington Terrace,,,,,,,4307.0,10261.647,2.383,4266.0,104.0,139.0,4023.0,4731.752,67.0,37.0,69.0,70.0,131.0,778.0,2347.0,767.0,8.056,0.0,260.905,196.79000000000002
2042,city,Washington Terrace,Washington Terrace,,,,,,Washington Terrace,,,,,,,4312.0,10233.776,2.373,4266.0,104.0,139.0,4023.0,4844.855,67.0,37.0,69.0,70.0,131.0,778.0,2347.0,767.0,8.05,0.0,372.594,198.208
2043,city,Washington Terrace,Washington Terrace,,,,,,Washington Terrace,,,,,,,4319.0,10211.572,2.364,4270.0,104.0,139.0,4027.0,4793.7699999999995,67.0,37.0,69.0,70.0,131.0,778.0,2347.0,771.0,8.051,0.0,316.375,199.346
2044,city,Washington Terrace,Washington Terrace,,,,,,Washington Terrace,,,,,,,4321.0,10177.166,2.355,4276.0,104.0,139.0,4033.0,4796.296,67.0,37.0,69.0,70.0,131.0,780.0,2348.0,774.0,8.04,0.0,311.949,200.309
2045,city,Washington Terrace,Washington Terrace,,,,,,Washington Terrace,,,,,,,4322.0,10146.516,2.348,4284.0,104.0,139.0,4041.0,4763.2339999999995,67.0,37.0,69.0,70.0,131.0,781.0,2351.0,778.0,8.029,0.0,269.004,202.202
2046,city,Washington Terrace,Washington Terrace,,,,,,Washington Terrace,,,,,,,4325.0,10133.075,2.343,4298.0,104.0,139.0,4055.0,4844.549,67.0,37.0,69.0,70.0,136.0,785.0,2356.0,778.0,8.051,0.0,336.334,202.166
2047,city,Washington Terrace,Washington Terrace,,,,,,Washington Terrace,,,,,,,4325.0,10090.01,2.333,4310.0,104.0,141.0,4065.0,4863.546,67.0,37.0,71.0,70.0,140.0,786.0,2358.0,781.0,9.019,0.0,341.236,203.292
2048,city,Washington Terrace,Washington Terrace,,,,,,Washington Terrace,,,,,,,4326.0,10059.045,2.325,4320.0,104.0,143.0,4073.0,4840.345,67.0,37.0,73.0,70.0,142.0,789.0,2358.0,784.0,9.052,0.0,305.163,206.12900000000002
2049,city,Washington Terrace,Washington Terrace,,,,,,Washington Terrace,,,,,,,4327.0,10029.109,2.318,4333.0,104.0,145.0,4084.0,4855.356,67.0,37.0,75.0,70.0,143.0,795.0,2360.0,786.0,9.02,0.0,306.304,207.031
2050,city,Washington Terrace,Washington Terrace,,,,,,Washington Terrace,,,,,,,4329.0,10005.888,2.311,4353.0,104.0,147.0,4102.0,4901.799,67.0,37.0,77.0,70.0,146.0,801.0,2368.0,787.0,9.027,0.0,329.772,210.0
2051,city,Washington Terrace,Washington Terrace,,,,,,Washington Terrace,,,,,,,4329.0,9972.6,2.304,4357.0,104.0,147.0,4106.0,4830.9039999999995,67.0,37.0,77.0,70.0,147.0,801.0,2370.0,788.0,10.044,0.0,253.609,210.25099999999998
2052,city,Washington Terrace,Washington Terrace,,,,,,Washington Terrace,,,,,,,4343.0,9973.138,2.296,4364.0,104.0,148.0,4112.0,4946.732,67.0,37.0,78.0,70.0,148.0,803.0,2371.0,790.0,9.046,0.0,363.258,210.43
2053,city,Washington Terrace,Washington Terrace,,,,,,Washington Terrace,,,,,,,4346.0,9945.819,2.288,4373.0,104.0,149.0,4120.0,4924.017,67.0,37.0,79.0,70.0,149.0,807.0,2371.0,793.0,9.039,0.0,328.857,213.123
2054,city,Washington Terrace,Washington Terrace,,,,,,Washington Terrace,,,,,,,4346.0,9908.118,2.28,4378.0,104.0,149.0,4125.0,4953.082,67.0,37.0,79.0,70.0,149.0,811.0,2371.0,794.0,9.027,0.0,352.69599999999997,213.35999999999999
2055,city,Washington Terrace,Washington Terrace,,,,,,Washington Terrace,,,,,,,4348.0,9874.166,2.271,4385.0,104.0,150.0,4131.0,4951.795,67.0,37.0,80.0,70.0,149.0,814.0,2371.0,797.0,9.02,0.0,342.656,215.12
2056,city,Washington Terrace,Washington Terrace,,,,,,Washington Terrace,,,,,,,4368.0,9903.519,2.267,4390.0,104.0,150.0,4136.0,4978.745,67.0,37.0,80.0,70.0,149.0,815.0,2372.0,800.0,9.006999999999998,0.0,363.827,215.911
2057,city,Washington Terrace,Washington Terrace,,,,,,Washington Terrace,,,,,,,4368.0,9989.206,2.287,4392.0,104.0,151.0,4137.0,4969.785,67.0,37.0,81.0,70.0,150.0,815.0,2372.0,800.0,9.054,0.0,349.84900000000005,218.883
2058,city,Washington Terrace,Washington Terrace,,,,,,Washington Terrace,,,,,,,4368.0,10072.224,2.306,4394.0,104.0,151.0,4139.0,4984.718,67.0,37.0,81.0,70.0,151.0,815.0,2372.0,801.0,9.062,0.0,356.748,224.911
2059,city,Washington Terrace,Washington Terrace,,,,,,Washington Terrace,,,,,,,4368.0,10155.188,2.325,4398.0,104.0,151.0,4143.0,4988.117,67.0,37.0,81.0,70.0,151.0,816.0,2373.0,803.0,9.062,0.0,353.789,227.267
2060,city,Washington Terrace,Washington Terrace,,,,,,Washington Terrace,,,,,,,4368.0,10237.499,2.344,4401.0,104.0,151.0,4146.0,5014.532,67.0,37.0,81.0,70.0,151.0,818.0,2373.0,804.0,9.07,0.0,374.61,229.852
2061,city,Washington Terrace,Washington Terrace,,,,,,Washington Terrace,,,,,,,4368.0,10323.637999999999,2.363,4404.0,104.0,151.0,4149.0,4990.397,67.0,37.0,81.0,70.0,151.0,818.0,2376.0,804.0,9.042,0.0,344.383,232.969
2062,city,Washington Terrace,Washington Terrace,,,,,,Washington Terrace,,,,,,,4368.0,10407.609,2.383,4407.0,104.0,151.0,4152.0,5033.192,67.0,37.0,81.0,70.0,151.0,819.0,2377.0,805.0,9.93,0.0,379.171,237.089
2063,city,Washington Terrace,Washington Terrace,,,,,,Washington Terrace,,,,,,,4368.0,10491.917,2.402,4409.0,104.0,151.0,4154.0,5023.125,67.0,37.0,81.0,70.0,151.0,819.0,2379.0,805.0,9.0,0.0,365.036,240.088
2064,city,Washington Terrace,Washington Terrace,,,,,,Washington Terrace,,,,,,,4368.0,10575.581,2.421,4412.0,104.0,151.0,4157.0,5048.669000000001,67.0,37.0,81.0,70.0,151.0,821.0,2379.0,806.0,9.028,0.0,384.494,243.148
2065,city,Washington Terrace,Washington Terrace,,,,,,Washington Terrace,,,,,,,4368.0,10660.129,2.441,4415.0,104.0,152.0,4159.0,5022.202,67.0,37.0,82.0,70.0,152.0,821.0,2379.0,807.0,9.057,0.0,353.233,244.911
2023,city,Weber County,Weber County,,,,,,Weber County,,,,,,,1822.0,5253.858,2.884,886.0,27.0,728.0,131.0,1912.689,9.0,18.0,724.0,4.0,7.0,83.0,2.0,39.0,703.256,84.0,166.236,73.2
2024,city,Weber County,Weber County,,,,,,Weber County,,,,,,,1916.0,5492.589,2.867,881.0,27.0,729.0,125.0,3976.9719999999998,9.0,18.0,724.0,5.0,6.0,81.0,1.0,37.0,704.908,62.0,2256.0640000000003,73.0
2025,city,Weber County,Weber County,,,,,,Weber County,,,,,,,2019.0,5766.564,2.856,882.0,27.0,730.0,125.0,2113.2980000000002,9.0,18.0,724.0,6.0,6.0,81.0,1.0,37.0,700.366,61.6,384.272,85.062
2026,city,Weber County,Weber County,,,,,,Weber County,,,,,,,2168.0,6205.706,2.862,882.0,27.0,730.0,125.0,2492.191,9.0,18.0,724.0,6.0,6.0,81.0,1.0,37.0,699.816,63.6,755.704,91.067
2027,city,Weber County,Weber County,,,,,,Weber County,,,,,,,2331.0,6621.684,2.841,883.0,27.0,731.0,125.0,2548.957,9.0,18.0,724.0,7.0,6.0,81.0,1.0,37.0,692.63,64.8,809.41,99.113
2028,city,Weber County,Weber County,,,,,,Weber County,,,,,,,2539.0,7203.059,2.837,948.0,27.0,741.0,180.0,2565.826,9.0,18.0,734.0,7.0,5.0,81.0,4.0,90.0,686.27,62.0,759.377,110.184
2029,city,Weber County,Weber County,,,,,,Weber County,,,,,,,2774.0,7822.3369999999995,2.82,1139.0,27.0,789.0,323.0,3363.859,9.0,18.0,767.0,22.0,8.0,81.0,14.0,220.0,680.8149999999999,58.4,1366.595,119.05199999999999
2030,city,Weber County,Weber County,,,,,,Weber County,,,,,,,2905.0,8148.775,2.805,1366.0,27.0,864.0,475.0,3235.109,9.0,18.0,842.0,22.0,14.0,81.0,31.0,349.0,674.9060000000001,57.6,1011.355,125.25
2031,city,Weber County,Weber County,,,,,,Weber County,,,,,,,3143.0,8789.599,2.797,1597.0,27.0,958.0,612.0,3716.938,9.0,18.0,926.0,32.0,16.0,81.0,48.0,467.0,668.903,57.6,1254.3129999999999,139.12199999999999
2032,city,Weber County,Weber County,,,,,,Weber County,,,,,,,3558.0,9957.375,2.799,1853.0,27.0,1043.0,783.0,3816.0,9.0,18.0,1011.0,32.0,21.0,81.0,71.0,610.0,665.0,60.4,1079.4279999999999,158.165
2033,city,Weber County,Weber County,,,,,,Weber County,,,,,,,4002.0,11008.428,2.751,2131.0,27.0,1102.0,1002.0,5306.628,9.0,18.0,1070.0,32.0,32.0,81.0,102.0,787.0,662.3530000000001,63.6,2276.525,173.15
2034,city,Weber County,Weber County,,,,,,Weber County,,,,,,,4431.0,12084.791,2.727,2722.0,27.0,1168.0,1527.0,5499.867,9.0,18.0,1136.0,32.0,55.0,84.0,149.0,1239.0,660.259,66.4,1854.809,196.395
2035,city,Weber County,Weber County,,,,,,Weber County,,,,,,,4959.0,13476.588,2.718,2784.0,27.0,1227.0,1530.0,6787.241,9.0,18.0,1196.0,31.0,69.0,84.0,159.0,1218.0,656.352,67.2,3060.553,219.13299999999998
2036,city,Weber County,Weber County,,,,,,Weber County,,,,,,,5532.0,14901.869,2.694,3088.0,27.0,1353.0,1708.0,5946.521,9.0,18.0,1322.0,31.0,94.0,86.0,177.0,1351.0,651.245,66.8,1896.3229999999999,244.144
2037,city,Weber County,Weber County,,,,,,Weber County,,,,,,,6402.0,17041.693,2.662,3532.0,27.0,1465.0,2040.0,7478.543,9.0,18.0,1434.0,31.0,101.0,93.0,178.0,1668.0,655.63,66.4,2937.345,287.17
2038,city,Weber County,Weber County,,,,,,Weber County,,,,,,,7084.0,18695.228,2.639,4049.0,27.0,1587.0,2435.0,7026.993,9.0,18.0,1549.0,38.0,124.0,95.0,205.0,2011.0,653.078,66.4,1937.329,321.186
2039,city,Weber County,Weber County,,,,,,Weber County,,,,,,,7589.0,19892.765,2.621,4545.0,27.0,1718.0,2800.0,7061.1359999999995,9.0,18.0,1666.0,52.0,142.0,100.0,226.0,2332.0,646.146,66.4,1459.585,344.0
2040,city,Weber County,Weber County,,,,,,Weber County,,,,,,,8057.0,21000.457,2.606,4984.0,27.0,1830.0,3127.0,7468.814,9.0,18.0,1766.0,64.0,163.0,110.0,257.0,2597.0,644.258,66.4,1405.7549999999999,368.406
2041,city,Weber County,Weber County,,,,,,Weber County,,,,,,,8448.0,21911.135,2.594,5372.0,27.0,1912.0,3433.0,9200.511,9.0,18.0,1840.0,72.0,180.0,110.0,286.0,2857.0,646.531,66.8,2731.594,383.587
2042,city,Weber County,Weber County,,,,,,Weber County,,,,,,,8920.0,23066.685999999998,2.586,5869.0,27.0,2031.0,3811.0,8056.482,9.0,18.0,1925.0,106.0,206.0,118.0,333.0,3154.0,643.069,67.6,1065.373,411.435
2043,city,Weber County,Weber County,,,,,,Weber County,,,,,,,9436.0,24361.405,2.582,6267.0,27.0,2124.0,4116.0,9237.233,9.0,18.0,1988.0,136.0,226.0,128.0,363.0,3399.0,638.056,68.4,1828.027,435.751
2044,city,Weber County,Weber County,,,,,,Weber County,,,,,,,9936.0,25644.265,2.581,6626.0,27.0,2214.0,4385.0,8943.225,9.0,18.0,2046.0,168.0,239.0,137.0,392.0,3617.0,636.16,68.4,1151.965,460.70799999999997
2045,city,Weber County,Weber County,,,,,,Weber County,,,,,,,10453.0,26816.746,2.565,6973.0,27.0,2311.0,4635.0,10078.411,9.0,18.0,2114.0,197.0,260.0,143.0,413.0,3819.0,633.25,68.0,1914.674,489.489
2046,city,Weber County,Weber County,,,,,,Weber County,,,,,,,11042.0,28240.428,2.558,7375.0,27.0,2416.0,4932.0,10064.798,9.0,18.0,2187.0,229.0,290.0,155.0,461.0,4026.0,627.03,68.0,1477.337,517.422
2047,city,Weber County,Weber County,,,,,,Weber County,,,,,,,11681.0,29728.56,2.545,7784.0,27.0,2523.0,5234.0,11173.273,9.0,18.0,2267.0,256.0,341.0,167.0,527.0,4199.0,625.344,68.4,2144.739,550.792
2048,city,Weber County,Weber County,,,,,,Weber County,,,,,,,12408.0,31414.189,2.532,8113.0,27.0,2603.0,5483.0,11172.444,9.0,18.0,2320.0,283.0,381.0,179.0,574.0,4349.0,622.576,69.2,1778.296,589.37
2049,city,Weber County,Weber County,,,,,,Weber County,,,,,,,13027.0,32846.239,2.521,8428.0,27.0,2701.0,5700.0,11770.401,9.0,18.0,2398.0,303.0,421.0,184.0,613.0,4482.0,617.34,70.4,2030.5639999999999,624.096
2050,city,Weber County,Weber County,,,,,,Weber County,,,,,,,13873.0,34898.994,2.516,8760.0,27.0,2791.0,5942.0,12135.65,9.0,18.0,2465.0,326.0,460.0,192.0,661.0,4629.0,611.778,71.2,2020.676,672.0
2051,city,Weber County,Weber County,,,,,,Weber County,,,,,,,14743.0,37048.038,2.513,8937.0,27.0,2870.0,6040.0,12936.095,9.0,18.0,2521.0,349.0,474.0,193.0,680.0,4693.0,605.654,71.2,2606.393,715.85
2052,city,Weber County,Weber County,,,,,,Weber County,,,,,,,15541.0,39006.468,2.51,9112.0,27.0,2923.0,6162.0,12557.033,9.0,18.0,2558.0,365.0,485.0,205.0,704.0,4768.0,601.083,72.0,2015.404,756.542
2053,city,Weber County,Weber County,,,,,,Weber County,,,,,,,16318.0,40776.881,2.499,9309.0,27.0,2981.0,6301.0,13341.535,9.0,18.0,2595.0,386.0,495.0,220.0,719.0,4867.0,596.638,72.8,2567.64,795.4580000000001
2054,city,Weber County,Weber County,,,,,,Weber County,,,,,,,17421.0,43361.371,2.489,9495.0,27.0,3021.0,6447.0,13593.966,9.0,18.0,2619.0,402.0,501.0,236.0,749.0,4961.0,591.757,73.6,2575.166,858.451
2055,city,Weber County,Weber County,,,,,,Weber County,,,,,,,18309.0,45412.223,2.48,9678.0,27.0,3070.0,6581.0,14088.707,9.0,18.0,2644.0,426.0,505.0,254.0,776.0,5046.0,583.301,73.6,2851.302,902.499
2056,city,Weber County,Weber County,,,,,,Weber County,,,,,,,19235.0,47634.618,2.476,9877.0,27.0,3126.0,6724.0,13971.571,9.0,18.0,2668.0,458.0,510.0,267.0,812.0,5135.0,581.429,72.8,2484.726,955.614
2057,city,Weber County,Weber County,,,,,,Weber County,,,,,,,19223.0,48042.744,2.499,10040.0,27.0,3169.0,6844.0,14513.899,9.0,18.0,2689.0,480.0,514.0,281.0,841.0,5208.0,578.478,71.6,2856.3379999999997,967.481
2058,city,Weber County,Weber County,,,,,,Weber County,,,,,,,19213.0,48441.638,2.521,10206.0,27.0,3213.0,6966.0,14356.855,9.0,18.0,2713.0,500.0,526.0,294.0,865.0,5281.0,573.9,70.4,2524.94,981.611
2059,city,Weber County,Weber County,,,,,,Weber County,,,,,,,19201.0,48840.078,2.544,10372.0,27.0,3256.0,7089.0,15176.038,9.0,18.0,2737.0,519.0,531.0,308.0,890.0,5360.0,565.874,69.2,3170.793,998.168
2060,city,Weber County,Weber County,,,,,,Weber County,,,,,,,19198.0,49256.284,2.566,10527.0,23.0,3292.0,7212.0,14241.314,9.0,14.0,2758.0,534.0,538.0,326.0,920.0,5428.0,564.318,68.8,2066.847,1014.35
2061,city,Weber County,Weber County,,,,,,Weber County,,,,,,,19186.0,49669.529,2.589,10644.0,23.0,3333.0,7288.0,15343.952,9.0,14.0,2779.0,554.0,541.0,327.0,946.0,5474.0,557.576,68.4,3048.11,1025.871
2062,city,Weber County,Weber County,,,,,,Weber County,,,,,,,19178.0,50082.459,2.611,10783.0,23.0,3371.0,7389.0,15081.685,9.0,14.0,2799.0,572.0,546.0,335.0,968.0,5540.0,536.262,68.4,2657.628,1036.384
2063,city,Weber County,Weber County,,,,,,Weber County,,,,,,,19169.0,50484.461,2.634,10929.0,23.0,3413.0,7493.0,15260.303,9.0,14.0,2822.0,591.0,552.0,343.0,1001.0,5597.0,532.0,68.0,2676.912,1054.387
2064,city,Weber County,Weber County,,,,,,Weber County,,,,,,,19158.0,50883.885,2.656,11087.0,22.0,3451.0,7614.0,15391.677,9.0,13.0,2841.0,610.0,557.0,358.0,1026.0,5673.0,528.6560000000001,68.0,2639.373,1068.645
2065,city,Weber County,Weber County,,,,,,Weber County,,,,,,,19151.0,51297.246,2.679,11215.0,22.0,3496.0,7697.0,15548.763,9.0,13.0,2862.0,634.0,563.0,367.0,1042.0,5725.0,524.3,67.6,2656.252,1085.607
2023,city,Weber County East Mountains,Weber County East Mountains,,,,,,Weber County East Mountains,,,,,,,45.7,92.783,2.03,12.0,0.0,0.0,12.0,13.02,0.0,0.0,0.0,0.0,1.0,3.0,1.0,7.0,0.0,0.0,1.02,0.0
2024,city,Weber County East Mountains,Weber County East Mountains,,,,,,Weber County East Mountains,,,,,,,45.9,93.87599999999999,2.045,12.0,0.0,0.0,12.0,13.032,0.0,0.0,0.0,0.0,1.0,3.0,1.0,7.0,0.0,0.0,0.032,1.0
2025,city,Weber County East Mountains,Weber County East Mountains,,,,,,Weber County East Mountains,,,,,,,48.1,97.855,2.034,12.0,0.0,0.0,12.0,15.148,0.0,0.0,0.0,0.0,1.0,3.0,1.0,7.0,0.0,0.0,2.147,1.001
2026,city,Weber County East Mountains,Weber County East Mountains,,,,,,Weber County East Mountains,,,,,,,48.3,97.88900000000001,2.027,12.0,0.0,0.0,12.0,15.333,0.0,0.0,0.0,0.0,1.0,3.0,1.0,7.0,0.0,0.0,2.332,1.001
2027,city,Weber County East Mountains,Weber County East Mountains,,,,,,Weber County East Mountains,,,,,,,48.5,97.923,2.019,12.0,0.0,0.0,12.0,15.516999999999998,0.0,0.0,0.0,0.0,1.0,3.0,1.0,7.0,0.0,0.0,2.516,1.001
2028,city,Weber County East Mountains,Weber County East Mountains,,,,,,Weber County East Mountains,,,,,,,48.7,97.96599999999998,2.012,12.0,0.0,0.0,12.0,15.463,0.0,0.0,0.0,0.0,1.0,3.0,1.0,7.0,0.0,0.0,2.4610000000000003,1.002
2029,city,Weber County East Mountains,Weber County East Mountains,,,,,,Weber County East Mountains,,,,,,,48.9,98.01100000000001,2.004,12.0,0.0,0.0,12.0,16.355999999999998,0.0,0.0,0.0,0.0,1.0,3.0,1.0,7.0,0.0,0.0,2.355,2.001
2030,city,Weber County East Mountains,Weber County East Mountains,,,,,,Weber County East Mountains,,,,,,,49.1,98.11500000000001,1.998,12.0,0.0,0.0,12.0,16.419,0.0,0.0,0.0,0.0,1.0,3.0,1.0,7.0,0.0,0.0,2.415,2.004
2031,city,Weber County East Mountains,Weber County East Mountains,,,,,,Weber County East Mountains,,,,,,,49.3,98.18599999999999,1.992,12.0,0.0,0.0,12.0,16.334,0.0,0.0,0.0,0.0,1.0,3.0,1.0,7.0,0.0,0.0,2.3329999999999997,2.002
2032,city,Weber County East Mountains,Weber County East Mountains,,,,,,Weber County East Mountains,,,,,,,49.5,98.285,1.986,12.0,0.0,0.0,12.0,16.573999999999998,0.0,0.0,0.0,0.0,1.0,3.0,1.0,7.0,0.0,0.0,2.572,2.002
2033,city,Weber County East Mountains,Weber County East Mountains,,,,,,Weber County East Mountains,,,,,,,49.7,98.39399999999999,1.98,12.0,0.0,0.0,12.0,16.1,0.0,0.0,0.0,0.0,1.0,3.0,1.0,7.0,0.0,0.0,2.098,2.002
2034,city,Weber County East Mountains,Weber County East Mountains,,,,,,Weber County East Mountains,,,,,,,49.9,98.517,1.974,12.0,0.0,0.0,12.0,16.351,0.0,0.0,0.0,0.0,1.0,3.0,1.0,7.0,0.0,0.0,2.347,2.004
2035,city,Weber County East Mountains,Weber County East Mountains,,,,,,Weber County East Mountains,,,,,,,50.1,98.65400000000001,1.969,12.0,0.0,0.0,12.0,16.104,0.0,0.0,0.0,0.0,1.0,3.0,1.0,7.0,0.0,0.0,2.1029999999999998,2.001
2036,city,Weber County East Mountains,Weber County East Mountains,,,,,,Weber County East Mountains,,,,,,,50.3,98.79599999999999,1.964,12.0,0.0,0.0,12.0,16.433999999999997,0.0,0.0,0.0,0.0,1.0,3.0,1.0,7.0,0.0,0.0,2.4330000000000003,2.001
2037,city,Weber County East Mountains,Weber County East Mountains,,,,,,Weber County East Mountains,,,,,,,50.5,99.776,1.976,13.0,0.0,0.0,13.0,17.122,0.0,0.0,0.0,0.0,1.0,4.0,1.0,7.0,0.0,0.0,2.121,2.001
2038,city,Weber County East Mountains,Weber County East Mountains,,,,,,Weber County East Mountains,,,,,,,51.7,105.05499999999999,2.032,13.0,0.0,0.0,13.0,17.399,0.0,0.0,0.0,0.0,1.0,4.0,1.0,7.0,0.0,0.0,2.398,2.001
2039,city,Weber County East Mountains,Weber County East Mountains,,,,,,Weber County East Mountains,,,,,,,51.9,105.19200000000001,2.027,13.0,0.0,0.0,13.0,17.308,0.0,0.0,0.0,0.0,1.0,4.0,1.0,7.0,0.0,0.0,2.308,2.0
2040,city,Weber County East Mountains,Weber County East Mountains,,,,,,Weber County East Mountains,,,,,,,52.1,105.339,2.022,13.0,0.0,0.0,13.0,17.489,0.0,0.0,0.0,0.0,1.0,4.0,1.0,7.0,0.0,0.0,2.487,2.002
2041,city,Weber County East Mountains,Weber County East Mountains,,,,,,Weber County East Mountains,,,,,,,52.4,105.487,2.013,13.0,0.0,0.0,13.0,16.946,0.0,0.0,0.0,0.0,1.0,4.0,1.0,7.0,0.0,0.0,1.948,1.998
2042,city,Weber County East Mountains,Weber County East Mountains,,,,,,Weber County East Mountains,,,,,,,52.6,105.643,2.008,13.0,0.0,0.0,13.0,17.782,0.0,0.0,0.0,0.0,1.0,4.0,1.0,7.0,0.0,0.0,2.7800000000000002,2.002
2043,city,Weber County East Mountains,Weber County East Mountains,,,,,,Weber County East Mountains,,,,,,,52.8,105.81099999999999,2.004,13.0,0.0,0.0,13.0,17.205,0.0,0.0,0.0,0.0,1.0,4.0,1.0,7.0,0.0,0.0,2.202,2.003
2044,city,Weber County East Mountains,Weber County East Mountains,,,,,,Weber County East Mountains,,,,,,,53.0,105.981,2.0,13.0,0.0,0.0,13.0,17.325000000000003,0.0,0.0,0.0,0.0,1.0,4.0,1.0,7.0,0.0,0.0,2.322,2.003
2045,city,Weber County East Mountains,Weber County East Mountains,,,,,,Weber County East Mountains,,,,,,,53.2,106.164,1.996,13.0,0.0,0.0,13.0,16.995,0.0,0.0,0.0,0.0,1.0,4.0,1.0,7.0,0.0,0.0,1.993,2.002
2046,city,Weber County East Mountains,Weber County East Mountains,,,,,,Weber County East Mountains,,,,,,,53.4,106.384,1.992,13.0,0.0,0.0,13.0,17.498,0.0,0.0,0.0,0.0,1.0,4.0,1.0,7.0,0.0,0.0,2.496,2.002
2047,city,Weber County East Mountains,Weber County East Mountains,,,,,,Weber County East Mountains,,,,,,,53.6,106.534,1.988,13.0,0.0,0.0,13.0,17.139,0.0,0.0,0.0,0.0,1.0,4.0,1.0,7.0,0.0,0.0,2.136,2.003
2048,city,Weber County East Mountains,Weber County East Mountains,,,,,,Weber County East Mountains,,,,,,,53.8,106.72200000000001,1.984,13.0,0.0,0.0,13.0,17.26,0.0,0.0,0.0,0.0,1.0,4.0,1.0,7.0,0.0,0.0,2.258,2.001
2049,city,Weber County East Mountains,Weber County East Mountains,,,,,,Weber County East Mountains,,,,,,,54.0,106.91000000000001,1.98,13.0,0.0,0.0,13.0,17.197,0.0,0.0,0.0,0.0,1.0,4.0,1.0,7.0,0.0,0.0,2.197,2.0
2050,city,Weber County East Mountains,Weber County East Mountains,,,,,,Weber County East Mountains,,,,,,,54.2,107.001,1.974,13.0,0.0,0.0,13.0,17.431,0.0,0.0,0.0,0.0,1.0,4.0,1.0,7.0,0.0,0.0,2.431,2.0
2051,city,Weber County East Mountains,Weber County East Mountains,,,,,,Weber County East Mountains,,,,,,,54.4,107.08399999999999,1.968,13.0,0.0,0.0,13.0,16.871000000000002,0.0,0.0,0.0,0.0,1.0,4.0,1.0,7.0,0.0,0.0,1.869,2.002
2052,city,Weber County East Mountains,Weber County East Mountains,,,,,,Weber County East Mountains,,,,,,,54.6,107.16999999999999,1.963,13.0,0.0,0.0,13.0,17.505,0.0,0.0,0.0,0.0,1.0,4.0,1.0,7.0,0.0,0.0,2.5010000000000003,2.004
2053,city,Weber County East Mountains,Weber County East Mountains,,,,,,Weber County East Mountains,,,,,,,54.8,107.251,1.957,13.0,0.0,0.0,13.0,17.407,0.0,0.0,0.0,0.0,1.0,4.0,1.0,7.0,0.0,0.0,2.406,2.001
2054,city,Weber County East Mountains,Weber County East Mountains,,,,,,Weber County East Mountains,,,,,,,55.0,107.32000000000001,1.951,13.0,0.0,0.0,13.0,17.59,0.0,0.0,0.0,0.0,1.0,4.0,1.0,7.0,0.0,0.0,2.5869999999999997,2.003
2055,city,Weber County East Mountains,Weber County East Mountains,,,,,,Weber County East Mountains,,,,,,,55.2,107.393,1.946,13.0,0.0,0.0,13.0,17.483,0.0,0.0,0.0,0.0,1.0,4.0,1.0,7.0,0.0,0.0,2.4819999999999998,2.001
2056,city,Weber County East Mountains,Weber County East Mountains,,,,,,Weber County East Mountains,,,,,,,55.4,107.49600000000001,1.94,13.0,0.0,0.0,13.0,17.643,0.0,0.0,0.0,0.0,1.0,4.0,1.0,7.0,0.0,0.0,2.644,1.999
2057,city,Weber County East Mountains,Weber County East Mountains,,,,,,Weber County East Mountains,,,,,,,55.6,107.992,1.942,13.0,0.0,0.0,13.0,17.546999999999997,0.0,0.0,0.0,0.0,1.0,4.0,1.0,7.0,0.0,0.0,2.548,1.999
2058,city,Weber County East Mountains,Weber County East Mountains,,,,,,Weber County East Mountains,,,,,,,55.8,108.48,1.944,13.0,0.0,0.0,13.0,17.546,0.0,0.0,0.0,0.0,1.0,4.0,1.0,7.0,0.0,0.0,2.547,1.999
2059,city,Weber County East Mountains,Weber County East Mountains,,,,,,Weber County East Mountains,,,,,,,56.0,108.96700000000001,1.946,13.0,0.0,0.0,13.0,17.571,0.0,0.0,0.0,0.0,1.0,4.0,1.0,7.0,0.0,0.0,2.569,2.002
2060,city,Weber County East Mountains,Weber County East Mountains,,,,,,Weber County East Mountains,,,,,,,56.2,109.45299999999999,1.948,13.0,0.0,0.0,13.0,17.733,0.0,0.0,0.0,0.0,1.0,4.0,1.0,7.0,0.0,0.0,2.734,1.999
2061,city,Weber County East Mountains,Weber County East Mountains,,,,,,Weber County East Mountains,,,,,,,51.0,124.87,2.448,13.0,0.0,0.0,13.0,17.512,0.0,0.0,0.0,0.0,1.0,4.0,1.0,7.0,0.0,0.0,2.512,2.0
2062,city,Weber County East Mountains,Weber County East Mountains,,,,,,Weber County East Mountains,,,,,,,51.0,125.91000000000001,2.469,13.0,0.0,0.0,13.0,17.766,0.0,0.0,0.0,0.0,1.0,4.0,1.0,7.0,0.0,0.0,2.765,2.001
2063,city,Weber County East Mountains,Weber County East Mountains,,,,,,Weber County East Mountains,,,,,,,51.0,126.957,2.489,13.0,0.0,0.0,13.0,17.546999999999997,0.0,0.0,0.0,0.0,1.0,4.0,1.0,7.0,0.0,0.0,2.546,2.001
2064,city,Weber County East Mountains,Weber County East Mountains,,,,,,Weber County East Mountains,,,,,,,51.0,127.99499999999999,2.51,13.0,0.0,0.0,13.0,18.753999999999998,0.0,0.0,0.0,0.0,1.0,4.0,1.0,7.0,0.0,0.0,2.752,3.002
2065,city,Weber County East Mountains,Weber County East Mountains,,,,,,Weber County East Mountains,,,,,,,51.0,129.04399999999998,2.53,13.0,0.0,0.0,13.0,18.573,0.0,0.0,0.0,0.0,1.0,4.0,1.0,7.0,0.0,0.0,2.574,2.999
2023,city,West Bountiful,West Bountiful,,,,,,West Bountiful,,,,,,,1863.0,5662.5019999999995,3.039,3481.0,1540.0,287.0,1654.0,3847.9490000000005,978.0,562.0,51.0,236.0,260.0,223.0,67.0,1104.0,31.433,8.136,245.257,82.11999999999999
2024,city,West Bountiful,West Bountiful,,,,,,West Bountiful,,,,,,,1903.0,5739.744000000001,3.016,3529.0,1535.0,291.0,1703.0,3700.7700000000004,973.0,562.0,63.0,228.0,259.0,275.0,73.0,1096.0,34.236000000000004,9.792,46.697,81.047
2025,city,West Bountiful,West Bountiful,,,,,,West Bountiful,,,,,,,1916.0,5722.383,2.987,3566.0,1530.0,296.0,1740.0,3894.1009999999997,970.0,560.0,61.0,235.0,257.0,289.0,83.0,1111.0,34.316,9.696,195.15,88.93900000000001
2026,city,West Bountiful,West Bountiful,,,,,,West Bountiful,,,,,,,1921.0,5671.9710000000005,2.953,3577.0,1523.0,294.0,1760.0,3910.089,963.0,560.0,59.0,235.0,254.0,287.0,92.0,1127.0,36.251,9.936,196.934,89.97
2027,city,West Bountiful,West Bountiful,,,,,,West Bountiful,,,,,,,1941.0,5665.105,2.919,3588.0,1524.0,297.0,1767.0,3959.235,966.0,558.0,59.0,238.0,251.0,283.0,99.0,1134.0,36.422000000000004,10.056,233.815,90.94
2028,city,West Bountiful,West Bountiful,,,,,,West Bountiful,,,,,,,2026.0,5838.823,2.882,3581.0,1512.0,296.0,1773.0,4108.222,960.0,552.0,59.0,237.0,242.0,282.0,104.0,1145.0,36.468,9.6,387.09299999999996,94.06
2029,city,West Bountiful,West Bountiful,,,,,,West Bountiful,,,,,,,2056.0,5864.868,2.853,3577.0,1507.0,294.0,1776.0,3932.603,962.0,545.0,58.0,236.0,236.0,281.0,110.0,1149.0,36.17,9.0,215.462,94.969
2030,city,West Bountiful,West Bountiful,,,,,,West Bountiful,,,,,,,2076.0,5857.937,2.822,3594.0,1511.0,293.0,1790.0,3960.126,971.0,540.0,58.0,235.0,235.0,279.0,117.0,1159.0,37.133,8.808,223.172,97.016
2031,city,West Bountiful,West Bountiful,,,,,,West Bountiful,,,,,,,2084.0,5817.228,2.791,3597.0,1511.0,292.0,1794.0,3937.96,981.0,530.0,58.0,234.0,236.0,276.0,122.0,1160.0,36.955999999999996,8.856,198.06099999999998,97.089
2032,city,West Bountiful,West Bountiful,,,,,,West Bountiful,,,,,,,2321.0,6490.307000000001,2.796,3612.0,1514.0,292.0,1806.0,4523.816,989.0,525.0,58.0,234.0,236.0,275.0,127.0,1168.0,35.252,9.216,759.331,108.01700000000001
2033,city,West Bountiful,West Bountiful,,,,,,West Bountiful,,,,,,,2463.0,6857.794,2.784,3630.0,1519.0,293.0,1818.0,4161.492,999.0,520.0,58.0,235.0,235.0,272.0,133.0,1178.0,36.434,9.672,370.32,115.06700000000001
2034,city,West Bountiful,West Bountiful,,,,,,West Bountiful,,,,,,,2662.0,7381.8460000000005,2.773,3650.0,1524.0,293.0,1833.0,4407.066,1003.0,521.0,58.0,235.0,231.0,270.0,138.0,1194.0,36.258,10.032,586.827,123.946
2035,city,West Bountiful,West Bountiful,,,,,,West Bountiful,,,,,,,2929.0,8085.527,2.761,3595.0,1498.0,296.0,1801.0,4450.563,995.0,503.0,63.0,233.0,230.0,268.0,139.0,1164.0,36.301,10.152,673.973,135.135
2036,city,West Bountiful,West Bountiful,,,,,,West Bountiful,,,,,,,3014.0,8270.335000000001,2.744,3608.0,1505.0,304.0,1799.0,4027.5470000000005,1002.0,503.0,73.0,231.0,225.0,267.0,143.0,1164.0,36.257999999999996,10.032,234.16000000000003,139.096
2037,city,West Bountiful,West Bountiful,,,,,,West Bountiful,,,,,,,2901.0,7945.468000000001,2.739,3679.0,1518.0,314.0,1847.0,4107.77,1022.0,496.0,83.0,231.0,222.0,279.0,143.0,1203.0,40.385,9.936,243.414,135.037
2038,city,West Bountiful,West Bountiful,,,,,,West Bountiful,,,,,,,2997.0,8156.096,2.721,3715.0,1526.0,321.0,1868.0,4332.18,1030.0,496.0,92.0,229.0,223.0,283.0,148.0,1214.0,40.192,9.912,428.02,139.056
2039,city,West Bountiful,West Bountiful,,,,,,West Bountiful,,,,,,,3227.0,8770.162,2.718,3774.0,1538.0,332.0,1904.0,4681.423000000001,1045.0,493.0,101.0,231.0,226.0,293.0,152.0,1233.0,38.138,9.864,709.38,150.039
2040,city,West Bountiful,West Bountiful,,,,,,West Bountiful,,,,,,,3422.0,9295.174,2.716,3825.0,1547.0,338.0,1940.0,4539.554,1054.0,493.0,107.0,231.0,229.0,306.0,154.0,1251.0,37.445,9.84,508.305,158.96
2041,city,West Bountiful,West Bountiful,,,,,,West Bountiful,,,,,,,3511.0,9497.966,2.705,3859.0,1556.0,343.0,1960.0,4369.323,1063.0,493.0,111.0,232.0,230.0,307.0,155.0,1268.0,37.178,9.84,297.306,166.0
2042,city,West Bountiful,West Bountiful,,,,,,West Bountiful,,,,,,,3623.0,9764.668,2.695,3897.0,1561.0,351.0,1985.0,4545.492,1068.0,493.0,118.0,233.0,231.0,315.0,158.0,1281.0,37.266,9.912,430.313,171.0
2043,city,West Bountiful,West Bountiful,,,,,,West Bountiful,,,,,,,3733.0,10029.08,2.687,3924.0,1564.0,357.0,2003.0,4600.955,1071.0,493.0,123.0,234.0,232.0,321.0,160.0,1290.0,35.294,9.984,455.615,176.063
2044,city,West Bountiful,West Bountiful,,,,,,West Bountiful,,,,,,,3882.0,10388.035,2.676,3859.0,1539.0,349.0,1971.0,4629.354,1061.0,478.0,123.0,226.0,235.0,315.0,158.0,1263.0,34.082,9.912,542.251,184.109
2045,city,West Bountiful,West Bountiful,,,,,,West Bountiful,,,,,,,4120.0,11007.793,2.672,3877.0,1539.0,355.0,1983.0,4835.117,1062.0,477.0,128.0,227.0,235.0,319.0,160.0,1269.0,23.082,9.864,729.169,196.0
2046,city,West Bountiful,West Bountiful,,,,,,West Bountiful,,,,,,,4384.0,11661.979,2.66,3886.0,1546.0,345.0,1995.0,4951.769,1069.0,477.0,125.0,220.0,235.0,328.0,160.0,1272.0,15.09,9.864,831.769,209.048
2047,city,West Bountiful,West Bountiful,,,,,,West Bountiful,,,,,,,4505.0,11982.125,2.66,3905.0,1552.0,347.0,2006.0,4503.1810000000005,1075.0,477.0,127.0,220.0,237.0,334.0,160.0,1275.0,15.035,9.864,358.138,215.14399999999998
2048,city,West Bountiful,West Bountiful,,,,,,West Bountiful,,,,,,,4577.0,12144.507,2.653,3856.0,1534.0,345.0,1977.0,4494.034,1058.0,476.0,129.0,216.0,230.0,330.0,160.0,1257.0,15.055,9.96,394.73199999999997,218.286
2049,city,West Bountiful,West Bountiful,,,,,,West Bountiful,,,,,,,4598.0,12160.45,2.645,3870.0,1540.0,347.0,1983.0,4496.594999999999,1064.0,476.0,131.0,216.0,231.0,333.0,161.0,1258.0,15.073,10.008,378.61,222.905
2050,city,West Bountiful,West Bountiful,,,,,,West Bountiful,,,,,,,4622.0,12182.362,2.636,3898.0,1550.0,351.0,1997.0,4420.594,1074.0,476.0,134.0,217.0,232.0,340.0,163.0,1262.0,15.073,10.08,272.348,225.096
2051,city,West Bountiful,West Bountiful,,,,,,West Bountiful,,,,,,,4640.0,12184.578,2.626,3905.0,1553.0,352.0,2000.0,4490.893,1077.0,476.0,137.0,215.0,232.0,343.0,163.0,1262.0,15.073,10.104,334.693,226.023
2052,city,West Bountiful,West Bountiful,,,,,,West Bountiful,,,,,,,4851.0,12691.851,2.616,3835.0,1513.0,340.0,1982.0,4840.547,1075.0,438.0,132.0,208.0,227.0,345.0,160.0,1250.0,15.073,10.176,743.2280000000001,237.072
2053,city,West Bountiful,West Bountiful,,,,,,West Bountiful,,,,,,,4903.0,12785.374,2.608,3815.0,1506.0,333.0,1976.0,4533.295,1075.0,431.0,133.0,200.0,226.0,345.0,160.0,1245.0,15.055,10.224,453.827,239.19
2054,city,West Bountiful,West Bountiful,,,,,,West Bountiful,,,,,,,4905.0,12742.875,2.598,3826.0,1507.0,333.0,1986.0,4532.873,1076.0,431.0,133.0,200.0,226.0,350.0,162.0,1248.0,15.055,10.272,438.428,243.118
2055,city,West Bountiful,West Bountiful,,,,,,West Bountiful,,,,,,,4915.0,12739.3,2.592,3842.0,1510.0,336.0,1996.0,4511.295,1079.0,431.0,137.0,199.0,226.0,356.0,163.0,1251.0,15.036,10.272,399.918,244.072
2056,city,West Bountiful,West Bountiful,,,,,,West Bountiful,,,,,,,4927.0,12863.32,2.611,3867.0,1513.0,339.0,2015.0,4568.1630000000005,1082.0,431.0,140.0,199.0,227.0,365.0,167.0,1256.0,15.036,10.152,428.023,247.954
2057,city,West Bountiful,West Bountiful,,,,,,West Bountiful,,,,,,,4939.0,12962.679,2.625,3877.0,1515.0,340.0,2022.0,4555.804,1086.0,429.0,141.0,199.0,227.0,371.0,168.0,1256.0,15.036,9.936,404.787,249.045
2058,city,West Bountiful,West Bountiful,,,,,,West Bountiful,,,,,,,4947.0,13071.322,2.642,3888.0,1516.0,340.0,2032.0,4583.644,1088.0,428.0,141.0,199.0,227.0,377.0,170.0,1258.0,15.055,9.72,417.726,253.141
2059,city,West Bountiful,West Bountiful,,,,,,West Bountiful,,,,,,,4951.0,13186.858,2.663,3895.0,1517.0,341.0,2037.0,4586.467000000001,1089.0,428.0,141.0,200.0,227.0,381.0,170.0,1259.0,14.033999999999999,9.552,411.788,256.093
2060,city,West Bountiful,West Bountiful,,,,,,West Bountiful,,,,,,,4956.0,13289.512999999999,2.681,3902.0,1515.0,341.0,2046.0,4599.933,1089.0,426.0,141.0,200.0,228.0,385.0,172.0,1261.0,14.015999999999998,9.432,415.415,259.068
2061,city,West Bountiful,West Bountiful,,,,,,West Bountiful,,,,,,,4958.0,13405.715,2.704,3898.0,1513.0,341.0,2044.0,4606.034,1089.0,424.0,141.0,200.0,228.0,383.0,172.0,1261.0,14.015999999999998,9.384,422.726,261.908
2062,city,West Bountiful,West Bountiful,,,,,,West Bountiful,,,,,,,4971.0,13527.908000000001,2.721,3906.0,1514.0,341.0,2051.0,4631.93,1090.0,424.0,142.0,199.0,228.0,385.0,172.0,1266.0,14.033999999999999,9.336,437.653,264.908
2063,city,West Bountiful,West Bountiful,,,,,,West Bountiful,,,,,,,4994.0,13657.654,2.735,3827.0,1505.0,332.0,1990.0,4544.419,1082.0,423.0,140.0,192.0,226.0,376.0,165.0,1223.0,14.052,9.312,427.009,267.045
2064,city,West Bountiful,West Bountiful,,,,,,West Bountiful,,,,,,,5004.0,13783.55,2.755,3833.0,1503.0,335.0,1995.0,4564.476,1082.0,421.0,143.0,192.0,226.0,378.0,165.0,1226.0,14.033999999999999,9.264,435.923,272.257
2065,city,West Bountiful,West Bountiful,,,,,,West Bountiful,,,,,,,5012.0,13906.732,2.775,3837.0,1504.0,336.0,1997.0,4560.203,1083.0,421.0,144.0,192.0,227.0,378.0,166.0,1226.0,14.07,9.264,424.964,274.906
2023,city,West Haven,West Haven,,,,,,West Haven,,,,,,,8469.0,25479.138,3.009,5554.0,1130.0,1263.0,3161.0,6878.374,608.0,522.0,605.0,658.0,377.0,869.0,263.0,1652.0,107.34299999999999,21.0,863.124,332.9
2024,city,West Haven,West Haven,,,,,,West Haven,,,,,,,8498.0,25362.529,2.985,5645.0,1119.0,1292.0,3234.0,7226.091,595.0,524.0,624.0,668.0,345.0,948.0,264.0,1677.0,105.132,15.5,1130.455,330.0
2025,city,West Haven,West Haven,,,,,,West Haven,,,,,,,8610.0,25450.58,2.956,5694.0,1119.0,1297.0,3278.0,7039.6630000000005,595.0,524.0,624.0,673.0,348.0,956.0,286.0,1688.0,102.20100000000001,15.4,865.798,362.265
2026,city,West Haven,West Haven,,,,,,West Haven,,,,,,,8745.0,25606.101,2.928,5730.0,1118.0,1299.0,3313.0,7058.8,594.0,524.0,626.0,673.0,345.0,965.0,302.0,1701.0,101.264,15.9,843.369,368.267
2027,city,West Haven,West Haven,,,,,,West Haven,,,,,,,8995.0,26132.581000000002,2.905,5778.0,1118.0,1301.0,3359.0,7030.618,594.0,524.0,627.0,674.0,346.0,977.0,321.0,1715.0,100.526,16.2,751.437,384.452
2028,city,West Haven,West Haven,,,,,,West Haven,,,,,,,9092.0,26194.472,2.881,5817.0,1118.0,1304.0,3395.0,6913.101,594.0,524.0,630.0,674.0,345.0,984.0,331.0,1735.0,99.327,15.5,591.641,389.632
2029,city,West Haven,West Haven,,,,,,West Haven,,,,,,,9214.0,26339.406,2.859,5865.0,1114.0,1311.0,3440.0,6973.648,594.0,520.0,637.0,674.0,346.0,994.0,338.0,1762.0,98.264,14.6,597.6039999999999,398.17900000000003
2030,city,West Haven,West Haven,,,,,,West Haven,,,,,,,9350.0,26532.455,2.838,5914.0,1111.0,1320.0,3483.0,7074.869,594.0,517.0,646.0,674.0,346.0,1016.0,344.0,1777.0,98.128,14.4,641.525,406.812
2031,city,West Haven,West Haven,,,,,,West Haven,,,,,,,9475.0,26691.605,2.817,5923.0,1106.0,1329.0,3488.0,7267.1410000000005,594.0,512.0,655.0,674.0,346.0,1005.0,351.0,1786.0,98.129,14.4,819.249,412.359
2032,city,West Haven,West Haven,,,,,,West Haven,,,,,,,9578.0,26795.992,2.798,5938.0,1101.0,1332.0,3505.0,7154.096,594.0,507.0,659.0,673.0,347.0,1003.0,357.0,1798.0,96.0,15.1,685.547,419.44599999999997
2033,city,West Haven,West Haven,,,,,,West Haven,,,,,,,9795.0,27200.829,2.777,5958.0,1100.0,1335.0,3523.0,7747.499,594.0,506.0,662.0,673.0,350.0,1004.0,363.0,1806.0,97.197,15.9,1244.039,432.361
2034,city,West Haven,West Haven,,,,,,West Haven,,,,,,,9917.0,27336.801,2.757,6008.0,1100.0,1337.0,3571.0,7258.742,594.0,506.0,664.0,673.0,355.0,1008.0,373.0,1835.0,97.331,16.6,693.908,442.90299999999996
2035,city,West Haven,West Haven,,,,,,West Haven,,,,,,,10010.0,27410.534,2.738,5951.0,1073.0,1330.0,3548.0,7085.478,587.0,486.0,665.0,665.0,357.0,1005.0,374.0,1812.0,97.197,16.8,577.207,443.27000000000004
2036,city,West Haven,West Haven,,,,,,West Haven,,,,,,,10068.0,27370.808,2.719,5969.0,1073.0,1331.0,3565.0,7218.738,587.0,486.0,669.0,662.0,362.0,1006.0,379.0,1818.0,97.33200000000001,16.7,688.436,447.267
2037,city,West Haven,West Haven,,,,,,West Haven,,,,,,,10222.0,27524.296,2.693,6000.0,1081.0,1345.0,3574.0,7183.368,596.0,485.0,692.0,653.0,357.0,1009.0,379.0,1829.0,94.526,16.6,613.978,458.27
2038,city,West Haven,West Haven,,,,,,West Haven,,,,,,,10371.0,27756.897,2.676,6027.0,1081.0,1350.0,3596.0,7372.156,596.0,485.0,697.0,653.0,360.0,1011.0,382.0,1843.0,95.596,16.6,766.692,466.267
2039,city,West Haven,West Haven,,,,,,West Haven,,,,,,,10636.0,28313.293,2.662,6053.0,1081.0,1352.0,3620.0,7664.9169999999995,596.0,485.0,699.0,653.0,362.0,1015.0,388.0,1855.0,95.467,16.6,1016.854,483.0
2040,city,West Haven,West Haven,,,,,,West Haven,,,,,,,10925.0,28922.582000000002,2.647,6088.0,1081.0,1354.0,3653.0,7465.58,596.0,485.0,701.0,653.0,364.0,1031.0,394.0,1864.0,94.33500000000001,16.6,769.105,497.54999999999995
2041,city,West Haven,West Haven,,,,,,West Haven,,,,,,,11094.0,29260.636,2.638,6105.0,1081.0,1358.0,3666.0,7438.238,596.0,485.0,705.0,653.0,366.0,1032.0,398.0,1870.0,93.654,16.7,718.426,504.452
2042,city,West Haven,West Haven,,,,,,West Haven,,,,,,,11271.0,29620.724,2.628,6126.0,1081.0,1359.0,3686.0,7538.693,596.0,485.0,706.0,653.0,371.0,1038.0,402.0,1875.0,93.59,16.9,784.651,517.5459999999999
2043,city,West Haven,West Haven,,,,,,West Haven,,,,,,,11408.0,29834.534,2.615,6184.0,1081.0,1362.0,3741.0,7751.594,596.0,485.0,709.0,653.0,383.0,1047.0,418.0,1893.0,93.593,17.1,929.984,526.91
2044,city,West Haven,West Haven,,,,,,West Haven,,,,,,,11502.0,29942.826,2.603,6455.0,1211.0,1368.0,3876.0,8023.972,725.0,486.0,715.0,653.0,400.0,1058.0,458.0,1960.0,94.47,17.1,922.582,534.817
2045,city,West Haven,West Haven,,,,,,West Haven,,,,,,,11655.0,30228.911,2.594,6712.0,1365.0,1378.0,3969.0,8261.853000000001,873.0,492.0,725.0,653.0,419.0,1062.0,493.0,1995.0,94.339,17.0,894.974,543.543
2046,city,West Haven,West Haven,,,,,,West Haven,,,,,,,11724.0,30358.765,2.589,6979.0,1516.0,1390.0,4073.0,8373.554,1022.0,494.0,737.0,653.0,436.0,1068.0,535.0,2034.0,94.604,17.0,732.497,550.451
2047,city,West Haven,West Haven,,,,,,West Haven,,,,,,,11800.0,30429.665,2.579,7128.0,1594.0,1392.0,4142.0,8577.913,1100.0,494.0,739.0,653.0,450.0,1077.0,559.0,2056.0,92.197,17.1,784.814,555.801
2048,city,West Haven,West Haven,,,,,,West Haven,,,,,,,11936.0,30631.081000000002,2.566,7219.0,1620.0,1399.0,4200.0,8721.277,1126.0,494.0,746.0,653.0,463.0,1084.0,580.0,2073.0,93.53999999999999,17.3,822.081,569.357
2049,city,West Haven,West Haven,,,,,,West Haven,,,,,,,12072.0,30891.501,2.559,7299.0,1642.0,1404.0,4253.0,8898.92,1137.0,505.0,751.0,653.0,472.0,1094.0,599.0,2088.0,95.205,17.6,907.021,580.0880000000001
2050,city,West Haven,West Haven,,,,,,West Haven,,,,,,,12247.0,31178.889,2.546,7374.0,1651.0,1411.0,4312.0,9136.34,1141.0,510.0,758.0,653.0,487.0,1103.0,615.0,2107.0,93.27199999999999,17.8,1059.272,592.0
2051,city,West Haven,West Haven,,,,,,West Haven,,,,,,,12382.0,31415.164,2.537,7393.0,1651.0,1415.0,4327.0,8832.285,1141.0,510.0,762.0,653.0,488.0,1105.0,620.0,2114.0,91.398,17.8,733.382,596.707
2052,city,West Haven,West Haven,,,,,,West Haven,,,,,,,12508.0,31630.198,2.529,7437.0,1651.0,1420.0,4366.0,9121.14,1141.0,510.0,767.0,653.0,492.0,1116.0,635.0,2123.0,91.465,18.0,963.421,611.245
2053,city,West Haven,West Haven,,,,,,West Haven,,,,,,,12645.0,31824.394,2.517,7471.0,1651.0,1424.0,4396.0,9136.373,1141.0,510.0,771.0,653.0,495.0,1122.0,643.0,2136.0,91.402,18.2,935.414,620.355
2054,city,West Haven,West Haven,,,,,,West Haven,,,,,,,12782.0,31980.158,2.502,7507.0,1652.0,1426.0,4429.0,9207.976,1142.0,510.0,773.0,653.0,498.0,1130.0,654.0,2147.0,91.273,18.4,964.247,627.06
2055,city,West Haven,West Haven,,,,,,West Haven,,,,,,,12966.0,32262.688000000002,2.488,7528.0,1652.0,1427.0,4449.0,9375.685,1142.0,510.0,774.0,653.0,498.0,1133.0,663.0,2155.0,88.19500000000001,18.4,1100.734,640.3570000000001
2056,city,West Haven,West Haven,,,,,,West Haven,,,,,,,13038.0,32291.239999999998,2.477,7560.0,1652.0,1427.0,4481.0,9271.985,1142.0,510.0,774.0,653.0,499.0,1140.0,676.0,2166.0,88.063,18.2,959.98,645.7389999999999
2057,city,West Haven,West Haven,,,,,,West Haven,,,,,,,13038.0,32589.276,2.5,7587.0,1652.0,1428.0,4507.0,9296.409,1142.0,510.0,775.0,653.0,501.0,1145.0,684.0,2177.0,85.511,17.9,949.347,656.649
2058,city,West Haven,West Haven,,,,,,West Haven,,,,,,,13038.0,32878.021,2.522,7633.0,1653.0,1434.0,4546.0,9584.682999999999,1143.0,510.0,781.0,653.0,507.0,1151.0,700.0,2188.0,87.59899999999999,17.6,1177.752,668.736
2059,city,West Haven,West Haven,,,,,,West Haven,,,,,,,13038.0,33166.579,2.544,7665.0,1653.0,1440.0,4572.0,9342.524,1143.0,510.0,787.0,653.0,510.0,1157.0,707.0,2198.0,87.601,17.3,898.8340000000001,673.7909999999999
2060,city,West Haven,West Haven,,,,,,West Haven,,,,,,,13038.0,33452.865,2.566,7695.0,1653.0,1443.0,4599.0,9531.126,1143.0,510.0,790.0,653.0,517.0,1164.0,712.0,2206.0,85.656,17.2,1045.712,687.559
2061,city,West Haven,West Haven,,,,,,West Haven,,,,,,,13038.0,33752.472,2.589,7730.0,1653.0,1444.0,4633.0,9502.751,1143.0,510.0,791.0,653.0,522.0,1164.0,729.0,2218.0,86.402,17.1,971.339,697.912
2062,city,West Haven,West Haven,,,,,,West Haven,,,,,,,13037.0,34041.11,2.611,7761.0,1653.0,1446.0,4662.0,9554.447,1143.0,510.0,793.0,653.0,523.0,1173.0,737.0,2229.0,87.391,17.1,982.689,706.261
2063,city,West Haven,West Haven,,,,,,West Haven,,,,,,,13036.0,34333.320999999996,2.634,7909.0,1720.0,1453.0,4736.0,9844.189,1212.0,508.0,800.0,653.0,528.0,1184.0,767.0,2257.0,88.0,17.0,1111.924,718.264
2064,city,West Haven,West Haven,,,,,,West Haven,,,,,,,13036.0,34624.268,2.656,8028.0,1774.0,1459.0,4795.0,9931.359,1266.0,508.0,806.0,653.0,533.0,1192.0,791.0,2279.0,88.274,17.0,1070.643,727.441
2065,city,West Haven,West Haven,,,,,,West Haven,,,,,,,13035.0,34916.47,2.679,8176.0,1847.0,1462.0,4867.0,10196.258,1339.0,508.0,814.0,648.0,534.0,1203.0,817.0,2313.0,89.561,16.9,1179.06,734.736
2023,city,West Jordan,West Jordan,,,,,,West Jordan,,,,,,,36559.0,113802.925,3.113,44900.0,9437.0,8863.0,26600.0,51905.605,5745.0,3692.0,4092.0,4771.0,4420.0,6176.0,3786.0,12218.0,312.742,20.667,4321.526,2350.6639999999998
2024,city,West Jordan,West Jordan,,,,,,West Jordan,,,,,,,36780.0,113303.812,3.081,45750.0,9502.0,8976.0,27272.0,51535.309,5761.0,3741.0,4049.0,4927.0,4458.0,6480.0,3887.0,12447.0,320.791,21.163,3137.951,2305.417
2025,city,West Jordan,West Jordan,,,,,,West Jordan,,,,,,,36954.0,112570.83499999999,3.046,46469.0,9547.0,9137.0,27785.0,53520.031,5800.0,3747.0,4073.0,5064.0,4508.0,6592.0,4019.0,12666.0,319.274,20.908,4189.954,2520.897
2026,city,West Jordan,West Jordan,,,,,,West Jordan,,,,,,,37231.0,112028.586,3.009,46488.0,9441.0,9182.0,27865.0,53934.329,5714.0,3727.0,4068.0,5114.0,4469.0,6600.0,4107.0,12689.0,315.008,21.353,4564.559,2545.406
2027,city,West Jordan,West Jordan,,,,,,West Jordan,,,,,,,37561.0,111602.185,2.971,47013.0,9504.0,9306.0,28203.0,54277.693999999996,5768.0,3736.0,4068.0,5238.0,4475.0,6668.0,4189.0,12871.0,311.772,21.644,4344.957,2586.3179999999998
2028,city,West Jordan,West Jordan,,,,,,West Jordan,,,,,,,38187.0,111972.66100000001,2.932,47307.0,9479.0,9304.0,28524.0,54958.21,5771.0,3708.0,4064.0,5240.0,4536.0,6739.0,4237.0,13012.0,320.347,20.604,4672.184,2638.08
2029,city,West Jordan,West Jordan,,,,,,West Jordan,,,,,,,38817.0,112355.18000000001,2.894,47653.0,9461.0,9330.0,28862.0,55855.452000000005,5783.0,3678.0,4061.0,5269.0,4615.0,6779.0,4288.0,13180.0,313.026,19.319,5170.708,2699.4
2030,city,West Jordan,West Jordan,,,,,,West Jordan,,,,,,,39329.0,112435.154,2.859,48093.0,9462.0,9382.0,29249.0,55374.35,5821.0,3641.0,4095.0,5287.0,4690.0,6835.0,4389.0,13335.0,310.8,18.91,4193.318,2758.323
2031,city,West Jordan,West Jordan,,,,,,West Jordan,,,,,,,40092.0,113131.964,2.822,48175.0,9430.0,9410.0,29335.0,56314.487,5860.0,3570.0,4142.0,5268.0,4726.0,6812.0,4442.0,13355.0,310.81100000000004,18.951,4982.646,2827.0789999999997
2032,city,West Jordan,West Jordan,,,,,,West Jordan,,,,,,,40957.0,114164.916,2.787,48666.0,9492.0,9404.0,29770.0,57393.23,5950.0,3542.0,4122.0,5282.0,4828.0,6817.0,4507.0,13618.0,308.322,19.814,5489.983,2909.107
2033,city,West Jordan,West Jordan,,,,,,West Jordan,,,,,,,41865.0,115406.545,2.757,49543.0,9573.0,9595.0,30375.0,57973.092,6027.0,3546.0,4302.0,5293.0,4981.0,6833.0,4557.0,14004.0,316.634,20.740000000000002,5093.819,2998.9030000000002
2034,city,West Jordan,West Jordan,,,,,,West Jordan,,,,,,,42471.0,115963.127,2.73,51267.0,9964.0,9641.0,31662.0,59669.468,6218.0,3746.0,4302.0,5339.0,5247.0,6887.0,4628.0,14900.0,325.053,21.557,4969.288,3086.571
2035,city,West Jordan,West Jordan,,,,,,West Jordan,,,,,,,42974.0,116332.989,2.707,51247.0,9869.0,9542.0,31836.0,59498.594,6257.0,3612.0,4283.0,5259.0,5418.0,6887.0,4650.0,14881.0,322.762,21.812,4781.951,3125.08
2036,city,West Jordan,West Jordan,,,,,,West Jordan,,,,,,,43440.0,116703.685,2.687,52347.0,10017.0,9539.0,32791.0,61064.017,6352.0,3665.0,4283.0,5256.0,5740.0,6927.0,4725.0,15399.0,324.304,21.639,5191.982,3179.0789999999997
2037,city,West Jordan,West Jordan,,,,,,West Jordan,,,,,,,43571.0,116071.496,2.664,58230.0,11170.0,10174.0,36886.0,67118.69,7186.0,3984.0,4944.0,5230.0,6476.0,7116.0,5215.0,18079.0,323.216,21.43,5312.202,3231.835
2038,city,West Jordan,West Jordan,,,,,,West Jordan,,,,,,,43996.0,116423.101,2.646,59892.0,11506.0,10173.0,38213.0,68613.73300000001,7431.0,4075.0,4942.0,5231.0,6799.0,7244.0,5304.0,18866.0,324.226,21.362000000000002,5073.302,3302.837
2039,city,West Jordan,West Jordan,,,,,,West Jordan,,,,,,,44932.0,118017.34,2.627,60849.0,11548.0,10206.0,39095.0,71805.073,7493.0,4055.0,4978.0,5228.0,7042.0,7322.0,5375.0,19356.0,299.73699999999997,21.326,7222.01,3413.0
2040,city,West Jordan,West Jordan,,,,,,West Jordan,,,,,,,45572.0,118897.371,2.609,62319.0,11799.0,10262.0,40258.0,70825.254,7657.0,4142.0,5004.0,5258.0,7331.0,7471.0,5462.0,19994.0,299.988,21.321,4685.085,3499.863
2041,city,West Jordan,West Jordan,,,,,,West Jordan,,,,,,,45976.0,119028.43000000001,2.589,64451.0,12379.0,10287.0,41785.0,74901.59,8061.0,4318.0,4974.0,5313.0,7759.0,7608.0,5580.0,20838.0,299.734,21.407999999999998,6550.473,3578.973
2042,city,West Jordan,West Jordan,,,,,,West Jordan,,,,,,,46513.0,119784.704,2.575,66461.0,12755.0,10306.0,43400.0,76316.52100000001,8318.0,4437.0,4967.0,5339.0,8221.0,7792.0,5692.0,21695.0,301.231,21.612,5870.887,3661.7799999999997
2043,city,West Jordan,West Jordan,,,,,,West Jordan,,,,,,,47053.0,120466.53600000001,2.56,68399.0,13158.0,10476.0,44765.0,77345.533,8571.0,4587.0,5103.0,5373.0,8540.0,7958.0,5812.0,22455.0,300.721,21.784000000000002,4871.267,3752.756
2044,city,West Jordan,West Jordan,,,,,,West Jordan,,,,,,,47566.0,121147.477,2.547,70425.0,13584.0,10544.0,46297.0,80304.837,8852.0,4732.0,5164.0,5380.0,8959.0,8144.0,5923.0,23271.0,299.495,21.761,5718.745,3839.836
2045,city,West Jordan,West Jordan,,,,,,West Jordan,,,,,,,48227.0,122304.116,2.536,72420.0,13938.0,10741.0,47741.0,82519.17,9090.0,4848.0,5302.0,5439.0,9357.0,8361.0,6032.0,23991.0,293.241,21.717,5836.786,3947.431
2046,city,West Jordan,West Jordan,,,,,,West Jordan,,,,,,,49241.0,124474.624,2.528,74357.0,14409.0,10879.0,49069.0,84194.126,9404.0,5005.0,5373.0,5506.0,9695.0,8544.0,6151.0,24679.0,292.28700000000003,21.73,5431.192,4091.919
2047,city,West Jordan,West Jordan,,,,,,West Jordan,,,,,,,50288.0,126733.21399999999,2.52,76422.0,14833.0,10958.0,50631.0,87951.729,9693.0,5140.0,5387.0,5571.0,10187.0,8778.0,6133.0,25533.0,282.231,21.885,6993.86,4231.746
2048,city,West Jordan,West Jordan,,,,,,West Jordan,,,,,,,51154.0,128446.899,2.511,77846.0,15054.0,11037.0,51755.0,88045.62299999999,9857.0,5197.0,5405.0,5632.0,10587.0,8954.0,6253.0,25961.0,283.0,22.129,5526.156,4368.334
2049,city,West Jordan,West Jordan,,,,,,West Jordan,,,,,,,51944.0,129953.927,2.502,79128.0,15240.0,11095.0,52793.0,89795.19,9984.0,5256.0,5434.0,5661.0,10863.0,9093.0,6498.0,26339.0,284.766,22.378999999999998,5862.809,4497.2390000000005
2050,city,West Jordan,West Jordan,,,,,,West Jordan,,,,,,,52545.0,130729.124,2.488,80378.0,15411.0,11301.0,53666.0,91423.339,10108.0,5303.0,5611.0,5690.0,11138.0,9257.0,6599.0,26672.0,285.0,22.624000000000002,6118.311,4619.408
2051,city,West Jordan,West Jordan,,,,,,West Jordan,,,,,,,53108.0,131364.314,2.474,81518.0,15586.0,11447.0,54485.0,92952.98300000001,10230.0,5356.0,5721.0,5726.0,11351.0,9421.0,6709.0,27004.0,284.766,22.828,6398.544,4728.8460000000005
2052,city,West Jordan,West Jordan,,,,,,West Jordan,,,,,,,53525.0,131778.087,2.462,82551.0,15756.0,11636.0,55159.0,94016.103,10365.0,5391.0,5878.0,5758.0,11536.0,9584.0,6787.0,27252.0,285.0,23.065,6324.448,4832.591
2053,city,West Jordan,West Jordan,,,,,,West Jordan,,,,,,,54036.0,132315.339,2.449,83798.0,15923.0,11921.0,55954.0,96036.278,10478.0,5445.0,6101.0,5820.0,11682.0,9820.0,6882.0,27570.0,285.0,23.328,6989.204,4940.748
2054,city,West Jordan,West Jordan,,,,,,West Jordan,,,,,,,54432.0,132668.563,2.437,84648.0,15837.0,12131.0,56680.0,96703.24799999999,10488.0,5349.0,6292.0,5839.0,11819.0,10010.0,6965.0,27886.0,285.0,23.515,6711.161,5035.583
2055,city,West Jordan,West Jordan,,,,,,West Jordan,,,,,,,54696.0,132708.788,2.426,85848.0,15979.0,12220.0,57649.0,98472.321,10600.0,5379.0,6307.0,5913.0,12063.0,10238.0,7060.0,28288.0,285.0,23.628,7183.536,5132.161
2056,city,West Jordan,West Jordan,,,,,,West Jordan,,,,,,,55213.0,133360.879,2.415,87133.0,16179.0,12329.0,58625.0,99616.839,10750.0,5429.0,6320.0,6009.0,12248.0,10507.0,7165.0,28705.0,285.234,23.519000000000002,6928.336,5246.751
2057,city,West Jordan,West Jordan,,,,,,West Jordan,,,,,,,55487.0,134262.83,2.42,88406.0,16290.0,12572.0,59544.0,101254.427,10827.0,5463.0,6497.0,6075.0,12479.0,10690.0,7254.0,29121.0,285.234,23.133,7190.231,5349.832
2058,city,West Jordan,West Jordan,,,,,,West Jordan,,,,,,,55519.0,134707.735,2.426,89742.0,16440.0,12869.0,60433.0,103075.998,10933.0,5507.0,6702.0,6167.0,12688.0,10869.0,7372.0,29504.0,286.0,22.774,7579.971,5445.2480000000005
2059,city,West Jordan,West Jordan,,,,,,West Jordan,,,,,,,55515.0,135350.981,2.438,90895.0,16539.0,13069.0,61287.0,104229.445,11005.0,5534.0,6801.0,6268.0,12912.0,11038.0,7478.0,29859.0,286.0,22.543000000000003,7488.072,5537.829
2060,city,West Jordan,West Jordan,,,,,,West Jordan,,,,,,,55559.0,136131.55,2.45,91809.0,16643.0,13189.0,61977.0,105108.36,11097.0,5546.0,6865.0,6324.0,13066.0,11197.0,7576.0,30138.0,285.47,22.425,7345.382,5646.084
2061,city,West Jordan,West Jordan,,,,,,West Jordan,,,,,,,55612.0,137071.575,2.465,92796.0,16763.0,13332.0,62701.0,106609.24,11195.0,5568.0,6922.0,6410.0,13231.0,11339.0,7639.0,30492.0,286.0,22.361,7754.133,5750.751
2062,city,West Jordan,West Jordan,,,,,,West Jordan,,,,,,,55657.0,137877.786,2.477,93422.0,16811.0,13435.0,63176.0,107270.213,11255.0,5556.0,6961.0,6474.0,13322.0,11443.0,7704.0,30707.0,285.47,22.316,7689.681,5850.752
2063,city,West Jordan,West Jordan,,,,,,West Jordan,,,,,,,55768.0,138729.289,2.488,93718.0,16844.0,13522.0,63352.0,107679.02,11272.0,5572.0,7003.0,6519.0,13372.0,11506.0,7771.0,30703.0,285.47,22.279999999999998,7695.372,5957.914
2064,city,West Jordan,West Jordan,,,,,,West Jordan,,,,,,,55795.0,139607.361,2.502,94247.0,16909.0,13597.0,63741.0,108388.46399999999,11321.0,5588.0,7037.0,6560.0,13454.0,11593.0,7826.0,30868.0,286.0,22.247,7756.389,6076.829
2065,city,West Jordan,West Jordan,,,,,,West Jordan,,,,,,,55820.0,140383.963,2.515,94804.0,16974.0,13649.0,64181.0,109216.094,11368.0,5606.0,7049.0,6600.0,13534.0,11692.0,7901.0,31054.0,285.47,22.221,7929.487,6174.918
2023,city,West Mountain,West Mountain,,,,,,West Mountain,,,,,,,0.0,0.0,0,0.0,0.0,0.0,0.0,0.0,0.0,0.0,0.0,0.0,0.0,0.0,0.0,0.0,0.0,0.0,0.0,0.0
2024,city,West Mountain,West Mountain,,,,,,West Mountain,,,,,,,0.0,0.0,0,0.0,0.0,0.0,0.0,0.0,0.0,0.0,0.0,0.0,0.0,0.0,0.0,0.0,0.0,0.0,0.0,0.0
2025,city,West Mountain,West Mountain,,,,,,West Mountain,,,,,,,0.0,0.0,0,0.0,0.0,0.0,0.0,0.0,0.0,0.0,0.0,0.0,0.0,0.0,0.0,0.0,0.0,0.0,0.0,0.0
2026,city,West Mountain,West Mountain,,,,,,West Mountain,,,,,,,0.0,0.0,0,0.0,0.0,0.0,0.0,0.0,0.0,0.0,0.0,0.0,0.0,0.0,0.0,0.0,0.0,0.0,0.0,0.0
2027,city,West Mountain,West Mountain,,,,,,West Mountain,,,,,,,0.0,0.0,0,0.0,0.0,0.0,0.0,0.0,0.0,0.0,0.0,0.0,0.0,0.0,0.0,0.0,0.0,0.0,0.0,0.0
2028,city,West Mountain,West Mountain,,,,,,West Mountain,,,,,,,0.0,0.0,0,0.0,0.0,0.0,0.0,0.0,0.0,0.0,0.0,0.0,0.0,0.0,0.0,0.0,0.0,0.0,0.0,0.0
2029,city,West Mountain,West Mountain,,,,,,West Mountain,,,,,,,0.0,0.0,0,0.0,0.0,0.0,0.0,0.0,0.0,0.0,0.0,0.0,0.0,0.0,0.0,0.0,0.0,0.0,0.0,0.0
2030,city,West Mountain,West Mountain,,,,,,West Mountain,,,,,,,0.0,0.0,0,0.0,0.0,0.0,0.0,0.0,0.0,0.0,0.0,0.0,0.0,0.0,0.0,0.0,0.0,0.0,0.0,0.0
2031,city,West Mountain,West Mountain,,,,,,West Mountain,,,,,,,0.0,0.0,0,0.0,0.0,0.0,0.0,0.0,0.0,0.0,0.0,0.0,0.0,0.0,0.0,0.0,0.0,0.0,0.0,0.0
2032,city,West Mountain,West Mountain,,,,,,West Mountain,,,,,,,0.0,0.0,0,0.0,0.0,0.0,0.0,0.0,0.0,0.0,0.0,0.0,0.0,0.0,0.0,0.0,0.0,0.0,0.0,0.0
2033,city,West Mountain,West Mountain,,,,,,West Mountain,,,,,,,0.0,0.0,0,0.0,0.0,0.0,0.0,0.0,0.0,0.0,0.0,0.0,0.0,0.0,0.0,0.0,0.0,0.0,0.0,0.0
2034,city,West Mountain,West Mountain,,,,,,West Mountain,,,,,,,0.0,0.0,0,0.0,0.0,0.0,0.0,0.0,0.0,0.0,0.0,0.0,0.0,0.0,0.0,0.0,0.0,0.0,0.0,0.0
2035,city,West Mountain,West Mountain,,,,,,West Mountain,,,,,,,0.0,0.0,0,0.0,0.0,0.0,0.0,0.0,0.0,0.0,0.0,0.0,0.0,0.0,0.0,0.0,0.0,0.0,0.0,0.0
2036,city,West Mountain,West Mountain,,,,,,West Mountain,,,,,,,0.0,0.0,0,0.0,0.0,0.0,0.0,0.0,0.0,0.0,0.0,0.0,0.0,0.0,0.0,0.0,0.0,0.0,0.0,0.0
2037,city,West Mountain,West Mountain,,,,,,West Mountain,,,,,,,0.0,0.0,0,0.0,0.0,0.0,0.0,0.0,0.0,0.0,0.0,0.0,0.0,0.0,0.0,0.0,0.0,0.0,0.0,0.0
2038,city,West Mountain,West Mountain,,,,,,West Mountain,,,,,,,0.0,0.0,0,0.0,0.0,0.0,0.0,0.0,0.0,0.0,0.0,0.0,0.0,0.0,0.0,0.0,0.0,0.0,0.0,0.0
2039,city,West Mountain,West Mountain,,,,,,West Mountain,,,,,,,0.0,0.0,0,0.0,0.0,0.0,0.0,0.0,0.0,0.0,0.0,0.0,0.0,0.0,0.0,0.0,0.0,0.0,0.0,0.0
2040,city,West Mountain,West Mountain,,,,,,West Mountain,,,,,,,0.0,0.0,0,0.0,0.0,0.0,0.0,0.0,0.0,0.0,0.0,0.0,0.0,0.0,0.0,0.0,0.0,0.0,0.0,0.0
2041,city,West Mountain,West Mountain,,,,,,West Mountain,,,,,,,0.0,0.0,0,0.0,0.0,0.0,0.0,0.0,0.0,0.0,0.0,0.0,0.0,0.0,0.0,0.0,0.0,0.0,0.0,0.0
2042,city,West Mountain,West Mountain,,,,,,West Mountain,,,,,,,0.0,0.0,0,0.0,0.0,0.0,0.0,0.0,0.0,0.0,0.0,0.0,0.0,0.0,0.0,0.0,0.0,0.0,0.0,0.0
2043,city,West Mountain,West Mountain,,,,,,West Mountain,,,,,,,0.0,0.0,0,0.0,0.0,0.0,0.0,0.0,0.0,0.0,0.0,0.0,0.0,0.0,0.0,0.0,0.0,0.0,0.0,0.0
2044,city,West Mountain,West Mountain,,,,,,West Mountain,,,,,,,0.0,0.0,0,0.0,0.0,0.0,0.0,0.0,0.0,0.0,0.0,0.0,0.0,0.0,0.0,0.0,0.0,0.0,0.0,0.0
2045,city,West Mountain,West Mountain,,,,,,West Mountain,,,,,,,0.0,0.0,0,0.0,0.0,0.0,0.0,0.0,0.0,0.0,0.0,0.0,0.0,0.0,0.0,0.0,0.0,0.0,0.0,0.0
2046,city,West Mountain,West Mountain,,,,,,West Mountain,,,,,,,0.0,0.0,0,0.0,0.0,0.0,0.0,0.0,0.0,0.0,0.0,0.0,0.0,0.0,0.0,0.0,0.0,0.0,0.0,0.0
2047,city,West Mountain,West Mountain,,,,,,West Mountain,,,,,,,0.0,0.0,0,0.0,0.0,0.0,0.0,0.0,0.0,0.0,0.0,0.0,0.0,0.0,0.0,0.0,0.0,0.0,0.0,0.0
2048,city,West Mountain,West Mountain,,,,,,West Mountain,,,,,,,0.0,0.0,0,0.0,0.0,0.0,0.0,0.0,0.0,0.0,0.0,0.0,0.0,0.0,0.0,0.0,0.0,0.0,0.0,0.0
2049,city,West Mountain,West Mountain,,,,,,West Mountain,,,,,,,0.0,0.0,0,0.0,0.0,0.0,0.0,0.0,0.0,0.0,0.0,0.0,0.0,0.0,0.0,0.0,0.0,0.0,0.0,0.0
2050,city,West Mountain,West Mountain,,,,,,West Mountain,,,,,,,0.0,0.0,0,0.0,0.0,0.0,0.0,0.0,0.0,0.0,0.0,0.0,0.0,0.0,0.0,0.0,0.0,0.0,0.0,0.0
2051,city,West Mountain,West Mountain,,,,,,West Mountain,,,,,,,0.0,0.0,0,0.0,0.0,0.0,0.0,0.0,0.0,0.0,0.0,0.0,0.0,0.0,0.0,0.0,0.0,0.0,0.0,0.0
2052,city,West Mountain,West Mountain,,,,,,West Mountain,,,,,,,0.0,0.0,0,0.0,0.0,0.0,0.0,0.0,0.0,0.0,0.0,0.0,0.0,0.0,0.0,0.0,0.0,0.0,0.0,0.0
2053,city,West Mountain,West Mountain,,,,,,West Mountain,,,,,,,0.0,0.0,0,0.0,0.0,0.0,0.0,0.0,0.0,0.0,0.0,0.0,0.0,0.0,0.0,0.0,0.0,0.0,0.0,0.0
2054,city,West Mountain,West Mountain,,,,,,West Mountain,,,,,,,0.0,0.0,0,0.0,0.0,0.0,0.0,0.0,0.0,0.0,0.0,0.0,0.0,0.0,0.0,0.0,0.0,0.0,0.0,0.0
2055,city,West Mountain,West Mountain,,,,,,West Mountain,,,,,,,0.0,0.0,0,0.0,0.0,0.0,0.0,0.0,0.0,0.0,0.0,0.0,0.0,0.0,0.0,0.0,0.0,0.0,0.0,0.0
2056,city,West Mountain,West Mountain,,,,,,West Mountain,,,,,,,0.0,0.0,0,0.0,0.0,0.0,0.0,0.0,0.0,0.0,0.0,0.0,0.0,0.0,0.0,0.0,0.0,0.0,0.0,0.0
2057,city,West Mountain,West Mountain,,,,,,West Mountain,,,,,,,0.0,0.0,0,0.0,0.0,0.0,0.0,0.0,0.0,0.0,0.0,0.0,0.0,0.0,0.0,0.0,0.0,0.0,0.0,0.0
2058,city,West Mountain,West Mountain,,,,,,West Mountain,,,,,,,0.0,0.0,0,0.0,0.0,0.0,0.0,0.0,0.0,0.0,0.0,0.0,0.0,0.0,0.0,0.0,0.0,0.0,0.0,0.0
2059,city,West Mountain,West Mountain,,,,,,West Mountain,,,,,,,0.0,0.0,0,0.0,0.0,0.0,0.0,0.0,0.0,0.0,0.0,0.0,0.0,0.0,0.0,0.0,0.0,0.0,0.0,0.0
2060,city,West Mountain,West Mountain,,,,,,West Mountain,,,,,,,0.0,0.0,0,0.0,0.0,0.0,0.0,0.0,0.0,0.0,0.0,0.0,0.0,0.0,0.0,0.0,0.0,0.0,0.0,0.0
2061,city,West Mountain,West Mountain,,,,,,West Mountain,,,,,,,0.0,0.0,0,0.0,0.0,0.0,0.0,0.0,0.0,0.0,0.0,0.0,0.0,0.0,0.0,0.0,0.0,0.0,0.0,0.0
2062,city,West Mountain,West Mountain,,,,,,West Mountain,,,,,,,0.0,0.0,0,0.0,0.0,0.0,0.0,0.0,0.0,0.0,0.0,0.0,0.0,0.0,0.0,0.0,0.0,0.0,0.0,0.0
2063,city,West Mountain,West Mountain,,,,,,West Mountain,,,,,,,0.0,0.0,0,0.0,0.0,0.0,0.0,0.0,0.0,0.0,0.0,0.0,0.0,0.0,0.0,0.0,0.0,0.0,0.0,0.0
2064,city,West Mountain,West Mountain,,,,,,West Mountain,,,,,,,0.0,0.0,0,0.0,0.0,0.0,0.0,0.0,0.0,0.0,0.0,0.0,0.0,0.0,0.0,0.0,0.0,0.0,0.0,0.0
2065,city,West Mountain,West Mountain,,,,,,West Mountain,,,,,,,0.0,0.0,0,0.0,0.0,0.0,0.0,0.0,0.0,0.0,0.0,0.0,0.0,0.0,0.0,0.0,0.0,0.0,0.0,0.0
2023,city,West Mountain Town,West Mountain Town,,,,,,West Mountain Town,,,,,,,51.0,167.4,3.282,173.0,4.0,7.0,162.0,331.642,3.0,1.0,2.0,5.0,124.0,18.0,4.0,16.0,57.453,0.0,98.185,3.004
2024,city,West Mountain Town,West Mountain Town,,,,,,West Mountain Town,,,,,,,52.0,170.786,3.284,172.0,4.0,8.0,160.0,237.721,3.0,1.0,2.0,6.0,122.0,18.0,4.0,16.0,58.46,0.0,4.255,3.0060000000000002
2025,city,West Mountain Town,West Mountain Town,,,,,,West Mountain Town,,,,,,,53.0,171.04,3.227,172.0,4.0,8.0,160.0,245.93099999999998,3.0,1.0,2.0,6.0,122.0,18.0,4.0,16.0,58.446000000000005,0.0,12.48,3.005
2026,city,West Mountain Town,West Mountain Town,,,,,,West Mountain Town,,,,,,,54.0,173.054,3.205,172.0,4.0,8.0,160.0,245.62,3.0,1.0,2.0,6.0,122.0,18.0,4.0,16.0,58.446000000000005,0.0,12.173000000000002,3.001
2027,city,West Mountain Town,West Mountain Town,,,,,,West Mountain Town,,,,,,,54.0,171.212,3.171,172.0,4.0,8.0,160.0,241.791,3.0,1.0,2.0,6.0,122.0,18.0,4.0,16.0,58.478,0.0,8.309000000000001,3.0029999999999997
2028,city,West Mountain Town,West Mountain Town,,,,,,West Mountain Town,,,,,,,54.0,169.371,3.137,172.0,4.0,8.0,160.0,241.588,3.0,1.0,2.0,6.0,122.0,18.0,4.0,16.0,58.419000000000004,0.0,8.165999999999999,3.004
2029,city,West Mountain Town,West Mountain Town,,,,,,West Mountain Town,,,,,,,54.0,167.644,3.105,172.0,4.0,8.0,160.0,241.34,3.0,1.0,2.0,6.0,122.0,18.0,4.0,16.0,58.484,0.0,7.853,3.0029999999999997
2030,city,West Mountain Town,West Mountain Town,,,,,,West Mountain Town,,,,,,,54.0,166.031,3.075,172.0,4.0,8.0,160.0,241.524,3.0,1.0,2.0,6.0,122.0,18.0,4.0,16.0,58.629000000000005,0.0,7.8919999999999995,3.0029999999999997
2031,city,West Mountain Town,West Mountain Town,,,,,,West Mountain Town,,,,,,,54.0,164.499,3.046,172.0,4.0,8.0,160.0,241.99699999999999,3.0,1.0,2.0,6.0,122.0,18.0,4.0,16.0,58.584,0.0,8.411,3.0029999999999997
2032,city,West Mountain Town,West Mountain Town,,,,,,West Mountain Town,,,,,,,54.0,163.10399999999998,3.02,172.0,4.0,8.0,160.0,242.501,3.0,1.0,2.0,6.0,122.0,18.0,4.0,16.0,58.601,0.0,8.901,3.0
2033,city,West Mountain Town,West Mountain Town,,,,,,West Mountain Town,,,,,,,54.0,161.919,2.999,172.0,4.0,8.0,160.0,243.446,3.0,1.0,2.0,6.0,122.0,18.0,4.0,16.0,59.368,0.0,9.075,3.0029999999999997
2034,city,West Mountain Town,West Mountain Town,,,,,,West Mountain Town,,,,,,,54.0,160.86599999999999,2.979,172.0,4.0,8.0,160.0,244.332,3.0,1.0,2.0,6.0,122.0,18.0,4.0,16.0,59.642,0.0,9.687,3.0029999999999997
2035,city,West Mountain Town,West Mountain Town,,,,,,West Mountain Town,,,,,,,54.0,159.925,2.962,170.0,3.0,8.0,159.0,242.568,3.0,0.0,2.0,6.0,122.0,18.0,4.0,15.0,60.587,0.0,8.978,3.0029999999999997
2036,city,West Mountain Town,West Mountain Town,,,,,,West Mountain Town,,,,,,,54.0,159.082,2.946,172.0,3.0,8.0,161.0,245.273,3.0,0.0,2.0,6.0,122.0,18.0,4.0,17.0,60.522,0.0,9.75,3.0029999999999997
2037,city,West Mountain Town,West Mountain Town,,,,,,West Mountain Town,,,,,,,54.0,156.66699999999997,2.901,172.0,5.0,10.0,157.0,245.23600000000002,4.0,1.0,3.0,7.0,120.0,17.0,4.0,16.0,61.446,0.0,8.788,3.002
2038,city,West Mountain Town,West Mountain Town,,,,,,West Mountain Town,,,,,,,54.0,155.929,2.888,172.0,5.0,10.0,157.0,246.447,4.0,1.0,3.0,7.0,120.0,17.0,4.0,16.0,62.674,0.0,8.771,3.001
2039,city,West Mountain Town,West Mountain Town,,,,,,West Mountain Town,,,,,,,54.0,155.26,2.875,172.0,5.0,10.0,157.0,245.891,4.0,1.0,3.0,7.0,120.0,17.0,4.0,16.0,62.606,0.0,8.285,3.001
2040,city,West Mountain Town,West Mountain Town,,,,,,West Mountain Town,,,,,,,54.0,154.60399999999998,2.863,172.0,5.0,10.0,157.0,245.855,4.0,1.0,3.0,7.0,120.0,17.0,4.0,16.0,62.538000000000004,0.0,8.317,3.0
2041,city,West Mountain Town,West Mountain Town,,,,,,West Mountain Town,,,,,,,54.0,153.989,2.852,172.0,5.0,10.0,157.0,245.061,4.0,1.0,3.0,7.0,120.0,17.0,4.0,16.0,62.556,0.0,7.502,3.002
2042,city,West Mountain Town,West Mountain Town,,,,,,West Mountain Town,,,,,,,54.0,153.373,2.84,172.0,5.0,10.0,157.0,245.67000000000002,4.0,1.0,3.0,7.0,120.0,17.0,4.0,16.0,63.6,0.0,7.068,3.0029999999999997
2043,city,West Mountain Town,West Mountain Town,,,,,,West Mountain Town,,,,,,,54.0,152.802,2.83,172.0,5.0,10.0,157.0,245.908,4.0,1.0,3.0,7.0,120.0,17.0,4.0,16.0,63.513,0.0,7.394,3.001
2044,city,West Mountain Town,West Mountain Town,,,,,,West Mountain Town,,,,,,,54.0,152.279,2.82,172.0,5.0,10.0,157.0,246.736,4.0,1.0,3.0,7.0,120.0,17.0,4.0,16.0,64.50399999999999,0.0,7.228,3.0029999999999997
2045,city,West Mountain Town,West Mountain Town,,,,,,West Mountain Town,,,,,,,54.0,151.747,2.81,172.0,5.0,10.0,157.0,248.402,4.0,1.0,3.0,7.0,120.0,17.0,4.0,16.0,66.43,0.0,6.970000000000001,3.001
2046,city,West Mountain Town,West Mountain Town,,,,,,West Mountain Town,,,,,,,54.0,151.224,2.8,172.0,5.0,10.0,157.0,248.304,4.0,1.0,3.0,7.0,120.0,17.0,4.0,16.0,66.50399999999999,0.0,6.8,3.0
2047,city,West Mountain Town,West Mountain Town,,,,,,West Mountain Town,,,,,,,54.0,150.687,2.791,172.0,5.0,10.0,157.0,249.209,4.0,1.0,3.0,7.0,120.0,17.0,4.0,16.0,67.439,0.0,6.773,2.999
2048,city,West Mountain Town,West Mountain Town,,,,,,West Mountain Town,,,,,,,77.0,223.94899999999998,2.908,172.0,5.0,10.0,157.0,302.78,4.0,1.0,3.0,7.0,120.0,17.0,4.0,16.0,68.333,0.0,57.447,5.0
2049,city,West Mountain Town,West Mountain Town,,,,,,West Mountain Town,,,,,,,93.0,275.86600000000004,2.966,173.0,5.0,10.0,158.0,281.346,4.0,1.0,3.0,7.0,120.0,17.0,4.0,17.0,69.301,0.0,33.047,5.9990000000000006
2050,city,West Mountain Town,West Mountain Town,,,,,,West Mountain Town,,,,,,,145.0,435.548,3.004,173.0,5.0,10.0,158.0,362.326,4.0,1.0,3.0,7.0,120.0,17.0,4.0,17.0,69.586,0.0,110.741,9.0
2051,city,West Mountain Town,West Mountain Town,,,,,,West Mountain Town,,,,,,,177.0,527.783,2.982,173.0,5.0,10.0,158.0,307.862,4.0,1.0,3.0,7.0,120.0,17.0,4.0,17.0,70.713,0.0,53.149,11.0
2052,city,West Mountain Town,West Mountain Town,,,,,,West Mountain Town,,,,,,,201.0,605.1850000000001,3.011,173.0,5.0,10.0,158.0,310.344,4.0,1.0,3.0,7.0,120.0,17.0,4.0,17.0,71.943,0.0,52.4,13.001
2053,city,West Mountain Town,West Mountain Town,,,,,,West Mountain Town,,,,,,,215.0,647.139,3.01,173.0,5.0,10.0,158.0,294.797,4.0,1.0,3.0,7.0,120.0,17.0,4.0,17.0,70.892,0.0,37.897999999999996,13.008
2054,city,West Mountain Town,West Mountain Town,,,,,,West Mountain Town,,,,,,,221.0,659.97,2.986,173.0,5.0,10.0,158.0,276.83299999999997,4.0,1.0,3.0,7.0,120.0,17.0,4.0,17.0,70.836,0.0,18.992,14.004999999999999
2055,city,West Mountain Town,West Mountain Town,,,,,,West Mountain Town,,,,,,,226.0,671.757,2.972,173.0,5.0,10.0,158.0,277.428,4.0,1.0,3.0,7.0,120.0,17.0,4.0,17.0,70.878,0.0,19.548000000000002,14.002
2056,city,West Mountain Town,West Mountain Town,,,,,,West Mountain Town,,,,,,,235.0,696.817,2.965,173.0,5.0,10.0,158.0,283.239,4.0,1.0,3.0,7.0,120.0,17.0,4.0,17.0,69.86699999999999,0.0,25.374,14.999
2057,city,West Mountain Town,West Mountain Town,,,,,,West Mountain Town,,,,,,,236.0,701.4019999999999,2.972,173.0,5.0,10.0,158.0,278.154,4.0,1.0,3.0,7.0,120.0,17.0,4.0,17.0,68.895,0.0,20.265,15.995000000000001
2058,city,West Mountain Town,West Mountain Town,,,,,,West Mountain Town,,,,,,,236.0,710.63,3.011,173.0,5.0,10.0,158.0,278.24699999999996,4.0,1.0,3.0,7.0,120.0,17.0,4.0,17.0,68.916,0.0,20.334,15.997
2059,city,West Mountain Town,West Mountain Town,,,,,,West Mountain Town,,,,,,,236.0,718.569,3.045,173.0,5.0,10.0,158.0,277.707,4.0,1.0,3.0,7.0,120.0,17.0,4.0,17.0,68.92,0.0,19.785,16.002000000000002
2060,city,West Mountain Town,West Mountain Town,,,,,,West Mountain Town,,,,,,,236.0,727.538,3.083,173.0,5.0,10.0,158.0,278.31,4.0,1.0,3.0,7.0,120.0,17.0,4.0,17.0,68.941,0.0,20.372,15.995000000000001
2061,city,West Mountain Town,West Mountain Town,,,,,,West Mountain Town,,,,,,,236.0,737.7230000000001,3.126,173.0,5.0,10.0,158.0,279.711,4.0,1.0,3.0,7.0,120.0,17.0,4.0,17.0,68.885,0.0,20.826,16.999000000000002
2062,city,West Mountain Town,West Mountain Town,,,,,,West Mountain Town,,,,,,,236.0,746.6700000000001,3.164,173.0,5.0,10.0,158.0,280.452,4.0,1.0,3.0,7.0,120.0,17.0,4.0,17.0,68.82900000000001,0.0,20.617,18.006
2063,city,West Mountain Town,West Mountain Town,,,,,,West Mountain Town,,,,,,,236.0,755.733,3.202,173.0,5.0,10.0,158.0,281.127,4.0,1.0,3.0,7.0,120.0,17.0,4.0,17.0,68.812,0.0,21.314,18.002000000000002
2064,city,West Mountain Town,West Mountain Town,,,,,,West Mountain Town,,,,,,,236.0,765.341,3.243,173.0,5.0,10.0,158.0,281.58000000000004,4.0,1.0,3.0,7.0,120.0,17.0,4.0,17.0,68.853,0.0,21.723,18.005
2065,city,West Mountain Town,West Mountain Town,,,,,,West Mountain Town,,,,,,,236.0,774.12,3.28,173.0,5.0,10.0,158.0,280.335,4.0,1.0,3.0,7.0,120.0,17.0,4.0,17.0,67.9,0.0,21.438,17.995
2023,city,West Point,West Point,,,,,,West Point,,,,,,,4300.0,13963.686,3.247,1662.0,407.0,111.0,1144.0,2426.102,259.0,148.0,12.0,99.0,147.0,366.0,102.0,529.0,207.863,0.0,367.96000000000004,188.276
2024,city,West Point,West Point,,,,,,West Point,,,,,,,4615.0,15011.721,3.253,1660.0,405.0,109.0,1146.0,4469.595,257.0,148.0,14.0,95.0,146.0,372.0,106.0,522.0,206.42,0.0,2407.068,196.112
2025,city,West Point,West Point,,,,,,West Point,,,,,,,5332.0,17323.742,3.249,1671.0,404.0,111.0,1156.0,2889.0679999999998,257.0,147.0,14.0,97.0,145.0,374.0,108.0,529.0,204.885,0.0,764.3520000000001,248.83100000000002
2026,city,West Point,West Point,,,,,,West Point,,,,,,,5924.0,19098.211,3.224,1677.0,401.0,111.0,1165.0,3240.42,254.0,147.0,14.0,97.0,146.0,372.0,111.0,536.0,202.40200000000002,0.0,1085.113,275.90999999999997
2027,city,West Point,West Point,,,,,,West Point,,,,,,,6424.0,20488.925,3.189,1676.0,400.0,111.0,1165.0,3178.619,254.0,146.0,14.0,97.0,143.0,369.0,116.0,537.0,196.27100000000002,0.0,1004.543,301.802
2028,city,West Point,West Point,,,,,,West Point,,,,,,,6943.0,21948.929,3.161,1683.0,399.0,110.0,1174.0,3496.277,254.0,145.0,14.0,96.0,142.0,368.0,120.0,544.0,192.47,0.0,1295.598,325.207
2029,city,West Point,West Point,,,,,,West Point,,,,,,,7384.0,23162.437,3.137,1685.0,398.0,110.0,1177.0,3202.908,254.0,144.0,14.0,96.0,140.0,368.0,123.0,546.0,188.889,0.0,984.131,344.89
2030,city,West Point,West Point,,,,,,West Point,,,,,,,7991.0,24893.05,3.115,1695.0,399.0,109.0,1187.0,3299.533,255.0,144.0,14.0,95.0,138.0,365.0,128.0,556.0,183.652,0.0,1047.827,373.058
2031,city,West Point,West Point,,,,,,West Point,,,,,,,8454.0,26139.215,3.092,1702.0,399.0,110.0,1193.0,3062.218,258.0,141.0,15.0,95.0,139.0,361.0,131.0,562.0,181.786,0.0,785.073,393.359
2032,city,West Point,West Point,,,,,,West Point,,,,,,,8903.0,27283.38,3.065,1700.0,396.0,108.0,1196.0,3284.7889999999998,258.0,138.0,15.0,93.0,139.0,358.0,132.0,567.0,179.286,0.0,990.441,415.06
2033,city,West Point,West Point,,,,,,West Point,,,,,,,9470.0,28791.665,3.04,1705.0,396.0,108.0,1201.0,3696.129,258.0,138.0,15.0,93.0,139.0,354.0,135.0,573.0,179.13299999999998,0.0,1369.734,442.258
2034,city,West Point,West Point,,,,,,West Point,,,,,,,9777.0,29497.418,3.017,1718.0,397.0,108.0,1213.0,3192.84,258.0,139.0,15.0,93.0,138.0,349.0,138.0,588.0,178.271,0.0,834.77,461.804
2035,city,West Point,West Point,,,,,,West Point,,,,,,,10366.0,31049.128,2.995,1694.0,386.0,108.0,1200.0,4087.561,256.0,130.0,16.0,92.0,138.0,347.0,139.0,576.0,174.453,0.0,1739.633,479.478
2036,city,West Point,West Point,,,,,,West Point,,,,,,,11253.0,33491.959,2.976,1697.0,389.0,109.0,1199.0,4583.084,259.0,130.0,17.0,92.0,135.0,346.0,141.0,577.0,171.22299999999998,0.0,2195.499,519.363
2037,city,West Point,West Point,,,,,,West Point,,,,,,,12025.0,35485.944,2.951,1718.0,395.0,108.0,1215.0,4129.895,264.0,131.0,14.0,94.0,130.0,331.0,151.0,603.0,173.652,0.0,1683.0919999999999,555.151
2038,city,West Point,West Point,,,,,,West Point,,,,,,,12658.0,37065.372,2.928,1739.0,397.0,109.0,1233.0,3837.115,264.0,133.0,15.0,94.0,134.0,331.0,155.0,613.0,170.816,0.0,1339.063,588.235
2039,city,West Point,West Point,,,,,,West Point,,,,,,,13391.0,39009.776,2.913,1755.0,399.0,111.0,1245.0,4658.33,265.0,134.0,17.0,94.0,135.0,331.0,158.0,621.0,161.57999999999998,0.0,2118.592,623.164
2040,city,West Point,West Point,,,,,,West Point,,,,,,,14019.0,40670.572,2.901,1839.0,410.0,113.0,1316.0,4199.522,274.0,136.0,19.0,94.0,149.0,335.0,167.0,665.0,160.915,0.0,1542.771,656.83
2041,city,West Point,West Point,,,,,,West Point,,,,,,,14799.0,42710.99,2.886,2005.0,436.0,119.0,1450.0,4976.602,300.0,136.0,24.0,95.0,162.0,336.0,195.0,757.0,153.736,0.0,2125.867,692.0
2042,city,West Point,West Point,,,,,,West Point,,,,,,,15483.0,44524.242,2.876,2253.0,463.0,129.0,1661.0,4846.2,327.0,136.0,34.0,95.0,193.0,359.0,241.0,868.0,150.073,0.0,1712.124,731.0
2043,city,West Point,West Point,,,,,,West Point,,,,,,,15925.0,45548.308,2.86,2501.0,489.0,139.0,1873.0,4670.868,353.0,136.0,43.0,96.0,233.0,381.0,266.0,993.0,148.236,0.0,1269.358,752.273
2044,city,West Point,West Point,,,,,,West Point,,,,,,,16273.0,46388.098,2.851,2847.0,556.0,148.0,2143.0,4888.462,419.0,137.0,50.0,98.0,277.0,404.0,292.0,1170.0,147.349,0.0,1125.653,768.455
2045,city,West Point,West Point,,,,,,West Point,,,,,,,16472.0,46792.803,2.841,3230.0,589.0,159.0,2482.0,5551.749,452.0,137.0,58.0,101.0,327.0,436.0,335.0,1384.0,150.542,0.0,1389.21,782.0
2046,city,West Point,West Point,,,,,,West Point,,,,,,,16588.0,46983.702,2.832,3719.0,641.0,190.0,2888.0,5700.509,504.0,137.0,72.0,118.0,413.0,471.0,388.0,1616.0,155.93099999999998,0.0,1034.397,791.179
2047,city,West Point,West Point,,,,,,West Point,,,,,,,16644.0,46986.557,2.823,4159.0,684.0,220.0,3255.0,6182.598999999999,547.0,137.0,93.0,127.0,507.0,515.0,446.0,1787.0,157.375,0.0,1069.691,796.531
2048,city,West Point,West Point,,,,,,West Point,,,,,,,16814.0,47325.768,2.815,4571.0,732.0,235.0,3604.0,6688.757,595.0,137.0,101.0,134.0,600.0,571.0,498.0,1935.0,157.568,0.0,1149.126,811.063
2049,city,West Point,West Point,,,,,,West Point,,,,,,,17103.0,47963.943999999996,2.804,5061.0,795.0,256.0,4010.0,7515.49,658.0,137.0,120.0,136.0,712.0,657.0,561.0,2080.0,156.754,0.0,1468.0929999999998,829.643
2050,city,West Point,West Point,,,,,,West Point,,,,,,,17416.0,48700.45,2.796,6195.0,1029.0,303.0,4863.0,8418.914,884.0,145.0,150.0,153.0,850.0,796.0,716.0,2501.0,154.747,0.0,1218.811,850.357
2051,city,West Point,West Point,,,,,,West Point,,,,,,,17562.0,48948.566,2.787,6585.0,1093.0,326.0,5166.0,9284.417,948.0,145.0,171.0,155.0,946.0,808.0,772.0,2640.0,154.747,0.0,1684.5819999999999,860.0889999999999
2052,city,West Point,West Point,,,,,,West Point,,,,,,,17657.0,48999.046,2.775,6999.0,1164.0,350.0,5485.0,9451.057999999999,997.0,167.0,193.0,157.0,1017.0,877.0,822.0,2769.0,153.744,0.0,1431.0529999999999,867.265
2053,city,West Point,West Point,,,,,,West Point,,,,,,,17790.0,49165.924999999996,2.764,7449.0,1234.0,373.0,5842.0,9877.981000000002,1058.0,176.0,212.0,161.0,1066.0,946.0,877.0,2953.0,153.562,0.0,1399.723,875.697
2054,city,West Point,West Point,,,,,,West Point,,,,,,,17805.0,49003.901,2.752,7772.0,1285.0,392.0,6095.0,9959.503,1107.0,178.0,228.0,164.0,1106.0,999.0,932.0,3058.0,153.562,0.0,1154.5140000000001,879.431
2055,city,West Point,West Point,,,,,,West Point,,,,,,,18254.0,49815.016,2.729,8126.0,1335.0,407.0,6384.0,11455.987,1156.0,179.0,240.0,167.0,1135.0,1075.0,974.0,3200.0,153.372,0.0,2274.354,902.262
2056,city,West Point,West Point,,,,,,West Point,,,,,,,18415.0,50531.490000000005,2.744,8551.0,1389.0,417.0,6745.0,11152.427,1206.0,183.0,250.0,167.0,1184.0,1147.0,1048.0,3366.0,152.37,0.0,1525.232,923.824
2057,city,West Point,West Point,,,,,,West Point,,,,,,,18494.0,51017.902,2.759,8936.0,1455.0,443.0,7038.0,11546.762,1270.0,185.0,272.0,171.0,1233.0,1192.0,1098.0,3515.0,152.37,0.0,1521.217,937.174
2058,city,West Point,West Point,,,,,,West Point,,,,,,,18529.0,51480.294,2.778,9414.0,1507.0,465.0,7442.0,12062.674,1320.0,187.0,290.0,175.0,1313.0,1250.0,1160.0,3719.0,151.56,0.0,1550.592,946.523
2059,city,West Point,West Point,,,,,,West Point,,,,,,,18552.0,51941.25,2.8,9676.0,1536.0,477.0,7663.0,12385.464,1349.0,187.0,302.0,175.0,1353.0,1292.0,1211.0,3807.0,151.369,0.0,1600.742,957.349
2060,city,West Point,West Point,,,,,,West Point,,,,,,,18552.0,52373.287000000004,2.823,9940.0,1561.0,490.0,7889.0,12405.609,1373.0,188.0,317.0,173.0,1392.0,1385.0,1245.0,3867.0,151.185,0.0,1343.16,971.263
2061,city,West Point,West Point,,,,,,West Point,,,,,,,18563.0,52848.395000000004,2.847,10130.0,1581.0,501.0,8048.0,12642.493,1393.0,188.0,329.0,172.0,1423.0,1380.0,1316.0,3929.0,151.185,0.0,1378.655,982.65
2062,city,West Point,West Point,,,,,,West Point,,,,,,,18579.0,53271.148,2.867,10362.0,1605.0,514.0,8243.0,12844.763,1418.0,187.0,342.0,172.0,1453.0,1406.0,1361.0,4023.0,151.372,0.0,1342.737,988.652
2063,city,West Point,West Point,,,,,,West Point,,,,,,,18610.0,53653.358,2.883,10553.0,1622.0,533.0,8398.0,13001.547999999999,1435.0,187.0,360.0,173.0,1481.0,1428.0,1388.0,4101.0,151.564,0.0,1296.81,1000.172
2064,city,West Point,West Point,,,,,,West Point,,,,,,,18640.0,54126.734,2.904,10797.0,1642.0,556.0,8599.0,13380.825,1454.0,188.0,381.0,175.0,1504.0,1456.0,1438.0,4201.0,151.373,0.0,1420.499,1011.951
2065,city,West Point,West Point,,,,,,West Point,,,,,,,18640.0,54570.024,2.928,10962.0,1656.0,567.0,8739.0,13549.796,1468.0,188.0,392.0,175.0,1531.0,1476.0,1466.0,4266.0,151.756,0.0,1411.384,1024.653
2023,city,West Valley City,West Valley City,,,,,,West Valley City,,,,,,,43319.0,149318.313,3.447,83540.0,13377.0,22122.0,48041.0,92332.156,7969.0,5408.0,8815.0,13307.0,11183.0,8991.0,2833.0,25034.0,73.174,180.84,5763.5380000000005,2774.61
2024,city,West Valley City,West Valley City,,,,,,West Valley City,,,,,,,43672.0,148765.208,3.406,84918.0,13532.0,22256.0,49130.0,92165.872,8028.0,5504.0,8686.0,13570.0,11201.0,9462.0,2989.0,25478.0,73.411,185.17100000000002,4258.808,2730.493
2025,city,West Valley City,West Valley City,,,,,,West Valley City,,,,,,,44294.0,148919.685,3.362,85904.0,13557.0,22489.0,49858.0,94980.778,8064.0,5493.0,8717.0,13772.0,11266.0,9618.0,3203.0,25771.0,72.288,182.94500000000002,5802.474,3019.076
2026,city,West Valley City,West Valley City,,,,,,West Valley City,,,,,,,44966.0,149249.289,3.319,86009.0,13532.0,22564.0,49913.0,95246.423,8041.0,5491.0,8715.0,13849.0,11125.0,9599.0,3299.0,25890.0,72.229,186.839,5910.869,3067.492
2027,city,West Valley City,West Valley City,,,,,,West Valley City,,,,,,,45546.0,149166.718,3.275,86994.0,13585.0,22736.0,50673.0,96965.057,8103.0,5482.0,8710.0,14026.0,11128.0,9765.0,3484.0,26296.0,71.637,189.382,6575.648,3134.388
2028,city,West Valley City,West Valley City,,,,,,West Valley City,,,,,,,45899.0,148612.563,3.238,87711.0,13587.0,22766.0,51358.0,97366.216,8126.0,5461.0,8710.0,14056.0,11248.0,9871.0,3585.0,26654.0,73.539,180.28400000000002,6236.295,3165.096
2029,city,West Valley City,West Valley City,,,,,,West Valley City,,,,,,,46247.0,148105.378,3.202,88405.0,13597.0,22816.0,51992.0,97989.935,8173.0,5424.0,8705.0,14111.0,11376.0,9940.0,3682.0,26994.0,73.239,169.04100000000003,6135.179,3207.475
2030,city,West Valley City,West Valley City,,,,,,West Valley City,,,,,,,46462.0,147188.30000000002,3.168,89200.0,13646.0,22845.0,52709.0,98806.76699999999,8262.0,5384.0,8722.0,14123.0,11538.0,10007.0,3853.0,27311.0,73.42699999999999,165.465,6111.5,3256.38
2031,city,West Valley City,West Valley City,,,,,,West Valley City,,,,,,,46672.0,146348.12900000002,3.136,89680.0,13703.0,22900.0,53077.0,99394.633,8381.0,5322.0,8735.0,14165.0,11629.0,10000.0,3913.0,27535.0,77.452,165.82299999999998,6179.268,3292.092
2032,city,West Valley City,West Valley City,,,,,,West Valley City,,,,,,,46945.0,145795.295,3.106,90195.0,13747.0,22924.0,53524.0,99900.547,8478.0,5269.0,8732.0,14192.0,11715.0,10004.0,4011.0,27794.0,77.587,173.371,6121.622,3332.975
2033,city,West Valley City,West Valley City,,,,,,West Valley City,,,,,,,47250.0,145322.886,3.076,91077.0,13861.0,22948.0,54268.0,100500.229,8599.0,5262.0,8737.0,14211.0,11913.0,10022.0,4099.0,28234.0,78.65299999999999,181.475,5779.09,3384.021
2034,city,West Valley City,West Valley City,,,,,,West Valley City,,,,,,,47658.0,145156.27,3.046,91637.0,13927.0,22994.0,54716.0,101764.29,8629.0,5298.0,8730.0,14264.0,12007.0,10011.0,4162.0,28536.0,78.98599999999999,188.626,6400.035,3459.641
2035,city,West Valley City,West Valley City,,,,,,West Valley City,,,,,,,48038.0,144986.12900000002,3.018,91247.0,13771.0,22803.0,54673.0,101256.337,8648.0,5123.0,8730.0,14073.0,12098.0,9997.0,4175.0,28403.0,78.922,190.852,6252.474,3487.0899999999997
2036,city,West Valley City,West Valley City,,,,,,West Valley City,,,,,,,48421.0,144845.371,2.991,91702.0,13887.0,22688.0,55127.0,101833.154,8737.0,5150.0,8709.0,13979.0,12214.0,10015.0,4213.0,28685.0,77.019,189.34099999999998,6315.696,3549.092
2037,city,West Valley City,West Valley City,,,,,,West Valley City,,,,,,,48835.0,144990.219,2.969,91321.0,13751.0,22633.0,54937.0,101438.565,8664.0,5087.0,8743.0,13890.0,12136.0,9984.0,4273.0,28544.0,74.743,187.514,6242.484,3612.823
2038,city,West Valley City,West Valley City,,,,,,West Valley City,,,,,,,49234.0,144959.598,2.944,91874.0,13791.0,22656.0,55427.0,102177.187,8676.0,5115.0,8743.0,13913.0,12239.0,10015.0,4333.0,28840.0,75.752,186.918,6338.701,3701.823
2039,city,West Valley City,West Valley City,,,,,,West Valley City,,,,,,,49712.0,145193.511,2.921,91764.0,13852.0,22672.0,55240.0,102275.706,8724.0,5128.0,8737.0,13935.0,12135.0,10041.0,4362.0,28702.0,76.445,186.601,6468.661,3780.0
2040,city,West Valley City,West Valley City,,,,,,West Valley City,,,,,,,50215.0,145546.491,2.898,91766.0,13699.0,22684.0,55383.0,102270.95,8777.0,4922.0,8732.0,13952.0,12202.0,10093.0,4412.0,28676.0,77.513,186.561,6377.132,3863.7419999999997
2041,city,West Valley City,West Valley City,,,,,,West Valley City,,,,,,,50686.0,145877.418,2.878,91985.0,13704.0,22694.0,55587.0,101974.012,8884.0,4820.0,8709.0,13985.0,12266.0,10133.0,4461.0,28727.0,77.45,187.31599999999997,5780.179,3944.074
2042,city,West Valley City,West Valley City,,,,,,West Valley City,,,,,,,51051.0,145995.197,2.86,93498.0,13865.0,22996.0,56637.0,106330.329,9064.0,4801.0,8696.0,14300.0,12439.0,10244.0,4516.0,29438.0,78.58,189.103,8547.982,4016.659
2043,city,West Valley City,West Valley City,,,,,,West Valley City,,,,,,,51473.0,146327.49599999998,2.843,94822.0,14068.0,23286.0,57468.0,104914.657,9232.0,4836.0,8685.0,14601.0,12502.0,10339.0,4578.0,30049.0,78.71000000000001,190.612,5718.601,4104.738
2044,city,West Valley City,West Valley City,,,,,,West Valley City,,,,,,,51871.0,146602.797,2.826,96242.0,14224.0,23655.0,58363.0,106546.333,9355.0,4869.0,8683.0,14972.0,12626.0,10456.0,4626.0,30655.0,79.131,190.41400000000002,5841.9710000000005,4192.826
2045,city,West Valley City,West Valley City,,,,,,West Valley City,,,,,,,52232.0,146874.238,2.812,98204.0,14548.0,23936.0,59720.0,110446.257,9607.0,4941.0,8662.0,15274.0,12860.0,10609.0,4703.0,31548.0,80.06899999999999,190.018,7695.798,4276.385
2046,city,West Valley City,West Valley City,,,,,,West Valley City,,,,,,,52499.0,146956.532,2.799,99627.0,14326.0,24138.0,61163.0,111240.354,9518.0,4808.0,8524.0,15614.0,13123.0,10780.0,4852.0,32408.0,78.809,190.136,6984.5,4359.91
2047,city,West Valley City,West Valley City,,,,,,West Valley City,,,,,,,52870.0,147197.994,2.784,101004.0,14321.0,24466.0,62217.0,112488.842,9646.0,4675.0,8524.0,15942.0,13282.0,10905.0,4972.0,33058.0,80.068,191.488,6760.498,4452.783
2048,city,West Valley City,West Valley City,,,,,,West Valley City,,,,,,,53275.0,147590.945,2.77,102293.0,14449.0,24668.0,63176.0,113809.53199999999,9771.0,4678.0,8524.0,16144.0,13534.0,11065.0,5044.0,33533.0,80.0,193.632,6691.555,4551.35
2049,city,West Valley City,West Valley City,,,,,,West Valley City,,,,,,,53650.0,147931.238,2.757,103861.0,14707.0,24804.0,64350.0,115535.474,9937.0,4770.0,8525.0,16279.0,13727.0,11217.0,5292.0,34114.0,79.932,195.81799999999998,6744.5509999999995,4654.173
2050,city,West Valley City,West Valley City,,,,,,West Valley City,,,,,,,54070.0,148430.877,2.745,104788.0,14816.0,24937.0,65035.0,116910.309,10012.0,4804.0,8525.0,16412.0,13877.0,11348.0,5366.0,34444.0,80.0,197.962,7085.946,4758.394
2051,city,West Valley City,West Valley City,,,,,,West Valley City,,,,,,,54401.0,148703.373,2.733,105921.0,15044.0,25064.0,65813.0,118529.748,10191.0,4853.0,8524.0,16540.0,14000.0,11476.0,5460.0,34877.0,79.932,199.75,7483.203,4845.865
2052,city,West Valley City,West Valley City,,,,,,West Valley City,,,,,,,54708.0,148874.883,2.721,106862.0,15265.0,25182.0,66415.0,119518.373,10353.0,4912.0,8525.0,16657.0,14048.0,11625.0,5488.0,35254.0,80.0,201.816,7434.956,4939.604
2053,city,West Valley City,West Valley City,,,,,,West Valley City,,,,,,,54948.0,148879.19,2.709,108027.0,15445.0,25336.0,67246.0,121144.829,10469.0,4976.0,8525.0,16811.0,14170.0,11808.0,5573.0,35695.0,80.0,204.12,7810.961,5022.745
2054,city,West Valley City,West Valley City,,,,,,West Valley City,,,,,,,55326.0,149234.563,2.697,108640.0,15585.0,25473.0,67582.0,122598.209,10682.0,4903.0,8513.0,16960.0,14231.0,11901.0,5671.0,35779.0,80.0,205.75,8550.888,5121.577
2055,city,West Valley City,West Valley City,,,,,,West Valley City,,,,,,,55556.0,149187.658,2.685,110102.0,15866.0,25646.0,68590.0,123665.39,10878.0,4988.0,8513.0,17133.0,14365.0,12119.0,5802.0,36304.0,80.0,206.742,8068.51,5208.135
2056,city,West Valley City,West Valley City,,,,,,West Valley City,,,,,,,55846.0,149233.895,2.672,111335.0,16078.0,25838.0,69419.0,124763.315,11037.0,5041.0,8513.0,17325.0,14469.0,12322.0,5840.0,36788.0,80.068,205.78900000000002,7839.716,5302.75
2057,city,West Valley City,West Valley City,,,,,,West Valley City,,,,,,,55953.0,149836.003,2.678,112488.0,16212.0,26045.0,70231.0,127092.30099999999,11149.0,5063.0,8513.0,17532.0,14601.0,12477.0,5928.0,37225.0,80.068,202.412,8926.977,5394.836
2058,city,West Valley City,West Valley City,,,,,,West Valley City,,,,,,,55960.0,150309.373,2.686,113589.0,16376.0,26239.0,70974.0,127810.941,11292.0,5084.0,8513.0,17726.0,14716.0,12616.0,6028.0,37614.0,81.0,199.273,8456.413,5485.247
2059,city,West Valley City,West Valley City,,,,,,West Valley City,,,,,,,56052.0,151209.583,2.698,114294.0,16497.0,26431.0,71366.0,128826.428,11382.0,5115.0,8513.0,17918.0,14753.0,12673.0,6065.0,37875.0,81.0,197.248,8655.337,5598.838
2060,city,West Valley City,West Valley City,,,,,,West Valley City,,,,,,,56117.0,152158.694,2.711,115044.0,16504.0,26611.0,71929.0,130189.02500000001,11433.0,5071.0,8510.0,18101.0,14849.0,12822.0,6158.0,38100.0,80.133,196.215,9174.587,5694.09
2061,city,West Valley City,West Valley City,,,,,,West Valley City,,,,,,,56130.0,153160.092,2.729,116324.0,16719.0,26826.0,72779.0,131219.445,11552.0,5167.0,8510.0,18316.0,14978.0,12974.0,6267.0,38560.0,81.0,195.65800000000002,8821.033,5797.751
2062,city,West Valley City,West Valley City,,,,,,West Valley City,,,,,,,56156.0,154069.371,2.744,117251.0,16865.0,26962.0,73424.0,132662.264,11648.0,5217.0,8505.0,18457.0,15067.0,13101.0,6352.0,38904.0,80.133,195.262,9231.133,5904.753
2063,city,West Valley City,West Valley City,,,,,,West Valley City,,,,,,,56210.0,154936.269,2.756,118323.0,16976.0,27163.0,74184.0,134129.418,11730.0,5246.0,8503.0,18660.0,15178.0,13242.0,6449.0,39315.0,81.135,194.94299999999998,9527.421,6002.919
2064,city,West Valley City,West Valley City,,,,,,West Valley City,,,,,,,56215.0,155942.472,2.774,119243.0,17123.0,27290.0,74830.0,135049.939,11839.0,5284.0,8503.0,18787.0,15255.0,13372.0,6541.0,39662.0,81.0,194.66500000000002,9411.438,6119.835
2065,city,West Valley City,West Valley City,,,,,,West Valley City,,,,,,,56235.0,156872.455,2.79,120284.0,17309.0,27433.0,75542.0,136066.019,11986.0,5323.0,8503.0,18930.0,15344.0,13508.0,6638.0,40052.0,81.135,194.42700000000002,9279.538,6226.919
2023,city,Westside Mountains,Westside Mountains,,,,,,Westside Mountains,,,,,,,1.0,6.0,6.0,0.0,0.0,0.0,0.0,0.0,0.0,0.0,0.0,0.0,0.0,0.0,0.0,0.0,0.0,0.0,0.0,0.0
2024,city,Westside Mountains,Westside Mountains,,,,,,Westside Mountains,,,,,,,1.0,6.0,6.0,0.0,0.0,0.0,0.0,0.0,0.0,0.0,0.0,0.0,0.0,0.0,0.0,0.0,0.0,0.0,0.0,0.0
2025,city,Westside Mountains,Westside Mountains,,,,,,Westside Mountains,,,,,,,1.0,6.0,6.0,0.0,0.0,0.0,0.0,0.0,0.0,0.0,0.0,0.0,0.0,0.0,0.0,0.0,0.0,0.0,0.0,0.0
2026,city,Westside Mountains,Westside Mountains,,,,,,Westside Mountains,,,,,,,1.0,6.0,6.0,0.0,0.0,0.0,0.0,0.0,0.0,0.0,0.0,0.0,0.0,0.0,0.0,0.0,0.0,0.0,0.0,0.0
2027,city,Westside Mountains,Westside Mountains,,,,,,Westside Mountains,,,,,,,1.0,6.0,6.0,0.0,0.0,0.0,0.0,0.0,0.0,0.0,0.0,0.0,0.0,0.0,0.0,0.0,0.0,0.0,0.0,0.0
2028,city,Westside Mountains,Westside Mountains,,,,,,Westside Mountains,,,,,,,1.0,6.0,6.0,0.0,0.0,0.0,0.0,0.0,0.0,0.0,0.0,0.0,0.0,0.0,0.0,0.0,0.0,0.0,0.0,0.0
2029,city,Westside Mountains,Westside Mountains,,,,,,Westside Mountains,,,,,,,1.0,6.0,6.0,0.0,0.0,0.0,0.0,0.0,0.0,0.0,0.0,0.0,0.0,0.0,0.0,0.0,0.0,0.0,0.0,0.0
2030,city,Westside Mountains,Westside Mountains,,,,,,Westside Mountains,,,,,,,1.0,6.0,6.0,0.0,0.0,0.0,0.0,0.0,0.0,0.0,0.0,0.0,0.0,0.0,0.0,0.0,0.0,0.0,0.0,0.0
2031,city,Westside Mountains,Westside Mountains,,,,,,Westside Mountains,,,,,,,1.0,6.0,6.0,0.0,0.0,0.0,0.0,0.0,0.0,0.0,0.0,0.0,0.0,0.0,0.0,0.0,0.0,0.0,0.0,0.0
2032,city,Westside Mountains,Westside Mountains,,,,,,Westside Mountains,,,,,,,1.0,6.0,6.0,0.0,0.0,0.0,0.0,0.0,0.0,0.0,0.0,0.0,0.0,0.0,0.0,0.0,0.0,0.0,0.0,0.0
2033,city,Westside Mountains,Westside Mountains,,,,,,Westside Mountains,,,,,,,1.0,6.0,6.0,0.0,0.0,0.0,0.0,0.0,0.0,0.0,0.0,0.0,0.0,0.0,0.0,0.0,0.0,0.0,0.0,0.0
2034,city,Westside Mountains,Westside Mountains,,,,,,Westside Mountains,,,,,,,1.0,6.0,6.0,0.0,0.0,0.0,0.0,0.0,0.0,0.0,0.0,0.0,0.0,0.0,0.0,0.0,0.0,0.0,0.0,0.0
2035,city,Westside Mountains,Westside Mountains,,,,,,Westside Mountains,,,,,,,1.0,6.0,6.0,0.0,0.0,0.0,0.0,0.0,0.0,0.0,0.0,0.0,0.0,0.0,0.0,0.0,0.0,0.0,0.0,0.0
2036,city,Westside Mountains,Westside Mountains,,,,,,Westside Mountains,,,,,,,1.0,6.0,6.0,0.0,0.0,0.0,0.0,0.0,0.0,0.0,0.0,0.0,0.0,0.0,0.0,0.0,0.0,0.0,0.0,0.0
2037,city,Westside Mountains,Westside Mountains,,,,,,Westside Mountains,,,,,,,1.0,6.0,6.0,0.0,0.0,0.0,0.0,0.0,0.0,0.0,0.0,0.0,0.0,0.0,0.0,0.0,0.0,0.0,0.0,0.0
2038,city,Westside Mountains,Westside Mountains,,,,,,Westside Mountains,,,,,,,1.0,6.0,6.0,0.0,0.0,0.0,0.0,0.0,0.0,0.0,0.0,0.0,0.0,0.0,0.0,0.0,0.0,0.0,0.0,0.0
2039,city,Westside Mountains,Westside Mountains,,,,,,Westside Mountains,,,,,,,1.0,6.0,6.0,0.0,0.0,0.0,0.0,0.0,0.0,0.0,0.0,0.0,0.0,0.0,0.0,0.0,0.0,0.0,0.0,0.0
2040,city,Westside Mountains,Westside Mountains,,,,,,Westside Mountains,,,,,,,1.0,6.0,6.0,0.0,0.0,0.0,0.0,0.0,0.0,0.0,0.0,0.0,0.0,0.0,0.0,0.0,0.0,0.0,0.0,0.0
2041,city,Westside Mountains,Westside Mountains,,,,,,Westside Mountains,,,,,,,1.0,6.0,6.0,0.0,0.0,0.0,0.0,0.0,0.0,0.0,0.0,0.0,0.0,0.0,0.0,0.0,0.0,0.0,0.0,0.0
2042,city,Westside Mountains,Westside Mountains,,,,,,Westside Mountains,,,,,,,1.0,6.0,6.0,0.0,0.0,0.0,0.0,0.0,0.0,0.0,0.0,0.0,0.0,0.0,0.0,0.0,0.0,0.0,0.0,0.0
2043,city,Westside Mountains,Westside Mountains,,,,,,Westside Mountains,,,,,,,1.0,6.0,6.0,0.0,0.0,0.0,0.0,0.0,0.0,0.0,0.0,0.0,0.0,0.0,0.0,0.0,0.0,0.0,0.0,0.0
2044,city,Westside Mountains,Westside Mountains,,,,,,Westside Mountains,,,,,,,1.0,6.0,6.0,0.0,0.0,0.0,0.0,0.0,0.0,0.0,0.0,0.0,0.0,0.0,0.0,0.0,0.0,0.0,0.0,0.0
2045,city,Westside Mountains,Westside Mountains,,,,,,Westside Mountains,,,,,,,1.0,6.0,6.0,0.0,0.0,0.0,0.0,0.0,0.0,0.0,0.0,0.0,0.0,0.0,0.0,0.0,0.0,0.0,0.0,0.0
2046,city,Westside Mountains,Westside Mountains,,,,,,Westside Mountains,,,,,,,1.0,6.0,6.0,0.0,0.0,0.0,0.0,0.0,0.0,0.0,0.0,0.0,0.0,0.0,0.0,0.0,0.0,0.0,0.0,0.0
2047,city,Westside Mountains,Westside Mountains,,,,,,Westside Mountains,,,,,,,1.0,6.0,6.0,0.0,0.0,0.0,0.0,1.007,0.0,0.0,0.0,0.0,0.0,0.0,0.0,0.0,1.007,0.0,0.0,0.0
2048,city,Westside Mountains,Westside Mountains,,,,,,Westside Mountains,,,,,,,1.0,6.0,6.0,0.0,0.0,0.0,0.0,1.005,0.0,0.0,0.0,0.0,0.0,0.0,0.0,0.0,1.005,0.0,0.0,0.0
2049,city,Westside Mountains,Westside Mountains,,,,,,Westside Mountains,,,,,,,1.0,6.0,6.0,0.0,0.0,0.0,0.0,1.004,0.0,0.0,0.0,0.0,0.0,0.0,0.0,0.0,1.004,0.0,0.0,0.0
2050,city,Westside Mountains,Westside Mountains,,,,,,Westside Mountains,,,,,,,1.0,6.0,6.0,0.0,0.0,0.0,0.0,1.008,0.0,0.0,0.0,0.0,0.0,0.0,0.0,0.0,1.008,0.0,0.0,0.0
2051,city,Westside Mountains,Westside Mountains,,,,,,Westside Mountains,,,,,,,1.0,6.0,6.0,0.0,0.0,0.0,0.0,1.01,0.0,0.0,0.0,0.0,0.0,0.0,0.0,0.0,1.01,0.0,0.0,0.0
2052,city,Westside Mountains,Westside Mountains,,,,,,Westside Mountains,,,,,,,1.0,6.0,6.0,0.0,0.0,0.0,0.0,1.013,0.0,0.0,0.0,0.0,0.0,0.0,0.0,0.0,1.013,0.0,0.0,0.0
2053,city,Westside Mountains,Westside Mountains,,,,,,Westside Mountains,,,,,,,1.0,6.0,6.0,0.0,0.0,0.0,0.0,1.013,0.0,0.0,0.0,0.0,0.0,0.0,0.0,0.0,1.013,0.0,0.0,0.0
2054,city,Westside Mountains,Westside Mountains,,,,,,Westside Mountains,,,,,,,1.0,6.0,6.0,0.0,0.0,0.0,0.0,1.012,0.0,0.0,0.0,0.0,0.0,0.0,0.0,0.0,1.012,0.0,0.0,0.0
2055,city,Westside Mountains,Westside Mountains,,,,,,Westside Mountains,,,,,,,1.0,6.0,6.0,0.0,0.0,0.0,0.0,1.013,0.0,0.0,0.0,0.0,0.0,0.0,0.0,0.0,1.013,0.0,0.0,0.0
2056,city,Westside Mountains,Westside Mountains,,,,,,Westside Mountains,,,,,,,1.0,6.0,6.0,0.0,0.0,0.0,0.0,1.013,0.0,0.0,0.0,0.0,0.0,0.0,0.0,0.0,1.013,0.0,0.0,0.0
2057,city,Westside Mountains,Westside Mountains,,,,,,Westside Mountains,,,,,,,1.0,6.0,6.0,0.0,0.0,0.0,0.0,1.013,0.0,0.0,0.0,0.0,0.0,0.0,0.0,0.0,1.013,0.0,0.0,0.0
2058,city,Westside Mountains,Westside Mountains,,,,,,Westside Mountains,,,,,,,1.0,6.0,6.0,0.0,0.0,0.0,0.0,1.013,0.0,0.0,0.0,0.0,0.0,0.0,0.0,0.0,1.013,0.0,0.0,0.0
2059,city,Westside Mountains,Westside Mountains,,,,,,Westside Mountains,,,,,,,1.0,6.0,6.0,0.0,0.0,0.0,0.0,1.014,0.0,0.0,0.0,0.0,0.0,0.0,0.0,0.0,1.014,0.0,0.0,0.0
2060,city,Westside Mountains,Westside Mountains,,,,,,Westside Mountains,,,,,,,1.0,6.0,6.0,0.0,0.0,0.0,0.0,1.014,0.0,0.0,0.0,0.0,0.0,0.0,0.0,0.0,1.014,0.0,0.0,0.0
2061,city,Westside Mountains,Westside Mountains,,,,,,Westside Mountains,,,,,,,0.0,0.0,0,0.0,0.0,0.0,0.0,1.013,0.0,0.0,0.0,0.0,0.0,0.0,0.0,0.0,1.013,0.0,0.0,0.0
2062,city,Westside Mountains,Westside Mountains,,,,,,Westside Mountains,,,,,,,0.0,0.0,0,0.0,0.0,0.0,0.0,1.012,0.0,0.0,0.0,0.0,0.0,0.0,0.0,0.0,1.012,0.0,0.0,0.0
2063,city,Westside Mountains,Westside Mountains,,,,,,Westside Mountains,,,,,,,0.0,0.0,0,0.0,0.0,0.0,0.0,1.012,0.0,0.0,0.0,0.0,0.0,0.0,0.0,0.0,1.012,0.0,0.0,0.0
2064,city,Westside Mountains,Westside Mountains,,,,,,Westside Mountains,,,,,,,0.0,0.0,0,0.0,0.0,0.0,0.0,1.013,0.0,0.0,0.0,0.0,0.0,0.0,0.0,0.0,1.013,0.0,0.0,0.0
2065,city,Westside Mountains,Westside Mountains,,,,,,Westside Mountains,,,,,,,0.0,0.0,0,0.0,0.0,0.0,0.0,1.013,0.0,0.0,0.0,0.0,0.0,0.0,0.0,0.0,1.013,0.0,0.0,0.0
2023,city,White City,White City,,,,,,White City,,,,,,,1805.0,5167.343,2.863,772.0,156.0,20.0,596.0,993.5029999999999,38.0,118.0,0.0,20.0,55.0,173.0,121.0,247.0,0.0,0.0,105.52099999999999,115.98400000000001
2024,city,White City,White City,,,,,,White City,,,,,,,1807.0,5128.7699999999995,2.838,785.0,157.0,20.0,608.0,993.26,38.0,119.0,0.0,20.0,54.0,178.0,125.0,251.0,0.0,0.0,95.24,113.02100000000002
2025,city,White City,White City,,,,,,White City,,,,,,,1813.0,5097.148999999999,2.811,795.0,157.0,22.0,616.0,1024.333,40.0,117.0,0.0,22.0,55.0,180.0,125.0,256.0,0.0,0.0,106.28899999999999,123.043
2026,city,White City,White City,,,,,,White City,,,,,,,1822.0,5075.312,2.786,800.0,159.0,22.0,619.0,1035.6779999999999,42.0,117.0,0.0,22.0,54.0,180.0,127.0,258.0,0.0,0.0,112.65899999999999,123.019
2027,city,White City,White City,,,,,,White City,,,,,,,1831.0,5056.46,2.762,811.0,161.0,23.0,627.0,1058.723,42.0,119.0,0.0,23.0,54.0,183.0,128.0,262.0,0.0,0.0,121.708,126.01599999999999
2028,city,White City,White City,,,,,,White City,,,,,,,1832.0,5008.375,2.734,816.0,160.0,23.0,633.0,1060.398,42.0,118.0,0.0,23.0,55.0,183.0,129.0,266.0,0.0,0.0,117.393,127.003
2029,city,White City,White City,,,,,,White City,,,,,,,1834.0,4966.146,2.708,818.0,160.0,23.0,635.0,1057.66,42.0,118.0,0.0,23.0,56.0,183.0,129.0,267.0,0.0,0.0,112.64,127.019
2030,city,White City,White City,,,,,,White City,,,,,,,1842.0,4944.744,2.684,820.0,159.0,23.0,638.0,1069.937,42.0,117.0,0.0,23.0,56.0,183.0,130.0,269.0,0.0,0.0,119.92,130.015
2031,city,White City,White City,,,,,,White City,,,,,,,1846.0,4914.275,2.662,820.0,157.0,23.0,640.0,1072.2,42.0,115.0,0.0,23.0,57.0,182.0,130.0,271.0,0.0,0.0,121.196,131.003
2032,city,White City,White City,,,,,,White City,,,,,,,1850.0,4894.885,2.646,825.0,158.0,23.0,644.0,1096.887,44.0,114.0,0.0,23.0,58.0,182.0,130.0,274.0,0.0,0.0,140.928,130.95999999999998
2033,city,White City,White City,,,,,,White City,,,,,,,1855.0,4878.293,2.63,827.0,158.0,23.0,646.0,1078.376,44.0,114.0,0.0,23.0,58.0,182.0,130.0,276.0,0.0,0.0,119.336,132.04
2034,city,White City,White City,,,,,,White City,,,,,,,1869.0,4888.689,2.616,827.0,153.0,24.0,650.0,1084.4950000000001,42.0,111.0,0.0,24.0,58.0,182.0,131.0,279.0,0.0,0.0,121.471,136.026
2035,city,White City,White City,,,,,,White City,,,,,,,1878.0,4877.533,2.597,824.0,150.0,24.0,650.0,1080.4560000000001,42.0,108.0,0.0,24.0,58.0,182.0,132.0,278.0,0.0,0.0,120.453,136.003
2036,city,White City,White City,,,,,,White City,,,,,,,1880.0,4861.013,2.586,824.0,150.0,24.0,650.0,1094.327,42.0,108.0,0.0,24.0,58.0,182.0,132.0,278.0,0.0,0.0,132.324,138.003
2037,city,White City,White City,,,,,,White City,,,,,,,1908.0,4928.785,2.583,837.0,139.0,27.0,671.0,1104.152,47.0,92.0,0.0,27.0,70.0,184.0,136.0,281.0,0.0,0.0,125.15899999999999,141.992
2038,city,White City,White City,,,,,,White City,,,,,,,1914.0,4923.838,2.573,843.0,140.0,27.0,676.0,1104.687,48.0,92.0,0.0,27.0,71.0,185.0,136.0,284.0,0.0,0.0,118.69399999999999,142.993
2039,city,White City,White City,,,,,,White City,,,,,,,1922.0,4919.754,2.56,850.0,141.0,27.0,682.0,1121.938,49.0,92.0,0.0,27.0,72.0,186.0,137.0,287.0,0.0,0.0,125.93799999999999,146.0
2040,city,White City,White City,,,,,,White City,,,,,,,1926.0,4904.505999999999,2.546,850.0,141.0,27.0,682.0,1116.641,49.0,92.0,0.0,27.0,72.0,186.0,137.0,287.0,0.0,0.0,117.68900000000001,148.952
2041,city,White City,White City,,,,,,White City,,,,,,,1933.0,4890.332,2.53,855.0,144.0,27.0,684.0,1137.781,51.0,93.0,0.0,27.0,72.0,187.0,137.0,288.0,0.0,0.0,132.74099999999999,150.041
2042,city,White City,White City,,,,,,White City,,,,,,,1943.0,4900.316,2.522,857.0,145.0,27.0,685.0,1118.03,52.0,93.0,0.0,27.0,72.0,188.0,137.0,288.0,0.0,0.0,107.079,153.949
2043,city,White City,White City,,,,,,White City,,,,,,,1949.0,4893.5869999999995,2.511,807.0,105.0,28.0,674.0,1085.362,39.0,66.0,0.0,28.0,72.0,187.0,137.0,278.0,0.0,0.0,124.37299999999999,153.99
2044,city,White City,White City,,,,,,White City,,,,,,,1958.0,4894.483,2.5,797.0,98.0,28.0,671.0,1069.75,40.0,58.0,0.0,28.0,73.0,186.0,136.0,276.0,0.0,0.0,114.756,157.993
2045,city,White City,White City,,,,,,White City,,,,,,,1969.0,4900.665,2.489,804.0,99.0,30.0,675.0,1061.784,40.0,59.0,0.0,30.0,75.0,186.0,136.0,278.0,0.0,0.0,95.80699999999999,161.977
2046,city,White City,White City,,,,,,White City,,,,,,,1975.0,4893.748,2.478,810.0,100.0,30.0,680.0,1078.304,41.0,59.0,0.0,30.0,77.0,186.0,136.0,281.0,0.0,0.0,104.307,163.997
2047,city,White City,White City,,,,,,White City,,,,,,,1982.0,4902.0599999999995,2.473,816.0,102.0,31.0,683.0,1074.049,41.0,61.0,0.0,31.0,78.0,186.0,136.0,283.0,0.0,0.0,91.018,167.03
2048,city,White City,White City,,,,,,White City,,,,,,,1983.0,4888.013,2.465,819.0,102.0,31.0,686.0,1100.531,41.0,61.0,0.0,31.0,79.0,186.0,136.0,285.0,0.0,0.0,111.519,170.013
2049,city,White City,White City,,,,,,White City,,,,,,,1988.0,4886.402,2.458,819.0,102.0,31.0,686.0,1111.663,41.0,61.0,0.0,31.0,79.0,186.0,136.0,285.0,0.0,0.0,119.73100000000001,172.93099999999998
2050,city,White City,White City,,,,,,White City,,,,,,,1988.0,4871.307,2.45,821.0,103.0,31.0,687.0,1119.7359999999999,42.0,61.0,0.0,31.0,79.0,187.0,136.0,285.0,0.0,0.0,123.759,174.978
2051,city,White City,White City,,,,,,White City,,,,,,,1991.0,4864.0470000000005,2.443,824.0,104.0,32.0,688.0,1128.908,42.0,62.0,0.0,32.0,79.0,187.0,136.0,286.0,0.0,0.0,127.878,177.031
2052,city,White City,White City,,,,,,White City,,,,,,,1992.0,4842.8,2.431,826.0,104.0,32.0,690.0,1136.4299999999998,42.0,62.0,0.0,32.0,80.0,187.0,136.0,287.0,0.0,0.0,130.409,180.022
2053,city,White City,White City,,,,,,White City,,,,,,,1992.0,4826.505,2.423,827.0,104.0,32.0,691.0,1132.425,42.0,62.0,0.0,32.0,81.0,187.0,136.0,287.0,0.0,0.0,124.434,180.992
2054,city,White City,White City,,,,,,White City,,,,,,,1995.0,4813.817,2.413,829.0,104.0,32.0,693.0,1139.573,42.0,62.0,0.0,32.0,81.0,189.0,136.0,287.0,0.0,0.0,125.588,184.985
2055,city,White City,White City,,,,,,White City,,,,,,,1995.0,4796.597,2.404,829.0,104.0,32.0,693.0,1145.808,42.0,62.0,0.0,32.0,81.0,189.0,136.0,287.0,0.0,0.0,129.873,186.932
2056,city,White City,White City,,,,,,White City,,,,,,,1996.0,4776.071,2.393,829.0,104.0,32.0,693.0,1150.255,42.0,62.0,0.0,32.0,81.0,189.0,136.0,287.0,0.0,0.0,132.264,188.992
2057,city,White City,White City,,,,,,White City,,,,,,,1996.0,4788.627,2.399,829.0,104.0,32.0,693.0,1155.379,42.0,62.0,0.0,32.0,81.0,189.0,136.0,287.0,0.0,0.0,133.349,193.031
2058,city,White City,White City,,,,,,White City,,,,,,,1996.0,4802.324,2.406,829.0,104.0,32.0,693.0,1155.377,42.0,62.0,0.0,32.0,81.0,189.0,136.0,287.0,0.0,0.0,131.37,195.008
2059,city,White City,White City,,,,,,White City,,,,,,,1996.0,4825.656,2.418,829.0,104.0,32.0,693.0,1164.968,42.0,62.0,0.0,32.0,81.0,189.0,136.0,287.0,0.0,0.0,136.94,199.031
2060,city,White City,White City,,,,,,White City,,,,,,,1996.0,4850.966,2.43,829.0,104.0,32.0,693.0,1169.029,42.0,62.0,0.0,32.0,81.0,189.0,136.0,287.0,0.0,0.0,137.99200000000002,202.03900000000002
2061,city,White City,White City,,,,,,White City,,,,,,,1996.0,4881.0,2.445,830.0,104.0,32.0,694.0,1174.953,42.0,62.0,0.0,32.0,81.0,190.0,136.0,287.0,0.0,0.0,137.962,206.992
2062,city,White City,White City,,,,,,White City,,,,,,,2001.0,4913.405,2.455,815.0,91.0,33.0,691.0,1177.071,38.0,53.0,0.0,33.0,79.0,191.0,136.0,285.0,0.0,0.0,151.079,210.992
2063,city,White City,White City,,,,,,White City,,,,,,,2001.0,4936.85,2.467,816.0,91.0,33.0,692.0,1170.525,38.0,53.0,0.0,33.0,80.0,191.0,136.0,285.0,0.0,0.0,141.49200000000002,213.03199999999998
2064,city,White City,White City,,,,,,White City,,,,,,,2001.0,4966.695,2.482,816.0,91.0,33.0,692.0,1178.565,38.0,53.0,0.0,33.0,80.0,191.0,136.0,285.0,0.0,0.0,144.535,218.031
2065,city,White City,White City,,,,,,White City,,,,,,,2001.0,4993.428,2.495,816.0,91.0,33.0,692.0,1185.08,38.0,53.0,0.0,33.0,80.0,191.0,136.0,285.0,0.0,0.0,147.082,221.998
2023,city,Willard,Willard,,,,,,Willard,,,,,,,828.0,2308.0,2.787,274.0,81.0,66.0,127.0,418.0,80.0,1.0,51.0,15.0,15.0,102.0,1.0,9.0,0.0,8.0,91.0,45.0
2024,city,Willard,Willard,,,,,,Willard,,,,,,,840.0,2321.0,2.763,280.0,82.0,64.0,134.0,442.0,81.0,1.0,49.0,15.0,16.0,108.0,1.0,9.0,0.0,9.0,108.0,45.0
2025,city,Willard,Willard,,,,,,Willard,,,,,,,855.0,2341.0,2.738,284.0,83.0,64.0,137.0,450.0,82.0,1.0,49.0,15.0,16.0,111.0,1.0,9.0,0.0,9.0,111.0,46.0
2026,city,Willard,Willard,,,,,,Willard,,,,,,,870.0,2360.0,2.713,285.0,83.0,65.0,137.0,454.0,82.0,1.0,50.0,15.0,16.0,111.0,1.0,9.0,0.0,9.0,113.0,47.0
2027,city,Willard,Willard,,,,,,Willard,,,,,,,889.0,2378.0,2.675,288.0,84.0,66.0,138.0,460.0,83.0,1.0,50.0,16.0,16.0,112.0,1.0,9.0,0.0,9.0,114.0,49.0
2028,city,Willard,Willard,,,,,,Willard,,,,,,,940.0,2521.0,2.682,290.0,84.0,66.0,140.0,466.0,83.0,1.0,50.0,16.0,16.0,114.0,1.0,9.0,0.0,9.0,116.0,51.0
2029,city,Willard,Willard,,,,,,Willard,,,,,,,990.0,2666.0,2.693,292.0,85.0,67.0,140.0,475.0,84.0,1.0,51.0,16.0,16.0,114.0,1.0,9.0,0.0,9.0,122.0,52.0
2030,city,Willard,Willard,,,,,,Willard,,,,,,,1034.0,2765.0,2.674,296.0,87.0,68.0,141.0,482.0,86.0,1.0,102.0,16.0,66.0,115.0,1.0,9.0,0.0,8.0,125.0,53.0
2031,city,Willard,Willard,,,,,,Willard,,,,,,,1098.0,2957.0,2.693,300.0,88.0,70.0,142.0,487.0,87.0,1.0,53.0,17.0,16.0,116.0,1.0,9.0,0.0,8.0,126.0,53.0
2032,city,Willard,Willard,,,,,,Willard,,,,,,,1151.0,3102.0,2.695,301.0,88.0,71.0,142.0,492.0,87.0,1.0,54.0,17.0,16.0,116.0,1.0,9.0,0.0,9.0,128.0,54.0
2033,city,Willard,Willard,,,,,,Willard,,,,,,,1207.0,3248.0,2.691,304.0,89.0,72.0,143.0,499.0,88.0,1.0,55.0,17.0,16.0,117.0,1.0,9.0,0.0,10.0,128.0,57.0
2034,city,Willard,Willard,,,,,,Willard,,,,,,,1261.0,3399.0,2.695,305.0,90.0,72.0,143.0,502.0,89.0,1.0,55.0,17.0,17.0,116.0,1.0,9.0,0.0,10.0,130.0,57.0
2035,city,Willard,Willard,,,,,,Willard,,,,,,,1315.0,3548.0,2.698,307.0,90.0,72.0,145.0,504.0,89.0,1.0,155.0,17.0,117.0,118.0,1.0,9.0,0.0,10.0,130.0,57.0
2036,city,Willard,Willard,,,,,,Willard,,,,,,,1339.0,3579.0,2.673,513.0,90.0,175.0,248.0,710.0,89.0,1.0,158.0,17.0,119.0,119.0,1.0,9.0,0.0,10.0,130.0,57.0
2037,city,Willard,Willard,,,,,,Willard,,,,,,,1362.0,3618.0,2.656,515.0,91.0,175.0,249.0,714.0,90.0,1.0,158.0,17.0,119.0,120.0,1.0,9.0,0.0,10.0,131.0,58.0
2038,city,Willard,Willard,,,,,,Willard,,,,,,,1387.0,3652.0,2.633,519.0,92.0,176.0,251.0,718.0,91.0,1.0,160.0,16.0,121.0,120.0,1.0,9.0,0.0,10.0,131.0,58.0
2039,city,Willard,Willard,,,,,,Willard,,,,,,,1410.0,3689.0,2.616,524.0,93.0,178.0,253.0,724.0,92.0,1.0,161.0,17.0,122.0,121.0,1.0,9.0,0.0,10.0,131.0,59.0
2040,city,Willard,Willard,,,,,,Willard,,,,,,,1438.0,3732.0,2.595,528.0,94.0,179.0,255.0,732.0,93.0,1.0,163.0,16.0,122.0,123.0,1.0,9.0,0.0,10.0,131.0,63.0
2041,city,Willard,Willard,,,,,,Willard,,,,,,,1459.0,3768.0,2.583,532.0,94.0,180.0,258.0,736.0,93.0,1.0,164.0,16.0,124.0,124.0,1.0,9.0,0.0,10.0,130.0,64.0
2042,city,Willard,Willard,,,,,,Willard,,,,,,,1486.0,3804.0,2.56,535.0,96.0,181.0,258.0,739.0,95.0,1.0,165.0,16.0,124.0,124.0,1.0,9.0,0.0,10.0,130.0,64.0
2043,city,Willard,Willard,,,,,,Willard,,,,,,,1510.0,3851.0,2.55,541.0,97.0,182.0,262.0,746.0,96.0,1.0,166.0,16.0,126.0,126.0,1.0,9.0,0.0,10.0,130.0,65.0
2044,city,Willard,Willard,,,,,,Willard,,,,,,,1533.0,3887.0,2.536,543.0,97.0,183.0,263.0,748.0,96.0,1.0,167.0,16.0,126.0,127.0,1.0,9.0,0.0,10.0,130.0,65.0
2045,city,Willard,Willard,,,,,,Willard,,,,,,,1556.0,3934.0,2.528,547.0,98.0,184.0,265.0,755.0,97.0,1.0,168.0,16.0,128.0,127.0,1.0,9.0,0.0,10.0,130.0,68.0
2046,city,Willard,Willard,,,,,,Willard,,,,,,,1581.0,3973.0,2.513,551.0,98.0,186.0,267.0,763.0,97.0,1.0,170.0,16.0,129.0,128.0,1.0,9.0,0.0,11.0,132.0,69.0
2047,city,Willard,Willard,,,,,,Willard,,,,,,,1607.0,4022.0,2.503,556.0,100.0,186.0,270.0,769.0,99.0,1.0,170.0,16.0,131.0,129.0,1.0,9.0,0.0,11.0,133.0,69.0
2048,city,Willard,Willard,,,,,,Willard,,,,,,,1633.0,4065.0,2.489,560.0,100.0,187.0,273.0,775.0,99.0,1.0,171.0,16.0,133.0,130.0,1.0,9.0,0.0,11.0,134.0,70.0
2049,city,Willard,Willard,,,,,,Willard,,,,,,,1663.0,4112.0,2.473,566.0,101.0,189.0,276.0,786.0,100.0,1.0,173.0,16.0,135.0,131.0,1.0,9.0,0.0,11.0,139.0,70.0
2050,city,Willard,Willard,,,,,,Willard,,,,,,,1685.0,4154.0,2.465,570.0,101.0,189.0,280.0,795.0,100.0,1.0,173.0,16.0,138.0,132.0,1.0,9.0,0.0,11.0,144.0,70.0
2051,city,Willard,Willard,,,,,,Willard,,,,,,,1711.0,4201.0,2.455,573.0,102.0,190.0,281.0,805.0,101.0,1.0,174.0,16.0,138.0,133.0,1.0,9.0,0.0,11.0,146.0,75.0
2052,city,Willard,Willard,,,,,,Willard,,,,,,,1739.0,4241.0,2.439,578.0,103.0,192.0,283.0,813.0,102.0,1.0,176.0,16.0,140.0,133.0,1.0,9.0,0.0,11.0,148.0,76.0
2053,city,Willard,Willard,,,,,,Willard,,,,,,,1765.0,4287.0,2.429,581.0,104.0,192.0,285.0,820.0,103.0,1.0,176.0,16.0,140.0,135.0,1.0,9.0,0.0,12.0,151.0,76.0
2054,city,Willard,Willard,,,,,,Willard,,,,,,,1792.0,4323.0,2.412,581.0,104.0,192.0,285.0,824.0,103.0,1.0,176.0,16.0,140.0,135.0,1.0,9.0,0.0,12.0,154.0,77.0
2055,city,Willard,Willard,,,,,,Willard,,,,,,,1815.0,4369.0,2.407,584.0,104.0,193.0,287.0,830.0,103.0,1.0,177.0,16.0,142.0,135.0,1.0,9.0,0.0,12.0,157.0,77.0
2056,city,Willard,Willard,,,,,,Willard,,,,,,,1836.0,4402.0,2.398,588.0,105.0,195.0,288.0,836.0,104.0,1.0,179.0,16.0,142.0,136.0,1.0,9.0,0.0,12.0,158.0,78.0
2057,city,Willard,Willard,,,,,,Willard,,,,,,,1866.0,4446.0,2.383,591.0,105.0,195.0,291.0,845.0,104.0,1.0,179.0,16.0,143.0,138.0,1.0,9.0,0.0,12.0,163.0,79.0
2058,city,Willard,Willard,,,,,,Willard,,,,,,,1892.0,4481.0,2.368,589.0,105.0,195.0,289.0,850.0,104.0,1.0,179.0,16.0,142.0,137.0,1.0,9.0,0.0,11.0,166.0,84.0
2059,city,Willard,Willard,,,,,,Willard,,,,,,,1916.0,4526.0,2.362,591.0,105.0,195.0,291.0,847.0,104.0,1.0,179.0,16.0,142.0,139.0,1.0,9.0,0.0,11.0,165.0,80.0
2060,city,Willard,Willard,,,,,,Willard,,,,,,,1944.0,4569.0,2.35,593.0,105.0,195.0,293.0,854.0,104.0,1.0,179.0,16.0,144.0,139.0,1.0,9.0,0.0,11.0,166.0,84.0
2061,city,Willard,Willard,,,,,,Willard,,,,,,,1972.0,4603.0,2.334,596.0,105.0,197.0,294.0,861.0,104.0,1.0,181.0,16.0,145.0,139.0,1.0,9.0,0.0,11.0,167.0,87.0
2062,city,Willard,Willard,,,,,,Willard,,,,,,,1998.0,4645.0,2.325,597.0,105.0,197.0,295.0,861.0,104.0,1.0,182.0,15.0,145.0,140.0,1.0,9.0,0.0,11.0,167.0,86.0
2063,city,Willard,Willard,,,,,,Willard,,,,,,,2026.0,4679.0,2.309,598.0,105.0,197.0,296.0,864.0,104.0,1.0,182.0,15.0,145.0,141.0,1.0,9.0,0.0,11.0,168.0,87.0
2064,city,Willard,Willard,,,,,,Willard,,,,,,,2051.0,4720.0,2.301,600.0,106.0,197.0,297.0,867.0,105.0,1.0,182.0,15.0,146.0,141.0,1.0,9.0,0.0,11.0,169.0,87.0
2065,city,Willard,Willard,,,,,,Willard,,,,,,,2075.0,4757.0,2.293,601.0,107.0,197.0,297.0,871.0,106.0,1.0,182.0,15.0,146.0,141.0,1.0,9.0,0.0,11.0,172.0,87.0
2023,city,Woodland Hills,Woodland Hills,,,,,,Woodland Hills,,,,,,,550.0,2099.392,3.817,0.0,0.0,0.0,0.0,133.176,0.0,0.0,0.0,0.0,0.0,0.0,0.0,0.0,4.032,0.0,93.098,36.046
2024,city,Woodland Hills,Woodland Hills,,,,,,Woodland Hills,,,,,,,565.0,2136.2560000000003,3.781,0.0,0.0,0.0,0.0,88.83500000000001,0.0,0.0,0.0,0.0,0.0,0.0,0.0,0.0,4.032,0.0,49.730999999999995,35.072
2025,city,Woodland Hills,Woodland Hills,,,,,,Woodland Hills,,,,,,,582.0,2170.789,3.73,11.0,1.0,5.0,5.0,86.99,1.0,0.0,0.0,5.0,0.0,4.0,1.0,0.0,4.03,0.0,32.892,39.067
2026,city,Woodland Hills,Woodland Hills,,,,,,Woodland Hills,,,,,,,590.0,2174.255,3.685,12.0,1.0,5.0,6.0,86.47300000000001,1.0,0.0,0.0,5.0,0.0,5.0,1.0,0.0,4.03,0.0,32.426,38.016000000000005
2027,city,Woodland Hills,Woodland Hills,,,,,,Woodland Hills,,,,,,,605.0,2205.359,3.645,31.0,4.0,7.0,20.0,216.458,3.0,1.0,2.0,5.0,0.0,10.0,2.0,8.0,3.024,0.0,142.38299999999998,40.049
2028,city,Woodland Hills,Woodland Hills,,,,,,Woodland Hills,,,,,,,624.0,2250.079,3.606,50.0,6.0,9.0,35.0,148.425,5.0,1.0,4.0,5.0,0.0,11.0,3.0,21.0,2.014,0.0,56.352000000000004,40.058
2029,city,Woodland Hills,Woodland Hills,,,,,,Woodland Hills,,,,,,,640.0,2282.923,3.567,100.0,14.0,10.0,76.0,240.78,12.0,2.0,5.0,5.0,0.0,19.0,5.0,52.0,2.016,0.0,97.71199999999999,41.05
2030,city,Woodland Hills,Woodland Hills,,,,,,Woodland Hills,,,,,,,649.0,2285.371,3.521,131.0,21.0,10.0,100.0,228.296,19.0,2.0,5.0,5.0,0.0,22.0,6.0,72.0,2.022,0.0,54.24,41.036
2031,city,Woodland Hills,Woodland Hills,,,,,,Woodland Hills,,,,,,,663.0,2308.313,3.482,157.0,26.0,13.0,118.0,267.57,24.0,2.0,8.0,5.0,0.0,22.0,6.0,90.0,2.02,0.0,66.517,42.033
2032,city,Woodland Hills,Woodland Hills,,,,,,Woodland Hills,,,,,,,689.0,2373.673,3.445,233.0,41.0,16.0,176.0,462.324,38.0,3.0,11.0,5.0,0.0,23.0,15.0,138.0,2.02,0.0,183.31,43.992999999999995
2033,city,Woodland Hills,Woodland Hills,,,,,,Woodland Hills,,,,,,,705.0,2402.826,3.408,294.0,51.0,20.0,223.0,403.161,46.0,5.0,15.0,5.0,0.0,24.0,21.0,178.0,2.012,0.0,62.115,45.034
2034,city,Woodland Hills,Woodland Hills,,,,,,Woodland Hills,,,,,,,725.0,2459.26,3.392,351.0,71.0,21.0,259.0,452.177,55.0,16.0,16.0,5.0,0.0,25.0,23.0,211.0,2.022,0.0,53.119,46.036
2035,city,Woodland Hills,Woodland Hills,,,,,,Woodland Hills,,,,,,,738.0,2481.994,3.363,361.0,76.0,23.0,262.0,487.10799999999995,60.0,16.0,18.0,5.0,1.0,25.0,24.0,212.0,2.02,0.0,77.04599999999999,47.043
2036,city,Woodland Hills,Woodland Hills,,,,,,Woodland Hills,,,,,,,747.0,2487.88,3.33,390.0,86.0,23.0,281.0,496.11,68.0,18.0,18.0,5.0,1.0,25.0,26.0,229.0,2.018,0.0,57.051,47.041
2037,city,Woodland Hills,Woodland Hills,,,,,,Woodland Hills,,,,,,,691.0,2336.9530000000004,3.382,106.0,21.0,5.0,80.0,194.038,12.0,9.0,5.0,0.0,21.0,9.0,8.0,42.0,3.0220000000000002,0.0,40.989999999999995,44.026
2038,city,Woodland Hills,Woodland Hills,,,,,,Woodland Hills,,,,,,,722.0,2417.276,3.348,111.0,23.0,5.0,83.0,272.381,14.0,9.0,5.0,0.0,21.0,9.0,8.0,45.0,3.0329999999999995,0.0,112.328,46.021
2039,city,Woodland Hills,Woodland Hills,,,,,,Woodland Hills,,,,,,,738.0,2463.478,3.338,118.0,23.0,5.0,90.0,218.42,14.0,9.0,5.0,0.0,21.0,9.0,8.0,52.0,3.0300000000000002,0.0,50.379000000000005,47.013000000000005
2040,city,Woodland Hills,Woodland Hills,,,,,,Woodland Hills,,,,,,,749.0,2485.016,3.318,125.0,23.0,5.0,97.0,229.178,14.0,9.0,5.0,0.0,21.0,10.0,10.0,56.0,3.026,0.0,53.161,47.992
2041,city,Woodland Hills,Woodland Hills,,,,,,Woodland Hills,,,,,,,760.0,2516.6000000000004,3.311,134.0,24.0,5.0,105.0,220.73700000000002,15.0,9.0,5.0,0.0,21.0,11.0,11.0,62.0,3.0269999999999997,0.0,34.679,49.03
2042,city,Woodland Hills,Woodland Hills,,,,,,Woodland Hills,,,,,,,778.0,2562.737,3.294,137.0,24.0,5.0,108.0,259.693,15.0,9.0,5.0,0.0,21.0,11.0,11.0,65.0,3.029,0.0,69.61500000000001,50.049
2043,city,Woodland Hills,Woodland Hills,,,,,,Woodland Hills,,,,,,,797.0,2598.37,3.26,139.0,26.0,5.0,108.0,246.66899999999998,16.0,10.0,5.0,0.0,21.0,11.0,11.0,65.0,3.024,0.0,53.62,51.024
2044,city,Woodland Hills,Woodland Hills,,,,,,Woodland Hills,,,,,,,811.0,2633.4790000000003,3.247,140.0,26.0,6.0,108.0,250.499,16.0,10.0,6.0,0.0,21.0,11.0,11.0,65.0,3.024,0.0,55.416,52.061
2045,city,Woodland Hills,Woodland Hills,,,,,,Woodland Hills,,,,,,,825.0,2668.115,3.234,142.0,26.0,6.0,110.0,241.865,16.0,10.0,6.0,0.0,21.0,12.0,11.0,66.0,3.0199999999999996,0.0,43.825,53.019999999999996
2046,city,Woodland Hills,Woodland Hills,,,,,,Woodland Hills,,,,,,,845.0,2723.377,3.223,144.0,27.0,6.0,111.0,261.779,17.0,10.0,6.0,0.0,21.0,13.0,11.0,66.0,3.023,0.0,60.757000000000005,53.998
2047,city,Woodland Hills,Woodland Hills,,,,,,Woodland Hills,,,,,,,888.0,2854.98,3.215,144.0,27.0,6.0,111.0,338.91499999999996,17.0,10.0,6.0,0.0,21.0,13.0,11.0,66.0,1.007,0.0,135.92700000000002,57.980999999999995
2048,city,Woodland Hills,Woodland Hills,,,,,,Woodland Hills,,,,,,,934.0,2992.824,3.204,176.0,43.0,7.0,126.0,457.20500000000004,30.0,13.0,7.0,0.0,21.0,15.0,14.0,76.0,2.01,0.0,219.197,59.998000000000005
2049,city,Woodland Hills,Woodland Hills,,,,,,Woodland Hills,,,,,,,984.0,3130.189,3.181,216.0,48.0,8.0,160.0,448.298,35.0,13.0,8.0,0.0,21.0,24.0,20.0,95.0,2.008,0.0,167.3,62.989000000000004
2050,city,Woodland Hills,Woodland Hills,,,,,,Woodland Hills,,,,,,,1023.0,3244.703,3.172,268.0,64.0,11.0,193.0,435.55000000000007,50.0,14.0,11.0,0.0,21.0,36.0,22.0,114.0,1.008,0.0,100.54599999999999,65.995
2051,city,Woodland Hills,Woodland Hills,,,,,,Woodland Hills,,,,,,,1064.0,3357.692,3.156,333.0,84.0,14.0,235.0,557.514,70.0,14.0,14.0,0.0,21.0,44.0,25.0,145.0,1.01,0.0,153.502,70.002
2052,city,Woodland Hills,Woodland Hills,,,,,,Woodland Hills,,,,,,,1078.0,3392.67,3.147,381.0,100.0,16.0,265.0,507.408,85.0,15.0,16.0,0.0,21.0,55.0,27.0,162.0,2.027,0.0,54.373000000000005,70.009
2053,city,Woodland Hills,Woodland Hills,,,,,,Woodland Hills,,,,,,,1084.0,3390.232,3.128,435.0,123.0,20.0,292.0,632.218,105.0,18.0,20.0,0.0,21.0,62.0,31.0,178.0,2.025,0.0,125.14999999999999,70.043
2054,city,Woodland Hills,Woodland Hills,,,,,,Woodland Hills,,,,,,,1103.0,3420.9359999999997,3.101,492.0,145.0,24.0,323.0,648.935,122.0,23.0,24.0,0.0,21.0,72.0,34.0,196.0,2.024,0.0,81.886,73.025
2055,city,Woodland Hills,Woodland Hills,,,,,,Woodland Hills,,,,,,,1133.0,3469.3559999999998,3.062,558.0,167.0,27.0,364.0,796.884,142.0,25.0,27.0,0.0,21.0,86.0,37.0,220.0,2.025,0.0,162.846,74.013
2056,city,Woodland Hills,Woodland Hills,,,,,,Woodland Hills,,,,,,,1147.0,3485.361,3.039,604.0,183.0,28.0,393.0,790.165,156.0,27.0,28.0,0.0,21.0,94.0,40.0,238.0,2.025,0.0,109.144,74.995
2057,city,Woodland Hills,Woodland Hills,,,,,,Woodland Hills,,,,,,,1159.0,3515.4230000000002,3.033,663.0,199.0,32.0,432.0,911.281,171.0,28.0,32.0,0.0,21.0,103.0,42.0,266.0,2.026,0.0,170.275,75.98
2058,city,Woodland Hills,Woodland Hills,,,,,,Woodland Hills,,,,,,,1164.0,3570.893,3.068,724.0,215.0,36.0,473.0,909.875,183.0,32.0,36.0,0.0,21.0,118.0,49.0,285.0,2.027,0.0,105.86699999999999,77.982
2059,city,Woodland Hills,Woodland Hills,,,,,,Woodland Hills,,,,,,,1166.0,3610.867,3.097,793.0,234.0,41.0,518.0,1021.807,194.0,40.0,41.0,0.0,21.0,130.0,51.0,316.0,2.027,0.0,147.764,79.01599999999999
2060,city,Woodland Hills,Woodland Hills,,,,,,Woodland Hills,,,,,,,1166.0,3656.303,3.136,852.0,254.0,45.0,553.0,1035.526,211.0,43.0,45.0,0.0,21.0,134.0,55.0,343.0,2.028,0.0,100.518,80.979
2061,city,Woodland Hills,Woodland Hills,,,,,,Woodland Hills,,,,,,,1168.0,3712.2839999999997,3.178,889.0,268.0,48.0,573.0,1082.763,220.0,48.0,48.0,0.0,21.0,142.0,55.0,355.0,2.026,0.0,109.741,81.995
2062,city,Woodland Hills,Woodland Hills,,,,,,Woodland Hills,,,,,,,1168.0,3757.656,3.217,936.0,287.0,50.0,599.0,1128.109,237.0,50.0,50.0,0.0,21.0,147.0,55.0,376.0,2.024,0.0,106.05799999999999,84.027
2063,city,Woodland Hills,Woodland Hills,,,,,,Woodland Hills,,,,,,,1170.0,3802.33,3.25,968.0,291.0,52.0,625.0,1171.45,240.0,51.0,52.0,0.0,21.0,153.0,58.0,393.0,2.024,0.0,116.41499999999999,85.011
2064,city,Woodland Hills,Woodland Hills,,,,,,Woodland Hills,,,,,,,1170.0,3850.991,3.291,994.0,299.0,53.0,642.0,1197.978,247.0,52.0,53.0,0.0,21.0,156.0,60.0,405.0,2.025,0.0,114.931,87.023
2065,city,Woodland Hills,Woodland Hills,,,,,,Woodland Hills,,,,,,,1170.0,3895.46,3.329,1018.0,309.0,56.0,653.0,1222.69,256.0,53.0,56.0,0.0,21.0,159.0,62.0,411.0,2.027,0.0,114.686,87.977
2023,city,Woods Cross,Woods Cross,,,,,,Woods Cross,,,,,,,3655.0,11432.851,3.128,9623.0,2563.0,2244.0,4816.0,10505.793,1433.0,1130.0,1040.0,1204.0,966.0,671.0,703.0,2476.0,23.320999999999998,0.0,699.234,160.237
2024,city,Woods Cross,Woods Cross,,,,,,Woods Cross,,,,,,,3699.0,11467.236,3.1,9713.0,2554.0,2302.0,4857.0,10030.837,1424.0,1130.0,1124.0,1178.0,954.0,721.0,730.0,2452.0,25.174,0.0,133.57500000000002,159.09
2025,city,Woods Cross,Woods Cross,,,,,,Woods Cross,,,,,,,3742.0,11485.429,3.069,9806.0,2544.0,2317.0,4945.0,10512.1,1424.0,1120.0,1118.0,1199.0,953.0,732.0,782.0,2478.0,25.231,0.0,505.985,174.881
2026,city,Woods Cross,Woods Cross,,,,,,Woods Cross,,,,,,,3758.0,11406.354,3.035,9818.0,2531.0,2308.0,4979.0,10497.988,1411.0,1120.0,1103.0,1205.0,936.0,727.0,818.0,2498.0,25.175,0.0,478.873,175.94
2027,city,Woods Cross,Woods Cross,,,,,,Woods Cross,,,,,,,3765.0,11300.443,3.001,9858.0,2536.0,2308.0,5014.0,10539.343,1422.0,1114.0,1090.0,1218.0,928.0,712.0,845.0,2529.0,26.306,0.0,479.152,175.885
2028,city,Woods Cross,Woods Cross,,,,,,Woods Cross,,,,,,,3768.0,11179.292,2.967,9862.0,2522.0,2303.0,5037.0,10571.868,1418.0,1104.0,1085.0,1218.0,905.0,704.0,867.0,2561.0,26.338,0.0,506.418,177.114
2029,city,Woods Cross,Woods Cross,,,,,,Woods Cross,,,,,,,3845.0,11285.326000000001,2.935,9839.0,2512.0,2287.0,5040.0,10693.612,1420.0,1092.0,1069.0,1218.0,885.0,697.0,883.0,2575.0,26.123,0.0,647.543,180.94299999999998
2030,city,Woods Cross,Woods Cross,,,,,,Woods Cross,,,,,,,3865.0,11221.949,2.903,9883.0,2518.0,2286.0,5079.0,10569.201000000001,1436.0,1082.0,1069.0,1217.0,878.0,691.0,906.0,2604.0,26.093,0.0,478.08,182.027
2031,city,Woods Cross,Woods Cross,,,,,,Woods Cross,,,,,,,4002.0,11510.014,2.876,9913.0,2513.0,2290.0,5110.0,10935.27,1451.0,1062.0,1075.0,1215.0,881.0,683.0,928.0,2618.0,25.968999999999998,0.0,808.128,188.17399999999998
2032,city,Woods Cross,Woods Cross,,,,,,Woods Cross,,,,,,,4291.0,12269.399000000001,2.859,9938.0,2510.0,2289.0,5139.0,11214.864,1463.0,1047.0,1080.0,1209.0,880.0,675.0,949.0,2635.0,25.18,0.0,1050.654,201.03
2033,city,Woods Cross,Woods Cross,,,,,,Woods Cross,,,,,,,4587.0,12990.862,2.832,9971.0,2518.0,2282.0,5171.0,11165.606,1475.0,1043.0,1080.0,1202.0,873.0,672.0,963.0,2663.0,25.301,0.0,954.1809999999999,215.125
2034,city,Woods Cross,Woods Cross,,,,,,Woods Cross,,,,,,,5214.0,14737.137,2.826,10022.0,2551.0,2237.0,5234.0,12134.39,1499.0,1052.0,1078.0,1159.0,867.0,667.0,984.0,2716.0,25.18,0.0,1841.314,245.89600000000002
2035,city,Woods Cross,Woods Cross,,,,,,Woods Cross,,,,,,,5428.0,15247.396999999999,2.809,9893.0,2502.0,2223.0,5168.0,10688.052,1494.0,1008.0,1098.0,1125.0,847.0,663.0,991.0,2667.0,26.218,0.0,516.584,252.25099999999998
2036,city,Woods Cross,Woods Cross,,,,,,Woods Cross,,,,,,,5712.0,15912.826,2.786,9913.0,2510.0,2238.0,5165.0,11249.207,1502.0,1008.0,1143.0,1095.0,837.0,655.0,1005.0,2668.0,26.187,0.0,1044.838,265.184
2037,city,Woods Cross,Woods Cross,,,,,,Woods Cross,,,,,,,3765.0,10173.974,2.702,10046.0,2545.0,2370.0,5131.0,10708.681999999999,1530.0,1015.0,1206.0,1164.0,810.0,640.0,991.0,2690.0,31.298000000000002,0.0,456.338,175.047
2038,city,Woods Cross,Woods Cross,,,,,,Woods Cross,,,,,,,3771.0,10121.14,2.684,10197.0,2575.0,2411.0,5211.0,10862.612000000001,1555.0,1020.0,1250.0,1161.0,824.0,647.0,1006.0,2734.0,33.159000000000006,0.0,457.385,175.071
2039,city,Woods Cross,Woods Cross,,,,,,Woods Cross,,,,,,,3772.0,10055.338,2.666,10335.0,2602.0,2446.0,5287.0,10999.311,1582.0,1020.0,1286.0,1160.0,832.0,649.0,1022.0,2784.0,34.123,0.0,454.14300000000003,176.04500000000002
2040,city,Woods Cross,Woods Cross,,,,,,Woods Cross,,,,,,,3771.0,9992.599,2.65,10536.0,2654.0,2491.0,5391.0,11310.073,1625.0,1029.0,1329.0,1162.0,846.0,681.0,1042.0,2822.0,35.421,0.0,562.693,175.95499999999998
2041,city,Woods Cross,Woods Cross,,,,,,Woods Cross,,,,,,,3770.0,9934.558,2.635,10741.0,2715.0,2542.0,5484.0,11537.875,1681.0,1034.0,1378.0,1164.0,859.0,683.0,1066.0,2876.0,36.174,0.0,584.702,176.0
2042,city,Woods Cross,Woods Cross,,,,,,Woods Cross,,,,,,,3790.0,9938.469000000001,2.622,11001.0,2794.0,2577.0,5630.0,11927.363,1737.0,1057.0,1414.0,1163.0,882.0,716.0,1091.0,2941.0,36.26,0.0,712.1030000000001,178.0
2043,city,Woods Cross,Woods Cross,,,,,,Woods Cross,,,,,,,3806.0,9943.756,2.613,11339.0,2891.0,2610.0,5838.0,12336.48,1812.0,1079.0,1447.0,1163.0,909.0,783.0,1118.0,3028.0,36.303000000000004,0.0,782.114,179.06300000000002
2044,city,Woods Cross,Woods Cross,,,,,,Woods Cross,,,,,,,3821.0,9940.295,2.601,11912.0,3153.0,2658.0,6101.0,12749.232,2034.0,1119.0,1483.0,1175.0,944.0,854.0,1165.0,3138.0,38.091,0.0,620.035,179.106
2045,city,Woods Cross,Woods Cross,,,,,,Woods Cross,,,,,,,3877.0,10050.167,2.592,12489.0,3313.0,2728.0,6448.0,13752.002,2176.0,1137.0,1552.0,1176.0,976.0,970.0,1211.0,3291.0,39.141,0.0,1038.86,185.0
2046,city,Woods Cross,Woods Cross,,,,,,Woods Cross,,,,,,,4088.0,10600.418,2.593,13051.0,3451.0,2816.0,6784.0,14287.755,2301.0,1150.0,1625.0,1191.0,1017.0,1112.0,1249.0,3406.0,38.228,0.0,1002.483,196.04500000000002
2047,city,Woods Cross,Woods Cross,,,,,,Woods Cross,,,,,,,5188.0,13670.857,2.635,13528.0,3590.0,2833.0,7105.0,17344.942,2433.0,1157.0,1687.0,1146.0,1070.0,1230.0,1304.0,3501.0,36.085,0.0,3531.688,249.166
2048,city,Woods Cross,Woods Cross,,,,,,Woods Cross,,,,,,,5550.0,14599.261999999999,2.63,14027.0,3734.0,2897.0,7396.0,15173.123000000001,2567.0,1167.0,1747.0,1150.0,1122.0,1349.0,1354.0,3571.0,36.131,0.0,843.645,266.349
2049,city,Woods Cross,Woods Cross,,,,,,Woods Cross,,,,,,,5650.0,14813.428,2.622,14371.0,3828.0,2945.0,7598.0,15543.383,2657.0,1171.0,1797.0,1148.0,1149.0,1433.0,1388.0,3628.0,36.175000000000004,0.0,862.327,273.884
2050,city,Woods Cross,Woods Cross,,,,,,Woods Cross,,,,,,,5671.0,14829.004,2.615,15372.0,4193.0,3050.0,8129.0,16402.825,2962.0,1231.0,1878.0,1172.0,1200.0,1671.0,1468.0,3790.0,36.175000000000004,0.0,718.534,276.117
2051,city,Woods Cross,Woods Cross,,,,,,Woods Cross,,,,,,,5679.0,14802.827000000001,2.607,15660.0,4303.0,3107.0,8250.0,17007.057,3053.0,1250.0,1934.0,1173.0,1221.0,1690.0,1497.0,3842.0,36.175000000000004,0.0,1033.856,277.029
2052,city,Woods Cross,Woods Cross,,,,,,Woods Cross,,,,,,,5684.0,14763.78,2.597,15945.0,4389.0,3168.0,8388.0,17173.73,3118.0,1271.0,1995.0,1173.0,1230.0,1779.0,1510.0,3869.0,36.175000000000004,0.0,913.471,279.085
2053,city,Woods Cross,Woods Cross,,,,,,Woods Cross,,,,,,,5684.0,14708.603,2.588,16265.0,4458.0,3228.0,8579.0,17743.115,3180.0,1278.0,2054.0,1174.0,1242.0,1884.0,1537.0,3916.0,36.132,0.0,1161.762,280.225
2054,city,Woods Cross,Woods Cross,,,,,,Woods Cross,,,,,,,5614.0,14451.826,2.574,16623.0,4543.0,3255.0,8825.0,18405.633,3254.0,1289.0,2094.0,1161.0,1269.0,2005.0,1575.0,3976.0,36.132,0.0,1469.365,277.135
2055,city,Woods Cross,Woods Cross,,,,,,Woods Cross,,,,,,,5614.0,14408.901000000002,2.567,16919.0,4616.0,3294.0,9009.0,18186.015,3317.0,1299.0,2132.0,1162.0,1291.0,2101.0,1598.0,4019.0,36.088,0.0,951.8470000000001,279.081
2056,city,Woods Cross,Woods Cross,,,,,,Woods Cross,,,,,,,5613.0,14513.467,2.586,17282.0,4722.0,3322.0,9238.0,18776.865,3395.0,1327.0,2159.0,1163.0,1301.0,2207.0,1639.0,4091.0,36.088,0.0,1177.828,280.94599999999997
2057,city,Woods Cross,Woods Cross,,,,,,Woods Cross,,,,,,,5611.0,14596.775000000001,2.601,17644.0,4833.0,3360.0,9451.0,19081.397,3481.0,1352.0,2197.0,1163.0,1320.0,2314.0,1669.0,4148.0,36.088,0.0,1118.253,283.053
2058,city,Woods Cross,Woods Cross,,,,,,Woods Cross,,,,,,,5611.0,14707.055,2.621,17996.0,4904.0,3401.0,9691.0,19509.671,3544.0,1360.0,2236.0,1165.0,1342.0,2422.0,1697.0,4230.0,36.134,0.0,1190.378,287.159
2059,city,Woods Cross,Woods Cross,,,,,,Woods Cross,,,,,,,5610.0,14823.279999999999,2.642,18200.0,4945.0,3437.0,9818.0,19656.269,3580.0,1365.0,2272.0,1165.0,1350.0,2482.0,1716.0,4270.0,36.088,0.0,1131.075,289.104
2060,city,Woods Cross,Woods Cross,,,,,,Woods Cross,,,,,,,5610.0,14942.496000000001,2.664,18405.0,4961.0,3459.0,9985.0,19823.400999999998,3596.0,1365.0,2296.0,1163.0,1359.0,2604.0,1735.0,4287.0,36.044,0.0,1088.277,294.08
2061,city,Woods Cross,Woods Cross,,,,,,Woods Cross,,,,,,,5610.0,15067.858,2.686,18513.0,4983.0,3490.0,10040.0,19987.516,3620.0,1363.0,2329.0,1161.0,1366.0,2595.0,1772.0,4307.0,36.044,0.0,1140.577,297.894
2062,city,Woods Cross,Woods Cross,,,,,,Woods Cross,,,,,,,5608.0,15173.126,2.706,18676.0,5020.0,3513.0,10143.0,20125.48,3650.0,1370.0,2355.0,1158.0,1376.0,2635.0,1799.0,4333.0,35.086,0.0,1114.499,299.895
2063,city,Woods Cross,Woods Cross,,,,,,Woods Cross,,,,,,,5610.0,15261.635,2.72,18834.0,5053.0,3541.0,10240.0,20322.37,3679.0,1374.0,2379.0,1162.0,1384.0,2687.0,1814.0,4355.0,34.127,0.0,1153.192,301.053
2064,city,Woods Cross,Woods Cross,,,,,,Woods Cross,,,,,,,5610.0,15377.756,2.741,19007.0,5087.0,3570.0,10350.0,20489.283,3710.0,1377.0,2411.0,1159.0,1390.0,2724.0,1841.0,4395.0,34.083,0.0,1141.908,306.287
2065,city,Woods Cross,Woods Cross,,,,,,Woods Cross,,,,,,,5610.0,15499.77,2.763,19131.0,5107.0,3596.0,10428.0,20610.896,3735.0,1372.0,2438.0,1158.0,1400.0,2758.0,1855.0,4415.0,34.17,0.0,1137.828,307.898
