year,geography_type,geography_id,geography_name,taz_id,CO_TAZID,CO_FIPS,CO_NAME,CITY_FIPS,CITY_NAME,DISTLRG,DLRG_NAME,DISTMED,DMED_NAME,DISTSML,DSML_NAME,TOTHH,HHPOP,HHSIZE,TOTEMP,RETEMP,INDEMP,OTHEMP,ALLEMP,HH + Job Intensity,RETL,FOOD,MANU,WSLE,OFFI,GVED,HLTH,OTHR,FM_AGRI,FM_MING,FM_CONS,HBJ
2023,large_district,1,Box Elder - WFRC,,,,,,,1,Box Elder - WFRC,,,,,10628.0,30468.0,2.867,15022.0,3216.0,4089.0,7717.0,18224.0,37354.4,1944.0,1272.0,2930.0,1159.0,891.0,2113.0,1227.0,3486.0,979.0,52.0,1557.0,614.0
2024,large_district,1,Box Elder - WFRC,,,,,,,1,Box Elder - WFRC,,,,,10797.0,30661.0,2.84,14777.0,3147.0,3910.0,7720.0,18228.0,37662.6,1971.0,1176.0,2731.0,1179.0,930.0,2248.0,1282.0,3260.0,973.0,57.0,1819.0,602.0
2025,large_district,1,Box Elder - WFRC,,,,,,,1,Box Elder - WFRC,,,,,10984.0,30893.0,2.813,15026.0,3160.0,3998.0,7868.0,18574.0,38345.2,1981.0,1179.0,2774.0,1224.0,936.0,2289.0,1335.0,3308.0,973.0,58.0,1861.0,656.0
2026,large_district,1,Box Elder - WFRC,,,,,,,1,Box Elder - WFRC,,,,,11173.0,31173.0,2.79,15169.0,3174.0,4062.0,7933.0,18763.0,38874.4,1981.0,1193.0,2803.0,1259.0,926.0,2302.0,1370.0,3335.0,972.0,59.0,1897.0,666.0
2027,large_district,1,Box Elder - WFRC,,,,,,,1,Box Elder - WFRC,,,,,11394.0,31395.0,2.755,15357.0,3199.0,4116.0,8042.0,19016.0,39525.2,2002.0,1197.0,2825.0,1291.0,918.0,2334.0,1407.0,3383.0,971.0,61.0,1946.0,681.0
2028,large_district,1,Box Elder - WFRC,,,,,,,1,Box Elder - WFRC,,,,,11597.0,31618.0,2.726,15532.0,3221.0,4163.0,8148.0,19260.0,40134.6,2017.0,1204.0,2847.0,1316.0,917.0,2359.0,1435.0,3437.0,969.0,59.0,2005.0,695.0
2029,large_district,1,Box Elder - WFRC,,,,,,,1,Box Elder - WFRC,,,,,11803.0,31846.0,2.698,15712.0,3242.0,4229.0,8241.0,19501.0,40746.4,2036.0,1206.0,2888.0,1341.0,922.0,2377.0,1456.0,3486.0,963.0,56.0,2060.0,710.0
2030,large_district,1,Box Elder - WFRC,,,,,,,1,Box Elder - WFRC,,,,,12036.0,32081.0,2.665,15925.0,3265.0,4313.0,8347.0,19771.0,41435.8,2063.0,1202.0,2947.0,1366.0,928.0,2398.0,1485.0,3536.0,960.0,55.0,2104.0,727.0
2031,large_district,1,Box Elder - WFRC,,,,,,,1,Box Elder - WFRC,,,,,12250.0,32387.0,2.644,16084.0,3286.0,4386.0,8412.0,19965.0,42015.0,2094.0,1192.0,2998.0,1388.0,932.0,2404.0,1506.0,3570.0,957.0,55.0,2127.0,742.0
2032,large_district,1,Box Elder - WFRC,,,,,,,1,Box Elder - WFRC,,,,,12490.0,32641.0,2.613,16258.0,3298.0,4451.0,8509.0,20188.0,42670.0,2114.0,1184.0,3044.0,1407.0,935.0,2421.0,1532.0,3621.0,957.0,59.0,2155.0,759.0
2033,large_district,1,Box Elder - WFRC,,,,,,,1,Box Elder - WFRC,,,,,12710.0,32908.0,2.589,16400.0,3315.0,4506.0,8579.0,20374.0,43252.0,2131.0,1184.0,3081.0,1425.0,944.0,2426.0,1550.0,3659.0,958.0,62.0,2178.0,776.0
2034,large_district,1,Box Elder - WFRC,,,,,,,1,Box Elder - WFRC,,,,,12959.0,33247.0,2.566,16607.0,3382.0,4514.0,8711.0,20628.0,43954.2,2155.0,1227.0,3100.0,1414.0,956.0,2438.0,1571.0,3746.0,956.0,65.0,2206.0,794.0
2035,large_district,1,Box Elder - WFRC,,,,,,,1,Box Elder - WFRC,,,,,13183.0,33527.0,2.543,16505.0,3329.0,4508.0,8668.0,20555.0,44284.4,2150.0,1179.0,3120.0,1388.0,966.0,2445.0,1578.0,3679.0,959.0,66.0,2223.0,802.0
2036,large_district,1,Box Elder - WFRC,,,,,,,1,Box Elder - WFRC,,,,,13430.0,33817.0,2.518,16627.0,3345.0,4525.0,8757.0,20717.0,44891.0,2160.0,1185.0,3157.0,1368.0,976.0,2466.0,1596.0,3719.0,964.0,66.0,2244.0,816.0
2037,large_district,1,Box Elder - WFRC,,,,,,,1,Box Elder - WFRC,,,,,13655.0,34187.0,2.504,16748.0,3369.0,4546.0,8833.0,20858.0,45437.0,2176.0,1193.0,3193.0,1353.0,985.0,2480.0,1611.0,3757.0,966.0,65.0,2249.0,830.0
2038,large_district,1,Box Elder - WFRC,,,,,,,1,Box Elder - WFRC,,,,,13914.0,34514.0,2.481,16894.0,3393.0,4571.0,8930.0,21022.0,46067.2,2196.0,1197.0,3227.0,1344.0,993.0,2498.0,1630.0,3809.0,966.0,66.0,2250.0,846.0
2039,large_district,1,Box Elder - WFRC,,,,,,,1,Box Elder - WFRC,,,,,14149.0,34855.0,2.463,17043.0,3421.0,4594.0,9028.0,21189.0,46657.2,2218.0,1203.0,3258.0,1336.0,1001.0,2519.0,1647.0,3861.0,967.0,66.0,2252.0,861.0
2040,large_district,1,Box Elder - WFRC,,,,,,,1,Box Elder - WFRC,,,,,14407.0,35269.0,2.448,17185.0,3450.0,4612.0,9123.0,21347.0,47279.6,2241.0,1209.0,3285.0,1327.0,1009.0,2541.0,1665.0,3908.0,968.0,66.0,2250.0,878.0
2041,large_district,1,Box Elder - WFRC,,,,,,,1,Box Elder - WFRC,,,,,14637.0,35615.0,2.433,17310.0,3474.0,4628.0,9208.0,21483.0,47829.6,2260.0,1214.0,3308.0,1320.0,1014.0,2561.0,1682.0,3951.0,970.0,67.0,2244.0,892.0
2042,large_district,1,Box Elder - WFRC,,,,,,,1,Box Elder - WFRC,,,,,14892.0,35962.0,2.415,17443.0,3502.0,4645.0,9296.0,21632.0,48437.6,2282.0,1220.0,3329.0,1316.0,1025.0,2580.0,1696.0,3995.0,970.0,68.0,2242.0,909.0
2043,large_district,1,Box Elder - WFRC,,,,,,,1,Box Elder - WFRC,,,,,15115.0,36380.0,2.407,17554.0,3528.0,4653.0,9373.0,21758.0,48965.0,2304.0,1224.0,3344.0,1309.0,1034.0,2601.0,1706.0,4032.0,970.0,69.0,2240.0,925.0
2044,large_district,1,Box Elder - WFRC,,,,,,,1,Box Elder - WFRC,,,,,15370.0,36734.0,2.39,17660.0,3544.0,4662.0,9454.0,21874.0,49540.0,2318.0,1226.0,3358.0,1304.0,1045.0,2620.0,1718.0,4071.0,970.0,69.0,2236.0,939.0
2045,large_district,1,Box Elder - WFRC,,,,,,,1,Box Elder - WFRC,,,,,15599.0,37172.0,2.383,17779.0,3569.0,4680.0,9530.0,22015.0,50093.2,2340.0,1229.0,3380.0,1300.0,1054.0,2640.0,1731.0,4105.0,971.0,69.0,2242.0,954.0
2046,large_district,1,Box Elder - WFRC,,,,,,,1,Box Elder - WFRC,,,,,15862.0,37547.0,2.367,17898.0,3593.0,4696.0,9609.0,22170.0,50721.6,2361.0,1232.0,3402.0,1294.0,1069.0,2660.0,1742.0,4138.0,970.0,70.0,2263.0,969.0
2047,large_district,1,Box Elder - WFRC,,,,,,,1,Box Elder - WFRC,,,,,16131.0,38005.0,2.356,18005.0,3609.0,4711.0,9685.0,22330.0,51365.8,2377.0,1232.0,3423.0,1288.0,1085.0,2680.0,1755.0,4165.0,970.0,70.0,2296.0,989.0
2048,large_district,1,Box Elder - WFRC,,,,,,,1,Box Elder - WFRC,,,,,16372.0,38397.0,2.345,18113.0,3633.0,4729.0,9751.0,22493.0,51962.6,2398.0,1235.0,3446.0,1283.0,1101.0,2697.0,1765.0,4188.0,971.0,71.0,2336.0,1002.0
2049,large_district,1,Box Elder - WFRC,,,,,,,1,Box Elder - WFRC,,,,,16645.0,38866.0,2.335,18220.0,3652.0,4747.0,9821.0,22671.0,52632.0,2416.0,1236.0,3470.0,1277.0,1118.0,2718.0,1775.0,4210.0,971.0,73.0,2386.0,1021.0
2050,large_district,1,Box Elder - WFRC,,,,,,,1,Box Elder - WFRC,,,,,16889.0,39257.0,2.324,18322.0,3669.0,4765.0,9888.0,22845.0,53245.2,2432.0,1237.0,3494.0,1271.0,1133.0,2739.0,1784.0,4232.0,971.0,74.0,2439.0,1039.0
2051,large_district,1,Box Elder - WFRC,,,,,,,1,Box Elder - WFRC,,,,,17163.0,39712.0,2.314,18389.0,3689.0,4785.0,9915.0,22972.0,53865.4,2451.0,1238.0,3520.0,1265.0,1146.0,2746.0,1786.0,4237.0,968.0,74.0,2487.0,1054.0
2052,large_district,1,Box Elder - WFRC,,,,,,,1,Box Elder - WFRC,,,,,17431.0,40078.0,2.299,18472.0,3703.0,4802.0,9967.0,23129.0,54504.8,2465.0,1238.0,3543.0,1259.0,1155.0,2764.0,1793.0,4255.0,968.0,75.0,2543.0,1071.0
2053,large_district,1,Box Elder - WFRC,,,,,,,1,Box Elder - WFRC,,,,,17667.0,40509.0,2.293,18549.0,3714.0,4814.0,10021.0,23279.0,55079.6,2477.0,1237.0,3561.0,1253.0,1161.0,2782.0,1801.0,4277.0,968.0,76.0,2599.0,1087.0
2054,large_district,1,Box Elder - WFRC,,,,,,,1,Box Elder - WFRC,,,,,17933.0,40856.0,2.278,18613.0,3730.0,4823.0,10060.0,23418.0,55697.4,2493.0,1237.0,3575.0,1248.0,1166.0,2798.0,1805.0,4291.0,967.0,77.0,2656.0,1105.0
2055,large_district,1,Box Elder - WFRC,,,,,,,1,Box Elder - WFRC,,,,,18201.0,41278.0,2.268,18643.0,3739.0,4829.0,10075.0,23508.0,56269.8,2504.0,1235.0,3586.0,1243.0,1169.0,2808.0,1803.0,4295.0,962.0,77.0,2706.0,1120.0
2056,large_district,1,Box Elder - WFRC,,,,,,,1,Box Elder - WFRC,,,,,18437.0,41614.0,2.257,18697.0,3742.0,4832.0,10123.0,23621.0,56807.6,2510.0,1232.0,3594.0,1238.0,1172.0,2826.0,1811.0,4314.0,962.0,78.0,2749.0,1135.0
2057,large_district,1,Box Elder - WFRC,,,,,,,1,Box Elder - WFRC,,,,,18708.0,42028.0,2.247,18742.0,3739.0,4836.0,10167.0,23710.0,57384.4,2513.0,1226.0,3603.0,1233.0,1177.0,2841.0,1818.0,4331.0,962.0,77.0,2779.0,1150.0
2058,large_district,1,Box Elder - WFRC,,,,,,,1,Box Elder - WFRC,,,,,18946.0,42354.0,2.236,18766.0,3738.0,4844.0,10184.0,23757.0,57859.8,2517.0,1221.0,3615.0,1229.0,1182.0,2848.0,1819.0,4335.0,959.0,75.0,2798.0,1159.0
2059,large_district,1,Box Elder - WFRC,,,,,,,1,Box Elder - WFRC,,,,,19219.0,42762.0,2.225,18801.0,3738.0,4848.0,10215.0,23827.0,58421.2,2522.0,1216.0,3625.0,1223.0,1184.0,2861.0,1824.0,4346.0,958.0,75.0,2818.0,1175.0
2060,large_district,1,Box Elder - WFRC,,,,,,,1,Box Elder - WFRC,,,,,19494.0,43168.0,2.214,18850.0,3736.0,4854.0,10260.0,23907.0,58996.2,2525.0,1211.0,3636.0,1218.0,1188.0,2877.0,1832.0,4363.0,956.0,74.0,2838.0,1189.0
2061,large_district,1,Box Elder - WFRC,,,,,,,1,Box Elder - WFRC,,,,,19771.0,43491.0,2.2,18865.0,3735.0,4861.0,10269.0,23944.0,59531.8,2530.0,1205.0,3647.0,1214.0,1192.0,2880.0,1833.0,4364.0,952.0,74.0,2852.0,1201.0
2062,large_district,1,Box Elder - WFRC,,,,,,,1,Box Elder - WFRC,,,,,20011.0,43897.0,2.194,18913.0,3734.0,4866.0,10313.0,24032.0,60051.8,2533.0,1201.0,3658.0,1208.0,1195.0,2895.0,1840.0,4383.0,952.0,74.0,2876.0,1217.0
2063,large_district,1,Box Elder - WFRC,,,,,,,1,Box Elder - WFRC,,,,,20287.0,44218.0,2.18,18965.0,3734.0,4875.0,10356.0,24116.0,60632.6,2537.0,1197.0,3672.0,1203.0,1198.0,2910.0,1846.0,4402.0,951.0,73.0,2896.0,1231.0
2064,large_district,1,Box Elder - WFRC,,,,,,,1,Box Elder - WFRC,,,,,20565.0,44625.0,2.17,18993.0,3737.0,4883.0,10373.0,24164.0,61181.0,2542.0,1195.0,3684.0,1199.0,1202.0,2916.0,1848.0,4407.0,948.0,73.0,2908.0,1242.0
2065,large_district,1,Box Elder - WFRC,,,,,,,1,Box Elder - WFRC,,,,,20800.0,44946.0,2.161,19043.0,3737.0,4892.0,10414.0,24248.0,61688.0,2546.0,1191.0,3698.0,1194.0,1204.0,2929.0,1854.0,4427.0,947.0,72.0,2927.0,1259.0
2023,large_district,10,DA - East Mountains,,,,,,,10,DA - East Mountains,,,,,21.0,62.727,2.987,0.0,0.0,0.0,0.0,6.875,44.675,0.0,0.0,0.0,0.0,0.0,0.0,0.0,0.0,0.0,0.0,5.874,1.001
2024,large_district,10,DA - East Mountains,,,,,,,10,DA - East Mountains,,,,,23.0,69.257,3.011,0.0,0.0,0.0,0.0,32.425999999999995,73.826,0.0,0.0,0.0,0.0,0.0,0.0,0.0,0.0,0.0,0.0,31.425,1.0
2025,large_district,10,DA - East Mountains,,,,,,,10,DA - East Mountains,,,,,23.0,68.49,2.978,0.0,0.0,0.0,0.0,1.792,43.192,0.0,0.0,0.0,0.0,0.0,0.0,0.0,0.0,0.0,0.0,0.791,1.0
2026,large_district,10,DA - East Mountains,,,,,,,10,DA - East Mountains,,,,,23.0,67.70100000000001,2.944,0.0,0.0,0.0,0.0,1.8079999999999998,43.208,0.0,0.0,0.0,0.0,0.0,0.0,0.0,0.0,0.0,0.0,0.808,1.0
2027,large_district,10,DA - East Mountains,,,,,,,10,DA - East Mountains,,,,,23.0,66.912,2.909,0.0,0.0,0.0,0.0,1.795,43.195,0.0,0.0,0.0,0.0,0.0,0.0,0.0,0.0,0.0,0.0,0.795,1.0
2028,large_district,10,DA - East Mountains,,,,,,,10,DA - East Mountains,,,,,27.0,79.227,2.934,0.0,0.0,0.0,0.0,1.9949999999999999,50.595000000000006,0.0,0.0,0.0,0.0,0.0,0.0,0.0,0.0,0.0,0.0,0.995,1.0
2029,large_district,10,DA - East Mountains,,,,,,,10,DA - East Mountains,,,,,40.0,110.09299999999999,2.752,0.0,0.0,0.0,0.0,17.077,89.07699999999998,0.0,0.0,0.0,0.0,0.0,0.0,0.0,0.0,0.0,0.0,15.411,1.666
2030,large_district,10,DA - East Mountains,,,,,,,10,DA - East Mountains,,,,,42.0,113.526,2.703,0.0,0.0,0.0,0.0,3.133,78.73299999999999,0.0,0.0,0.0,0.0,0.0,0.0,0.0,0.0,0.0,0.0,1.466,1.666
2031,large_district,10,DA - East Mountains,,,,,,,10,DA - East Mountains,,,,,45.667,121.765,2.666,0.0,0.0,0.0,0.0,10.593,92.79399999999998,0.0,0.0,0.0,0.0,0.0,0.0,0.0,0.0,0.0,0.0,8.593,1.999
2032,large_district,10,DA - East Mountains,,,,,,,10,DA - East Mountains,,,,,56.0,141.672,2.53,0.0,0.0,0.0,0.0,11.194,111.994,0.0,0.0,0.0,0.0,0.0,0.0,0.0,0.0,0.0,0.0,8.86,2.334
2033,large_district,10,DA - East Mountains,,,,,,,10,DA - East Mountains,,,,,68.667,167.01100000000002,2.432,0.0,0.0,0.0,0.0,25.945,149.546,0.0,0.0,0.0,0.0,0.0,0.0,0.0,0.0,0.0,0.0,23.276,2.668
2034,large_district,10,DA - East Mountains,,,,,,,10,DA - East Mountains,,,,,71.333,170.445,2.389,0.0,0.0,0.0,0.0,5.7330000000000005,134.132,0.0,0.0,0.0,0.0,0.0,0.0,0.0,0.0,0.0,0.0,2.4019999999999997,3.332
2035,large_district,10,DA - East Mountains,,,,,,,10,DA - East Mountains,,,,,72.333,170.622,2.359,0.0,0.0,0.0,0.0,5.741,135.94,0.0,0.0,0.0,0.0,0.0,0.0,0.0,0.0,0.0,0.0,2.404,3.337
2036,large_district,10,DA - East Mountains,,,,,,,10,DA - East Mountains,,,,,73.0,170.57000000000002,2.337,0.0,0.0,0.0,0.0,5.813,137.213,0.0,0.0,0.0,0.0,0.0,0.0,0.0,0.0,0.0,0.0,2.477,3.336
2037,large_district,10,DA - East Mountains,,,,,,,10,DA - East Mountains,,,,,73.0,169.392,2.32,0.0,0.0,0.0,0.0,5.7540000000000004,137.154,0.0,0.0,0.0,0.0,0.0,0.0,0.0,0.0,0.0,0.0,2.419,3.336
2038,large_district,10,DA - East Mountains,,,,,,,10,DA - East Mountains,,,,,83.667,193.326,2.311,0.0,0.0,0.0,0.0,29.769000000000002,180.36999999999998,0.0,0.0,0.0,0.0,0.0,0.0,0.0,0.0,0.0,0.0,26.098000000000003,3.67
2039,large_district,10,DA - East Mountains,,,,,,,10,DA - East Mountains,,,,,85.667,198.056,2.312,0.0,0.0,0.0,0.0,6.705,160.90599999999998,0.0,0.0,0.0,0.0,0.0,0.0,0.0,0.0,0.0,0.0,2.709,3.996
2040,large_district,10,DA - East Mountains,,,,,,,10,DA - East Mountains,,,,,86.667,199.028,2.296,0.0,0.0,0.0,0.0,6.699,162.7,0.0,0.0,0.0,0.0,0.0,0.0,0.0,0.0,0.0,0.0,2.6990000000000003,4.0
2041,large_district,10,DA - East Mountains,,,,,,,10,DA - East Mountains,,,,,86.667,198.03300000000002,2.285,0.0,0.0,0.0,0.0,6.638,162.639,0.0,0.0,0.0,0.0,0.0,0.0,0.0,0.0,0.0,0.0,2.6399999999999997,3.997
2042,large_district,10,DA - East Mountains,,,,,,,10,DA - East Mountains,,,,,87.0,197.704,2.272,0.0,0.0,0.0,0.0,6.662,163.26199999999997,0.0,0.0,0.0,0.0,0.0,0.0,0.0,0.0,0.0,0.0,2.662,4.001
2043,large_district,10,DA - East Mountains,,,,,,,10,DA - East Mountains,,,,,87.333,197.444,2.261,0.0,0.0,0.0,0.0,6.622,163.82100000000003,0.0,0.0,0.0,0.0,0.0,0.0,0.0,0.0,0.0,0.0,2.6209999999999996,4.001
2044,large_district,10,DA - East Mountains,,,,,,,10,DA - East Mountains,,,,,87.333,196.693,2.252,0.0,0.0,0.0,0.0,6.564,163.763,0.0,0.0,0.0,0.0,0.0,0.0,0.0,0.0,0.0,0.0,2.563,4.001
2045,large_district,10,DA - East Mountains,,,,,,,10,DA - East Mountains,,,,,87.333,196.00699999999998,2.244,0.0,0.0,0.0,0.0,6.587,163.786,0.0,0.0,0.0,0.0,0.0,0.0,0.0,0.0,0.0,0.0,2.586,4.001
2046,large_district,10,DA - East Mountains,,,,,,,10,DA - East Mountains,,,,,87.333,195.36200000000002,2.237,0.0,0.0,0.0,0.0,6.535,163.734,0.0,0.0,0.0,0.0,0.0,0.0,0.0,0.0,0.0,0.0,2.5349999999999997,4.001
2047,large_district,10,DA - East Mountains,,,,,,,10,DA - East Mountains,,,,,87.333,194.742,2.23,0.0,0.0,0.0,0.0,7.276,164.475,0.0,0.0,0.0,0.0,0.0,0.0,0.0,0.0,0.0,0.0,3.275,4.001
2048,large_district,10,DA - East Mountains,,,,,,,10,DA - East Mountains,,,,,87.333,194.142,2.223,0.0,0.0,0.0,0.0,7.525,164.72400000000002,0.0,0.0,0.0,0.0,0.0,0.0,0.0,0.0,0.0,0.0,3.5220000000000002,4.003
2049,large_district,10,DA - East Mountains,,,,,,,10,DA - East Mountains,,,,,87.333,193.57399999999998,2.217,0.0,0.0,0.0,0.0,7.699999999999999,164.899,0.0,0.0,0.0,0.0,0.0,0.0,0.0,0.0,0.0,0.0,3.701,3.999
2050,large_district,10,DA - East Mountains,,,,,,,10,DA - East Mountains,,,,,87.333,192.96900000000002,2.21,0.0,0.0,0.0,0.0,6.1530000000000005,163.35199999999998,0.0,0.0,0.0,0.0,0.0,0.0,0.0,0.0,0.0,0.0,2.153,4.0
2051,large_district,10,DA - East Mountains,,,,,,,10,DA - East Mountains,,,,,87.333,192.364,2.203,0.0,0.0,0.0,0.0,7.4510000000000005,164.65,0.0,0.0,0.0,0.0,0.0,0.0,0.0,0.0,0.0,0.0,3.452,3.999
2052,large_district,10,DA - East Mountains,,,,,,,10,DA - East Mountains,,,,,87.333,191.76,2.196,0.0,0.0,0.0,0.0,7.581,164.78,0.0,0.0,0.0,0.0,0.0,0.0,0.0,0.0,0.0,0.0,3.5789999999999997,4.002
2053,large_district,10,DA - East Mountains,,,,,,,10,DA - East Mountains,,,,,87.333,191.11200000000002,2.188,0.0,0.0,0.0,0.0,7.873999999999999,165.07299999999998,0.0,0.0,0.0,0.0,0.0,0.0,0.0,0.0,0.0,0.0,3.87,4.004
2054,large_district,10,DA - East Mountains,,,,,,,10,DA - East Mountains,,,,,87.333,190.46099999999998,2.181,0.0,0.0,0.0,0.0,7.796,164.99499999999998,0.0,0.0,0.0,0.0,0.0,0.0,0.0,0.0,0.0,0.0,3.794,4.002
2055,large_district,10,DA - East Mountains,,,,,,,10,DA - East Mountains,,,,,87.333,191.056,2.188,0.0,0.0,0.0,0.0,7.678999999999999,164.87800000000001,0.0,0.0,0.0,0.0,0.0,0.0,0.0,0.0,0.0,0.0,3.679,4.0
2056,large_district,10,DA - East Mountains,,,,,,,10,DA - East Mountains,,,,,87.333,192.323,2.202,0.0,0.0,0.0,0.0,7.919,165.118,0.0,0.0,0.0,0.0,0.0,0.0,0.0,0.0,0.0,0.0,3.917,4.002
2057,large_district,10,DA - East Mountains,,,,,,,10,DA - East Mountains,,,,,87.333,193.328,2.214,0.0,0.0,0.0,0.0,7.776,164.975,0.0,0.0,0.0,0.0,0.0,0.0,0.0,0.0,0.0,0.0,3.778,3.997
2058,large_district,10,DA - East Mountains,,,,,,,10,DA - East Mountains,,,,,87.333,194.60799999999998,2.228,0.0,0.0,0.0,0.0,7.96,165.159,0.0,0.0,0.0,0.0,0.0,0.0,0.0,0.0,0.0,0.0,3.959,4.002
2059,large_district,10,DA - East Mountains,,,,,,,10,DA - East Mountains,,,,,87.333,195.983,2.244,0.0,0.0,0.0,0.0,7.911,165.11,0.0,0.0,0.0,0.0,0.0,0.0,0.0,0.0,0.0,0.0,3.908,4.003
2060,large_district,10,DA - East Mountains,,,,,,,10,DA - East Mountains,,,,,87.333,197.394,2.26,0.0,0.0,0.0,0.0,8.022,165.221,0.0,0.0,0.0,0.0,0.0,0.0,0.0,0.0,0.0,0.0,4.0200000000000005,4.002
2061,large_district,10,DA - East Mountains,,,,,,,10,DA - East Mountains,,,,,87.333,198.871,2.277,0.0,0.0,0.0,0.0,8.01,165.209,0.0,0.0,0.0,0.0,0.0,0.0,0.0,0.0,0.0,0.0,4.013,3.996
2062,large_district,10,DA - East Mountains,,,,,,,10,DA - East Mountains,,,,,87.333,200.166,2.292,0.0,0.0,0.0,0.0,7.947,165.146,0.0,0.0,0.0,0.0,0.0,0.0,0.0,0.0,0.0,0.0,3.9459999999999997,4.0
2063,large_district,10,DA - East Mountains,,,,,,,10,DA - East Mountains,,,,,87.333,201.14899999999997,2.303,0.0,0.0,0.0,0.0,7.861,165.05999999999997,0.0,0.0,0.0,0.0,0.0,0.0,0.0,0.0,0.0,0.0,3.8600000000000003,4.001
2064,large_district,10,DA - East Mountains,,,,,,,10,DA - East Mountains,,,,,87.333,202.606,2.32,0.0,0.0,0.0,0.0,8.011,165.21,0.0,0.0,0.0,0.0,0.0,0.0,0.0,0.0,0.0,0.0,4.009,4.001
2065,large_district,10,DA - East Mountains,,,,,,,10,DA - East Mountains,,,,,87.333,204.053,2.336,0.0,0.0,0.0,0.0,8.004,165.203,0.0,0.0,0.0,0.0,0.0,0.0,0.0,0.0,0.0,0.0,4.003,4.001
2023,large_district,11,SL Northwest,,,,,,,11,SL Northwest,,,,,17749.333,60062.985,3.384,46307.0,3159.0,25076.0,18072.0,51752.172,83700.971,1821.0,1338.0,11527.0,13549.0,3128.0,4874.0,298.0,9772.0,255.608,1.722,4047.9320000000002,1139.909
2024,large_district,11,SL Northwest,,,,,,,11,SL Northwest,,,,,17876.665,59866.103,3.349,47276.665,3218.997,25254.670000000002,18802.998,50886.219,83064.21399999999,1851.999,1367.0,11499.002,13755.669,3149.333,5235.332,388.999,10029.330999999998,261.85,1.764,2228.107,1117.829
2025,large_district,11,SL Northwest,,,,,,,11,SL Northwest,,,,,18056.333,59781.332,3.311,48297.667,3271.998,25751.999,19273.664,52944.391,85445.79000000001,1887.6680000000001,1384.33,11874.998,13877.000999999998,3188.669,5386.0,516.667,10182.334,261.855,1.742,3152.344,1230.785
2026,large_district,11,SL Northwest,,,,,,,11,SL Northwest,,,,,18197.667,59520.519,3.271,48427.667,3290.999,25821.0,19315.670000000002,52754.687,85510.488,1889.9979999999998,1400.9979999999998,11871.332,13949.668,3174.335,5189.999,608.332,10342.999,262.952,1.779,2820.493,1241.791
2027,large_district,11,SL Northwest,,,,,,,11,SL Northwest,,,,,18307.999,59172.574,3.232,49291.337,3380.667,25971.002,19939.670000000002,54146.659999999996,87101.057,1955.999,1424.666,11871.999,14099.001,3193.333,5330.9980000000005,741.9970000000001,10673.333,263.992,1.804,3330.557,1258.975
2028,large_district,11,SL Northwest,,,,,,,11,SL Northwest,,,,,18421.998,58826.282,3.193,49771.666,3382.667,25991.669,20397.333000000002,54498.91,87658.504,1967.998,1414.664,11873.0,14118.666000000001,3274.6639999999998,5434.665,806.9970000000001,10881.001,274.195,1.717,3179.219,1272.116
2029,large_district,11,SL Northwest,,,,,,,11,SL Northwest,,,,,18543.667,58536.373999999996,3.157,50352.335,3408.666,26040.001,20903.667,55187.663,88566.264,1993.665,1414.998,11877.666000000001,14162.332,3390.0009999999997,5516.334,867.994,11129.331,274.617,1.61,3270.424,1288.678
2030,large_district,11,SL Northwest,,,,,,,11,SL Northwest,,,,,18726.999,58494.742,3.124,50947.669,3437.666,26077.334,21432.665999999997,55925.238,89633.835,2038.999,1398.665,11903.998,14173.332999999999,3511.335,5596.666,993.0,11331.667,270.939,1.576,3393.8070000000002,1311.242
2031,large_district,11,SL Northwest,,,,,,,11,SL Northwest,,,,,18908.665,58449.294,3.091,51464.997,3498.334,26201.666,21765.0,56588.123,90623.718,2110.332,1388.001,12007.666,14194.002,3597.334,5615.331,1051.328,11501.001,274.235,1.579,3517.535,1329.77
2032,large_district,11,SL Northwest,,,,,,,11,SL Northwest,,,,,19179.998,58706.215,3.061,52048.333,3538.999,26305.665,22203.670000000002,57321.663,91845.65699999999,2181.0,1358.001,12089.664999999999,14216.001,3693.335,5636.331,1115.998,11757.999999999998,275.408,1.651,3637.584,1358.691
2033,large_district,11,SL Northwest,,,,,,,11,SL Northwest,,,,,19413.667,58840.465,3.031,52789.001,3609.335,26456.665,22723.001999999997,57919.361,92863.962,2255.001,1354.334,12227.331,14229.332,3818.333,5660.331,1170.331,12074.0,284.056,1.728,3454.1,1390.4759999999999
2034,large_district,11,SL Northwest,,,,,,,11,SL Northwest,,,,,19626.001,58948.337,3.004,53906.333,3724.665,26864.667,23317.0,59221.938,94548.741,2304.002,1420.6689999999999,12591.664,14273.0,3920.665,5700.666,1246.665,12448.998000000001,292.139,1.796,3593.56,1428.109
2035,large_district,11,SL Northwest,,,,,,,11,SL Northwest,,,,,19773.666,58919.38,2.98,53798.002,3676.001,26760.999,23361.0,58777.896,94370.494,2307.666,1368.333,12665.331,14095.668,4014.33,5710.668,1259.6689999999999,12376.33,291.57099999999997,1.818,3247.635,1438.873
2036,large_district,11,SL Northwest,,,,,,,11,SL Northwest,,,,,19935.666,58937.949,2.956,54295.332,3732.6690000000003,26801.667,23761.001,59368.491,95252.689,2346.0,1386.667,12791.998,14009.666000000001,4127.997,5743.333,1289.003,12600.668,295.93,1.803,3315.226,1460.199
2037,large_district,11,SL Northwest,,,,,,,11,SL Northwest,,,,,20073.336,58889.564,2.934,55109.666,3834.335,26924.668,24350.668,60677.201,96809.209,2416.6659999999997,1417.6680000000001,12940.331,13984.334,4277.999,5811.9980000000005,1348.332,12912.335000000001,298.54699999999997,1.786,3780.375,1486.829
2038,large_district,11,SL Northwest,,,,,,,11,SL Northwest,,,,,20215.667,58865.424,2.912,56181.664000000004,3951.669,27088.668999999998,25141.334,61640.527,98028.728,2495.9990000000003,1455.666,13046.0,14042.667000000001,4449.334,5890.004,1409.33,13392.666,304.441,1.78,3635.5769999999998,1517.063
2039,large_district,11,SL Northwest,,,,,,,11,SL Northwest,,,,,20355.667,58878.65,2.892,57420.001,4067.67,27338.999,26013.334000000003,63249.399,99889.6,2582.667,1484.999,13212.999,14126.0,4639.666,6008.3369999999995,1488.0,13877.33,310.886,1.777,3970.267,1546.468
2040,large_district,11,SL Northwest,,,,,,,11,SL Northwest,,,,,20474.666,58858.955,2.875,58835.0,4233.0,27559.999,27041.997,64423.544,101277.942,2696.997,1536.0,13338.666,14221.331,4875.666,6152.334,1581.662,14432.331999999999,313.99,1.777,3700.106,1572.674
2041,large_district,11,SL Northwest,,,,,,,11,SL Northwest,,,,,20595.668,58844.697,2.857,60413.998999999996,4422.001,27801.001,28191.001,66241.444,103313.648,2830.001,1592.0,13446.333,14354.668,5142.664,6303.6669999999995,1691.001,15053.667,318.152,1.784,3904.056,1603.457
2042,large_district,11,SL Northwest,,,,,,,11,SL Northwest,,,,,20741.001,58884.432,2.839,62344.334,4663.003,28150.664,29530.67,68812.776,106146.579,2989.332,1673.667,13625.998,14524.667,5462.6630000000005,6478.3369999999995,1795.665,15794.003,327.984,1.801,4506.055,1632.607
2043,large_district,11,SL Northwest,,,,,,,11,SL Northwest,,,,,20870.333,58920.742,2.823,64217.335,4902.3330000000005,28485.998,30828.999,70023.391,107589.99,3143.335,1758.998,13804.997,14680.998,5734.665,6663.001,1899.665,16531.667,331.758,1.815,3809.82,1662.667
2044,large_district,11,SL Northwest,,,,,,,11,SL Northwest,,,,,21027.667999999998,59021.018,2.807,66584.997,5191.334,28950.331,32443.333,73302.325,111152.129,3318.999,1872.329,14096.664999999999,14853.667,6105.332,6890.668,2049.996,17397.331,334.33299999999997,1.813,4680.406,1700.771
2045,large_district,11,SL Northwest,,,,,,,11,SL Northwest,,,,,21162.998,59082.561,2.792,69720.66799999999,5595.6630000000005,29832.002,34293.001,76578.261,114671.655,3580.333,2015.332,14749.333999999999,15082.668,6515.332,7187.333,2265.666,18324.667,335.935,1.81,4785.715,1734.13
2046,large_district,11,SL Northwest,,,,,,,11,SL Northwest,,,,,21264.998,59104.437,2.779,72510.669,5900.333,30539.671,36070.666,78915.156,117192.15,3777.6639999999998,2122.666,15227.333999999999,15312.336,6937.666,7493.0,2471.332,19168.669,339.656,1.811,4298.239,1764.789
2047,large_district,11,SL Northwest,,,,,,,11,SL Northwest,,,,,21356.334,59120.154,2.768,75263.333,6146.333,31356.67,37760.334,82291.415,120732.817,3940.998,2205.336,15777.333,15579.334,7335.001,7755.002,2793.333,19877.004,339.656,1.824,4887.556,1799.046
2048,large_district,11,SL Northwest,,,,,,,11,SL Northwest,,,,,21436.0,59110.383,2.758,78028.332,6374.665,32217.335000000003,39436.333,86046.15,124630.95,4093.665,2281.002,16451.667,15765.668000000001,7803.9980000000005,8064.0,2961.0,20607.333,340.08,1.844,5844.61,1831.282
2049,large_district,11,SL Northwest,,,,,,,11,SL Northwest,,,,,21527.0,59132.782999999996,2.747,80490.00099999999,6614.0,33085.666,40790.334,87776.798,126525.398,4246.0,2368.003,17176.666,15909.0,8214.333,8395.335,3055.667,21125.002,340.41499999999996,1.865,5079.907,1864.617
2050,large_district,11,SL Northwest,,,,,,,11,SL Northwest,,,,,21596.332000000002,59098.476,2.737,83552.001,6930.335,33986.002,42635.666,91376.91500000001,130250.311,4454.666,2475.668,17927.666,16058.333999999999,8750.664,8788.668,3247.665,21848.666,340.56,1.885,5580.688,1901.785
2051,large_district,11,SL Northwest,,,,,,,11,SL Northwest,,,,,21632.999,58986.312,2.727,86267.666,7187.669,34956.0,44124.001,94037.632,132977.029,4615.997,2571.669,18768.999,16186.999000000002,9087.666,9153.672,3459.666,22423.001,340.744,1.902,5499.055,1928.264
2052,large_district,11,SL Northwest,,,,,,,11,SL Northwest,,,,,21736.668,59047.549,2.716,89080.338,7464.332,35895.004,45720.998,97286.198,136412.202,4790.665,2673.668,19572.334,16322.665,9426.999,9565.334,3679.333,23049.333,340.653,1.922,5900.599,1962.685
2053,large_district,11,SL Northwest,,,,,,,11,SL Northwest,,,,,21802.668,59000.648,2.706,92198.33499999999,7791.667,36808.335,47598.332,100991.17300000001,140235.977,5001.3330000000005,2790.336,20310.667,16497.666,9771.998,10036.665,3903.667,23885.999,340.744,1.944,6457.582,1992.57
2054,large_district,11,SL Northwest,,,,,,,11,SL Northwest,,,,,21892.999,58983.415,2.694,95355.999,8139.333,37867.002,49349.666,104243.639,143651.036,5196.999,2942.334,21185.332,16681.667,10092.33,10503.332,4150.999,24602.998,340.744,1.96,6518.85,2026.083
2055,large_district,11,SL Northwest,,,,,,,11,SL Northwest,,,,,21947.999,59020.052,2.689,98568.664,8463.668,38776.333,51328.667,107437.256,146943.653,5404.3330000000005,3059.334,21866.666,16909.665,10469.664,10940.335,4440.999,25477.666,340.744,1.969,6466.2,2059.675
2056,large_district,11,SL Northwest,,,,,,,11,SL Northwest,,,,,22047.998,59418.083,2.695,101791.66799999999,8735.0,39599.001,53457.669,111235.401,150921.795,5583.996,3151.0,22428.331,17170.663,10823.0,11416.336,4827.3330000000005,26391.002,340.559,1.96,6990.326,2110.897
2057,large_district,11,SL Northwest,,,,,,,11,SL Northwest,,,,,22113.332,59814.915,2.705,104652.998,9054.666000000001,40473.002,55125.335,114322.199,154126.195,5793.664,3261.002,23079.998,17393.0,11122.0,11758.005,5065.999,27179.332,340.559,1.928,7171.176,2155.537
2058,large_district,11,SL Northwest,,,,,,,11,SL Northwest,,,,,22153.665,60073.299,2.712,107290.00200000001,9329.667,41453.998999999996,56506.333,116544.718,156421.313,5959.999,3369.666,23840.665,17613.334,11387.332,12064.335000000001,5256.0019999999995,27798.668999999998,341.318,1.898,6715.79,2195.714
2059,large_district,11,SL Northwest,,,,,,,11,SL Northwest,,,,,22105.665,60170.36,2.722,109712.337,9515.665,42346.998999999996,57849.666,119777.367,159567.562,6087.001,3428.6659999999997,24522.331,17824.666,11654.663,12347.337,5469.9980000000005,28377.668,341.318,1.879,7492.871,2228.967
2060,large_district,11,SL Northwest,,,,,,,11,SL Northwest,,,,,22150.332,60549.413,2.734,112006.334,9721.002,43184.334,59101.001000000004,121843.899,161714.495,6217.666,3503.332,25180.665,18003.664,11877.665,12634.003,5661.9980000000005,28927.333000000002,341.22700000000003,1.869,7222.02,2272.455
2061,large_district,11,SL Northwest,,,,,,,11,SL Northwest,,,,,22172.332,60943.461,2.749,114507.667,10099.333,43922.334,60485.998,124652.716,164562.912,6416.665,3682.667,25709.665,18212.666,12087.663,12928.003,5864.668,29605.665,341.318,1.863,7489.068,2312.799
2062,large_district,11,SL Northwest,,,,,,,11,SL Northwest,,,,,22206.332,61336.17,2.762,116744.667,10338.334,44668.335,61738.003,126996.866,166968.262,6585.998,3752.331,26267.665,18400.666,12262.33,13199.0,6050.333,30226.335,341.22700000000003,1.86,7550.729,2358.377
2063,large_district,11,SL Northwest,,,,,,,11,SL Northwest,,,,,22234.332,61702.71,2.775,119035.666,10579.001,45420.67,63036.001,129334.07400000001,169355.87,6783.331,3795.666,26844.665,18575.999,12443.664,13463.333,6230.332,30898.670000000002,341.319,1.857,7553.675,2401.556
2064,large_district,11,SL Northwest,,,,,,,11,SL Northwest,,,,,22261.332,62116.288,2.79,121076.998,10817.333999999999,46162.0,64097.67,132033.169,172103.565,6972.999,3844.333,27452.999,18708.999,12569.665,13689.333,6400.666,31438.003,341.50199999999995,1.854,8167.07,2445.745
2065,large_district,11,SL Northwest,,,,,,,11,SL Northwest,,,,,22288.332,62508.475,2.805,123293.335,11085.0,46962.667,65245.668,134392.848,174511.844,7181.997,3903.0,28139.332000000002,18823.332,12697.666,13914.333,6606.336,32027.336,341.319,1.852,8263.537,2492.809
2023,large_district,12,SL North Central,,,,,,,12,SL North Central,,,,,88286.667,274411.753,3.108,231245.998,28237.0,76320.665,126688.333,253346.657,412262.658,17458.0,10779.0,26288.999,50031.666,27461.0,31584.0,8399.333,59244.0,37.086,992.035,15411.015,5660.5380000000005
2024,large_district,12,SL North Central,,,,,,,12,SL North Central,,,,,88619.339,272902.723,3.079,234659.339,28382.674,76475.998,129800.668,253575.626,413090.44299999997,17465.665,10917.0,25786.0,50689.992,27453.336,33198.99,8877.666,60270.657,38.175999999999995,1015.793,12315.197,5547.119
2025,large_district,12,SL North Central,,,,,,,12,SL North Central,,,,,89310.334,272200.128,3.048,237928.00400000002,28544.668,77139.667,132243.651,259329.775,420088.377,17653.327,10891.326000000001,25761.0,51378.668,27703.332,33874.001,9566.672,61099.668,38.175999999999995,1003.5859999999999,14272.443,6087.567
2026,large_district,12,SL North Central,,,,,,,12,SL North Central,,,,,90346.664,272470.212,3.016,238557.001,28391.004,77317.664,132848.33,260929.315,423553.30700000003,17546.672,10844.335000000001,25730.334,51587.332,27417.327,34011.337,9959.993,61459.663,38.233,1024.944,15137.545,6171.589
2027,large_district,12,SL North Central,,,,,,,12,SL North Central,,,,,91307.672,272509.803,2.985,240866.664,28636.659,77716.004,134513.999,263671.934,428025.75,17745.67,10891.002,25714.333,52001.67,27428.666,34467.336,10367.663,62250.328,38.291000000000004,1038.894,15446.56,6281.548
2028,large_district,12,SL North Central,,,,,,,12,SL North Central,,,,,92388.67,272955.563,2.954,241280.997,28550.66,77674.674,135055.664,264867.783,431167.393,17746.332,10804.333,25707.999,51966.67,27460.665,34603.992,10561.335,62429.666,38.597,988.985,16185.615,6373.59
2029,large_district,12,SL North Central,,,,,,,12,SL North Central,,,,,93694.66100000001,274123.962,2.926,242584.989,28477.001,77655.336,136452.668,266400.386,435050.76900000003,17805.663,10671.328,25687.0,51968.335,27659.663,34923.662,10783.668,63085.659,38.941,927.311,16342.739,6506.375
2030,large_district,12,SL North Central,,,,,,,12,SL North Central,,,,,94780.992,274643.123,2.898,244378.334,28665.665,77657.999,138054.662,268270.815,438876.591,18066.999,10598.666,25687.0,51970.998999999996,27914.333,35227.996,11276.004,63636.329,38.271,907.6949999999999,16301.955,6644.561
2031,large_district,12,SL North Central,,,,,,,12,SL North Central,,,,,96005.335,275603.57,2.871,245292.33000000002,28779.002,77578.005,138935.335,268867.875,441677.48,18338.664,10440.338,25580.999,51997.003,28082.668,35340.995,11464.001,64047.664,40.279999999999994,909.6569999999999,15863.77,6761.836
2032,large_district,12,SL North Central,,,,,,,12,SL North Central,,,,,97024.007,276023.745,2.845,246345.334,28802.331000000002,77566.672,139976.335,269793.158,444436.379,18530.333,10271.998,25531.002,52035.673,28242.666,35474.996,11638.33,64620.326,40.306,951.0640000000001,15569.331,6887.119
2033,large_district,12,SL North Central,,,,,,,12,SL North Central,,,,,98049.669,276532.18,2.82,247740.669,28972.664,77452.0,141316.005,271759.442,448248.849,18728.337,10244.329,25486.67,51965.332,28520.001,35649.667,11780.665,65365.664,40.144,995.523,15958.402,7024.717
2034,large_district,12,SL North Central,,,,,,,12,SL North Central,,,,,98880.331,276636.732,2.798,249591.995,29369.674,77449.669,142772.671,272532.031,450516.624,18864.332,10505.325,25452.668999999998,51996.996,28739.665,35881.667,11982.334,66169.002,40.864,1034.75,14676.52,7187.886
2035,large_district,12,SL North Central,,,,,,,12,SL North Central,,,,,99295.328,275831.394,2.778,248449.995,28940.659,76761.325,142748.003,272693.967,451425.551,18851.67,10089.0,25447.668,51313.664,28974.336,36007.995,12011.336,65754.336,40.784,1046.957,15942.192000000001,7214.04
2036,large_district,12,SL North Central,,,,,,,12,SL North Central,,,,,99893.666,275645.134,2.759,249052.00699999998,29075.998,76375.996,143600.004,274369.91599999997,454178.514,18938.324,10137.665,25427.668999999998,50948.328,29214.333,36195.654,12045.994,66143.999,39.861,1038.674,16916.39,7322.999
2037,large_district,12,SL North Central,,,,,,,12,SL North Central,,,,,101070.993,276909.979,2.74,249907.335,29287.667,76140.662,144479.003,275076.382,457004.161,19106.661,10180.998,25397.668999999998,50742.997,29299.999,36436.996,12167.672,66574.334,39.848,1028.6490000000001,16609.414,7491.141
2038,large_district,12,SL North Central,,,,,,,12,SL North Central,,,,,102479.333,278838.45,2.721,251014.011,29367.338,76155.327,145491.333,275048.022,459510.821,19219.665,10147.665,25367.668,50787.665,29490.997,36710.99,12282.342,67006.993,40.029999999999994,1025.3809999999999,15275.635,7692.975
2039,large_district,12,SL North Central,,,,,,,12,SL North Central,,,,,103665.006,280393.134,2.705,252060.998,29362.34,76155.994,146542.669,276291.635,462888.653,19261.997,10100.335,25329.001,50827.004,29742.333,37028.324,12415.335,67356.667,40.914,1023.6370000000001,15293.069,7873.012
2040,large_district,12,SL North Central,,,,,,,12,SL North Central,,,,,104828.003,281804.00800000003,2.688,253477.007,29451.002,76152.33,147873.667,277327.608,466018.017,19348.662,10102.338,25288.002,50864.33,30051.331000000002,37374.994,12564.338,67883.003,40.925,1023.419,14729.275,8056.987
2041,large_district,12,SL North Central,,,,,,,12,SL North Central,,,,,105961.669,283155.481,2.672,254770.66700000002,29540.999,76153.667,149076.003,278854.14,469585.147,19462.998,10078.006,25216.668,50936.997,30298.328999999998,37712.333,12668.004,68397.337,41.863,1027.56,14766.76,8247.293
2042,large_district,12,SL North Central,,,,,,,12,SL North Central,,,,,106958.327,284150.234,2.657,256025.0,29638.666,76145.333,150240.995,280536.535,473061.516,19521.0,10117.671,25133.0,51012.334,30580.338,38044.002,12792.673,68824.0,42.59,1037.367,15013.565,8418.008
2043,large_district,12,SL North Central,,,,,,,12,SL North Central,,,,,107998.996,285365.273,2.642,257363.665,29677.332,76015.66100000001,151670.666,282448.461,476846.649,19602.006,10075.336,24967.667,51047.997,30933.331,38430.67,12893.67,69412.998,42.474,1045.647,15387.671,8608.999
2044,large_district,12,SL North Central,,,,,,,12,SL North Central,,,,,108934.334,286399.217,2.629,258716.664,29705.663,75954.654,153056.336,284073.337,480155.139,19630.334,10075.335,24818.667999999998,51135.997,31277.989,38799.337999999996,12988.676,69990.334,41.334,1044.557,15468.626,8802.155999999999
2045,large_district,12,SL North Central,,,,,,,12,SL North Central,,,,,109923.663,287594.711,2.616,260381.336,29867.328,75645.327,154868.667,286347.859,484210.448,19778.67,10088.663,24524.334,51121.0,31755.324,39300.001000000004,13163.339,70650.0,41.246,1042.3790000000001,15883.498,8999.411
2046,large_district,12,SL North Central,,,,,,,12,SL North Central,,,,,110636.0,288310.87,2.606,263068.332,29948.667,75602.658,157517.00400000002,290314.721,489459.521,19855.671,10092.999,24468.334,51134.33,32508.334,39938.332,13462.669,71607.664,42.080999999999996,1043.033,16975.384000000002,9185.886
2047,large_district,12,SL North Central,,,,,,,12,SL North Central,,,,,111805.001,289987.121,2.594,266720.67,30436.671,75725.333,160558.668,293418.585,494667.588,20180.998,10255.666,24451.667,51273.664000000004,33231.326,40602.0,13950.34,72775.005,42.080999999999996,1050.443,16188.81,9416.597
2048,large_district,12,SL North Central,,,,,,,12,SL North Central,,,,,113456.665,292847.553,2.581,269231.004,30728.005,75749.662,162753.339,297018.135,501240.13,20386.671,10341.331,24441.001,51308.663,33916.666,41187.335,14155.002,73494.333,42.089,1062.21,16989.683,9693.148
2049,large_district,12,SL North Central,,,,,,,12,SL North Central,,,,,115346.668,296384.119,2.57,272198.332,31118.999,75835.664,165243.669,300770.749,508394.753,20627.671,10491.33,24440.001,51395.665,34646.33,41836.996,14393.672,74366.665,42.089,1074.199,17458.519,9997.611
2050,large_district,12,SL North Central,,,,,,,12,SL North Central,,,,,117687.004,300937.527,2.557,274824.0,31390.66,75909.331,167524.005,304230.702,516067.314,20783.673,10607.0,24432.335,51477.0,35338.338,42511.66,14630.002,75044.002,42.07,1085.965,17923.683,10354.967
2051,large_district,12,SL North Central,,,,,,,12,SL North Central,,,,,119960.004,305264.004,2.545,277340.663,31784.333,75935.99799999999,169620.335,307616.589,523544.601,21064.005,10720.334,24407.002,51529.003,35901.338,42969.663,14899.332,75849.998,42.089,1095.773,18448.615,10689.453
2052,large_district,12,SL North Central,,,,,,,12,SL North Central,,,,,121893.332,308707.497,2.533,279659.998,32105.328,75999.666,171554.998,310695.195,530103.191,21308.004,10797.334,24405.667999999998,51593.998,36380.343,43489.665,15116.001,76569.0,42.415,1107.105,18872.35,11013.315
2053,large_district,12,SL North Central,,,,,,,12,SL North Central,,,,,123848.672,312562.427,2.524,282539.004,32513.994,76069.002,173955.998,314439.48,537367.096,21568.665,10945.333,24402.335,51666.666,36906.335,44066.333,15406.333,77576.997,42.089,1119.746,19417.43,11321.21
2054,large_district,12,SL North Central,,,,,,,12,SL North Central,,,,,125281.332,314792.793,2.513,285019.671,32897.663,75867.663,176254.336,318164.555,543670.951,21837.666,11059.997,24157.003,51710.664,37412.339,44700.329,15700.337,78441.331,42.424,1128.683,20379.395,11594.376
2055,large_district,12,SL North Central,,,,,,,12,SL North Central,,,,,126135.333,316223.792,2.507,287715.342,33240.002,75896.994,178578.338,321560.71,548604.309,22069.674,11170.332,24102.336,51794.663,37801.337,45333.335,15932.336,79511.332,42.424,1134.1299999999999,20816.758,11852.04
2056,large_district,12,SL North Central,,,,,,,12,SL North Central,,,,,126215.332,317737.333,2.517,291470.333,33590.998,75982.329,181897.003,326007.054,553194.65,22318.671,11272.334,24092.002,51890.334,38453.001000000004,46157.671,16375.669,80910.665,42.406,1128.8990000000001,21274.927,12090.497
2057,large_district,12,SL North Central,,,,,,,12,SL North Central,,,,,126298.331,319467.145,2.529,294825.003,33968.336,76015.994,184840.663,329723.362,557060.355,22570.998,11397.329,24035.002,51980.998,39164.336,46817.671,16786.338,82072.33,42.406,1110.375,21434.763,12310.82
2058,large_district,12,SL North Central,,,,,,,12,SL North Central,,,,,126494.663,320803.714,2.536,297986.666,34427.998,75973.33,187585.333,333104.959,560795.348,22874.0,11554.0,23912.668999999998,52060.667,39846.002,47402.004,17174.334,83163.005,42.416000000000004,1093.158,21444.2,12538.508
2059,large_district,12,SL North Central,,,,,,,12,SL North Central,,,,,126822.329,322943.244,2.546,300588.665,34771.337,75808.66,190008.665,336933.589,565213.776,23102.998,11668.333,23753.335,52055.33,40457.668,47926.003,17491.333,84133.671,42.416000000000004,1082.0449999999998,22422.663,12797.806
2060,large_district,12,SL North Central,,,,,,,12,SL North Central,,,,,126896.663,324704.809,2.559,303430.337,35070.999,75880.33,192479.0,340129.264,568543.253,23298.0,11773.002,23746.336,52133.996,41048.332,48493.001,17862.337,85075.331,42.406,1076.378,22551.369,13028.773
2061,large_district,12,SL North Central,,,,,,,12,SL North Central,,,,,127122.996,327080.57,2.573,306722.341,35655.33,75943.662,195123.337,343960.315,572781.703,23565.997,12089.335,23740.668999999998,52202.999,41646.664,49081.004,18242.334,86153.334,42.416000000000004,1073.325,22853.055,13269.194
2062,large_district,12,SL North Central,,,,,,,12,SL North Central,,,,,127164.996,328893.701,2.586,309412.341,36039.328,76012.997,197359.999,346906.435,575803.423,23816.331,12223.003999999999,23738.668999999998,52274.333,42096.001,49585.998,18584.331,87093.666,42.406,1071.148,22875.627,13504.926
2063,large_district,12,SL North Central,,,,,,,12,SL North Central,,,,,127419.996,330926.662,2.597,311942.006,36389.332,76042.66,199510.0,350020.969,579376.957,24064.008,12325.33,23714.335,52328.33,42538.339,50112.664,18925.666,87933.33,41.414,1069.403,23216.958,13751.195
2064,large_district,12,SL North Central,,,,,,,12,SL North Central,,,,,127427.996,332984.183,2.613,314375.673,36763.667,76103.664,201508.335,352827.98,582198.368,24336.333,12427.33,23707.335,52396.33,42886.337,50554.997,19253.666,88813.336,41.432,1067.878,23322.571,14020.437
2065,large_district,12,SL North Central,,,,,,,12,SL North Central,,,,,127456.996,334860.407,2.627,316709.67,37132.0,76150.664,203427.005,355464.078,584886.666,24603.334,12528.665,23698.001,52452.664,43232.669,50983.995,19562.333,89647.991,41.414,1066.57,23394.187,14252.239
2023,large_district,13,SL CBD,,,,,,,13,SL CBD,,,,,14380.0,22795.743,1.585,98490.333,15382.0,4443.333,78665.0,104486.05099999999,130370.051,6356.0,9026.0,918.0,3525.333,27112.0,12154.0,3086.0,36313.0,0.0,74.05799999999999,4996.738,924.9250000000001
2024,large_district,13,SL CBD,,,,,,,13,SL CBD,,,,,16305.668,27242.063,1.671,98866.999,15517.664999999999,4355.665,78993.67,107322.572,136672.776,6435.003,9082.667,834.665,3520.999,27035.666,12136.665,3195.998,36625.331,0.0,75.832,7356.256,1023.478
2025,large_district,13,SL CBD,,,,,,,13,SL CBD,,,,,17855.671,30403.158,1.703,100032.001,15597.335,4437.664,79997.00200000001,107235.013,139375.226,6596.669,9000.67,811.332,3626.33,27265.668,12153.001,3402.003,37176.33,0.0,74.92,5911.642,1216.4470000000001
2026,large_district,13,SL CBD,,,,,,,13,SL CBD,,,,,19358.336,33347.252,1.723,99882.999,15599.998,4429.999,79852.999,107197.165,142042.173,6605.67,8994.334,802.332,3627.664,26993.999,12059.329,3467.666,37332.002,0.0,76.515,5915.475,1322.171
2027,large_district,13,SL CBD,,,,,,,13,SL CBD,,,,,20816.667,36201.434,1.739,98752.33,15168.336,4428.333,79155.666,106537.395,144007.396,6510.669,8657.664999999999,789.999,3638.331,26857.999,11884.999,3580.998,36831.665,0.0,77.557,6275.541,1431.97
2028,large_district,13,SL CBD,,,,,,,13,SL CBD,,,,,22494.0,39604.609,1.761,98022.001,15096.669,4343.665,78581.668,105792.435,146281.635,6505.667,8591.001,782.999,3560.6620000000003,26477.668,11780.0,3643.6639999999998,36680.331,0.0,73.83099999999999,6142.126,1554.478
2029,large_district,13,SL CBD,,,,,,,13,SL CBD,,,,,23818.339,42032.741,1.765,98615.998,14988.335000000001,4322.001,79305.666,106553.913,149426.93,6482.665,8505.667,780.667,3541.334,26744.001,11761.333,3712.997,37087.336,0.0,69.227,6215.341,1653.347
2030,large_district,13,SL CBD,,,,,,,13,SL CBD,,,,,24611.337,43390.373,1.763,100507.663,15159.663,4329.334,81018.661,108369.522,152669.933,6735.668000000001,8424.001,780.667,3548.668,27388.332000000002,11783.333999999999,3987.3289999999997,37859.668,0.0,67.762,6068.547,1725.548
2031,large_district,13,SL CBD,,,,,,,13,SL CBD,,,,,25323.668999999998,44545.977,1.759,101417.33,15290.666,4287.0,81839.663,109252.266,154834.873,6989.331,8301.333999999999,773.999,3513.0,27777.339,11720.001,4082.6659999999997,38259.667,0.0,67.908,5981.993,1785.025
2032,large_district,13,SL CBD,,,,,,,13,SL CBD,,,,,25902.994,45401.947,1.753,103042.334,15485.669,4273.666,83283.00200000001,110658.256,157283.638,7237.665,8248.002,772.333,3501.331,28223.33,11742.999,4398.665,38918.0,0.0,70.999,5707.5599999999995,1837.368
2033,large_district,13,SL CBD,,,,,,,13,SL CBD,,,,,26363.001,46012.879,1.745,104679.668,15655.0,4252.333,84772.33,112464.432,159917.835,7420.336,8234.668,767.333,3484.997,28841.001,11757.0,4567.002,39607.335,0.0,74.318,5821.924,1888.528
2034,large_district,13,SL CBD,,,,,,,13,SL CBD,,,,,26865.999,46729.282,1.739,106641.99799999999,16019.338,4239.666,86382.998,114515.137,162873.934,7543.331,8476.001,757.3340000000001,3482.333,29312.999,11836.003,4848.33,40385.666,0.0,77.246,5840.287,1955.604
2035,large_district,13,SL CBD,,,,,,,13,SL CBD,,,,,27189.004,47116.965,1.733,106492.998,15716.671,4188.665,86587.667,114495.89600000001,163436.108,7556.666,8160.003,757.0,3431.665,29735.662,11823.669,4889.999,40138.335,0.0,78.15899999999999,5944.251,1980.491
2036,large_district,13,SL CBD,,,,,,,13,SL CBD,,,,,27465.67,47405.166,1.726,107695.334,15870.0,4150.667,87674.667,115856.07400000001,165294.284,7651.33,8218.663,749.0,3401.666,30230.996,11881.333,5020.665,40541.662,0.0,77.53999999999999,6073.264,2009.942
2037,large_district,13,SL CBD,,,,,,,13,SL CBD,,,,,27686.669,47617.072,1.72,108956.666,16087.335,4147.666,88721.668,116827.012,166663.019,7790.6630000000005,8296.662,745.3340000000001,3402.335,30585.001,11972.004,5177.664,40987.004,0.0,76.792,5741.667,2051.887
2038,large_district,13,SL CBD,,,,,,,13,SL CBD,,,,,27908.001,47837.858,1.714,110140.006,16218.667,4124.334,89797.006,117840.839,168075.242,7891.999,8326.665,728.0,3396.333,30955.335,12082.331,5317.002,41442.331,0.0,76.547,5528.539,2095.751
2039,large_district,13,SL CBD,,,,,,,13,SL CBD,,,,,28118.338,48041.952,1.709,111173.0,16350.997,4120.665,90701.33,118759.173,169372.187,7987.6630000000005,8363.33,723.666,3396.997,31242.998,12183.0,5445.33,41829.998999999996,0.0,76.417,5375.575,2134.187
2040,large_district,13,SL CBD,,,,,,,13,SL CBD,,,,,28300.006,48212.405,1.704,111802.331,16469.333,4111.334,91221.665,119337.579,170277.597,8092.0,8377.332,716.0,3395.334,31445.666,12298.334,5568.334,41909.329,0.0,76.402,5282.634,2176.21
2041,large_district,13,SL CBD,,,,,,,13,SL CBD,,,,,28455.338,48357.43,1.699,112533.001,16596.666,4108.668,91827.664,119867.607,171087.221,8173.665,8423.002,712.999,3395.666,31649.671000000002,12384.333,5656.001,42137.668,0.0,76.71000000000001,5041.739,2216.169
2042,large_district,13,SL CBD,,,,,,,13,SL CBD,,,,,28572.335,48438.528,1.695,113468.33899999999,16713.997,4102.335,92652.003,121060.628,172490.833,8243.667,8470.33,700.3340000000001,3402.002,31961.333,12497.666,5749.002,42443.998,0.0,77.443,5266.941,2247.918
2043,large_district,13,SL CBD,,,,,,,13,SL CBD,,,,,28767.002,48676.458,1.692,113086.999,16512.668,4087.337,92486.999,121046.017,172826.623,8202.001,8310.664,692.667,3394.6710000000003,32053.667,12534.33,5812.999,42086.001,0.0,78.06,5585.624,2295.333
2044,large_district,13,SL CBD,,,,,,,13,SL CBD,,,,,28955.333,48889.179000000004,1.688,113763.331,16633.666,4083.6730000000002,93045.999,120903.265,173022.864,8273.335,8360.333,689.3340000000001,3394.338,32245.333,12621.998,5896.996,42281.669,0.0,77.979,4721.935,2340.022
2045,large_district,13,SL CBD,,,,,,,13,SL CBD,,,,,29090.668,49004.143,1.685,114552.66500000001,16747.670000000002,4072.003,93733.0,122011.55,174374.754,8355.668,8391.998,678.001,3394.004,32469.0,12746.0,6000.335,42517.665,0.0,77.81700000000001,4998.426,2382.638
2046,large_district,13,SL CBD,,,,,,,13,SL CBD,,,,,29168.004,49052.802,1.682,114834.335,16719.331,4076.001,94039.001,122755.856,175258.268,8365.333999999999,8353.998,677.667,3398.334,32666.002,12823.332,6080.0,42469.661,0.0,77.86500000000001,5423.943,2419.706
2047,large_district,13,SL CBD,,,,,,,13,SL CBD,,,,,29361.337,49266.91,1.678,114940.333,16653.665,4076.332,94210.336,123612.18400000001,176462.595,8348.667,8304.999,675.667,3400.665,32791.332,12877.333,6156.663,42384.996,0.0,78.41900000000001,6122.03,2471.399
2048,large_district,13,SL CBD,,,,,,,13,SL CBD,,,,,29505.0,49415.843,1.675,115367.338,16686.335,4080.666,94600.333,123987.577,177096.577,8378.671,8307.665,675.667,3404.999,32974.666,12950.998,6199.663,42474.993,0.0,79.297,6020.225,2520.719
2049,large_district,13,SL CBD,,,,,,,13,SL CBD,,,,,29596.002,49450.901,1.671,115805.003,16738.668,4084.666,94981.667,124746.49399999999,178019.3,8410.665,8327.997,675.667,3408.998,33153.668,13015.668,6246.333,42565.997,0.0,80.19200000000001,6294.834,2566.469
2050,large_district,13,SL CBD,,,,,,,13,SL CBD,,,,,29645.003,49418.85,1.667,116254.00200000001,16803.668,4083.332,95366.997,125386.018,178747.027,8454.329,8349.33,671.667,3411.663,33330.668,13084.331,6289.333,42662.665,0.0,81.07,6443.789,2607.16
2051,large_district,13,SL CBD,,,,,,,13,SL CBD,,,,,29673.668,49360.424,1.663,116547.667,16855.335,4086.333,95606.001,125720.826,179133.43,8490.331,8364.999,671.3340000000001,3414.998,33395.334,13143.331,6330.334,42737.001000000004,0.0,81.80199999999999,6445.3279999999995,2646.025
2052,large_district,13,SL CBD,,,,,,,13,SL CBD,,,,,29683.001,49274.043,1.66,116824.669,16902.338,4088.668,95833.661,126130.075,179559.478,8520.997,8381.329,671.3340000000001,3417.334,33452.666000000005,13194.666,6378.001,42808.332,0.0,82.649,6543.613,2679.151
2053,large_district,13,SL CBD,,,,,,,13,SL CBD,,,,,29630.334,49105.576,1.657,117153.669,16957.334,4093.334,96102.998,126602.329,179936.931,8556.999,8400.33,671.3340000000001,3422.0,33497.002,13271.331,6417.997,42916.662,0.0,83.592,6654.99,2710.082
2054,large_district,13,SL CBD,,,,,,,13,SL CBD,,,,,29632.333,48996.667,1.653,117438.668,17022.665,4093.666,96322.332,126902.67,180240.869,8598.668,8424.0,667.0,3426.666,33541.334,13331.001,6452.664,42997.331,0.0,84.259,6636.845,2742.896
2055,large_district,13,SL CBD,,,,,,,13,SL CBD,,,,,29633.334,48949.126,1.652,117751.666,17070.0,4099.666,96581.997,127634.285,180974.287,8627.999,8442.0,667.0,3432.667,33589.335,13396.003,6495.665,43101.003,0.0,84.666,7016.609,2781.3450000000003
2056,large_district,13,SL CBD,,,,,,,13,SL CBD,,,,,29626.668,49083.541,1.657,118016.004,17113.998,4105.999,96796.0,127754.521,181082.525,8653.668,8460.334,667.0,3438.999,33632.669,13448.003,6538.335,43176.998,0.0,84.27600000000001,6815.496,2838.747
2057,large_district,13,SL CBD,,,,,,,13,SL CBD,,,,,29624.001,49240.889,1.662,118347.672,17167.668,4090.666,97089.33,128522.27,181845.473,8684.999,8482.667,657.0,3433.667,33701.335,13516.671,6591.334,43279.999,0.0,82.893,7204.7699999999995,2886.931
2058,large_district,13,SL CBD,,,,,,,13,SL CBD,,,,,29613.333,49321.503,1.666,118816.667,17256.664,4054.999,97505.004,129197.506,182501.505,8738.999,8517.669,631.0,3423.999,33806.666,13603.336,6658.3330000000005,43436.667,0.0,81.608,7365.719,2933.511
2059,large_district,13,SL CBD,,,,,,,13,SL CBD,,,,,29617.333,49491.731,1.671,119206.999,17303.665,4062.001,97841.332,129686.75499999999,182997.954,8775.999,8527.667,631.0,3431.0,33878.669,13680.666,6726.333,43555.668,0.0,80.77799999999999,7410.687,2988.284
2060,large_district,13,SL CBD,,,,,,,13,SL CBD,,,,,29626.333,49675.368,1.677,119590.67,17355.665,4065.333,98169.665,130343.081,183670.48,8810.331,8545.332,631.0,3434.333,33959.669,13760.999,6781.334,43667.667,0.0,80.35499999999999,7627.679,3044.383
2061,large_district,13,SL CBD,,,,,,,13,SL CBD,,,,,29628.333,49869.354,1.683,119965.999,17443.0,4068.001,98455.0,130891.874,184222.873,8848.331,8594.67,631.0,3437.0,34018.338,13825.667,6826.331,43784.665,0.0,80.12700000000001,7751.3460000000005,3094.403
2062,large_district,13,SL CBD,,,,,,,13,SL CBD,,,,,29627.333,50044.932,1.689,120265.341,17492.0,4071.668,98701.667,131107.078,184436.277,8878.331,8613.67,631.0,3440.667,34074.002,13883.001,6872.997,43871.665,0.0,79.965,7617.386,3144.389
2063,large_district,13,SL CBD,,,,,,,13,SL CBD,,,,,29611.333,50227.171,1.696,120566.0,17534.0,4074.002,98958.001,131756.105,185056.504,8904.996,8629.003,631.0,3443.001,34126.667,13947.005000000001,6917.996,43966.334,0.0,79.834,7914.198,3196.075
2064,large_district,13,SL CBD,,,,,,,13,SL CBD,,,,,29611.333,50434.9,1.703,121089.668,17611.334,4000.667,99477.664,132605.749,185906.148,8951.661,8659.668,583.667,3417.0,34245.334,14088.668,7015.333,44128.332,0.0,79.72,8179.591,3256.7690000000002
2065,large_district,13,SL CBD,,,,,,,13,SL CBD,,,,,29604.333,50612.378,1.71,121666.0,17676.004,4002.333,99987.664,132958.031,186245.83000000002,8985.663,8690.337,583.667,3418.666,34371.0,14235.0,7115.336,44266.331,0.0,79.62299999999999,7904.6539999999995,3307.747
2023,large_district,14,SL Northeast,,,,,,,14,SL Northeast,,,,,123786.435,276637.676,2.235,265510.999,42983.0,17281.666,205246.333,290186.466,513002.051,27377.0,15606.0,6004.333,11277.333,30872.0,60649.0,50430.333,63295.0,9.021,127.449,16628.327,7910.6900000000005
2024,large_district,14,SL Northeast,,,,,,,14,SL Northeast,,,,,126423.91,281858.764,2.229,266234.328,42094.669,17092.664,207046.991,293880.421,521443.471,26513.333,15581.323,5736.342,11356.327,30525.992,62107.998,51307.659999999996,63105.328,9.041,130.505,19628.746,7877.791
2025,large_district,14,SL Northeast,,,,,,,14,SL Northeast,,,,,128770.93,286021.917,2.221,268947.004,41898.331,17362.670000000002,209685.991,296988.123,528775.793,26532.662,15365.668,5741.671,11620.996,30852.34,62756.663,52643.673,63433.322,9.041,128.931,19166.932,8736.201000000001
2026,large_district,14,SL Northeast,,,,,,,14,SL Northeast,,,,,130940.974,289761.313,2.213,269468.67100000003,41371.997,17237.003,210859.661,297982.861,533676.623,26136.669,15235.328,5619.339,11617.668,30538.671,62767.999,53690.337,63862.666,9.055,131.675,19474.137,8899.32
2027,large_district,14,SL Northeast,,,,,,,14,SL Northeast,,,,,133233.002,293502.666,2.203,272485.002,41817.334,17214.992,213452.674,301780.989,541600.395,26502.662,15314.664,5586.003,11628.995,30530.337,63266.333999999995,54647.337999999996,65008.674,9.069,133.472,20024.968,9128.475
2028,large_district,14,SL Northeast,,,,,,,14,SL Northeast,,,,,135438.801,297116.87,2.194,274550.669,41730.335,17211.662,215608.669,304057.387,547847.23,26536.663,15193.664,5581.338,11630.33,30852.998,63640.333,55179.335999999996,65936.0,10.068999999999999,127.05800000000002,20064.409,9305.179
2029,large_district,14,SL Northeast,,,,,,,14,SL Northeast,,,,,137595.599,300399.316,2.183,276592.999,41643.329,17161.993,217787.672,306984.045,554656.122,26653.329,14989.998,5531.3369999999995,11630.66,31301.999,63920.003,55719.998999999996,66845.672,10.071,119.134,20733.412,9528.404
2030,large_district,14,SL Northeast,,,,,,,14,SL Northeast,,,,,139309.397,302322.333,2.17,276829.334,41745.338,17074.989,218009.005,306151.875,556908.786,26957.333,14788.002,5512.337,11562.659,31695.667,63807.331,55242.661,67263.34,10.072,116.61500000000001,19474.846,9721.016
2031,large_district,14,SL Northeast,,,,,,,14,SL Northeast,,,,,140912.74,304037.176,2.158,277633.341,41689.664,16876.659,219067.004,307738.609,561381.549,27213.003,14476.664,5384.67,11491.993,31985.332,63732.331,55746.326,67603.001,10.07,116.865,20099.031,9879.3
2032,large_district,14,SL Northeast,,,,,,,14,SL Northeast,,,,,142537.168,305943.55,2.146,278845.001,41501.332,16681.658,220662.007,309234.703,565801.607,27289.333,14211.995,5313.672,11367.999,32317.009,63772.333,56350.994,68221.666,10.076,122.183,20184.26,10073.184
2033,large_district,14,SL Northeast,,,,,,,14,SL Northeast,,,,,144307.6,308429.091,2.137,280723.004,41475.663,16500.99,222746.337,311154.009,570907.689,27416.332,14059.323,5240.005,11260.992,32968.671,63857.326,56870.665,69049.666,10.121,127.895,19997.97,10295.037
2034,large_district,14,SL Northeast,,,,,,,14,SL Northeast,,,,,146087.03,311137.543,2.13,283180.666,41779.345,16332.659,225068.66999999998,314427.552,577384.202,27364.668,14414.668,5182.005,11150.659,33602.674,64006.327999999994,57457.668,70002.001,10.131,132.934,20522.544,10581.27
2035,large_district,14,SL Northeast,,,,,,,14,SL Northeast,,,,,147411.036,312701.446,2.121,282566.333,41100.99,16102.995,225362.337,312474.179,577814.047,27283.337,13817.673,5151.003,10952.001,34183.328,64038.001000000004,57769.335,69371.667,10.112,134.508,19089.811,10673.409
2036,large_district,14,SL Northeast,,,,,,,14,SL Northeast,,,,,148653.841,314192.935,2.114,284432.002,41211.667,15927.337,227292.999,315589.869,583166.792,27366.662,13845.003,5117.335,10809.999,34920.667,64232.33,58164.333,69975.664,10.134,133.44,20163.806,10850.491
2037,large_district,14,SL Northeast,,,,,,,14,SL Northeast,,,,,149869.3,315709.053,2.107,285951.672,41149.666,15749.66,229052.333,317716.795,587481.535,27313.664,13836.003,5068.67,10680.995,35465.336,64468.99,58649.33,70468.655,10.131,132.155,20557.644,11065.2
2038,large_district,14,SL Northeast,,,,,,,14,SL Northeast,,,,,151038.435,317114.561,2.1,287801.999,41007.998,15590.996000000001,231203.002,318765.982,590635.167,27187.656,13820.332,5015.338,10575.669,36100.985,64730.998,59160.996,71209.998,10.427999999999999,131.733,19537.039,11284.792
2039,large_district,14,SL Northeast,,,,,,,14,SL Northeast,,,,,152348.47,318896.161,2.093,289271.326,40666.001,15311.672,233293.674,321772.615,595999.865,26936.325,13729.669,4888.003,10423.671,36768.667,65077.996,59616.333999999995,71830.667,11.401,131.507,20832.37,11525.999
2040,large_district,14,SL Northeast,,,,,,,14,SL Northeast,,,,,153636.967,320746.978,2.088,291525.661,40478.995,15069.664,235977.002,323469.685,600016.226,26806.667,13672.339,4763.999,10305.666,37578.33,65523.327,60187.672,72687.666,12.411,131.48299999999998,20042.913,11757.22
2041,large_district,14,SL Northeast,,,,,,,14,SL Northeast,,,,,155028.064,322962.48099999997,2.083,293380.003,40431.666,14757.999,238190.332,325730.962,604781.474,26785.665,13646.001,4601.334,10156.661,38267.999,65891.997,60671.338,73359.001,13.062,132.014,20190.653,12015.231
2042,large_district,14,SL Northeast,,,,,,,14,SL Northeast,,,,,156369.969,325091.048,2.079,295044.003,40101.995,14476.663,240465.341,327803.55,609269.497,26668.667,13433.337,4440.004,10036.662,39258.665,66370.00200000001,61118.664,73717.992,13.078999999999999,133.27300000000002,20348.321,12264.864
2043,large_district,14,SL Northeast,,,,,,,14,SL Northeast,,,,,157665.666,327139.736,2.075,298418.672,40229.996,14324.999,243863.674,330810.976,614609.174,26740.333,13489.666,4342.004,9982.997,40293.663,66959.999,61694.655999999995,74915.337,13.042,134.334,19724.936999999998,12519.997
2044,large_district,14,SL Northeast,,,,,,,14,SL Northeast,,,,,158927.697,329212.881,2.071,301378.666,40272.34,14043.337,247063.015,334676.752,620746.603,26839.994,13432.33,4167.3369999999995,9875.999,41318.989,67602.998,62306.657,75834.334,13.0,134.193,20365.268,12785.628
2045,large_district,14,SL Northeast,,,,,,,14,SL Northeast,,,,,160123.529,331133.95,2.068,304391.003,40488.335,13833.662,250069.006,337245.52999999997,625467.877,27003.667,13484.672,4042.672,9790.994,42250.32,68279.66,62921.656,76617.334,12.972,133.918,19649.819,13057.834
2046,large_district,14,SL Northeast,,,,,,,14,SL Northeast,,,,,161433.94,333220.936,2.064,308180.673,40720.335,13678.663,253781.665,343142.627,633723.727,27117.674,13602.668,3944.6730000000002,9733.993,43475.663,69024.33,63621.663,77660.0,13.025,134.001,21463.217,13351.718
2047,large_district,14,SL Northeast,,,,,,,14,SL Northeast,,,,,162488.472,334822.994,2.061,313112.338,41348.326,13766.664,257997.345,348138.542,640617.798,27557.329999999998,13791.004,3931.672,9834.995,45227.666,70003.0,63412.664000000004,79354.00200000001,13.025,134.954,21251.873,13626.357
2048,large_district,14,SL Northeast,,,,,,,14,SL Northeast,,,,,163551.576,336559.126,2.058,318540.336,41923.997,13784.664,262831.681,353971.98,648364.828,27959.335,13964.666,3911.672,9872.995,46906.664,70985.663,64148.998,80790.331,13.029,136.463,21363.671,13918.475
2049,large_district,14,SL Northeast,,,,,,,14,SL Northeast,,,,,164641.567,338528.718,2.056,323736.334,42529.335,13805.664,267401.347,360830.559,657185.38,28364.664,14164.666,3901.004,9904.669,48412.328,71905.33,64943.335,82140.33,13.029,138.006,22739.115,14204.079
2050,large_district,14,SL Northeast,,,,,,,14,SL Northeast,,,,,165806.9,340602.136,2.054,329391.665,42983.005,13851.997,272556.669,367741.534,666193.954,28703.332,14279.666,3891.672,9960.335000000001,50104.324,72998.655,65835.668,83617.999,13.022,139.51399999999998,23673.113,14524.207
2051,large_district,14,SL Northeast,,,,,,,14,SL Northeast,,,,,167032.236,342862.149,2.053,333324.997,43513.337,13799.663,276012.009,372067.282,672725.31,29091.667,14421.668,3865.005,9934.665,51165.996,73877.994,66372.66100000001,84595.331,13.027999999999999,140.774,23758.793,14829.693
2052,large_district,14,SL Northeast,,,,,,,14,SL Northeast,,,,,168275.574,345099.834,2.051,337672.338,44201.336,13822.325,279648.665,377148.446,680044.488,29550.664,14650.674,3855.005,9967.326,52115.993,74821.989,66905.332,85805.333,13.025,142.23100000000002,24191.463,15129.39
2053,large_district,14,SL Northeast,,,,,,,14,SL Northeast,,,,,169386.569,346989.223,2.049,341744.339,44644.663,13868.326,283231.331,381739.692,686635.519,29860.667,14784.006,3849.3399999999997,10018.997,52978.001,75768.994,67463.66100000001,87020.664,13.027999999999999,143.856,24414.489,15423.994
2054,large_district,14,SL Northeast,,,,,,,14,SL Northeast,,,,,170550.23,349121.502,2.047,346243.336,45539.665,13889.994,286813.663,386904.132,693894.542,30451.667,15088.002,3826.34,10063.662,53781.997,76680.993,67950.665,88399.993,13.027999999999999,145.00799999999998,24778.54,15724.236
2055,large_district,14,SL Northeast,,,,,,,14,SL Northeast,,,,,171648.329,351544.176,2.048,350748.005,46195.661,13920.326,290631.999,392500.227,701467.214,30889.666,15306.001,3814.34,10105.995,54675.663,77587.659,68505.993,89862.656,13.027999999999999,145.705,25542.071,16051.367
2056,large_district,14,SL Northeast,,,,,,,14,SL Northeast,,,,,171790.428,353152.767,2.056,354623.667,46675.328,13964.328,293983.997,397442.222,706664.986,31196.671,15478.667,3781.673,10182.666,55486.332,78640.999,68536.993,91319.666,13.022,145.034,26279.222999999998,16381.283
2057,large_district,14,SL Northeast,,,,,,,14,SL Northeast,,,,,172164.761,355302.529,2.064,357695.007,47111.666,13929.33,296654.006,401496.814,711393.377,31514.001,15597.67,3724.673,10204.664,56112.994,79322.327,68890.658,92328.0,13.022,142.65300000000002,26930.581000000002,16715.557
2058,large_district,14,SL Northeast,,,,,,,14,SL Northeast,,,,,172082.754,356043.569,2.069,361489.343,47740.332,13960.664,299788.335,404758.026,714506.968,31904.007,15836.335,3717.674,10242.997,56865.655,80032.99,69345.995,93543.666,13.025,140.44299999999998,26127.628,16987.615
2059,large_district,14,SL Northeast,,,,,,,14,SL Northeast,,,,,172209.522,357799.1,2.078,364477.342,48117.998,14015.006,302344.337,409683.187,719660.313,32160.668999999998,15957.334,3713.674,10301.336,57410.332,80678.999,69732.334,94522.659,13.025,139.01500000000001,27750.413,17303.400999999998
2060,large_district,14,SL Northeast,,,,,,,14,SL Northeast,,,,,172312.39,359500.857,2.086,367595.34,48562.662,14014.337,305018.338,413427.149,723589.439,32460.007,16102.678,3708.341,10306.001,58072.33,81310.662,70179.662,95455.664,13.022,138.285,28061.801,17618.699
2061,large_district,14,SL Northeast,,,,,,,14,SL Northeast,,,,,171683.323,359816.707,2.096,370950.346,49251.333,14044.667,307654.337,416942.646,725972.615,32781.67,16469.665,3706.341,10338.331,58678.665,81899.992,70605.669,96469.995,13.025,137.89000000000001,27915.296,17926.115
2062,large_district,14,SL Northeast,,,,,,,14,SL Northeast,,,,,171762.99,361603.645,2.105,373407.012,49578.668,14066.67,309761.678,419672.298,728845.668,32978.012,16600.668,3706.341,10360.331,59163.994,82394.322,70965.331,97237.993,13.022,137.61599999999999,27880.978,18233.673
2063,large_district,14,SL Northeast,,,,,,,14,SL Northeast,,,,,171834.657,363254.355,2.114,375559.338,49838.337,14084.668,311636.338,422144.955,731447.326,33147.667,16690.667,3706.341,10378.328,59629.994,82865.663,71296.33,97844.332,13.025,137.391,27888.56,18546.648
2064,large_district,14,SL Northeast,,,,,,,14,SL Northeast,,,,,171694.324,364980.387,2.126,377460.343,50074.672,14095.668,313290.001,425053.071,734102.843,33298.003000000004,16776.667,3706.341,10389.33,60004.665,83289.996,71622.993,98372.329,13.030999999999999,137.194,28556.239,18886.265
2065,large_district,14,SL Northeast,,,,,,,14,SL Northeast,,,,,171717.324,366753.605,2.136,379133.665,50272.332,14105.003,314756.341,427131.371,736222.543,33410.339,16862.009,3706.341,10398.664,60350.659,83691.992,71930.666,98782.998,13.025,137.02599999999998,28640.119,19207.534
2023,large_district,15,SL Southwest,,,,,,,15,SL Southwest,,,,,25652.664,87057.286,3.394,15496.333,2239.0,6204.3330000000005,7053.0,23560.355,69735.147,1132.0,1107.0,3600.333,2604.0,744.0,2970.0,572.0,2767.0,608.451,2697.098,3110.942,1647.5330000000001
2024,large_district,15,SL Southwest,,,,,,,15,SL Southwest,,,,,26821.001,89042.289,3.32,15924.667,2248.332,6359.666,7316.665,25225.749,73503.552,1132.667,1115.666,3629.332,2730.333,747.335,3113.332,601.6659999999999,2854.333,599.376,2761.6839999999997,4262.122,1677.903
2025,large_district,15,SL Southwest,,,,,,,15,SL Southwest,,,,,27974.334,90823.898,3.247,16538.669,2246.669,6759.3330000000005,7532.662,26002.569,76356.371,1135.0,1111.6680000000001,3999.669,2759.666,743.003,3232.665,678.333,2878.668,595.705,2728.501,4233.003,1906.698
2026,large_district,15,SL Southwest,,,,,,,15,SL Southwest,,,,,29072.332,92402.772,3.178,17049.333,2262.998,6936.664000000001,7849.666,26020.396,78350.592,1139.002,1124.003,4103.002,2833.665,755.668,3286.9990000000003,767.665,3039.333,593.987,2786.567,3606.245,1984.264
2027,large_district,15,SL Southwest,,,,,,,15,SL Southwest,,,,,30277.333,94266.577,3.113,17775.0,2298.003,7245.999,8230.999,26695.487,81194.686,1159.003,1139.0,4292.001,2954.001,768.336,3425.0,853.665,3184.0,590.454,2824.489,3422.258,2083.29
2028,large_district,15,SL Southwest,,,,,,,15,SL Southwest,,,,,31404.001,95906.112,3.054,18390.336,2302.001,7315.002,8773.33,27786.981,84314.184,1168.336,1133.6680000000001,4333.667,2981.335,870.335,3559.664,914.999,3428.33,569.545,2688.804,3969.1130000000003,2169.197
2029,large_district,15,SL Southwest,,,,,,,15,SL Southwest,,,,,32702.997,97999.095,2.997,19512.667999999998,2336.668,7906.0019999999995,9269.997,29284.573,88149.96399999999,1194.004,1142.67,4874.666,3031.334,943.002,3682.0,989.3340000000001,3655.664,563.682,2521.124,4411.083,2276.013
2030,large_district,15,SL Southwest,,,,,,,15,SL Southwest,,,,,34304.996,100669.184,2.935,20976.335,2383.335,8681.333,9911.662,31213.051,92962.039,1245.336,1138.0,5626.3330000000005,3055.0,1037.001,3824.664,1168.667,3881.33,561.021,2467.798,4803.397,2404.507
2031,large_district,15,SL Southwest,,,,,,,15,SL Southwest,,,,,35913.668,103307.866,2.877,22290.003,2466.335,9524.0,10299.665,32898.515,97543.119,1317.335,1149.0,6431.334,3092.666,1101.668,3850.665,1261.998,4085.332,562.567,2473.131,5045.9130000000005,2526.904
2032,large_district,15,SL Southwest,,,,,,,15,SL Southwest,,,,,37634.668,106286.493,2.824,24162.001,2639.668,10378.667,11143.665,35882.37,103624.774,1447.3329999999999,1192.333,7236.332,3142.333,1277.667,3886.333,1399.667,4579.998,557.187,2585.706,5908.428,2669.051
2033,large_district,15,SL Southwest,,,,,,,15,SL Southwest,,,,,39264.337,108987.965,2.776,26422.001,2834.666,11039.331,12547.999,38106.324,108782.135,1615.335,1219.336,7850.999,3188.334,1665.666,3925.999,1511.333,5445.001,547.868,2706.579,5616.932,2812.943
2034,large_district,15,SL Southwest,,,,,,,15,SL Southwest,,,,,40874.668,111731.44499999999,2.734,30332.671,3374.335,12501.999,14456.335000000001,43064.64,116639.044,1846.001,1528.331,9250.668,3251.333,2031.662,4047.666,1723.0,6654.0,555.555,2813.23,6390.93,2972.255
2035,large_district,15,SL Southwest,,,,,,,15,SL Southwest,,,,,42625.001000000004,114765.484,2.692,30937.669,3359.669,12944.331,14633.667,43296.431000000004,120021.43400000001,1873.665,1485.999,9721.998,3222.335,2199.332,4051.334,1728.334,6654.67,554.146,2846.4120000000003,5861.81,3096.398
2036,large_district,15,SL Southwest,,,,,,,15,SL Southwest,,,,,44115.671,117185.679,2.656,33065.666,3547.335,13874.001,15644.336,44067.933000000005,123476.146,1986.665,1560.667,10639.332,3234.669,2491.0,4122.666,1816.666,7214.002,552.672,2823.895,4395.585,3230.11
2037,large_district,15,SL Southwest,,,,,,,15,SL Southwest,,,,,45496.998,119371.934,2.624,35502.332,3858.999,14920.328,16723.001,47432.492,129327.086,2188.331,1670.664,11643.664999999999,3276.665,2713.9990000000003,4240.0,1926.663,7842.338,548.466,2796.641,5213.354,3371.701
2038,large_district,15,SL Southwest,,,,,,,15,SL Southwest,,,,,46862.666,121567.39,2.594,38378.332,4156.001,16075.664,18146.665,51180.989,135533.787,2370.999,1784.999,12721.998,3353.666,2962.334,4395.999,2042.0,8746.335,538.92,2787.752,5961.508,3514.476
2039,large_district,15,SL Southwest,,,,,,,15,SL Southwest,,,,,48434.667,124242.237,2.565,41514.337,4575.668,17181.667999999998,19757.001,55759.618,142942.019,2644.666,1931.003,13732.667000000001,3449.0009999999997,3253.67,4584.999,2158.669,9759.666,528.878,2783.012,7251.064,3682.317
2040,large_district,15,SL Southwest,,,,,,,15,SL Southwest,,,,,50067.998999999996,127118.899,2.539,45354.997,5150.334,18343.994,21860.667,60634.277,150756.674,3024.666,2125.669,14774.665,3569.332,3641.0,4841.667,2349.333,11028.669,525.668,2782.42,8122.664,3848.528
2041,large_district,15,SL Southwest,,,,,,,15,SL Southwest,,,,,51446.002,129471.207,2.517,49275.001,5760.0,19549.33,23965.667,63329.772000000004,155932.578,3420.666,2339.334,15828.998,3720.333,4021.0009999999997,5082.666,2529.333,12332.664,521.447,2793.679,6734.345,4005.304
2042,large_district,15,SL Southwest,,,,,,,15,SL Southwest,,,,,52798.334,131844.636,2.497,52765.662000000004,6253.999,20690.329,25821.332,66660.818,161697.82,3716.002,2537.998,16817.332000000002,3872.998,4409.0,5296.335,2675.3340000000003,13440.665,514.776,2820.34,6405.516,4154.519
2043,large_district,15,SL Southwest,,,,,,,15,SL Southwest,,,,,53868.002,133595.462,2.48,56309.667,6783.337,21689.662,27836.667,70497.988,167460.394,4026.0,2757.334,17671.331,4018.332,4809.3330000000005,5535.664,2775.331,14716.332,507.669,2842.855,6542.796,4295.003
2044,large_district,15,SL Southwest,,,,,,,15,SL Southwest,,,,,54825.333,135124.731,2.465,59484.333,7304.333,22704.662,29475.335,72643.341,171328.94,4353.336,2951.002,18564.332,4140.331,5100.997,5742.3279999999995,2884.668,15747.334,506.669,2839.892,5381.711,4430.733
2045,large_district,15,SL Southwest,,,,,,,15,SL Southwest,,,,,55622.33,136328.778,2.451,61681.671,7695.0019999999995,23502.333000000002,30484.33,74463.612,174583.802,4595.999,3099.009,19236.664,4265.663,5293.663,5864.666,2954.001,16372.003,508.882,2833.9700000000003,4884.198,4554.899
2046,large_district,15,SL Southwest,,,,,,,15,SL Southwest,,,,,56211.334,137078.478,2.439,63335.997,7928.6630000000005,24218.33,31188.997,76309.666,177490.068,4767.001,3161.668,19842.665999999997,4375.662,5448.668,6010.665,2915.331,16814.334,511.97499999999997,2835.746,4959.175,4666.778
2047,large_district,15,SL Southwest,,,,,,,15,SL Southwest,,,,,56545.998999999996,137340.825,2.429,64910.335,8130.666,24810.668,31968.998,78021.258,179804.055,4909.667,3221.002,20312.667999999998,4498.0019999999995,5602.3330000000005,6129.9980000000005,3042.666,17194.001,511.97499999999997,2855.892,4983.945,4759.117
2048,large_district,15,SL Southwest,,,,,,,15,SL Southwest,,,,,56788.666,137405.323,2.42,65779.667,8219.663,25072.333000000002,32487.671,79168.154,181387.752,4997.334,3222.332,20514.33,4558.001,5724.0,6222.667,3091.663,17449.337,512.45,2887.887,5139.411,4848.747
2049,large_district,15,SL Southwest,,,,,,,15,SL Southwest,,,,,56959.665,137327.009,2.411,66565.668,8329.331,25291.999,32944.334,80420.362,182947.757,5067.668,3261.666,20680.333000000002,4611.664,5828.0,6298.668,3135.667,17682.001,512.781,2920.4750000000004,5488.124,4933.327
2050,large_district,15,SL Southwest,,,,,,,15,SL Southwest,,,,,57059.001000000004,137090.883,2.403,67371.666,8468.335,25528.663,33374.665,81479.215,184185.418,5168.001,3300.334,20858.0,4670.664,5927.999,6384.666,3181.334,17880.667,513.504,2952.47,5626.293,5015.29
2051,large_district,15,SL Southwest,,,,,,,15,SL Southwest,,,,,57137.001000000004,136793.32,2.394,68113.004,8563.333,25788.998,33760.669,82586.868,185433.471,5236.003,3327.333,21058.665,4730.331,6006.664,6471.67,3223.001,18059.333,513.781,2979.131,5889.577,5091.3730000000005
2052,large_district,15,SL Southwest,,,,,,,15,SL Southwest,,,,,57203.668,136477.918,2.386,68811.333,8668.0,26002.999,34140.331,83319.31999999999,186285.924,5303.3330000000005,3364.668,21217.999,4785.001,6069.665,6568.3330000000005,3268.665,18233.668,514.311,3009.944,5816.473,5167.26
2053,large_district,15,SL Southwest,,,,,,,15,SL Southwest,,,,,57298.666,136198.079,2.377,69456.668,8729.0,26204.996,34522.662,84210.329,187347.927,5337.999,3391.004,21360.664,4844.332,6130.999,6665.336,3310.666,18415.667,513.781,3044.309,5958.364,5237.213
2054,large_district,15,SL Southwest,,,,,,,15,SL Southwest,,,,,57548.666,136200.296,2.367,70039.33499999999,8679.667,26462.662,34897.0,85528.267,189115.865,5331.997,3347.669,21549.997,4912.664,6183.0,6766.666,3358.33,18589.0,514.111,3068.604,6582.455,5323.762
2055,large_district,15,SL Southwest,,,,,,,15,SL Southwest,,,,,57626.666,136154.134,2.363,70863.001,8768.999,26726.663,35367.336,86265.118,189993.116,5399.997,3369.0,21696.665999999997,5029.995,6248.998,6874.997,3412.662,18830.665,514.111,3083.414,6394.232,5410.357
2056,large_district,15,SL Southwest,,,,,,,15,SL Southwest,,,,,57724.666,136882.868,2.371,71730.666,8841.668,27016.333,35872.67,87288.735,191193.133,5456.002,3385.663,21861.0,5155.332,6308.666,7004.999,3480.998,19077.999,514.837,3069.194,6447.865,5526.187
2057,large_district,15,SL Southwest,,,,,,,15,SL Southwest,,,,,57888.666,137796.082,2.38,72642.332,8931.664,27341.663,36369.004,88823.358,193022.956,5522.334,3409.332,22067.664,5273.999,6390.33,7114.001,3539.999,19324.668,514.837,3018.831,7003.503,5643.852
2058,large_district,15,SL Southwest,,,,,,,15,SL Southwest,,,,,58019.998999999996,138375.488,2.385,73914.334,9040.333999999999,27849.331000000002,37024.666,90778.109,195214.106,5608.667,3431.668,22360.666,5488.667,6495.332,7259.0,3607.0,19663.332,515.982,2972.0229999999997,7623.771,5751.9980000000005
2059,large_district,15,SL Southwest,,,,,,,15,SL Southwest,,,,,58116.998999999996,139130.709,2.394,75012.669,9137.665,28228.662,37646.335,91501.14600000001,196111.743,5682.998,3454.669,22551.667,5677.003,6590.0,7413.666,3685.332,19957.33,515.982,2941.806,7167.456,5863.246
2060,large_district,15,SL Southwest,,,,,,,15,SL Southwest,,,,,58326.998999999996,140099.642,2.402,75859.67,9200.001,28493.329,38166.334,92809.13100000001,197797.728,5753.999,3446.003,22637.333,5856.0,6674.333,7550.9980000000005,3761.667,20179.333,515.171,2926.4,7517.443,5990.446
2061,large_district,15,SL Southwest,,,,,,,15,SL Southwest,,,,,58441.332,141009.002,2.413,77186.668,9388.335000000001,28951.665999999997,38846.668,94158.26699999999,199352.663,5860.999,3527.334,22890.666,6060.999,6750.0,7709.667,3835.665,20551.329999999998,515.982,2918.1040000000003,7438.044,6099.471
2062,large_district,15,SL Southwest,,,,,,,15,SL Southwest,,,,,58713.665,142022.015,2.419,78159.665,9501.333,29283.332000000002,39375.002,95524.383,201208.978,5955.331999999999,3546.0,23066.666999999998,6216.666,6807.999,7814.0,3901.998,20850.997,515.171,2912.18,7702.254,6235.115
2063,large_district,15,SL Southwest,,,,,,,15,SL Southwest,,,,,58948.665,142842.121,2.423,79600.331,9702.666,29651.998,40245.667,98047.345,204154.94,6120.665,3582.0009999999997,23248.001,6404.0,6884.998,7968.666,3993.995,21398.0,515.983,2907.44,8657.797,6365.804
2064,large_district,15,SL Southwest,,,,,,,15,SL Southwest,,,,,59135.665,143625.563,2.429,80779.334,9868.667,30001.999,40908.665,98614.542,205058.737,6258.999,3609.665,23397.666999999998,6604.332,6940.333,8083.0,4078.331,21807.0,516.258,2903.291,7915.78,6499.883
2065,large_district,15,SL Southwest,,,,,,,15,SL Southwest,,,,,59415.998,144465.227,2.431,82917.667,10223.667,30295.999,42398.002,102366.109,209314.903,6573.999,3649.67,23444.667,6851.332,7088.6669999999995,8324.335000000001,4242.664,22742.333,515.983,2899.738,9390.895,6641.831
2023,large_district,16,SL South Central,,,,,,,16,SL South Central,,,,,93054.332,280124.201,3.01,164223.999,30052.0,24798.999,109373.0,183436.17,350933.966,19155.0,10897.0,10803.333,13995.666000000001,28138.0,20944.0,10003.0,50288.0,331.784,434.01500000000004,12468.853000000001,5977.499
2024,large_district,16,SL South Central,,,,,,,16,SL South Central,,,,,93701.003,279117.514,2.979,165296.331,30100.329,24914.0,110282.003,181969.404,350631.213,19052.002,11048.327,10634.335,14279.664,27851.336,21614.33,10276.328,50539.996,332.516,444.409,10024.982,5871.166
2025,large_district,16,SL South Central,,,,,,,16,SL South Central,,,,,94362.005,278062.495,2.947,167659.34,30245.334,25493.332,111920.667,186613.48,356465.095,19186.331,11058.999,10797.672,14695.664,28069.667,21985.659,10700.331,51165.001,330.51,439.068,11755.217,6429.359
2026,large_district,16,SL South Central,,,,,,,16,SL South Central,,,,,95161.999,277257.01,2.914,168556.672,30240.0,25672.996,112643.672,188134.005,359425.602,19132.335,11107.664999999999,10827.002,14845.999,27893.665,22043.328,11018.663,51687.997,327.004,448.413,12303.768,6498.138
2027,large_district,16,SL South Central,,,,,,,16,SL South Central,,,,,96068.336,276804.89,2.881,170136.666,30373.664,25960.004,113802.999,190937.768,363860.776,19252.667,11120.997,10851.335,15108.667,27906.668,22299.997,11301.664,52294.665,321.76300000000003,454.517,13413.968,6610.869
2028,large_district,16,SL South Central,,,,,,,16,SL South Central,,,,,96951.334,276332.572,2.85,171341.338,30317.669,26039.673,114984.001,192143.391,366655.793,19276.667,11040.999,10882.335000000001,15157.336,28133.333,22529.335,11479.334,52841.997,320.18,432.681,13358.273,6690.943
2029,large_district,16,SL South Central,,,,,,,16,SL South Central,,,,,97770.324,275882.01,2.822,172978.67,30320.666,26175.0,116482.998,193872.385,369858.957,19352.326,10968.328,10919.001,15256.0,28478.333,22735.667,11680.664,53588.332,317.24899999999997,405.699,13373.37,6797.374
2030,large_district,16,SL South Central,,,,,,,16,SL South Central,,,,,99447.993,278057.551,2.796,175916.331,30494.661,26264.335,119157.334,198975.929,377982.308,19618.666,10875.994,10966.001,15298.328,29166.332,23037.665,12332.33,54621.005,315.24399999999997,397.117,15379.025,6968.2
2031,large_district,16,SL South Central,,,,,,,16,SL South Central,,,,,101053.661,280196.938,2.773,178071.669,30733.662,26422.672,120915.335,199783.622,381680.205,19980.998,10752.669,11048.999,15373.664,29630.997,23069.668,12670.669,55544.003,300.756,397.975,13894.788,7118.455
2032,large_district,16,SL South Central,,,,,,,16,SL South Central,,,,,102554.335,282064.197,2.75,180536.665,30954.666,26507.997,123074.004,202189.579,386787.384,20297.332000000002,10657.332,11080.999,15426.998,30200.331,23085.001,13009.669,56778.997,298.922,416.091,13656.772,7281.1269999999995
2033,large_district,16,SL South Central,,,,,,,16,SL South Central,,,,,104034.673,283972.927,2.73,183510.664,31300.666,26553.003,125656.998,205963.464,393225.883,20630.998,10669.664999999999,11107.333,15445.667,30987.0,23133.333,13297.661,58239.001000000004,303.615,435.53999999999996,14260.229,7453.42
2034,large_district,16,SL South Central,,,,,,,16,SL South Central,,,,,105487.333,285799.159,2.709,187400.002,32010.333,26656.67,128733.002,209664.62,399541.819,20938.003,11072.328,11133.0,15523.668,31750.664,23267.668,13636.999,60077.667,290.103,452.70300000000003,13852.432999999999,7669.363
2035,large_district,16,SL South Central,,,,,,,16,SL South Central,,,,,107894.333,290109.884,2.689,187883.999,31726.664,26495.666,129661.667,214661.458,408871.257,21019.333,10707.331,11156.0,15339.664,32810.668,23253.662,13752.664,59844.666,290.209,458.045,18186.22,7842.984
2036,large_district,16,SL South Central,,,,,,,16,SL South Central,,,,,110264.666,294240.576,2.668,192284.335,32234.666,26481.668,133568.0,216598.806,415075.204,21353.333,10881.336,11188.334,15293.33,34381.662,23460.995,14057.665,61667.67,290.511,454.42,15487.771999999999,8081.76
2037,large_district,16,SL South Central,,,,,,,16,SL South Central,,,,,112226.001,297480.86699999997,2.651,197310.005,33150.336,26517.338,137642.335,222152.061,424158.864,21998.001,11152.332,11201.333,15316.006,35621.997,23790.665,14440.66,63788.998,293.142,450.034,15778.641,8320.246
2038,large_district,16,SL South Central,,,,,,,16,SL South Central,,,,,114044.671,300521.201,2.635,203510.668,33897.003,26657.669,142956.001,229251.483,434531.896,22521.996,11375.005000000001,11219.998,15437.677,37099.998,24242.998,14875.335000000001,66737.668,297.371,448.60400000000004,16430.475,8564.354
2039,large_district,16,SL South Central,,,,,,,16,SL South Central,,,,,115610.669,302983.97,2.621,209338.672,34846.334,26719.672,147772.668,233987.133,442086.33999999997,23183.668,11662.667,11147.333,15572.341,38323.672,24776.999,15288.335000000001,69383.66,301.154,447.841,15122.373,8777.094
2040,large_district,16,SL South Central,,,,,,,16,SL South Central,,,,,117017.998,305279.963,2.609,214681.34,35748.0,26828.339,152105.001,239913.337,450545.731,23816.995,11931.002,11145.667,15682.667,39439.332,25283.337,15687.999,71694.331,300.9,447.747,15482.246,9001.103
2041,large_district,16,SL South Central,,,,,,,16,SL South Central,,,,,118451.663,307614.305,2.597,219280.666,36615.33,26866.002,155799.333,246215.309,459428.298,24392.997,12222.331,11115.666,15750.332,40399.998999999996,25682.337,16061.663,73655.331,300.74399999999997,449.558,16963.973,9220.366
2042,large_district,16,SL South Central,,,,,,,16,SL South Central,,,,,119876.664,310012.05700000003,2.586,222925.337,37404.333,26909.997,158611.003,249032.299,464810.291,24884.665,12519.668,11052.666,15857.329,40888.332,26046.337,16369.334,75307.0,298.127,453.848,15917.651,9437.333
2043,large_district,16,SL South Central,,,,,,,16,SL South Central,,,,,121434.007,312821.002,2.576,226627.67,38199.661,26940.33,161487.67,253263.668,471844.889,25348.994,12850.67,10996.333,15944.003999999999,41457.666,26425.34,16607.002,76997.663,302.331,457.47,16197.875,9678.333
2044,large_district,16,SL South Central,,,,,,,16,SL South Central,,,,,123110.669,316018.531,2.567,229951.664,38787.667,26934.663,164229.326,257404.024,479003.23099999997,25724.664,13063.0,10895.999,16038.663,42172.336,26814.34,16909.003,78333.662,303.331,456.994,16743.033,9949.003
2045,large_district,16,SL South Central,,,,,,,16,SL South Central,,,,,124902.667,319580.255,2.559,233988.669,39380.994,27039.659,167568.007,262859.795,487684.596,26052.331000000002,13328.666,10869.334,16170.33,43007.669,27258.674,17301.995,79999.66,300.68,456.042,17883.668999999998,10230.741
2046,large_district,16,SL South Central,,,,,,,16,SL South Central,,,,,127143.008,324166.148,2.55,237737.003,40080.329,27149.327,170507.332,265934.558,494791.982,26551.337,13529.001,10828.0,16321.331,43811.995,27695.673,17653.334,81346.337,294.575,456.327,16887.944,10558.72
2047,large_district,16,SL South Central,,,,,,,16,SL South Central,,,,,129398.66500000001,328818.247,2.541,240589.334,40631.337,26782.661,173175.338,269982.862,502900.457,26940.003,13691.335,10700.333999999999,16082.329,44582.669,28062.673,18208.996,82321.004,294.575,459.569,17744.107,10895.285
2048,large_district,16,SL South Central,,,,,,,16,SL South Central,,,,,131467.339,332793.018,2.531,243837.999,41139.997,26935.997,175761.996,272979.893,509621.11,27282.003,13857.998,10746.001,16189.999,45456.001000000004,28487.668,18498.993,83319.338,294.64,464.716,17148.481,11234.051
2049,large_district,16,SL South Central,,,,,,,16,SL South Central,,,,,133500.334,336335.751,2.519,246310.998,41395.328,27056.665,177858.998,276261.82,516562.422,27547.003,13848.336,10792.001,16264.667,46223.661,28871.336,18738.992,84025.001,294.974,469.962,17616.914,11568.95
2050,large_district,16,SL South Central,,,,,,,16,SL South Central,,,,,135357.333,339340.458,2.507,249305.667,41938.995,27199.666,180167.002,280049.236,523692.435,27936.001,14003.003,10840.001,16359.666000000001,46996.666,29291.666,18945.331,84933.332,295.158,475.109,18066.912,11906.392
2051,large_district,16,SL South Central,,,,,,,16,SL South Central,,,,,137164.67,342140.735,2.494,251787.663,42384.665,27290.664,182112.34,283400.276,530296.686,28249.33,14135.335,10840.335,16450.33,47521.666,29721.667,19205.33,85663.668,295.64,479.401,18612.222,12225.335000000001
2052,large_district,16,SL South Central,,,,,,,16,SL South Central,,,,,138876.337,344531.647,2.481,254210.671,42790.334,27388.337,184032.012,286981.289,536958.7,28565.667,14224.669,10840.335,16548.003,48000.333,30166.332,19474.998,86390.332,295.909,484.358,19452.793,12537.583
2053,large_district,16,SL South Central,,,,,,,16,SL South Central,,,,,140849.998,347213.4,2.465,255866.329,43143.997,27423.666,185298.662,290214.298,543744.292,28823.666,14320.339,10791.002,16632.668,48228.665,30498.339,19647.334,86924.331,295.64,489.88899999999995,20677.869,12884.576000000001
2054,large_district,16,SL South Central,,,,,,,16,SL South Central,,,,,142765.33,349916.87,2.451,257534.001,43350.665,27505.661,186677.669,292473.176,549450.766,28973.335,14377.333,10789.334,16716.334,48518.665,30850.336,19818.998,87489.676,295.975,493.799,20933.676,13215.718
2055,large_district,16,SL South Central,,,,,,,16,SL South Central,,,,,144824.325,353509.586,2.441,258186.005,43440.67,27565.662,187179.666,293441.272,554125.047,29076.337,14364.335,10789.333,16776.333,48654.663,31094.668,19974.001,87456.332,295.975,496.18199999999996,20858.027000000002,13605.052
2056,large_district,16,SL South Central,,,,,,,16,SL South Central,,,,,145547.992,356066.415,2.446,260064.001,43658.665,27665.329,188739.999,295916.945,557903.321,29229.003,14429.668,10787.0,16878.329,48941.666,31457.007,20291.331,88050.006,296.492,493.895,21122.793999999998,13939.781
2057,large_district,16,SL South Central,,,,,,,16,SL South Central,,,,,146039.993,358430.017,2.454,260906.334,43636.66,27694.664,189574.997,297494.576,560366.555,29222.0,14414.664,10783.667,16910.999,49153.999,31764.34,20493.665,88163.005,296.492,485.789,21565.639,14240.332
2058,large_district,16,SL South Central,,,,,,,16,SL South Central,,,,,148236.326,363322.367,2.451,260810.663,43189.996,27437.662,190183.0,300178.994,567004.372,29028.335,14161.663,10558.999,16878.663,49367.663,31979.003,20648.663,88187.668,295.573,478.25600000000003,23906.289,14688.207
2059,large_district,16,SL South Central,,,,,,,16,SL South Central,,,,,148825.66,365848.073,2.458,261943.004,43312.33,27419.995,191210.668,299635.496,567521.676,29130.0,14182.333,10549.999,16869.997,49613.997,32183.341,20815.662,88597.668,295.573,473.394,21905.428,15018.106
2060,large_district,16,SL South Central,,,,,,,16,SL South Central,,,,,149295.993,368288.674,2.467,262893.669,43324.997,27454.324,192114.333,301330.881,570063.66,29168.334,14156.664,10536.664999999999,16917.661,49750.002,32441.003,21008.999,88914.323,295.49,470.915,22348.578,15322.231
2061,large_district,16,SL South Central,,,,,,,16,SL South Central,,,,,150314.993,372090.854,2.475,262555.339,43214.991,27269.661,192070.666,302214.299,572781.278,29103.333,14111.664999999999,10467.998,16801.662,49738.999,32375.333,21142.667,88813.662,295.573,469.58,23196.849,15696.963
2062,large_district,16,SL South Central,,,,,,,16,SL South Central,,,,,150517.993,374100.619,2.485,264313.003,43407.658,27252.661,193652.664,304996.321,575928.7,29270.665,14136.997,10458.331,16794.327,50128.996,32793.332,21476.331,89253.992,295.49,468.628,23934.243,15984.969
2063,large_district,16,SL South Central,,,,,,,16,SL South Central,,,,,150901.327,376364.205,2.494,266532.671,43639.996,27278.328,195614.331,306475.348,578097.729,29401.665,14238.329,10426.664999999999,16851.662,50667.333,33301.333,21839.999,89805.664,295.573,467.864,22894.8,16284.464
2064,large_district,16,SL South Central,,,,,,,16,SL South Central,,,,,151175.327,378912.04,2.506,268410.34,43879.0,27342.329,197189.001,307846.678,579962.259,29549.332,14329.662,10426.664999999999,16915.662,51028.996,33696.664,22115.668,90347.663,296.045,467.197,22044.878,16628.203
2065,large_district,16,SL South Central,,,,,,,16,SL South Central,,,,,151334.327,381103.872,2.518,269997.666,44069.0,27390.663,198538.001,310010.66000000003,582412.441,29658.999,14409.994,10426.664999999999,16963.997,51335.001000000004,34073.668,22382.335,90747.001,295.573,466.625,22329.08,16921.732
2023,large_district,17,SL Southeast,,,,,,,17,SL Southeast,,,,,73970.665,200163.459,2.706,134618.332,25700.0,11039.999,97878.333,148744.092,281891.287,14829.0,10871.0,4070.999,6969.0,24022.0,15098.0,9784.333,48974.0,15.033999999999999,225.62,9134.152,4750.946
2024,large_district,17,SL Southeast,,,,,,,17,SL Southeast,,,,,75684.0,203116.313,2.684,136313.668,25730.328999999998,11155.336,99428.004,152472.95,288704.15,14724.334,11005.99,4031.335,7124.0,23900.003,16031.337,10024.67,49472.001,15.070999999999998,231.022,11172.517,4740.6810000000005
2025,large_district,17,SL Southeast,,,,,,,17,SL Southeast,,,,,76923.335,204576.237,2.659,137921.331,25827.668,11216.333,100877.334,153350.561,291812.566,14822.333,11005.331,3891.668,7324.6630000000005,24077.333000000002,16372.998,10460.333,49966.667,14.736999999999998,228.247,9945.314,5240.926
2026,large_district,17,SL Southeast,,,,,,,17,SL Southeast,,,,,77869.664,205061.445,2.633,138475.669,25766.005,11311.667,101398.003,153684.461,293849.853,14750.663,11015.338,3923.667,7387.998,23894.332,16417.0,10747.33,50339.333,14.756,233.10399999999998,9646.224,5314.713
2027,large_district,17,SL Southeast,,,,,,,17,SL Southeast,,,,,78578.998,205016.283,2.609,139595.999,25866.334,11446.667,102282.997,155601.637,297043.831,14887.33,10978.997,3942.333,7504.33,23887.664,16596.336,11004.665,50794.334,14.444,236.275,10344.026,5410.895
2028,large_district,17,SL Southeast,,,,,,,17,SL Southeast,,,,,79044.997,204259.707,2.584,140409.009,25808.997,11468.672,103131.332,156248.974,298529.965,14911.333,10897.664,3943.666,7525.003,24059.332,16729.004,11146.33,51196.67,14.434,224.92600000000002,10145.119999999999,5455.5
2029,large_district,17,SL Southeast,,,,,,,17,SL Southeast,,,,,79483.998,203550.663,2.561,141143.338,25724.334,11519.674,103899.329,157466.899,300538.093,14951.333,10772.999,3977.666,7542.007,24253.999,16814.0,11254.328,51576.998,14.435999999999998,210.899,10573.501,5524.7080000000005
2030,large_district,17,SL Southeast,,,,,,,17,SL Southeast,,,,,79791.669,202567.313,2.539,142370.33299999998,25783.668,11577.671,105008.997,158189.449,301814.456,15098.996,10684.662,4024.666,7553.004,24514.998,16918.337,11554.994,52020.664,14.435999999999998,206.43800000000002,10008.287,5589.948
2031,large_district,17,SL Southeast,,,,,,,17,SL Southeast,,,,,80136.673,201790.256,2.518,142943.338,25750.334,11616.0,105576.999,159259.881,303505.9,15233.332,10516.997,4069.333,7546.67,24683.663,16893.004,11688.995,52311.329,15.104999999999999,206.885,10456.866,5637.699
2032,large_district,17,SL Southeast,,,,,,,17,SL Southeast,,,,,80621.338,201507.271,2.499,143814.332,25778.332,11639.664,106396.335,160633.135,305751.549,15390.997,10387.329,4080.9990000000003,7558.669,24888.666,16897.002,11826.669,52784.005,15.117,216.301,10868.952000000001,5718.445
2033,large_district,17,SL Southeast,,,,,,,17,SL Southeast,,,,,81138.665,201405.273,2.482,144796.002,25855.999,11643.669,107296.335,161135.84,307185.435,15535.668,10320.326,4099.334,7544.336,25191.339,16902.337,11916.335,53286.335,15.18,226.413,10286.328,5811.925
2034,large_district,17,SL Southeast,,,,,,,17,SL Southeast,,,,,81766.338,201659.528,2.466,145537.331,26028.334,10681.67,108827.336,163981.974,311161.388,15559.667,10468.664,3198.668,7483.0,25637.663,16950.001,12114.996,54124.667,15.195999999999998,235.33399999999997,12244.592,5949.514
2035,large_district,17,SL Southeast,,,,,,,17,SL Southeast,,,,,82314.333,201815.584,2.452,144980.001,25581.334,10588.003,108810.669,161735.04,309900.839,15557.662,10023.664,3201.0,7386.998,26018.33,16920.672,12123.665,53748.0,15.165999999999999,238.109,10516.942000000001,5984.809
2036,large_district,17,SL Southeast,,,,,,,17,SL Southeast,,,,,83034.336,202428.842,2.438,144724.334,25185.667,10493.672,109044.995,162906.777,312368.585,15309.657,9875.997,3190.334,7303.3369999999995,26395.331000000002,16880.669,12174.661,53594.333,14.861,236.226,11848.84,6082.513
2037,large_district,17,SL Southeast,,,,,,,17,SL Southeast,,,,,83794.002,203188.876,2.425,144852.333,24965.664,10405.661,109481.006,163404.929,314234.135,15189.0,9776.658,3171.9990000000003,7233.6630000000005,26674.664,16905.338,12145.663,53755.328,14.857999999999999,233.947,12092.791,6211.003
2038,large_district,17,SL Southeast,,,,,,,17,SL Southeast,,,,,84556.333,203965.479,2.412,145812.333,24813.332,10201.333,110797.671,165610.04200000002,317811.441,15149.665,9663.664999999999,3027.997,7173.334,27188.0,17014.667,12264.996,54329.993,14.799999999999999,233.203,13206.113,6343.588
2039,large_district,17,SL Southeast,,,,,,,17,SL Southeast,,,,,85442.0,205130.185,2.401,146495.66700000002,24839.003,10120.328,111536.336,165101.304,318896.904,15218.0,9620.999,3003.33,7116.998,27375.0,17154.335,12362.998,54643.997,14.754999999999999,232.80599999999998,11863.177,6494.903
2040,large_district,17,SL Southeast,,,,,,,17,SL Southeast,,,,,86411.662,206512.903,2.39,147129.671,24540.335,10000.329,112588.999,166382.874,321923.86,15026.998,9513.33,2911.999,7088.329,27890.667,17344.004,12530.664,54823.658,15.094,232.757,12366.076000000001,6639.28
2041,large_district,17,SL Southeast,,,,,,,17,SL Southeast,,,,,87423.002,207982.242,2.379,147543.662,24269.334,9964.333,113310.001,166736.652,324098.058,14857.996000000001,9411.333,2855.9990000000003,7108.331,28253.337,17524.666,12706.664,54825.326,15.741,233.698,12144.362000000001,6799.18
2042,large_district,17,SL Southeast,,,,,,,17,SL Southeast,,,,,88543.663,209752.519,2.369,148805.337,24038.997,9906.667,114859.667,167989.306,327367.895,14751.664999999999,9287.327,2794.668,7112.001,28876.665,17755.333,12880.33,55347.331,16.432,235.929,11957.867,6973.741
2043,large_district,17,SL Southeast,,,,,,,17,SL Southeast,,,,,89631.997,211435.228,2.359,150436.001,24032.663,9933.998,116469.332,169892.394,331229.985,14775.334,9257.333,2753.0,7180.999,29575.664,18058.0,13097.664,55738.001,16.72,237.813,12058.195,7143.665
2044,large_district,17,SL Southeast,,,,,,,17,SL Southeast,,,,,90776.671,213196.66,2.349,152024.338,23902.995,9977.661,118143.667,171722.862,335120.875,14726.337,9176.666,2688.665,7288.996,30127.004,18412.335,13274.995,56329.329,17.333,237.565,12108.944,7334.6939999999995
2045,large_district,17,SL Southeast,,,,,,,17,SL Southeast,,,,,92025.336,215214.936,2.339,153367.008,23728.998,10074.001,119563.99799999999,173160.29,338805.898,14703.33,9025.665,2672.665,7401.33,30687.662,18757.666,13384.994,56733.667,17.298000000000002,237.06799999999998,12001.571,7537.354
2046,large_district,17,SL Southeast,,,,,,,17,SL Southeast,,,,,93293.33,217275.792,2.329,154321.003,23806.334,10092.335,120422.328,173546.302,341474.292,14797.335,9009.002,2653.334,7438.997,30918.663,19008.669,13481.659,57013.335,17.703,237.21799999999996,11221.986,7748.401
2047,large_district,17,SL Southeast,,,,,,,17,SL Southeast,,,,,94529.996,219300.225,2.32,154773.67,23503.998,10148.664,121121.0,174601.05,344755.038,14636.333999999999,8867.662,2646.668,7501.994,31301.668,19220.003,13820.329,56779.003,17.703,238.902,11609.557,7961.215
2048,large_district,17,SL Southeast,,,,,,,17,SL Southeast,,,,,95622.663,221065.038,2.312,155803.34,23598.328,10143.331,122061.669,176423.011,348543.8,14699.334,8898.997,2634.667,7508.661,31719.998,19532.666,13986.658,56822.331,17.703,241.57899999999998,12192.797,8167.585
2049,large_district,17,SL Southeast,,,,,,,17,SL Southeast,,,,,96591.664,222559.721,2.304,157831.671,23833.329,10174.666,123823.668,178719.08,352584.072,14845.339,8987.998,2630.334,7544.331,32404.666,19917.664,14218.327,57282.998,17.703,244.305,12257.458,8367.938
2050,large_district,17,SL Southeast,,,,,,,17,SL Southeast,,,,,97346.337,223627.21,2.297,159965.996,24170.995,10221.001,125574.003,180871.253,356094.664,15072.004,9098.996,2628.667,7592.332,32997.333,20311.335,14415.657,57849.671,17.698999999999998,246.983,12072.387,8568.197
2051,large_district,17,SL Southeast,,,,,,,17,SL Southeast,,,,,98171.334,224807.097,2.29,161336.334,24215.327,10208.333999999999,126912.667,183539.386,360247.788,15107.665,9107.665,2603.666,7604.665,33345.331,20704.0,14647.662,58215.667,17.704,249.212,13186.283,8749.86
2052,large_district,17,SL Southeast,,,,,,,17,SL Southeast,,,,,99308.337,226828.852,2.284,162747.667,24297.329,10182.998,128267.329,185551.349,364306.36,15163.666,9133.668,2569.332,7613.665,33636.998999999996,21148.666,14922.661,58558.998999999996,17.703,251.789,13573.574,8960.611
2053,large_district,17,SL Southeast,,,,,,,17,SL Southeast,,,,,100328.004,228371.226,2.276,164252.675,24584.327,10214.333,129454.001,187044.56,367634.972,15382.67,9201.666,2559.667,7654.664,33850.003,21614.004,15161.328,58828.663,17.704,254.66400000000002,13348.165,9171.356
2054,large_district,17,SL Southeast,,,,,,,17,SL Southeast,,,,,101641.003,230719.153,2.27,165800.001,24720.331000000002,10248.332,130831.332,189297.432,372251.241,15525.668,9194.665,2543.9990000000003,7704.331,34111.329,22075.338,15434.994999999999,59209.671,17.704,256.697,13816.092,9406.934
2055,large_district,17,SL Southeast,,,,,,,17,SL Southeast,,,,,102491.334,232493.847,2.268,168049.337,25209.998,10256.33,132583.001,193369.986,377854.388,15863.0,9346.997,2514.666,7741.665,34368.331,22766.005,15646.327,59802.334,17.704,257.935,15415.962,9629.035
2056,large_district,17,SL Southeast,,,,,,,17,SL Southeast,,,,,103221.999,234603.58,2.273,169659.672,25569.332,10301.665,133788.667,195679.981,381479.578,16120.001,9449.336,2488.0,7813.665,34344.668,23405.003,16200.327,59838.668,17.7,256.747,15858.243,9887.618
2057,large_district,17,SL Southeast,,,,,,,17,SL Southeast,,,,,103325.333,235824.887,2.282,172226.668,25869.332,10362.663,135994.664,197827.263,383812.862,16345.006,9524.333,2453.9990000000003,7908.661,34637.0,24055.001,16610.997,60691.666,17.7,252.53199999999998,15257.418,10072.941
2058,large_district,17,SL Southeast,,,,,,,17,SL Southeast,,,,,103454.666,236744.185,2.288,174651.343,26293.997,10471.998,137885.334,200050.556,386268.95399999997,16624.004,9670.0,2503.333,7968.666,34870.336,24704.338,17011.663,61299.001,17.703,248.618,14884.463,10248.442
2059,large_district,17,SL Southeast,,,,,,,17,SL Southeast,,,,,103573.667,238026.614,2.298,177428.0,26627.328,10611.662,140189.001,203376.32,389808.921,16871.336,9755.999,2532.001,8079.662,35383.664,25359.003,17513.997,61932.336,17.703,246.08900000000003,15231.339,10453.171
2060,large_district,17,SL Southeast,,,,,,,17,SL Southeast,,,,,103679.665,239288.603,2.308,180482.006,27039.662,10699.993,142742.336,206618.455,393241.85,17162.670000000002,9876.998,2546.668,8153.326,35981.67,26010.337,17961.997,62788.331,17.7,244.801,15230.944,10643.006
2061,large_district,17,SL Southeast,,,,,,,17,SL Southeast,,,,,103790.998,240787.716,2.32,183953.669,27642.664,10792.998,145518.003,210036.73,396860.524,17429.002,10213.669,2560.668,8232.329,36652.669,26621.335,18388.665,63855.33,17.703,244.108,14984.188,10837.058
2062,large_district,17,SL Southeast,,,,,,,17,SL Southeast,,,,,103964.998,242251.519,2.33,186406.002,27903.66,10839.327,147662.999,212810.472,399947.466,17591.337,10312.333,2563.3340000000003,8275.992,37169.668,27132.333,18756.662,64604.33,17.7,243.611,15099.617,11043.547
2063,large_district,17,SL Southeast,,,,,,,17,SL Southeast,,,,,104085.998,243559.365,2.34,188333.003,28182.662,10844.661,149305.668,215367.057,402721.851,17763.670000000002,10418.996000000001,2577.0,8267.661,37469.002,27518.336,19127.663,65190.664000000004,17.703,243.215,15533.865,11239.286
2064,large_district,17,SL Southeast,,,,,,,17,SL Southeast,,,,,103900.998,244429.209,2.353,191150.667,28502.329,10905.661,151742.667,219282.658,406304.452,17954.671,10547.665,2597.3340000000003,8308.328,38052.667,28146.334,19571.333,65972.333,17.707,242.868,16438.71,11432.7
2065,large_district,17,SL Southeast,,,,,,,17,SL Southeast,,,,,103977.998,245772.562,2.364,193534.006,28741.995,10925.663,153866.333,221055.777,408216.171,18068.671,10673.332,2597.3340000000003,8328.329,38596.331,28740.669,19979.33,66550.001,17.703,242.57,15634.383,11627.112000000001
2023,large_district,18,SL Wasatch Canyons,,,,,,,18,SL Wasatch Canyons,,,,,423.1,717.0,1.695,1215.6,792.9,0.0,422.7,1215.641,1977.221,69.6,723.3,0.0,0.0,9.1,79.9,0.0,333.70000000000005,0.0,0.0,0.041,0.0
2024,large_district,18,SL Wasatch Canyons,,,,,,,18,SL Wasatch Canyons,,,,,427.134,722.831,1.692,1229.8,804.4,0.0,425.4,1229.86,1998.702,68.9,735.5,0.0,0.0,9.2,80.1,0.0,336.1,0.0,0.0,0.06,0.0
2025,large_district,18,SL Wasatch Canyons,,,,,,,18,SL Wasatch Canyons,,,,,430.067,727.943,1.693,1233.4,806.1,0.0,427.3,1233.505,2007.626,68.7,737.4,0.0,0.0,9.3,80.1,0.0,337.9,0.0,0.0,0.105,0.0
2026,large_district,18,SL Wasatch Canyons,,,,,,,18,SL Wasatch Canyons,,,,,432.667,731.0790000000001,1.69,1235.7,807.3,0.0,428.4,1235.808,2014.609,68.7,738.6,0.0,0.0,9.4,80.3,0.0,338.7,0.0,0.0,0.108,0.0
2027,large_district,18,SL Wasatch Canyons,,,,,,,18,SL Wasatch Canyons,,,,,435.59999999999997,734.862,1.687,1238.9,809.0,0.0,429.9,1239.032,2023.112,68.7,740.3,0.0,0.0,9.5,80.9,0.0,339.5,0.0,0.0,0.132,0.0
2028,large_district,18,SL Wasatch Canyons,,,,,,,18,SL Wasatch Canyons,,,,,438.3,737.9979999999999,1.684,1243.0,811.4,0.0,431.6,1243.132,2032.072,68.7,742.7,0.0,0.0,9.6,81.3,0.0,340.7,0.0,0.0,0.132,0.0
2029,large_district,18,SL Wasatch Canyons,,,,,,,18,SL Wasatch Canyons,,,,,441.0,741.1360000000001,1.681,1249.6000000000001,815.5,0.0,434.1,1249.731,2043.531,68.9,746.6,0.0,0.0,9.7,81.7,0.0,342.7,0.0,0.0,0.131,0.0
2030,large_district,18,SL Wasatch Canyons,,,,,,,18,SL Wasatch Canyons,,,,,443.8,744.2779999999999,1.677,1257.9,823.4,0.0,434.5,1258.035,2056.875,69.1,754.3,0.0,0.0,9.7,82.0,0.0,342.8,0.0,0.0,0.135,0.0
2031,large_district,18,SL Wasatch Canyons,,,,,,,18,SL Wasatch Canyons,,,,,446.6,747.424,1.674,1255.4,820.0,0.0,435.4,1255.5230000000001,2059.403,69.6,750.4000000000001,0.0,0.0,9.7,82.5,0.0,343.2,0.0,0.0,0.12300000000000001,0.0
2032,large_district,18,SL Wasatch Canyons,,,,,,,18,SL Wasatch Canyons,,,,,449.4,750.5740000000001,1.67,1256.6,820.2,0.0,436.4,1256.718,2065.638,70.19999999999999,750.0,0.0,0.0,9.7,82.7,0.0,344.0,0.0,0.0,0.11800000000000001,0.0
2033,large_district,18,SL Wasatch Canyons,,,,,,,18,SL Wasatch Canyons,,,,,452.2,753.727,1.667,1257.5,820.5,0.0,437.0,1257.616,2071.576,70.8,749.7,0.0,0.0,9.7,82.9,0.0,344.4,0.0,0.0,0.116,0.0
2034,large_district,18,SL Wasatch Canyons,,,,,,,18,SL Wasatch Canyons,,,,,455.0,756.683,1.663,1260.6,822.1,0.0,438.5,1260.712,2079.712,71.3,750.8,0.0,0.0,9.8,83.4,0.0,345.3,0.0,0.0,0.112,0.0
2035,large_district,18,SL Wasatch Canyons,,,,,,,18,SL Wasatch Canyons,,,,,457.8,759.643,1.659,1263.3,823.7,0.0,439.6,1263.426,2087.466,71.80000000000001,751.9,0.0,0.0,9.9,83.6,0.0,346.1,0.0,0.0,0.126,0.0
2036,large_district,18,SL Wasatch Canyons,,,,,,,18,SL Wasatch Canyons,,,,,460.6,762.604,1.656,1265.5,824.5,0.0,441.0,1265.629,2094.709,72.3,752.2,0.0,0.0,10.0,83.8,0.0,347.20000000000005,0.0,0.0,0.129,0.0
2037,large_district,18,SL Wasatch Canyons,,,,,,,18,SL Wasatch Canyons,,,,,463.3,765.569,1.652,1269.2,826.6,0.0,442.6,1269.321,2103.261,72.9,753.7,0.0,0.0,10.1,84.19999999999999,0.0,348.29999999999995,0.0,0.0,0.12100000000000001,0.0
2038,large_district,18,SL Wasatch Canyons,,,,,,,18,SL Wasatch Canyons,,,,,466.0,768.5369999999999,1.649,1270.6999999999998,826.7,0.0,444.0,1270.811,2109.611,73.39999999999999,753.3,0.0,0.0,10.2,84.4,0.0,349.4,0.0,0.0,0.111,0.0
2039,large_district,18,SL Wasatch Canyons,,,,,,,18,SL Wasatch Canyons,,,,,468.6,771.506,1.646,1272.7,827.5,0.0,445.20000000000005,1272.808,2116.288,74.0,753.5,0.0,0.0,10.3,84.6,0.0,350.29999999999995,0.0,0.0,0.108,0.0
2040,large_district,18,SL Wasatch Canyons,,,,,,,18,SL Wasatch Canyons,,,,,471.2,774.478,1.644,1274.8999999999999,828.1999999999999,0.0,446.7,1275.0049999999999,2123.165,74.5,753.7,0.0,0.0,10.4,84.8,0.0,351.5,0.0,0.0,0.10500000000000001,0.0
2041,large_district,18,SL Wasatch Canyons,,,,,,,18,SL Wasatch Canyons,,,,,474.0,777.451,1.64,1279.3,831.1,0.0,448.2,1279.403,2132.603,75.0,756.0999999999999,0.0,0.0,10.5,85.0,0.0,352.7,0.0,0.0,0.10300000000000001,0.0
2042,large_district,18,SL Wasatch Canyons,,,,,,,18,SL Wasatch Canyons,,,,,476.8,780.0260000000001,1.636,1283.7,834.0,0.0,449.7,1283.801,2142.041,75.5,758.5,0.0,0.0,10.6,85.19999999999999,0.0,353.9,0.0,0.0,0.101,0.0
2043,large_district,18,SL Wasatch Canyons,,,,,,,18,SL Wasatch Canyons,,,,,479.5,782.603,1.632,1288.9,837.7,0.0,451.2,1288.999,2152.099,76.0,761.7,0.0,0.0,10.7,85.4,0.0,355.1,0.0,0.0,0.099,0.0
2044,large_district,18,SL Wasatch Canyons,,,,,,,18,SL Wasatch Canyons,,,,,482.1,785.081,1.628,1293.9,841.1999999999999,0.0,452.70000000000005,1293.997,2161.777,76.5,764.7,0.0,0.0,10.8,85.6,0.0,356.29999999999995,0.0,0.0,0.097,0.0
2045,large_district,18,SL Wasatch Canyons,,,,,,,18,SL Wasatch Canyons,,,,,484.6,787.561,1.625,1299.2,845.3,0.0,453.90000000000003,1299.295,2171.575,77.0,768.3,0.0,0.0,10.9,85.8,0.0,357.2,0.0,0.0,0.095,0.0
2046,large_district,18,SL Wasatch Canyons,,,,,,,18,SL Wasatch Canyons,,,,,487.0,790.042,1.622,1303.9,848.8000000000001,0.0,455.1,1304.0049999999999,2180.605,77.5,771.3,0.0,0.0,11.0,86.0,0.0,358.1,0.0,0.0,0.10500000000000001,0.0
2047,large_district,18,SL Wasatch Canyons,,,,,,,18,SL Wasatch Canyons,,,,,489.40000000000003,792.3249999999999,1.619,1309.4,853.3,0.0,456.09999999999997,1309.517,2190.437,78.0,775.3,0.0,0.0,11.0,86.19999999999999,0.0,358.9,0.0,0.0,0.117,0.0
2048,large_district,18,SL Wasatch Canyons,,,,,,,18,SL Wasatch Canyons,,,,,491.59999999999997,794.607,1.616,1315.3,858.1,0.0,457.2,1315.422,2200.302,78.5,779.6,0.0,0.0,11.0,86.4,0.0,359.8,0.0,0.0,0.12200000000000001,0.0
2049,large_district,18,SL Wasatch Canyons,,,,,,,18,SL Wasatch Canyons,,,,,493.7,796.89,1.614,1320.3,862.2,0.0,458.1,1320.429,2209.089,79.0,783.2,0.0,0.0,11.0,86.6,0.0,360.5,0.0,0.0,0.129,0.0
2050,large_district,18,SL Wasatch Canyons,,,,,,,18,SL Wasatch Canyons,,,,,495.8,799.073,1.612,1323.6000000000001,864.8,0.0,458.8,1323.7320000000002,2216.172,79.5,785.3,0.0,0.0,11.0,86.9,0.0,360.90000000000003,0.0,0.0,0.132,0.0
2051,large_district,18,SL Wasatch Canyons,,,,,,,18,SL Wasatch Canyons,,,,,497.90000000000003,801.155,1.609,1327.0,867.2,0.0,459.79999999999995,1327.1309999999999,2223.351,80.0,787.2,0.0,0.0,11.0,87.1,0.0,361.7,0.0,0.0,0.131,0.0
2052,large_district,18,SL Wasatch Canyons,,,,,,,18,SL Wasatch Canyons,,,,,500.0,803.137,1.606,1329.6,869.0,0.0,460.6,1329.733,2229.733,80.5,788.5,0.0,0.0,11.0,87.3,0.0,362.3,0.0,0.0,0.133,0.0
2053,large_district,18,SL Wasatch Canyons,,,,,,,18,SL Wasatch Canyons,,,,,502.09999999999997,805.119,1.604,1332.1999999999998,870.8,0.0,461.4,1332.3329999999999,2236.113,81.0,789.8,0.0,0.0,11.0,87.5,0.0,362.9,0.0,0.0,0.133,0.0
2054,large_district,18,SL Wasatch Canyons,,,,,,,18,SL Wasatch Canyons,,,,,504.3,807.1,1.6,1334.8,872.6,0.0,462.2,1334.935,2242.675,81.5,791.1,0.0,0.0,11.0,87.69999999999999,0.0,363.5,0.0,0.0,0.135,0.0
2055,large_district,18,SL Wasatch Canyons,,,,,,,18,SL Wasatch Canyons,,,,,506.5,808.993,1.597,1337.1000000000001,874.0999999999999,0.0,463.0,1337.238,2248.938,81.8,792.3,0.0,0.0,11.0,87.9,0.0,364.1,0.0,0.0,0.138,0.0
2056,large_district,18,SL Wasatch Canyons,,,,,,,18,SL Wasatch Canyons,,,,,508.7,810.717,1.594,1339.5,875.8000000000001,0.0,463.7,1339.638,2255.298,82.1,793.7,0.0,0.0,11.0,88.1,0.0,364.6,0.0,0.0,0.138,0.0
2057,large_district,18,SL Wasatch Canyons,,,,,,,18,SL Wasatch Canyons,,,,,510.8,812.4449999999999,1.591,1341.6,877.3000000000001,0.0,464.3,1341.742,2261.182,82.3,795.0,0.0,0.0,11.0,88.3,0.0,365.0,0.0,0.0,0.14200000000000002,0.0
2058,large_district,18,SL Wasatch Canyons,,,,,,,18,SL Wasatch Canyons,,,,,513.0,814.061,1.587,1343.7,878.8,0.0,464.9,1343.8410000000001,2267.241,82.5,796.3,0.0,0.0,11.0,88.5,0.0,365.4,0.0,0.0,0.14100000000000001,0.0
2059,large_district,18,SL Wasatch Canyons,,,,,,,18,SL Wasatch Canyons,,,,,515.2,815.687,1.583,1345.6,880.3,0.0,465.3,1345.749,2273.109,82.7,797.6,0.0,0.0,11.0,88.69999999999999,0.0,365.59999999999997,0.0,0.0,0.14900000000000002,0.0
2060,large_district,18,SL Wasatch Canyons,,,,,,,18,SL Wasatch Canyons,,,,,517.5,817.314,1.579,1347.6000000000001,881.8,0.0,465.8,1347.7530000000002,2279.253,82.9,798.9,0.0,0.0,11.0,89.0,0.0,365.8,0.0,0.0,0.15299999999999997,0.0
2061,large_district,18,SL Wasatch Canyons,,,,,,,18,SL Wasatch Canyons,,,,,3.0,6.348000000000001,2.116,0.0,0.0,0.0,0.0,0.15299999999999997,5.553,0.0,0.0,0.0,0.0,0.0,0.0,0.0,0.0,0.0,0.0,0.15299999999999997,0.0
2062,large_district,18,SL Wasatch Canyons,,,,,,,18,SL Wasatch Canyons,,,,,3.0,6.378,2.126,0.0,0.0,0.0,0.0,0.15299999999999997,5.553,0.0,0.0,0.0,0.0,0.0,0.0,0.0,0.0,0.0,0.0,0.15299999999999997,0.0
2063,large_district,18,SL Wasatch Canyons,,,,,,,18,SL Wasatch Canyons,,,,,3.0,6.404,2.135,0.0,0.0,0.0,0.0,0.152,5.552,0.0,0.0,0.0,0.0,0.0,0.0,0.0,0.0,0.0,0.0,0.152,0.0
2064,large_district,18,SL Wasatch Canyons,,,,,,,18,SL Wasatch Canyons,,,,,3.0,6.439,2.146,0.0,0.0,0.0,0.0,0.15299999999999997,5.553,0.0,0.0,0.0,0.0,0.0,0.0,0.0,0.0,0.0,0.0,0.15299999999999997,0.0
2065,large_district,18,SL Wasatch Canyons,,,,,,,18,SL Wasatch Canyons,,,,,3.0,6.468999999999999,2.156,0.0,0.0,0.0,0.0,0.15599999999999997,5.556000000000001,0.0,0.0,0.0,0.0,0.0,0.0,0.0,0.0,0.0,0.0,0.15599999999999997,0.0
2023,large_district,19,Cedar Valley,,,,,,,19,Cedar Valley,,,,,9782.331,38138.891,3.899,4064.333,237.0,831.0,2996.333,7304.879,24913.072,111.0,126.0,819.0,12.0,1770.333,1086.0,50.0,90.0,1366.807,0.0,1243.99,629.7529999999999
2024,large_district,19,Cedar Valley,,,,,,,19,Cedar Valley,,,,,11196.669,42013.522,3.752,4330.332,254.666,976.999,3098.665,7915.308,28069.315,111.666,142.999,825.0,151.998,1757.998,1170.997,69.333,100.334,1376.449,0.0,1524.925,683.599
2025,large_district,19,Cedar Valley,,,,,,,19,Cedar Valley,,,,,12387.999,45072.851,3.638,4775.668,270.335,1000.6659999999999,3504.667,8088.466,30386.863,111.666,158.667,848.6669999999999,151.998,2050.667,1261.666,91.998,100.334,1374.805,0.0,1115.094,822.888
2026,large_district,19,Cedar Valley,,,,,,,19,Cedar Valley,,,,,13913.334,48922.634,3.516,5222.667,316.665,1123.332,3782.665,9476.253,34520.255,131.0,185.665,862.0,261.33299999999997,2140.668,1334.999,114.001,192.999,1377.809,0.0,1959.922,915.863
2027,large_district,19,Cedar Valley,,,,,,,19,Cedar Valley,,,,,15017.336,51497.804,3.429,5742.0,380.66499999999996,1301.997,4059.333,9676.646,36707.854,179.668,200.997,876.668,425.33299999999997,2219.667,1409.997,135.665,294.003,1376.319,0.0,1576.8899999999999,981.416
2028,large_district,19,Cedar Valley,,,,,,,19,Cedar Valley,,,,,16279.666000000001,54464.926999999996,3.346,6116.0019999999995,399.331,1316.999,4399.664,10405.718,39709.116,181.667,217.667,884.6650000000001,432.33299999999997,2481.002,1458.996,154.998,304.669,1372.5149999999999,0.0,1862.713,1054.481
2029,large_district,19,Cedar Valley,,,,,,,19,Cedar Valley,,,,,17330.997,56798.724,3.277,6617.002,410.997,1339.665,4866.334,11561.601,42757.392,182.334,228.66400000000002,901.998,437.666,2880.669,1502.33,173.328,310.003,1369.4070000000002,0.0,2459.1440000000002,1116.041
2030,large_district,19,Cedar Valley,,,,,,,19,Cedar Valley,,,,,18270.998,58794.798,3.218,7358.332,422.661,1382.3319999999999,5553.334,12726.219000000001,45614.013,189.334,233.33,930.998,451.33299999999997,3469.665,1549.996,208.328,325.336,1370.866,0.0,2825.592,1171.421
2031,large_district,19,Cedar Valley,,,,,,,19,Cedar Valley,,,,,19198.332,60775.995,3.166,7998.999,436.997,1453.666,6108.338,13485.65,48042.646,204.0,232.998,963.668,489.997,3961.334,1562.998,239.001,345.001,1370.4250000000002,0.0,2890.447,1225.798
2032,large_district,19,Cedar Valley,,,,,,,19,Cedar Valley,,,,,20033.335,62459.218,3.118,8819.664,453.998,1528.3329999999999,6837.335,14229.26,50289.265,218.002,235.998,989.9999999999999,538.332,4584.665,1575.664,292.998,384.003,1372.758,0.0,2759.101,1277.726
2033,large_district,19,Cedar Valley,,,,,,,19,Cedar Valley,,,,,20966.333,64467.973,3.075,9778.666000000001,497.665,1575.666,7705.3369999999995,15955.662,53695.061,241.335,256.333,1025.668,549.999,5315.664,1591.328,356.665,441.668,1377.377,0.0,3460.788,1338.84
2034,large_district,19,Cedar Valley,,,,,,,19,Cedar Valley,,,,,21891.667,66503.347,3.038,11216.671,643.666,1725.0,8847.999,17234.423,56639.424,272.999,370.67,1060.333,664.665,6237.665,1610.998,427.664,571.669,1383.914,0.0,3226.016,1407.846
2035,large_district,19,Cedar Valley,,,,,,,19,Cedar Valley,,,,,22917.333,68785.557,3.001,11524.337,634.332,1741.666,9148.33,18432.316,59683.515,272.999,361.337,1082.667,659.0,6512.6630000000005,1608.334,460.996,566.336,1385.255,0.0,4060.986,1461.728
2036,large_district,19,Cedar Valley,,,,,,,19,Cedar Valley,,,,,23880.332000000002,70930.984,2.97,12384.335,665.667,1773.996,9944.67,18862.91,61847.506,276.666,389.003,1110.332,663.668,7243.999,1620.002,501.998,578.668,1392.542,0.0,3562.328,1523.71
2037,large_district,19,Cedar Valley,,,,,,,19,Cedar Valley,,,,,24960.333,73357.352,2.939,13334.335,717.999,1813.333,10802.997,20259.683,65188.282,292.333,425.665,1141.996,671.3340000000001,7990.328,1637.331,548.6659999999999,626.671,1397.679,0.0,3933.548,1594.12
2038,large_district,19,Cedar Valley,,,,,,,19,Cedar Valley,,,,,26022.998,75795.882,2.913,14628.334,822.667,1979.997,11825.671,21974.331,68815.725,363.33299999999997,459.33299999999997,1190.998,788.997,8674.664,1687.997,649.664,813.337,1404.702,0.0,4273.91,1667.399
2039,large_district,19,Cedar Valley,,,,,,,19,Cedar Valley,,,,,27141.671,78334.968,2.886,16005.999,941.335,2152.328,12912.334,23432.971,72287.984,444.0,497.33299999999997,1228.9969999999998,923.331,9329.001,1770.334,757.33,1055.67,1411.911,0.0,4272.075,1742.972
2040,large_district,19,Cedar Valley,,,,,,,19,Cedar Valley,,,,,28259.001,80913.859,2.863,17691.33,1156.998,2328.334,14205.997,25027.222,75893.425,526.0,630.996,1273.3339999999998,1054.997,10187.997,1874.663,887.333,1256.003,1417.175,0.0,4101.693,1816.996
2041,large_district,19,Cedar Valley,,,,,,,19,Cedar Valley,,,,,29398.333,83455.991,2.839,19218.334,1347.331,2528.33,15342.663,26181.902000000002,79098.901,618.669,728.665,1326.667,1201.665,10894.998,1968.331,996.0,1483.337,1423.4940000000001,0.0,3647.8559999999998,1892.216
2042,large_district,19,Cedar Valley,,,,,,,19,Cedar Valley,,,,,30572.999,86117.723,2.817,20956.665,1497.999,2775.3360000000002,16683.336,28918.52,83949.917,702.001,796.001,1385.666,1389.664,11807.001,2091.006,1109.665,1675.67,1435.292,0.0,4558.862,1967.7
2043,large_district,19,Cedar Valley,,,,,,,19,Cedar Valley,,,,,31731.329999999998,88702.662,2.795,22507.006,1647.334,2968.003,17891.669,30051.855,87168.245,796.335,850.996,1424.668,1543.3319999999999,12586.995,2193.0,1224.001,1887.668,1440.3429999999998,0.0,4061.782,2042.731
2044,large_district,19,Cedar Valley,,,,,,,19,Cedar Valley,,,,,32996.998999999996,91609.292,2.776,24117.0,1783.671,3156.332,19177.001,32091.572,91486.169,889.669,893.999,1463.334,1692.999,13414.33,2310.666,1345.001,2107.002,1449.656,0.0,4396.744,2128.161
2045,large_district,19,Cedar Valley,,,,,,,19,Cedar Valley,,,,,34190.334,94353.539,2.76,25799.001,1938.666,3346.333,20514.0,33909.355,95451.957,1003.6659999999999,935.002,1504.336,1841.999,14226.663,2480.003,1465.33,2342.003,1462.692,0.0,4442.921,2204.705
2046,large_district,19,Cedar Valley,,,,,,,19,Cedar Valley,,,,,35530.333,97448.377,2.743,27638.335,2065.333,3543.333,22029.672,36182.013,100136.612,1098.333,967.0020000000001,1564.004,1979.334,15219.332,2679.329,1587.998,2543.006,1479.196,0.0,4767.054,2297.438
2047,large_district,19,Cedar Valley,,,,,,,19,Cedar Valley,,,,,37045.997,100977.801,2.726,29653.336,2188.002,3731.6659999999997,23733.665,38867.925,105550.716,1187.333,1000.6659999999999,1621.665,2109.998,16476.332,2855.662,1709.67,2692.003,1491.7820000000002,0.0,5325.493,2397.327
2048,large_district,19,Cedar Valley,,,,,,,19,Cedar Valley,,,,,38897.327,105331.25,2.708,31605.999,2282.33,3908.6639999999998,25414.999,41529.831,111545.012,1242.998,1039.333,1673.002,2235.663,17805.332,3027.329,1817.336,2765.002,1515.039,0.0,5888.62,2520.157
2049,large_district,19,Cedar Valley,,,,,,,19,Cedar Valley,,,,,41353.332,111254.987,2.69,33435.332,2354.663,4071.334,27009.33,44913.921,119349.917,1283.999,1070.665,1716.335,2354.997,19078.667,3175.667,1917.994,2837.002,1531.329,0.0,7267.738,2679.522
2050,large_district,19,Cedar Valley,,,,,,,19,Cedar Valley,,,,,44401.659,118823.463,2.676,35129.33,2427.33,4217.665,28484.332,48079.445,128002.422,1326.665,1100.664,1753.001,2464.666,20268.337,3315.999,1984.001,2916.003,1544.865,0.0,8523.958,2881.297
2051,large_district,19,Cedar Valley,,,,,,,19,Cedar Valley,,,,,48012.665,128163.998,2.669,36475.664,2477.004,4355.669,29642.999,51479.106,137901.901,1360.665,1116.332,1794.336,2561.331,21198.331,3433.998,2042.0,2968.667,1570.977,0.0,10314.103,3118.351
2052,large_district,19,Cedar Valley,,,,,,,19,Cedar Valley,,,,,51818.996,137982.827,2.663,37850.0,2522.331,4509.669,30817.996,53283.204,146557.392,1389.998,1132.329,1828.001,2681.665,22158.332,3543.332,2108.998,3007.335,1583.726,0.0,10476.707,3372.768
2053,large_district,19,Cedar Valley,,,,,,,19,Cedar Valley,,,,,54280.001,143986.818,2.653,38957.671,2586.332,4654.334,31716.999,49844.221,147548.224,1436.663,1149.665,1855.336,2799.001,22832.667,3647.335,2161.001,3076.003,1584.427,0.0,5762.017,3540.124
2054,large_district,19,Cedar Valley,,,,,,,19,Cedar Valley,,,,,55031.998,145412.135,2.642,40047.332,2628.333,4824.002,32595.004,50174.377,149231.971,1469.666,1158.662,1880.671,2943.334,23480.33,3762.669,2218.0,3134.0029999999997,1580.565,0.0,4955.455,3591.011
2055,large_district,19,Cedar Valley,,,,,,,19,Cedar Valley,,,,,55596.333,146263.571,2.631,41138.333,2690.999,5021.0,33426.331,51563.81,151637.209,1521.666,1169.329,1907.672,3113.334,24053.328,3878.337,2279.666,3215.004,1576.095,0.0,5210.816,3638.546
2056,large_district,19,Cedar Valley,,,,,,,19,Cedar Valley,,,,,55822.666,146248.627,2.62,42184.001,2743.665,5235.331,34204.998999999996,52323.64,152804.438,1563.332,1180.332,1929.67,3305.668,24605.999,3966.0,2329.331,3303.668,1573.3180000000002,0.0,4906.616,3659.71
2057,large_district,19,Cedar Valley,,,,,,,19,Cedar Valley,,,,,55883.998,147263.191,2.635,43382.331,2796.333,5459.663,35126.33,54222.21,154813.404,1603.665,1192.667,1963.67,3496.001,25263.663,4077.004,2390.999,3394.672,1569.075,0.0,5567.614,3703.207
2058,large_district,19,Cedar Valley,,,,,,,19,Cedar Valley,,,,,55898.999,149099.135,2.667,44633.668,2844.666,5679.665,36109.331,55522.772,156140.969,1641.997,1202.666,1994.335,3685.332,25988.331,4174.6720000000005,2465.668,3480.672,1564.183,0.0,5555.992,3768.931
2059,large_district,19,Cedar Valley,,,,,,,19,Cedar Valley,,,,,55898.999,150667.723,2.695,45792.005,2891.663,5857.666,37042.663,56482.883,157101.08,1676.998,1214.665,2017.671,3840.001,26704.331,4257.002,2530.331,3551.004,1558.681,0.0,5306.875,3825.332
2060,large_district,19,Cedar Valley,,,,,,,19,Cedar Valley,,,,,55920.999,152469.618,2.727,46988.333,2948.333,6044.671,37995.336,58102.209,158760.006,1718.666,1229.664,2044.3400000000001,4000.3360000000002,27425.329,4343.669,2593.666,3632.671,1553.895,0.0,5666.014,3893.969
2061,large_district,19,Cedar Valley,,,,,,,19,Cedar Valley,,,,,55919.998,154456.57,2.762,48208.001,3034.334,6239.33,38934.33,59453.872,160109.866,1772.666,1261.666,2065.3360000000002,4174.002,28136.328,4427.667,2652.668,3717.672,1549.547,0.0,5736.203,3960.122
2062,large_district,19,Cedar Valley,,,,,,,19,Cedar Valley,,,,,55942.332,156268.239,2.793,49350.665,3107.002,6414.662,39828.995,60755.821,161452.017,1821.333,1285.665,2090.333,4324.334,28802.329,4512.336,2715.998,3798.335,1545.967,0.0,5831.947,4027.245
2063,large_district,19,Cedar Valley,,,,,,,19,Cedar Valley,,,,,55955.998,158069.331,2.825,50495.668,3156.331,6580.661,40758.666,62038.679,162759.473,1856.665,1299.663,2114.998,4465.668,29503.664,4602.669,2778.666,3873.669,1542.781,0.0,5911.39,4088.8360000000002
2064,large_district,19,Cedar Valley,,,,,,,19,Cedar Valley,,,,,55954.999,159947.097,2.858,51630.333,3214.663,6738.662,41677.001,63474.092,164193.089,1904.333,1310.33,2141.338,4597.336,30171.995,4702.337,2852.663,3950.0009999999997,1539.412,0.0,6151.059,4153.304
2065,large_district,19,Cedar Valley,,,,,,,19,Cedar Valley,,,,,55966.999,161694.089,2.889,52807.666,3277.999,6902.664,42626.997,64675.414,165416.011,1952.332,1325.6670000000001,2168.333,4734.334,30840.335,4807.337,2937.661,4041.67,1535.445,0.0,6112.326,4219.975
2023,large_district,2,East Box Elder County not WFRC,,,,,,,2,East Box Elder County not WFRC,,,,,518.0,1907.0,3.681,180.0,59.0,28.0,93.0,234.0,1166.4,28.0,31.0,25.0,3.0,11.0,46.0,9.0,27.0,0.0,0.0,31.0,23.0
2024,large_district,2,East Box Elder County not WFRC,,,,,,,2,East Box Elder County not WFRC,,,,,525.0,1919.0,3.655,177.0,56.0,26.0,95.0,234.0,1179.0,28.0,28.0,23.0,3.0,12.0,49.0,9.0,25.0,0.0,0.0,35.0,22.0
2025,large_district,2,East Box Elder County not WFRC,,,,,,,2,East Box Elder County not WFRC,,,,,534.0,1934.0,3.622,181.0,56.0,28.0,97.0,241.0,1202.2000000000003,28.0,28.0,24.0,4.0,12.0,50.0,9.0,26.0,0.0,0.0,36.0,24.0
2026,large_district,2,East Box Elder County not WFRC,,,,,,,2,East Box Elder County not WFRC,,,,,544.0,1951.0,3.586,185.0,58.0,28.0,99.0,247.0,1226.2,29.0,29.0,24.0,4.0,12.0,51.0,10.0,26.0,0.0,0.0,37.0,25.0
2027,large_district,2,East Box Elder County not WFRC,,,,,,,2,East Box Elder County not WFRC,,,,,554.0,1964.0,3.545,185.0,58.0,28.0,99.0,248.0,1245.2,29.0,29.0,24.0,4.0,12.0,51.0,10.0,26.0,0.0,0.0,38.0,25.0
2028,large_district,2,East Box Elder County not WFRC,,,,,,,2,East Box Elder County not WFRC,,,,,564.0,1979.0,3.509,187.0,58.0,28.0,101.0,253.0,1268.2,29.0,29.0,24.0,4.0,12.0,52.0,10.0,27.0,0.0,0.0,40.0,26.0
2029,large_district,2,East Box Elder County not WFRC,,,,,,,2,East Box Elder County not WFRC,,,,,576.0,1993.0,3.46,187.0,58.0,28.0,101.0,254.0,1290.8,29.0,29.0,24.0,4.0,12.0,52.0,10.0,27.0,0.0,0.0,41.0,26.0
2030,large_district,2,East Box Elder County not WFRC,,,,,,,2,East Box Elder County not WFRC,,,,,587.0,2008.0,3.421,191.0,59.0,29.0,103.0,259.0,1315.6,30.0,29.0,25.0,4.0,12.0,53.0,10.0,28.0,0.0,0.0,41.0,27.0
2031,large_district,2,East Box Elder County not WFRC,,,,,,,2,East Box Elder County not WFRC,,,,,597.0,2027.0,3.395,192.0,59.0,29.0,104.0,261.0,1335.6000000000001,30.0,29.0,25.0,4.0,12.0,53.0,11.0,28.0,0.0,0.0,42.0,27.0
2032,large_district,2,East Box Elder County not WFRC,,,,,,,2,East Box Elder County not WFRC,,,,,609.0,2044.0,3.356,194.0,60.0,30.0,104.0,265.0,1361.2,31.0,29.0,26.0,4.0,12.0,53.0,11.0,28.0,0.0,0.0,43.0,28.0
2033,large_district,2,East Box Elder County not WFRC,,,,,,,2,East Box Elder County not WFRC,,,,,619.0,2060.0,3.328,195.0,60.0,30.0,105.0,267.0,1381.2,31.0,29.0,26.0,4.0,12.0,53.0,11.0,29.0,0.0,0.0,44.0,28.0
2034,large_district,2,East Box Elder County not WFRC,,,,,,,2,East Box Elder County not WFRC,,,,,631.0,2080.0,3.296,197.0,61.0,30.0,106.0,270.0,1405.8,31.0,30.0,26.0,4.0,12.0,54.0,11.0,29.0,0.0,0.0,44.0,29.0
2035,large_district,2,East Box Elder County not WFRC,,,,,,,2,East Box Elder County not WFRC,,,,,642.0,2099.0,3.269,196.0,60.0,30.0,106.0,269.0,1424.6,31.0,29.0,26.0,4.0,12.0,54.0,11.0,29.0,0.0,0.0,44.0,29.0
2036,large_district,2,East Box Elder County not WFRC,,,,,,,2,East Box Elder County not WFRC,,,,,654.0,2116.0,3.235,196.0,60.0,30.0,106.0,271.0,1448.1999999999998,31.0,29.0,26.0,4.0,12.0,54.0,11.0,29.0,0.0,0.0,45.0,30.0
2037,large_district,2,East Box Elder County not WFRC,,,,,,,2,East Box Elder County not WFRC,,,,,666.0,2140.0,3.213,199.0,60.0,31.0,108.0,274.0,1472.8000000000002,31.0,29.0,27.0,4.0,12.0,55.0,11.0,30.0,0.0,0.0,45.0,30.0
2038,large_district,2,East Box Elder County not WFRC,,,,,,,2,East Box Elder County not WFRC,,,,,677.0,2160.0,3.191,201.0,62.0,31.0,108.0,277.0,1495.6000000000001,32.0,30.0,27.0,4.0,12.0,55.0,11.0,30.0,0.0,0.0,45.0,31.0
2039,large_district,2,East Box Elder County not WFRC,,,,,,,2,East Box Elder County not WFRC,,,,,688.0,2181.0,3.17,203.0,62.0,31.0,110.0,279.0,1517.4,32.0,30.0,27.0,4.0,12.0,56.0,12.0,30.0,0.0,0.0,45.0,31.0
2040,large_district,2,East Box Elder County not WFRC,,,,,,,2,East Box Elder County not WFRC,,,,,701.0,2209.0,3.151,204.0,62.0,31.0,111.0,281.0,1542.8,32.0,30.0,27.0,4.0,12.0,56.0,12.0,31.0,0.0,0.0,45.0,32.0
2041,large_district,2,East Box Elder County not WFRC,,,,,,,2,East Box Elder County not WFRC,,,,,712.0,2231.0,3.133,208.0,63.0,32.0,113.0,285.0,1566.6,33.0,30.0,28.0,4.0,13.0,57.0,12.0,31.0,0.0,0.0,45.0,32.0
2042,large_district,2,East Box Elder County not WFRC,,,,,,,2,East Box Elder County not WFRC,,,,,724.0,2252.0,3.11,209.0,63.0,32.0,114.0,287.0,1590.2,33.0,30.0,28.0,4.0,13.0,57.0,12.0,32.0,0.0,0.0,45.0,33.0
2043,large_district,2,East Box Elder County not WFRC,,,,,,,2,East Box Elder County not WFRC,,,,,737.0,2277.0,3.09,209.0,63.0,32.0,114.0,287.0,1613.6000000000001,33.0,30.0,28.0,4.0,13.0,57.0,12.0,32.0,0.0,0.0,45.0,33.0
2044,large_district,2,East Box Elder County not WFRC,,,,,,,2,East Box Elder County not WFRC,,,,,749.0,2300.0,3.071,211.0,64.0,32.0,115.0,290.0,1638.2,34.0,30.0,28.0,4.0,13.0,58.0,12.0,32.0,0.0,0.0,45.0,34.0
2045,large_district,2,East Box Elder County not WFRC,,,,,,,2,East Box Elder County not WFRC,,,,,760.0,2326.0,3.061,211.0,64.0,32.0,115.0,290.0,1658.0,34.0,30.0,28.0,4.0,13.0,58.0,12.0,32.0,0.0,0.0,45.0,34.0
2046,large_district,2,East Box Elder County not WFRC,,,,,,,2,East Box Elder County not WFRC,,,,,773.0,2350.0,3.04,213.0,64.0,32.0,117.0,293.0,1684.3999999999999,34.0,30.0,28.0,4.0,13.0,59.0,12.0,33.0,0.0,0.0,45.0,35.0
2047,large_district,2,East Box Elder County not WFRC,,,,,,,2,East Box Elder County not WFRC,,,,,785.0,2379.0,3.031,213.0,64.0,32.0,117.0,293.0,1705.9999999999998,34.0,30.0,28.0,4.0,13.0,59.0,12.0,33.0,0.0,0.0,45.0,35.0
2048,large_district,2,East Box Elder County not WFRC,,,,,,,2,East Box Elder County not WFRC,,,,,797.0,2404.0,3.016,217.0,65.0,33.0,119.0,299.0,1733.6,35.0,30.0,29.0,4.0,14.0,60.0,12.0,33.0,0.0,0.0,46.0,36.0
2049,large_district,2,East Box Elder County not WFRC,,,,,,,2,East Box Elder County not WFRC,,,,,811.0,2434.0,3.001,218.0,66.0,33.0,119.0,301.0,1760.8000000000002,35.0,31.0,29.0,4.0,14.0,60.0,12.0,33.0,0.0,0.0,47.0,36.0
2050,large_district,2,East Box Elder County not WFRC,,,,,,,2,East Box Elder County not WFRC,,,,,822.0,2458.0,2.99,219.0,66.0,33.0,120.0,304.0,1783.6000000000001,35.0,31.0,29.0,4.0,14.0,60.0,13.0,33.0,0.0,0.0,48.0,37.0
2051,large_district,2,East Box Elder County not WFRC,,,,,,,2,East Box Elder County not WFRC,,,,,835.0,2487.0,2.978,221.0,66.0,33.0,122.0,308.0,1811.0,35.0,31.0,29.0,4.0,14.0,61.0,13.0,34.0,0.0,0.0,49.0,38.0
2052,large_district,2,East Box Elder County not WFRC,,,,,,,2,East Box Elder County not WFRC,,,,,849.0,2509.0,2.955,222.0,67.0,33.0,122.0,310.0,1838.2,36.0,31.0,29.0,4.0,14.0,61.0,13.0,34.0,0.0,0.0,50.0,38.0
2053,large_district,2,East Box Elder County not WFRC,,,,,,,2,East Box Elder County not WFRC,,,,,859.0,2537.0,2.953,222.0,67.0,33.0,122.0,311.0,1857.2,36.0,31.0,29.0,4.0,14.0,61.0,13.0,34.0,0.0,0.0,50.0,39.0
2054,large_district,2,East Box Elder County not WFRC,,,,,,,2,East Box Elder County not WFRC,,,,,873.0,2558.0,2.93,223.0,67.0,33.0,123.0,314.0,1885.3999999999999,36.0,31.0,30.0,3.0,14.0,62.0,13.0,34.0,0.0,0.0,52.0,39.0
2055,large_district,2,East Box Elder County not WFRC,,,,,,,2,East Box Elder County not WFRC,,,,,888.0,2584.0,2.91,222.0,66.0,33.0,123.0,315.0,1913.4,36.0,30.0,30.0,3.0,14.0,62.0,13.0,34.0,0.0,0.0,53.0,40.0
2056,large_district,2,East Box Elder County not WFRC,,,,,,,2,East Box Elder County not WFRC,,,,,899.0,2605.0,2.898,222.0,66.0,33.0,123.0,316.0,1934.2,36.0,30.0,30.0,3.0,14.0,62.0,13.0,34.0,0.0,0.0,54.0,40.0
2057,large_district,2,East Box Elder County not WFRC,,,,,,,2,East Box Elder County not WFRC,,,,,913.0,2631.0,2.882,223.0,66.0,33.0,124.0,319.0,1962.3999999999999,36.0,30.0,30.0,3.0,14.0,63.0,13.0,34.0,0.0,0.0,55.0,41.0
2058,large_district,2,East Box Elder County not WFRC,,,,,,,2,East Box Elder County not WFRC,,,,,923.0,2652.0,2.873,223.0,66.0,33.0,124.0,319.0,1980.3999999999999,36.0,30.0,30.0,3.0,14.0,63.0,13.0,34.0,0.0,0.0,55.0,41.0
2059,large_district,2,East Box Elder County not WFRC,,,,,,,2,East Box Elder County not WFRC,,,,,936.0,2676.0,2.859,224.0,66.0,33.0,125.0,321.0,2005.7999999999997,36.0,30.0,30.0,3.0,15.0,63.0,13.0,34.0,0.0,0.0,55.0,42.0
2060,large_district,2,East Box Elder County not WFRC,,,,,,,2,East Box Elder County not WFRC,,,,,950.0,2703.0,2.845,225.0,66.0,33.0,126.0,324.0,2034.0000000000002,36.0,30.0,30.0,3.0,15.0,64.0,13.0,34.0,0.0,0.0,57.0,42.0
2061,large_district,2,East Box Elder County not WFRC,,,,,,,2,East Box Elder County not WFRC,,,,,963.0,2723.0,2.828,226.0,66.0,33.0,127.0,327.0,2060.4,36.0,30.0,30.0,3.0,15.0,64.0,13.0,35.0,0.0,0.0,57.0,44.0
2062,large_district,2,East Box Elder County not WFRC,,,,,,,2,East Box Elder County not WFRC,,,,,974.0,2749.0,2.822,227.0,67.0,33.0,127.0,327.0,2080.2,37.0,30.0,30.0,3.0,15.0,64.0,13.0,35.0,0.0,0.0,57.0,43.0
2063,large_district,2,East Box Elder County not WFRC,,,,,,,2,East Box Elder County not WFRC,,,,,988.0,2768.0,2.802,227.0,67.0,33.0,127.0,328.0,2106.4,37.0,30.0,30.0,3.0,15.0,64.0,13.0,35.0,0.0,0.0,58.0,43.0
2064,large_district,2,East Box Elder County not WFRC,,,,,,,2,East Box Elder County not WFRC,,,,,1000.0,2794.0,2.794,227.0,66.0,34.0,127.0,329.0,2129.0,37.0,29.0,31.0,3.0,15.0,64.0,13.0,35.0,0.0,0.0,58.0,44.0
2065,large_district,2,East Box Elder County not WFRC,,,,,,,2,East Box Elder County not WFRC,,,,,1012.0,2813.0,2.78,228.0,66.0,34.0,128.0,330.0,2151.6,37.0,29.0,31.0,3.0,15.0,65.0,13.0,35.0,0.0,0.0,58.0,44.0
2023,large_district,20,Utah Valley - North,,,,,,,20,Utah Valley - North,,,,,87818.318,295443.122,3.364,154478.663,30429.333,19827.999,104221.33,177845.474,335918.428,20151.333,10278.0,8607.666,11220.332,33786.665,14796.332,12751.333,42886.999,267.12,575.217,16871.009000000002,5653.445
2024,large_district,20,Utah Valley - North,,,,,,,20,Utah Valley - North,,,,,91220.341,304349.869,3.336,156014.002,30433.668,20136.999,105443.337,176366.456,340563.079,19962.672,10470.996,8691.996,11444.996,33237.341,15373.991,13761.657,43070.327,261.236,629.348,13830.018,5631.848
2025,large_district,20,Utah Valley - North,,,,,,,20,Utah Valley - North,,,,,95396.335,314951.809,3.302,159696.333,30936.332,20497.662,108262.336,181635.347,353348.752,20302.671,10633.666,8871.661,11625.997,33648.0,15940.996,14618.993,44054.327,254.281,627.3910000000001,14716.516,6340.787
2026,large_district,20,Utah Valley - North,,,,,,,20,Utah Valley - North,,,,,99325.332,324255.822,3.265,162230.665,31308.332,20662.007,110260.335,184593.931,363379.527,20468.002,10840.334,8968.325,11693.664,33648.0,16410.66,15327.661,44873.995,246.555,649.566,14915.716,6551.423
2027,large_district,20,Utah Valley - North,,,,,,,20,Utah Valley - North,,,,,103424.668,333778.417,3.227,164643.331,31770.999,20831.996,112040.335,187954.289,374118.693,20789.996,10980.994999999999,9056.332,11775.667,33555.333,16900.664,15969.997,45614.325,239.233,664.565,15645.033,6762.103
2028,large_district,20,Utah Valley - North,,,,,,,20,Utah Valley - North,,,,,107083.671,341809.833,3.192,166961.663,32086.335,21028.332,113847.003,190339.479,383090.092,20995.670000000002,11090.662,9153.994,11874.331,33574.335,17262.661,16470.662,46539.331,230.915,637.826,15568.705,6940.345
2029,large_district,20,Utah Valley - North,,,,,,,20,Utah Valley - North,,,,,110671.329,349497.979,3.158,169405.664,32376.329,21265.664,115763.672,194270.34,393478.727,21223.997,11152.334,9283.33,11982.332,33696.669,17591.326,16969.664,47505.986,223.123,602.61,16899.621,7139.319
2030,large_district,20,Utah Valley - North,,,,,,,20,Utah Valley - North,,,,,114000.333,356272.571,3.125,171520.664,32722.666,21521.001,117277.004,195533.771,400734.37,21547.333,11175.333,9448.663,12072.327,33728.671,17778.661,17442.662,48327.005,211.5,592.827,15894.253999999999,7314.542
2031,large_district,20,Utah Valley - North,,,,,,,20,Utah Valley - North,,,,,117303.334,363119.714,3.096,173436.337,33028.676,21811.992,118595.669,198615.547,409761.549,21884.337,11144.331,9594.331,12217.664,33762.67,17847.995,17908.337,49076.665,202.325,597.3910000000001,16882.638,7496.882
2032,large_district,20,Utah Valley - North,,,,,,,20,Utah Valley - North,,,,,120356.003,369396.325,3.069,175251.664,33306.0,22012.328999999998,119933.32800000001,200723.817,417364.626,22146.328,11159.666,9728.324,12283.999,33775.337,17881.325,18376.993,49899.667,194.987,627.3910000000001,16966.758,7683.003
2033,large_district,20,Utah Valley - North,,,,,,,20,Utah Valley - North,,,,,123119.656,375036.314,3.046,176930.665,33597.0,22178.992,121154.663,202890.09100000001,424505.459,22376.33,11220.663,9847.666,12331.333,33777.002,17912.328,18791.003,50674.331,189.66299999999998,658.044,17243.896,7867.831
2034,large_district,20,Utah Valley - North,,,,,,,20,Utah Valley - North,,,,,125650.338,380107.519,3.025,179564.995,34228.668,22308.328,123027.996,206015.567,432186.181,22641.662,11586.995,9943.658,12364.666,33822.668,17990.995,19274.668,51939.666,183.326,684.7829999999999,17480.977,8101.519
2035,large_district,20,Utah Valley - North,,,,,,,20,Utah Valley - North,,,,,128042.333,384904.854,3.006,179277.332,33893.336,22281.331,123102.669,204869.048,435345.247,22673.002,11220.335,10033.327,12247.997,34071.002,17945.326,19519.332,51567.003,181.809,694.566,16543.929,8171.379
2036,large_district,20,Utah Valley - North,,,,,,,20,Utah Valley - North,,,,,130353.336,389522.489,2.988,180819.335,34173.0,22399.328,124247.003,207328.576,441964.584,22856.001,11316.999,10169.324,12229.997,34231.664,17981.664,19858.662,52174.999,176.56799999999998,690.0,17309.304,8333.402
2037,large_district,20,Utah Valley - North,,,,,,,20,Utah Valley - North,,,,,132793.671,394755.486,2.973,182389.334,34485.334,22534.997,125369.004,208833.579,447862.192,23064.33,11421.003,10309.324,12225.664999999999,34265.997,18058.663,20217.661,52826.67,172.493,684.13,17087.844,8499.78
2038,large_district,20,Utah Valley - North,,,,,,,20,Utah Valley - North,,,,,135348.333,400199.498,2.957,184234.336,34811.666,22664.665,126758.005,211151.935,454778.934,23301.663,11510.0,10439.996,12224.665,34262.331,18202.33,20619.992,53673.33,166.01500000000001,682.826,17384.539,8684.217
2039,large_district,20,Utah Valley - North,,,,,,,20,Utah Valley - North,,,,,138180.668,406553.709,2.942,186088.669,35131.668,22801.664,128155.333,213451.811,462177.015,23557.668,11573.998,10580.993,12220.665,34259.664,18402.331,21001.326,54492.0,163.631,682.826,17641.321,8875.35
2040,large_district,20,Utah Valley - North,,,,,,,20,Utah Valley - North,,,,,140876.007,412504.013,2.928,187850.668,35403.997,22920.671,129526.007,214813.45,468390.271,23804.668,11599.326000000001,10704.329,12216.332,34244.665,18600.996,21413.661,55266.665,161.84199999999998,682.826,17056.415,9061.675
2041,large_district,20,Utah Valley - North,,,,,,,20,Utah Valley - North,,,,,143589.335,418520.963,2.915,189773.995,35748.0,23084.676,130941.332,216410.128,474870.933,24090.669,11657.327,10871.998,12212.665,34241.666,18816.664,21795.331,56087.668,159.608,686.088,16550.391,9240.042
2042,large_district,20,Utah Valley - North,,,,,,,20,Utah Valley - North,,,,,146479.661,424982.665,2.901,191244.003,36007.007,23156.338,132080.666,217814.013,481477.396,24298.664,11708.331,10955.335000000001,12200.996,34224.666,19002.667,22114.997,56738.329,154.369,692.61,16295.727,9427.326
2043,large_district,20,Utah Valley - North,,,,,,,20,Utah Valley - North,,,,,149070.0,430673.81,2.889,192663.99599999998,36259.0,23238.336,133166.671,219038.435,487364.435,24492.003,11767.001,11040.995,12197.33,34195.0,19194.671,22477.339,57299.665,152.076,698.4780000000001,15917.552,9606.316
2044,large_district,20,Utah Valley - North,,,,,,,20,Utah Valley - North,,,,,151602.001,436174.237,2.877,194122.338,36523.999,23301.008,134297.335,220861.79,493745.393,24700.67,11823.333,11111.003,12189.997,34178.999,19420.327,22802.666,57895.321,148.553,697.825,16120.922,9772.145
2045,large_district,20,Utah Valley - North,,,,,,,20,Utah Valley - North,,,,,154204.002,441796.151,2.865,195619.0,36826.332,23390.338,135402.332,222202.519,499769.725,24932.331000000002,11893.999,11202.33,12187.996,34147.999,19660.001,23158.669,58435.66,145.826,695.871,15785.897,9955.918
2046,large_district,20,Utah Valley - North,,,,,,,20,Utah Valley - North,,,,,156450.67,446332.385,2.853,197123.329,37097.34,23488.997,136537.0,222854.877,504466.087,25153.328,11943.997,11305.656,12183.331,34095.665,19944.34,23494.336,59002.67,144.96099999999998,695.871,14786.379,10104.341
2047,large_district,20,Utah Valley - North,,,,,,,20,Utah Valley - North,,,,,158620.672,450566.408,2.841,198401.007,37324.33,23557.0,137519.668,224752.512,510269.728,25371.327,11952.996000000001,11389.331,12167.665,34001.663,20232.995,23809.670000000002,59475.33,144.166,699.7819999999999,15251.418,10256.128
2048,large_district,20,Utah Valley - North,,,,,,,20,Utah Valley - North,,,,,160455.66,453847.2,2.828,199783.334,37603.004,23669.339,138511.007,225213.022,514033.202,25608.664,11994.333,11502.327,12166.998,33949.329,20549.998,24092.338,59919.331,140.82999999999998,706.955,14196.612,10385.265
2049,large_district,20,Utah Valley - North,,,,,,,20,Utah Valley - North,,,,,161969.004,456330.318,2.817,201358.334,37902.997,23809.663,139645.676,226567.223,518111.435,25865.656,12037.335000000001,11625.663,12183.998,33921.662,20886.003,24432.339,60405.657,142.994,713.4770000000001,13851.025,10501.392
2050,large_district,20,Utah Valley - North,,,,,,,20,Utah Valley - North,,,,,163020.003,457429.541,2.806,203180.336,38289.666,23955.668,140935.002,227884.188,521320.197,26185.996,12103.667,11754.33,12201.332,33926.995,21301.337,24752.666,60953.998999999996,148.171,720.652,13255.612,10579.422
2051,large_district,20,Utah Valley - North,,,,,,,20,Utah Valley - North,,,,,163863.004,457834.18200000003,2.794,204847.0,38625.33,24092.667,142129.004,229905.337,524858.749,26463.667,12161.667,11884.665,12207.998,33929.664,21693.669,25052.997,61452.658,154.603,726.521,13529.68,10647.529
2052,large_district,20,Utah Valley - North,,,,,,,20,Utah Valley - North,,,,,164642.66,458037.394,2.782,206550.342,38951.0,24205.996,143393.333,232965.439,529322.219,26758.67,12192.334,12004.994,12200.999,33916.663,22109.335,25407.005,61960.332,164.167,732.3910000000001,14800.324,10718.210000000001
2053,large_district,20,Utah Valley - North,,,,,,,20,Utah Valley - North,,,,,165775.341,458895.564,2.768,208344.334,39294.661,24313.0,144736.66999999998,237764.586,536160.209,27050.34,12244.335,12114.329,12198.666,33916.329,22564.669,25739.666,62515.995,164.504,740.218,17703.445,10812.134
2054,large_district,20,Utah Valley - North,,,,,,,20,Utah Valley - North,,,,,167611.005,461708.533,2.755,210010.336,39637.998,24345.662,146026.667,241079.764,542779.579,27343.998,12294.001,12182.996000000001,12162.667,33910.329,23022.335,26070.659,63023.336,164.176,745.434,19211.047,10948.749
2055,large_district,20,Utah Valley - North,,,,,,,20,Utah Valley - North,,,,,168947.996,463344.001,2.743,211623.34100000001,39980.665,24361.337,147281.337,243092.089,547198.477,27631.668,12348.999,12249.998,12111.333,33891.329,23438.999,26402.335,63548.669,164.281,747.39,19495.72,11061.345
2056,large_district,20,Utah Valley - North,,,,,,,20,Utah Valley - North,,,,,169837.336,463789.669,2.731,213453.341,40279.667,24427.336,148746.339,244854.429,550561.637,27885.333,12394.33,12331.325,12096.0,33889.662,23878.672,26790.002,64188.003,164.281,742.826,19359.563000000002,11134.426
2057,large_district,20,Utah Valley - North,,,,,,,20,Utah Valley - North,,,,,170243.34,467535.096,2.746,214992.672,40524.332,24504.663,149963.665,247283.82200000001,553721.842,28096.663,12427.665,12418.325,12086.333,33879.996,24270.002,27145.999,64667.664,164.23,729.7819999999999,20117.238,11279.902
2058,large_district,20,Utah Valley - North,,,,,,,20,Utah Valley - North,,,,,170659.339,474249.892,2.779,216580.34100000001,40808.667,24540.334,151231.337,249907.393,557094.21,28335.667,12472.997,12497.992,12042.333,33864.662,24662.997,27503.336,65200.343,164.12599999999998,717.392,20939.411,11506.115
2059,large_district,20,Utah Valley - North,,,,,,,20,Utah Valley - North,,,,,170737.671,479509.456,2.808,218218.008,41083.672,24640.670000000002,152493.667,250683.166,558010.979,28576.999,12506.668,12597.66,12042.999,33862.996,25052.335,27840.332,65738.003,163.445,708.261,19912.371,11681.079
2060,large_district,20,Utah Valley - North,,,,,,,20,Utah Valley - North,,,,,170910.338,485583.865,2.841,219571.009,41262.337,24730.663,153578.001,252916.263,560554.877,28722.332,12539.999,12692.648,12037.999,33841.33,25376.342,28152.667,66207.667,163.445,703.6949999999999,20590.551,11887.58
2061,large_district,20,Utah Valley - North,,,,,,,20,Utah Valley - North,,,,,171031.005,492321.634,2.879,221256.34,41681.677,24759.999,154814.673,255438.464,563294.279,29019.337,12662.327,12780.991,11978.999,33795.665,25712.008,28500.665,66806.335,161.75799999999998,700.434,21217.51,12102.421
2062,large_district,20,Utah Valley - North,,,,,,,20,Utah Valley - North,,,,,171355.004,498767.055,2.911,222574.004,41853.667,24830.334,155889.997,256979.966,565418.978,29200.329,12653.322,12868.661,11961.666,33765.665,26046.336,28817.996,67259.996,161.191,698.4780000000001,21225.126,12321.185
2063,large_district,20,Utah Valley - North,,,,,,,20,Utah Valley - North,,,,,171834.337,505578.739,2.942,224120.664,42172.338,24932.997,157015.334,259241.715,568543.526,29465.0,12707.327,12972.661,11960.332,33714.331,26383.672,29137.997,67779.333,157.919,696.522,21720.045,12546.548
2064,large_district,20,Utah Valley - North,,,,,,,20,Utah Valley - North,,,,,171928.004,511920.489,2.978,225801.666,42520.328,25039.999,158241.34,260967.024,570437.436,29757.001,12763.325,13079.664,11960.332,33713.664,26726.678,29473.663,68327.333,157.637,695.2180000000001,21542.88,12769.636
2065,large_district,20,Utah Valley - North,,,,,,,20,Utah Valley - North,,,,,171982.004,517672.345,3.01,227453.334,42845.665,25137.337,159470.335,262508.397,572076.009,30027.337,12818.326000000001,13176.993,11960.332,33713.664,27071.003,29808.661,68877.005,156.572,693.913,21239.33,12965.228
2023,large_district,21,Utah Valley - Central,,,,,,,21,Utah Valley - Central,,,,,73310.66,215188.362,2.935,166658.325,27743.664,13007.33,125907.33,181740.379,313699.559,17763.664,9980.0,7531.331,5475.999,17481.998,38396.665,22433.665,47594.999,66.528,161.913,10136.931,4716.663
2024,large_district,21,Utah Valley - Central,,,,,,,21,Utah Valley - Central,,,,,74660.997,217483.32200000001,2.913,168826.666,27801.666,13282.658,127742.332,184823.487,319213.278,17586.003,10215.667,7659.661,5622.995,17176.338,39011.669,23776.332,47777.998,68.498,177.149,11140.364,4610.787
2025,large_district,21,Utah Valley - Central,,,,,,,21,Utah Valley - Central,,,,,76231.334,220196.525,2.889,172302.007,28336.334,13484.66,130481.002,192330.095,329546.497,17945.666,10390.665,7861.664,5622.995,17186.671,39510.663,24877.33,48906.327,68.526,176.599,14719.048999999999,5063.871
2026,large_district,21,Utah Valley - Central,,,,,,,21,Utah Valley - Central,,,,,77634.658,222196.945,2.862,174875.331,28650.004,13652.32,132573.001,194203.663,333946.037,18070.664,10579.332,7958.3369999999995,5693.996,17186.671,39890.003,25755.003,49741.329,69.772,182.84,13955.775,5119.93
2027,large_district,21,Utah Valley - Central,,,,,,,21,Utah Valley - Central,,,,,79442.338,225438.452,2.838,177212.996,29035.0,13787.659,134390.328,196598.185,339594.399,18328.333,10706.662,8050.668,5736.995,17105.67,40281.664,26516.67,50486.33,68.88,187.063,13930.067000000001,5199.173
2028,large_district,21,Utah Valley - Central,,,,,,,21,Utah Valley - Central,,,,,81346.001,228935.214,2.814,179341.005,29309.669,13862.998,136168.329,197871.559,344294.362,18510.998,10798.655,8137.996,5724.995,17082.335,40602.333,27149.331,51334.326,67.893,179.536,13004.392,5278.725
2029,large_district,21,Utah Valley - Central,,,,,,,21,Utah Valley - Central,,,,,83195.666,232383.855,2.793,181390.33,29520.668,13986.002,137883.669,199482.112,349234.31,18682.001,10838.657,8265.995,5719.994,17057.668,40890.008,27691.0,52244.997,67.206,169.624,12493.291,5361.667
2030,large_district,21,Utah Valley - Central,,,,,,,21,Utah Valley - Central,,,,,84704.996,234787.503,2.772,183442.33,29802.997,14137.662,139501.664,201332.573,353801.561,18957.997,10844.999,8420.998,5716.66,17028.668,41099.666,28316.996,53056.331,67.585,166.87,12221.182,5434.598
2031,large_district,21,Utah Valley - Central,,,,,,,21,Utah Valley - Central,,,,,86128.0,236971.115,2.751,184957.33,30039.672,14082.665,140834.999,203587.71,358618.11,19238.663,10801.001,8564.665,5517.992,16989.002,41165.333,28934.667,53745.997,66.992,168.154,12893.528,5501.715
2032,large_district,21,Utah Valley - Central,,,,,,,21,Utah Valley - Central,,,,,87302.668,238495.246,2.732,186857.999,30312.668,14229.666,142315.663,205428.071,362572.875,19502.994,10809.666,8719.336,5510.326,16978.002,41205.999,29519.005,54612.666,66.346,176.599,12751.529,5575.593
2033,large_district,21,Utah Valley - Central,,,,,,,21,Utah Valley - Central,,,,,88374.666,239808.329,2.714,188568.004,30560.333,14347.002,143660.664,207049.055,366123.453,19690.331,10870.0,8840.661,5506.326,16970.335,41234.668,30040.34,55415.332,65.356,185.228,12587.233,5643.233
2034,large_district,21,Utah Valley - Central,,,,,,,21,Utah Valley - Central,,,,,89581.995,241725.739,2.698,191480.002,31214.005,14479.33,145786.671,211269.047,372516.632,19948.998,11265.0,8974.996,5504.327,16958.667,41328.667,30729.333,56770.004,65.711,192.754,13755.126,5775.468
2035,large_district,21,Utah Valley - Central,,,,,,,21,Utah Valley - Central,,,,,90522.67,243057.423,2.685,190641.0,30855.672,14487.001,145298.332,210197.602,373138.412,19941.665,10914.002,9054.991,5431.998,16952.333,41175.334,30994.0,56176.663,65.654,195.507,13523.583,5771.838
2036,large_district,21,Utah Valley - Central,,,,,,,21,Utah Valley - Central,,,,,91708.002,245221.976,2.674,191883.335,31049.335,14608.673999999999,146225.32,211986.953,377061.359,20045.664,11003.663,9208.332,5400.33,16917.333,41184.335999999996,31412.992,56710.667,66.715,194.221,13984.993,5857.696
2037,large_district,21,Utah Valley - Central,,,,,,,21,Utah Valley - Central,,,,,92673.334,246726.983,2.662,193431.331,31348.673,14734.666,147347.996,212490.826,379302.828,20228.994,11119.665,9340.661,5393.996,16902.332,41276.668,31838.666,57330.331,65.904,192.57,12877.264,5923.75
2038,large_district,21,Utah Valley - Central,,,,,,,21,Utah Valley - Central,,,,,93626.661,248239.021,2.651,195001.0,31568.003,14829.998,148603.001,213698.542,382226.525,20374.662,11193.331,9443.994,5385.996,16886.001,41414.67,32269.673,58032.666,65.33,192.203,12435.486,6004.506
2039,large_district,21,Utah Valley - Central,,,,,,,21,Utah Valley - Central,,,,,94531.662,249689.044,2.641,196257.669,31747.664,14894.998,149615.005,214608.292,384765.278,20482.005,11265.664,9533.329,5361.6630000000005,16855.667,41597.334,32624.006,58538.001000000004,64.85,192.203,12025.275,6068.298
2040,large_district,21,Utah Valley - Central,,,,,,,21,Utah Valley - Central,,,,,95619.327,251643.809,2.632,197523.338,31907.998,14999.667,150615.669,215839.964,387954.745,20614.332,11293.663,9645.667,5353.997,16826.333,41782.332,32943.665,59063.334,64.809,192.203,11914.678,6144.942
2041,large_district,21,Utah Valley - Central,,,,,,,21,Utah Valley - Central,,,,,96405.325,252814.557,2.622,198147.009,31988.332,14961.001,151197.67,216157.885,389687.46,20659.993,11328.335,9609.332,5351.662,16818.001,41951.994,33187.666,59240.004,64.856,193.121,11554.758,6198.128
2042,large_district,21,Utah Valley - Central,,,,,,,21,Utah Valley - Central,,,,,96557.66100000001,252333.254,2.613,199118.001,32117.332000000002,15024.996,151975.667,216361.358,390165.141,20768.334,11348.999,9693.997,5330.995,16787.668,42101.33,33476.672,59609.999,64.572,194.957,10769.31,6214.521
2043,large_district,21,Utah Valley - Central,,,,,,,21,Utah Valley - Central,,,,,97128.662,252962.915,2.604,200169.335,32301.333,15109.668,152758.334,217430.984,392262.57,20904.998,11396.33,9787.329,5322.329,16773.002,42306.001000000004,33659.0,60020.33,64.123,196.60899999999998,10743.018,6257.906
2044,large_district,21,Utah Valley - Central,,,,,,,21,Utah Valley - Central,,,,,97617.33,253371.748,2.596,201305.005,32443.995,15184.997,153675.997,218209.576,393920.766,21016.0,11427.996,9863.664,5321.328,16758.667,42514.0,33939.335999999996,60464.002,64.529,196.425,10352.164,6291.455
2045,large_district,21,Utah Valley - Central,,,,,,,21,Utah Valley - Central,,,,,98104.999,253828.202,2.587,202370.007,32602.66,15266.329,154500.997,219096.084,395685.081,21131.331,11471.332,9954.664999999999,5311.662,16752.001,42732.332,34197.324,60819.335,63.505,195.874,10132.535,6334.161
2046,large_district,21,Utah Valley - Central,,,,,,,21,Utah Valley - Central,,,,,98588.997,254282.279,2.579,203242.332,32736.996,15343.999,155161.343,219937.235,397397.426,21247.666,11489.328,10033.995,5309.996,16741.667,42913.672,34424.33,61081.664,62.894999999999996,195.874,10062.768,6373.374
2047,large_district,21,Utah Valley - Central,,,,,,,21,Utah Valley - Central,,,,,99112.329,254845.601,2.571,204104.341,32868.326,15426.334,155809.67,221193.075,399595.262,21357.0,11511.336,10116.327,5309.996,16717.0,43115.336,34632.998,61344.333,62.507,196.976,10414.725,6414.548
2048,large_district,21,Utah Valley - Central,,,,,,,21,Utah Valley - Central,,,,,99652.665,255432.943,2.563,204818.0,32975.33,15476.329,156366.332,222198.733,401573.528,21453.332,11521.998,10168.998,5307.329,16699.002,43313.334,34818.001000000004,61536.004,62.178,198.995,10661.679,6457.877
2049,large_district,21,Utah Valley - Central,,,,,,,21,Utah Valley - Central,,,,,100190.998,255988.956,2.555,205472.663,33093.33,15548.993,156830.345,223280.702,403624.496,21557.999,11535.337,10247.999,5300.996,16681.669,43510.67,34891.667,61746.332,60.084999999999994,200.83100000000002,11045.505,6501.617
2050,large_district,21,Utah Valley - Central,,,,,,,21,Utah Valley - Central,,,,,100761.663,256554.42,2.546,206313.329,33241.998,15631.333,157440.003,224069.926,405440.915,21680.328,11561.668,10332.333,5298.996,16667.335,43712.662,35056.331,62003.666,59.471000000000004,202.851,10950.271,6544.001
2051,large_district,21,Utah Valley - Central,,,,,,,21,Utah Valley - Central,,,,,101275.997,256935.362,2.537,207005.33,33367.995,15692.326000000001,157944.999,224991.64,407288.431,21796.0,11572.001,10396.006,5296.329,16657.999,43903.662,35196.996,62186.328,55.791000000000004,204.502,11140.943,6585.063
2052,large_district,21,Utah Valley - Central,,,,,,,21,Utah Valley - Central,,,,,101784.669,257254.608,2.527,207777.331,33508.665,15772.661,158496.003,226892.194,410104.601,21911.998,11596.668,10480.666,5291.996,16654.999,44120.331,35304.999,62415.665,51.236,206.154,12228.987,6628.474
2053,large_district,21,Utah Valley - Central,,,,,,,21,Utah Valley - Central,,,,,102351.997,257735.551,2.518,208597.665,33640.998,15844.662,159112.005,229549.931,413783.522,22018.998,11622.001,10552.664999999999,5291.996,16653.999,44318.66,35486.663,62652.662,51.91,208.357,14019.982,6672.045
2054,large_district,21,Utah Valley - Central,,,,,,,21,Utah Valley - Central,,,,,103373.338,259541.90899999999,2.511,209414.998,33779.334,15916.993,159718.676,231939.15899999999,418011.173,22135.0,11644.332,10624.997,5291.996,16653.999,44525.324,35673.662000000004,62865.668,51.241,209.825,15510.193,6752.904
2055,large_district,21,Utah Valley - Central,,,,,,,21,Utah Valley - Central,,,,,104718.996,262153.439,2.503,210170.998,33920.334,15979.996,160270.663,233136.787,421630.975,22251.332,11668.999,10688.001,5291.996,16652.332,44725.332,35835.333,63057.67,51.276,210.376,15850.701,6853.418
2056,large_district,21,Utah Valley - Central,,,,,,,21,Utah Valley - Central,,,,,106330.663,265437.969,2.496,210992.332,34041.672,16030.33,160920.334,233659.434,425054.623,22351.334,11690.334,10738.333,5291.996,16652.332,44928.334,36018.332,63321.333,51.274,209.09199999999998,15435.894,6970.842
2057,large_district,21,Utah Valley - Central,,,,,,,21,Utah Valley - Central,,,,,107587.001,269927.6,2.509,211643.669,34138.663,16059.328,161445.673,235325.64,428982.243,22439.996,11698.669,10786.668,5272.6630000000005,16634.999,45101.329,36176.0,63533.344,51.263,205.421,16300.503,7124.794
2058,large_district,21,Utah Valley - Central,,,,,,,21,Utah Valley - Central,,,,,107670.001,273313.996,2.538,212312.342,34231.668,16093.662,161987.004,236119.505,429925.50800000003,22525.328,11706.331,10821.994999999999,5271.6630000000005,16627.999,45249.331,36339.665,63770.009,50.888999999999996,201.93200000000002,16296.493,7257.856
2059,large_district,21,Utah Valley - Central,,,,,,,21,Utah Valley - Central,,,,,107729.668,276230.981,2.564,213014.336,34348.67,16143.333,162522.336,236600.037,430513.441,22621.664,11726.999,10871.664,5271.6630000000005,16627.999,45389.993,36496.666,64007.674999999996,50.887,199.363,15960.615,7374.847
2060,large_district,21,Utah Valley - Central,,,,,,,21,Utah Valley - Central,,,,,108115.668,280116.194,2.591,213771.332,34497.668,16199.996,163073.67,238698.623,433306.827,22747.665,11749.998,10928.333,5271.6630000000005,16627.999,45531.998,36642.331,64271.338,50.212999999999994,198.077,17155.291,7523.715
2061,large_district,21,Utah Valley - Central,,,,,,,21,Utah Valley - Central,,,,,108168.668,283783.956,2.624,214540.339,34660.997,16261.001,163618.335,239267.535,433971.139,22866.994,11793.997,10989.329,5271.6630000000005,16627.665,45667.336,36794.662,64528.663,49.876,197.16,16820.328,7659.834
2062,large_district,21,Utah Valley - Central,,,,,,,21,Utah Valley - Central,,,,,108220.0,287062.682,2.653,215262.339,34809.332,16316.0,164137.005,240024.88,434820.88,22976.994,11832.329,11044.334,5271.6630000000005,16627.665,45801.334,36931.333,64776.667,49.235,196.60899999999998,16734.342,7782.367
2063,large_district,21,Utah Valley - Central,,,,,,,21,Utah Valley - Central,,,,,108256.0,290298.247,2.682,215841.66700000002,34907.662,16354.998,164579.0,241094.475,435955.275,23069.661,11837.998,11089.33,5265.6630000000005,16623.332,45927.998999999996,37065.665,64962.0,49.262,196.058,17105.135,7902.345
2064,large_district,21,Utah Valley - Central,,,,,,,21,Utah Valley - Central,,,,,108285.0,293710.922,2.712,216420.996,35012.666,16398.332,165010.00400000002,242093.244,437006.244,23155.992,11856.664,11132.666,5265.6630000000005,16623.332,46047.0,37187.661,65151.998,49.282999999999994,195.692,17386.107,8041.174
2065,large_district,21,Utah Valley - Central,,,,,,,21,Utah Valley - Central,,,,,108313.0,296839.984,2.741,217006.662,35112.666,16441.665,165452.334,242597.229,437560.629,23238.663,11874.0,11176.664,5264.996,16623.332,46176.669,37309.331,65343.003,49.263999999999996,195.32299999999998,17183.996,8161.982
2023,large_district,22,Utah Valley - South,,,,,,,22,Utah Valley - South,,,,,48499.991,158899.501,3.276,71421.329,15724.333,12723.999,42972.998,83853.204,171153.177,10766.333,4958.0,8262.999,4461.0,9423.997,9981.999,4920.0,18647.0,1258.979,76.696,7984.17,3112.04
2024,large_district,22,Utah Valley - South,,,,,,,22,Utah Valley - South,,,,,50946.668,165201.228,3.243,72165.008,15700.672,13008.326000000001,43456.003,86727.813,178431.817,10661.668,5038.994,8396.325,4611.989,9276.344000000001,10286.655,5164.662,18728.326,1255.895,83.914,10088.004,3134.983
2025,large_district,22,Utah Valley - South,,,,,,,22,Utah Valley - South,,,,,53277.004,170849.744,3.207,74387.665,15991.667,13670.989,44725.001000000004,86885.645,182784.257,10889.001,5102.663,8613.996,5056.991,9545.676,10593.66,5397.664,19187.992,1250.196,83.651,7629.194,3534.882
2026,large_district,22,Utah Valley - South,,,,,,,22,Utah Valley - South,,,,,56125.67,178080.016,3.173,75781.67,16208.671,13904.328000000001,45668.671,89665.364,190691.574,11012.334,5196.3279999999995,8755.323,5148.994,9543.343,10853.329,5612.329,19659.665,1252.33,86.61,8851.963,3692.815
2027,large_district,22,Utah Valley - South,,,,,,,22,Utah Valley - South,,,,,59104.994,185387.05,3.137,77216.34,16530.0,14136.328,46550.001,92339.521,198728.503,11272.0,5257.988,8897.328,5239.001,9523.335,11108.656,5815.664,20102.336,1245.583,88.60900000000001,9935.042,3853.868
2028,large_district,22,Utah Valley - South,,,,,,,22,Utah Valley - South,,,,,62298.983,193245.369,3.102,78746.667,16796.333,14355.667,47594.669,96209.144,208347.293,11473.667,5322.659,9023.329,5332.33,9590.005,11313.996,5979.991,20710.661,1237.019,85.044,12112.265,4028.125
2029,large_district,22,Utah Valley - South,,,,,,,22,Utah Valley - South,,,,,65612.662,201278.859,3.068,80607.666,17048.668,14661.328,48897.66,98131.768,216234.554,11688.66,5359.992,9237.33,5423.997,9823.337,11532.33,6150.994,21390.997,1229.261,80.348,11990.208,4224.29
2030,large_district,22,Utah Valley - South,,,,,,,22,Utah Valley - South,,,,,69251.672,210452.449,3.039,82406.99799999999,17376.327,14957.666,50073.002,101957.772,226610.788,12002.328,5373.992,9489.997,5467.6630000000005,10042.338,11669.333999999999,6366.992,21994.328,1218.878,79.043,13807.454,4445.377
2031,large_district,22,Utah Valley - South,,,,,,,22,Utah Valley - South,,,,,72523.997,218433.152,3.012,84262.664,17717.335,15414.331,51131.001,102888.138,233431.329,12361.002,5356.332,9760.0,5654.328,10258.338,11719.332,6576.995,22576.333,1209.541,79.652,12707.399,4628.918
2032,large_district,22,Utah Valley - South,,,,,,,22,Utah Valley - South,,,,,75853.336,226621.603,2.988,86190.33,18048.996,15744.327,52397.001,105857.364,242393.372,12680.673,5368.33,10006.0,5738.331,10465.67,11756.664,6814.994,23359.667,1199.954,83.651,13547.406,4835.99
2033,large_district,22,Utah Valley - South,,,,,,,22,Utah Valley - South,,,,,78962.655,234216.264,2.966,87772.336,18352.332,15936.998,53482.998,107436.706,249569.471,12931.669,5420.658,10179.998,5756.999,10627.67,11758.999,7047.329,24048.999,1200.549,87.738,13338.411,5037.721
2034,large_district,22,Utah Valley - South,,,,,,,22,Utah Valley - South,,,,,81748.651,240922.832,2.947,90519.999,19026.339,16161.322,55332.336,110039.857,257187.41,13268.332,5757.992,10388.994999999999,5772.332,10890.335,11827.669,7320.6630000000005,25293.662,1199.291,91.303,12961.793,5267.529
2035,large_district,22,Utah Valley - South,,,,,,,22,Utah Valley - South,,,,,84573.999,247931.179,2.932,90838.002,18896.666,16284.333,55657.001000000004,111025.658,263258.855,13314.33,5582.325,10556.333,5727.996,11244.664999999999,11811.001,7457.992,25143.331,1193.651,92.60900000000001,13507.364,5393.951
2036,large_district,22,Utah Valley - South,,,,,,,22,Utah Valley - South,,,,,87351.333,254860.906,2.918,92568.999,19231.0,16533.334,56804.66,112475.458,269707.857,13543.662,5687.329,10819.33,5713.997,11547.663,11851.337,7647.663,25757.998,1190.713,92.0,13047.585,5576.193
2037,large_district,22,Utah Valley - South,,,,,,,22,Utah Valley - South,,,,,90312.335,262350.185,2.905,94424.673,19620.331,16808.333,57996.001000000004,115524.616,278086.821,13816.995,5803.327,11093.336,5714.9980000000005,11793.662,11926.997,7836.997,26438.334,1187.212,91.21799999999999,14050.223,5771.287
2038,large_district,22,Utah Valley - South,,,,,,,22,Utah Valley - South,,,,,93457.668,270470.6,2.894,96544.673,19975.338,17078.665,59490.668,117510.526,285734.33,14096.666,5878.661,11352.339,5726.331,12130.995,12047.998,8056.333,27255.329,1181.065,91.044,13702.552,5991.189
2039,large_district,22,Utah Valley - South,,,,,,,22,Utah Valley - South,,,,,96547.004,278335.11,2.883,98711.668,20396.004,17322.665,60993.002,119987.079,293771.691,14415.999,5979.997,11590.333,5732.331,12432.33,12247.668,8264.998,28048.001,1173.666,91.044,13810.312,6200.323
2040,large_district,22,Utah Valley - South,,,,,,,22,Utah Valley - South,,,,,99714.336,286444.16,2.873,100500.672,20689.337,17529.993,62281.329,122656.083,302141.891,14672.326000000001,6016.997,11800.329,5729.664,12636.663,12448.999,8464.0,28731.661,1165.283,91.044,14488.005,6411.013
2041,large_district,22,Utah Valley - South,,,,,,,22,Utah Valley - South,,,,,103135.008,295320.099,2.863,102603.67,21097.666,17802.329,63703.663,126005.669,311648.693,15005.005,6092.66,12077.329,5724.997,12778.332,12671.004,8690.994,29563.33,1149.941,91.47800000000001,15527.971,6632.589
2042,large_district,22,Utah Valley - South,,,,,,,22,Utah Valley - South,,,,,106997.328,305316.449,2.853,104563.0,21426.665,18007.999,65128.334,128149.968,320745.152,15274.329,6152.338,12281.997,5725.998,12990.333,12912.662,8888.332,30336.996,1136.0,92.347,15472.542,6886.076
2043,large_district,22,Utah Valley - South,,,,,,,22,Utah Valley - South,,,,,110807.331,315168.211,2.844,106459.999,21775.336,18198.666,66485.998,131002.281,330455.474,15551.998,6223.328,12461.996000000001,5736.665,13178.666,13191.337,9101.997,31013.995,1121.021,93.13,16189.411,7138.72
2044,large_district,22,Utah Valley - South,,,,,,,22,Utah Valley - South,,,,,114804.995,325546.628,2.836,108370.665,22121.668,18397.668,67851.335,132839.03399999999,339488.019,15826.326000000001,6295.331,12642.332,5755.331,13380.667,13481.665,9306.327,31682.665,1102.104,93.04299999999999,15873.669,7399.535
2045,large_district,22,Utah Valley - South,,,,,,,22,Utah Valley - South,,,,,118989.668,336379.212,2.827,110430.332,22479.996,18618.332,69332.009,135764.768,349946.172,16130.326,6349.666,12844.324,5773.997,13599.332,13812.993,9531.336,32388.33,1079.295,92.784,16484.463,7677.856
2046,large_district,22,Utah Valley - South,,,,,,,22,Utah Valley - South,,,,,123603.34,348434.982,2.819,112386.333,22795.993,18807.0,70783.333,139123.448,361609.468,16397.33,6398.664,13023.993,5782.999,13885.999,14162.333,9747.995,32987.002,1046.998,92.784,17614.801,7982.549
2047,large_district,22,Utah Valley - South,,,,,,,22,Utah Valley - South,,,,,128302.0,360671.959,2.811,114401.999,23192.001,18996.328,72213.661,140621.436,371565.036,16723.999,6467.998,13203.994,5792.331,14160.999,14533.001,9944.332,33575.34,1014.559,93.30499999999999,16812.872,8298.686
2048,large_district,22,Utah Valley - South,,,,,,,22,Utah Valley - South,,,,,133152.334,373247.853,2.803,116400.994,23610.662,19186.666,73603.669,143974.413,383648.615,17068.334,6542.331,13400.669,5785.998,14366.666,14920.339,10163.006,34153.669,974.481,94.261,17886.919,8617.724
2049,large_district,22,Utah Valley - South,,,,,,,22,Utah Valley - South,,,,,137851.004,385172.962,2.794,118337.336,24014.999,19340.998,74981.334,145774.368,393906.18,17401.666,6613.334,13575.002,5765.997,14596.999,15313.665,10397.006,34673.664,931.133,95.13,17473.615,8937.148
2050,large_district,22,Utah Valley - South,,,,,,,22,Utah Valley - South,,,,,142241.336,396093.891,2.785,120099.336,24372.0,19508.326,76218.997,146559.625,402594.033,17706.329,6665.665,13751.328,5756.996,14793.998,15676.996,10588.004,35159.998,882.291,96.086,16247.991,9233.939
2051,large_district,22,Utah Valley - South,,,,,,,22,Utah Valley - South,,,,,146300.002,405705.633,2.773,121879.657,24722.666,19695.0,77462.008,149180.959,412520.965,18010.001,6712.661,13954.999,5739.995,15048.33,16038.67,10764.01,35611.001,816.4,96.87,16878.286,9509.707
2052,large_district,22,Utah Valley - South,,,,,,,22,Utah Valley - South,,,,,150062.334,414345.58,2.761,123411.999,25080.0,19842.335,78489.664,149460.149,419572.351,18300.664,6779.329,14121.332,5720.994,15132.332,16402.999,10937.003,36017.333,750.055,97.652,15435.309,9765.127
2053,large_district,22,Utah Valley - South,,,,,,,22,Utah Valley - South,,,,,153542.994,421836.399,2.747,125215.666,25451.002,20008.666,79755.999,150631.643,427009.025,18615.327,6835.6630000000005,14277.662,5730.994,15319.329,16801.33,11127.673,36507.663,732.871,98.696,14573.037,10011.406
2054,large_district,22,Utah Valley - South,,,,,,,22,Utah Valley - South,,,,,158837.336,434371.79600000003,2.735,127051.338,25813.341,20180.991,81056.999,154180.495,440087.703,18928.664,6884.663,14447.332,5733.66,15519.33,17210.667,11341.676,36985.329,730.582,99.391,15920.895,10378.274
2055,large_district,22,Utah Valley - South,,,,,,,22,Utah Valley - South,,,,,164595.005,447938.447,2.721,129009.326,26195.002,20350.334,82463.995,157044.663,453315.678,19252.665,6942.323,14600.328,5749.993,15738.999,17649.33,11554.666,37520.99,727.991,99.652,16427.673,10779.991
2056,large_district,22,Utah Valley - South,,,,,,,22,Utah Valley - South,,,,,169680.329,459502.997,2.708,130828.66500000001,26514.005,20461.662,83852.995,159065.603,464490.19,19524.328,6989.656,14716.665,5744.994,15965.333,18059.003,11786.335,38042.328,723.917,99.042,16285.552,11128.419
2057,large_district,22,Utah Valley - South,,,,,,,22,Utah Valley - South,,,,,172387.327,468687.562,2.719,132727.001,26826.673,20580.661,85319.67,161783.036,472080.217,19794.997,7031.662,14849.996,5730.661,16187.331,18454.999,11998.668,38678.662,723.002,97.305,16805.883,11429.877
2058,large_district,22,Utah Valley - South,,,,,,,22,Utah Valley - South,,,,,172728.661,475203.678,2.751,134592.998,27144.329,20755.331,86693.332,163760.71,474672.293,20064.33,7079.997,15017.996000000001,5737.328,16388.997,18830.329,12220.666,39253.33,722.59,95.652,16711.343,11638.13
2059,large_district,22,Utah Valley - South,,,,,,,22,Utah Valley - South,,,,,173198.996,481199.497,2.778,136408.0,27474.344,20902.0,88031.667,165911.757,477669.945,20339.664,7134.66,15163.996000000001,5737.995,16602.667,19156.335,12423.998,39848.664,720.861,94.434,16838.276,11850.182
2060,large_district,22,Utah Valley - South,,,,,,,22,Utah Valley - South,,,,,173670.996,487867.717,2.809,138363.998,27872.004,21050.328,89441.669,168621.691,481229.479,20672.661,7199.329,15311.66,5738.66,16828.997,19482.333,12634.667,40495.671,718.817,93.827,17367.881,12077.179
2061,large_district,22,Utah Valley - South,,,,,,,22,Utah Valley - South,,,,,174075.664,495195.825,2.845,140332.667,28310.338,21224.329,90798.006,171063.72,484399.912,21008.335,7301.995,15460.334,5763.995,17028.663,19788.331,12829.331,41151.664,717.4699999999999,93.39,17600.024,12320.164999999999
2062,large_district,22,Utah Valley - South,,,,,,,22,Utah Valley - South,,,,,174367.994,501506.589,2.876,142251.99599999998,28754.336,21381.664,92116.0,173233.238,487095.62,21368.662,7385.659,15612.663,5768.995,17211.333,20095.336,13037.002,41772.337,717.205,93.13,17638.983,12531.948
2063,large_district,22,Utah Valley - South,,,,,,,22,Utah Valley - South,,,,,174767.328,508142.433,2.908,144006.002,29131.007,21523.001,93352.009,175313.715,489894.899,21678.992,7451.997,15749.995,5772.995,17344.665,20399.998,13242.006,42365.334,715.369,92.869,17732.57,12766.9
2064,large_district,22,Utah Valley - South,,,,,,,22,Utah Valley - South,,,,,175097.328,514994.161,2.941,145547.328,29463.673,21657.668999999998,94425.998,177266.797,492441.981,21959.994,7503.658,15881.336000000001,5776.328,17422.331,20694.339,13430.335,42878.998,715.216,92.696,17898.533,13013.063
2065,large_district,22,Utah Valley - South,,,,,,,22,Utah Valley - South,,,,,175343.328,521124.598,2.972,147039.002,29826.002,21801.004,95412.003,178657.34,494275.324,22269.003,7556.99,16022.994,5777.995,17468.331,20973.335,13606.667,43363.659,712.365,92.522,17601.562,13211.886
2023,large_district,23,Goshen Valley,,,,,,,23,Goshen Valley,,,,,498.0,1809.714,3.634,525.0,14.0,16.0,495.0,1452.037,2348.437,11.0,3.0,14.0,2.0,410.0,79.0,2.0,4.0,838.617,0.0,57.383,31.035999999999998
2024,large_district,23,Goshen Valley,,,,,,,23,Goshen Valley,,,,,532.3340000000001,1916.3700000000001,3.6,523.0,14.333,16.0,492.66700000000003,1482.44,2440.6420000000003,11.0,3.333,14.0,2.0,407.0,79.666,2.0,4.0,845.8820000000001,0.0,80.816,32.743
2025,large_district,23,Goshen Valley,,,,,,,23,Goshen Valley,,,,,540.001,1922.167,3.56,524.333,14.333,16.0,494.0,1468.109,2440.112,11.0,3.333,14.0,2.0,408.0,79.999,2.0,4.0,848.139,0.0,59.248,36.385999999999996
2026,large_district,23,Goshen Valley,,,,,,,23,Goshen Valley,,,,,544.667,1916.126,3.518,524.6659999999999,14.333,16.0,494.33299999999997,1472.696,2453.097,11.0,3.333,14.0,2.0,408.33299999999997,79.999,2.0,4.0,852.454,0.0,59.554,36.021
2027,large_district,23,Goshen Valley,,,,,,,23,Goshen Valley,,,,,568.0,1961.168,3.453,525.333,14.333,16.0,495.0,1511.6390000000001,2534.039,11.0,3.333,14.0,2.0,409.0,79.999,2.0,4.0,854.843,0.0,93.741,37.72
2028,large_district,23,Goshen Valley,,,,,,,23,Goshen Valley,,,,,588.999,2001.5929999999998,3.398,525.6659999999999,14.333,16.0,495.33299999999997,1498.127,2558.324,11.0,3.333,14.0,2.0,409.33299999999997,79.999,2.0,4.0,854.517,0.0,79.58099999999999,38.364
2029,large_district,23,Goshen Valley,,,,,,,23,Goshen Valley,,,,,619.0,2075.4770000000003,3.353,527.333,14.333,16.333,496.66700000000003,1518.405,2632.605,11.0,3.333,14.333,2.0,410.668,79.999,2.0,4.0,853.913,0.0,97.455,39.705
2030,large_district,23,Goshen Valley,,,,,,,23,Goshen Valley,,,,,643.665,2127.535,3.305,528.667,14.333,16.333,498.0,1500.993,2659.588,11.0,3.333,14.333,2.0,411.66700000000003,80.333,2.0,4.0,857.096,0.0,74.17800000000001,41.05
2031,large_district,23,Goshen Valley,,,,,,,23,Goshen Valley,,,,,668.3330000000001,2180.331,3.262,528.667,14.333,16.333,498.0,1521.526,2724.525,11.0,3.333,14.333,2.0,411.66700000000003,80.333,2.0,4.0,859.748,0.0,90.404,42.707
2032,large_district,23,Goshen Valley,,,,,,,23,Goshen Valley,,,,,689.3340000000001,2222.906,3.225,529.3340000000001,14.333,16.333,498.666,1524.998,2765.7999999999997,11.0,3.333,14.333,2.0,412.334,80.333,2.0,4.0,862.861,0.0,89.436,43.37
2033,large_district,23,Goshen Valley,,,,,,,23,Goshen Valley,,,,,709.3340000000001,2259.257,3.185,529.667,14.333,16.333,499.0,1529.943,2806.745,11.0,3.333,14.333,2.0,412.66700000000003,80.333,2.0,4.0,870.072,0.0,85.163,45.041
2034,large_district,23,Goshen Valley,,,,,,,23,Goshen Valley,,,,,729.6659999999999,2308.978,3.164,531.333,14.333,16.667,500.334,1547.729,2861.127,11.0,3.333,14.667,2.0,414.0,80.333,2.0,4.0,877.784,0.0,92.251,46.362
2035,large_district,23,Goshen Valley,,,,,,,23,Goshen Valley,,,,,754.333,2363.41,3.133,531.0,14.0,16.667,500.334,1544.781,2902.58,11.0,3.0,14.667,2.0,414.666,79.999,2.0,3.667,880.523,0.0,85.567,47.688
2036,large_district,23,Goshen Valley,,,,,,,23,Goshen Valley,,,,,776.667,2413.636,3.108,532.3340000000001,14.0,17.0,501.334,1570.308,2968.309,11.0,3.0,15.0,2.0,415.666,79.999,2.0,3.667,884.447,0.0,104.16,49.367000000000004
2037,large_district,23,Goshen Valley,,,,,,,23,Goshen Valley,,,,,792.0,2443.948,3.086,533.0,14.0,17.0,502.0,1534.694,2960.294,11.0,3.0,15.0,2.0,416.33299999999997,79.999,2.0,3.667,888.652,0.0,62.66,50.379999999999995
2038,large_district,23,Goshen Valley,,,,,,,23,Goshen Valley,,,,,811.334,2492.355,3.072,534.3340000000001,14.0,17.0,503.334,1581.498,3041.9,11.0,3.0,15.0,2.0,417.666,79.999,2.0,3.667,894.817,0.0,101.313,51.033
2039,large_district,23,Goshen Valley,,,,,,,23,Goshen Valley,,,,,830.0,2533.393,3.052,534.667,14.0,17.0,503.66700000000003,1567.318,3061.318,11.0,3.0,15.0,2.0,417.999,79.999,2.0,3.667,899.847,0.0,79.45,53.352
2040,large_district,23,Goshen Valley,,,,,,,23,Goshen Valley,,,,,847.999,2578.571,3.041,535.667,14.0,17.0,504.66700000000003,1578.991,3105.388,11.0,3.0,15.0,2.0,418.999,79.999,2.0,3.667,903.726,0.0,85.245,54.353
2041,large_district,23,Goshen Valley,,,,,,,23,Goshen Valley,,,,,863.667,2611.629,3.024,553.333,14.333,17.333,521.667,1597.6970000000001,3152.298,11.0,3.333,15.333,2.0,435.666,80.332,2.0,3.667,912.0319999999999,0.0,77.317,55.016
2042,large_district,23,Goshen Valley,,,,,,,23,Goshen Valley,,,,,873.999,2626.893,3.006,565.333,14.333,17.333,533.6659999999999,1606.648,3179.845,11.0,3.333,15.333,2.0,446.999,80.666,2.333,3.667,918.747,0.0,66.213,56.354
2043,large_district,23,Goshen Valley,,,,,,,23,Goshen Valley,,,,,895.333,2683.101,2.997,571.6659999999999,15.0,17.333,539.333,1644.68,3256.279,11.0,4.0,15.333,2.0,451.999,80.999,2.667,3.667,927.338,0.0,88.312,57.364
2044,large_district,23,Goshen Valley,,,,,,,23,Goshen Valley,,,,,915.333,2728.506,2.981,599.0,15.667,17.333,566.0,1690.324,3337.923,11.0,4.667,15.333,2.0,476.999,82.666,2.667,3.667,938.093,0.0,94.541,58.689
2045,large_district,23,Goshen Valley,,,,,,,23,Goshen Valley,,,,,939.6659999999999,2790.972,2.97,617.333,16.0,17.333,584.0,1713.703,3405.1009999999997,11.0,5.0,15.333,2.0,493.666,83.333,3.333,3.667,946.5840000000001,0.0,89.453,60.333
2046,large_district,23,Goshen Valley,,,,,,,23,Goshen Valley,,,,,968.334,2861.734,2.955,623.333,16.0,17.333,590.0,1747.914,3490.916,11.0,5.0,15.333,2.0,499.0,84.0,3.333,3.667,960.904,0.0,102.349,61.328
2047,large_district,23,Goshen Valley,,,,,,,23,Goshen Valley,,,,,1003.6669999999999,2946.642,2.936,629.333,16.0,17.333,596.0,1828.4450000000002,3635.0460000000003,11.0,5.0,15.333,2.0,504.666,84.333,3.333,3.667,975.924,0.0,158.872,64.315
2048,large_district,23,Goshen Valley,,,,,,,23,Goshen Valley,,,,,1061.666,3102.808,2.923,632.333,16.0,17.667,598.667,1851.242,3762.2400000000002,11.0,5.0,15.667,2.0,507.33299999999997,84.333,3.333,3.667,991.333,0.0,159.579,67.995
2049,large_district,23,Goshen Valley,,,,,,,23,Goshen Valley,,,,,1118.333,3254.5190000000002,2.91,635.0,16.0,17.667,601.333,1897.991,3910.99,11.0,5.0,15.667,2.0,509.666,84.333,3.666,3.667,1012.388,0.0,179.27200000000002,71.32900000000001
2050,large_district,23,Goshen Valley,,,,,,,23,Goshen Valley,,,,,1391.0,4010.133,2.883,635.667,16.0,17.667,602.0,3730.297,6234.097,11.0,5.0,15.667,2.0,510.332,84.333,3.666,3.667,1037.176,0.0,1967.1109999999999,90.342
2051,large_district,23,Goshen Valley,,,,,,,23,Goshen Valley,,,,,1645.0,4699.977,2.857,636.0,16.0,17.667,602.3340000000001,2040.066,5001.066,11.0,5.0,15.667,2.0,510.666,84.333,3.666,3.667,1067.15,0.0,229.572,107.344
2052,large_district,23,Goshen Valley,,,,,,,23,Goshen Valley,,,,,1980.999,5581.012,2.817,636.667,16.0,17.667,603.0,2198.95,5764.747,11.0,5.0,15.667,2.0,511.332,84.333,3.666,3.667,1106.72,0.0,327.172,128.388
2053,large_district,23,Goshen Valley,,,,,,,23,Goshen Valley,,,,,3484.0,10182.311,2.923,636.667,16.0,17.667,603.0,4426.7119999999995,10697.912,11.0,5.0,15.667,2.0,511.332,84.333,3.666,3.667,1115.173,0.0,2448.4259999999995,226.448
2054,large_district,23,Goshen Valley,,,,,,,23,Goshen Valley,,,,,3731.667,10813.058,2.898,637.0,16.0,17.667,603.333,2215.36,8932.361,11.0,5.0,15.667,2.0,511.666,84.333,3.666,3.667,1113.2830000000001,0.0,222.01,243.067
2055,large_district,23,Goshen Valley,,,,,,,23,Goshen Valley,,,,,3908.0,11231.886,2.874,638.0,16.0,17.667,604.333,2232.257,9266.657,11.0,5.0,15.667,2.0,512.6659999999999,84.333,3.666,3.667,1110.228,0.0,227.346,256.682
2056,large_district,23,Goshen Valley,,,,,,,23,Goshen Valley,,,,,5295.333,14924.777,2.818,638.667,16.0,17.667,605.0,4383.381,13914.98,11.0,5.0,15.667,2.0,513.332,84.333,3.666,3.667,1108.133,0.0,2289.008,347.577
2057,large_district,23,Goshen Valley,,,,,,,23,Goshen Valley,,,,,5428.0,15331.454999999998,2.825,657.333,16.0,18.0,623.333,2441.684,12212.084,11.0,5.0,16.0,2.0,530.6659999999999,84.999,4.0,3.667,1105.389,0.0,318.706,360.255
2058,large_district,23,Goshen Valley,,,,,,,23,Goshen Valley,,,,,5447.0,15566.641999999998,2.858,673.333,16.666999999999998,18.333,638.333,2484.078,12288.678,11.0,5.667,16.333,2.0,544.6659999999999,85.999,4.0,3.667,1100.0910000000001,0.0,343.661,366.995
2059,large_district,23,Goshen Valley,,,,,,,23,Goshen Valley,,,,,6718.0,18442.453,2.745,679.0,16.666999999999998,18.667,643.6659999999999,4736.714,16829.114,11.0,5.667,16.667,2.0,549.6659999999999,86.333,4.0,3.667,1099.008,0.0,2499.136,459.576
2060,large_district,23,Goshen Valley,,,,,,,23,Goshen Valley,,,,,6718.0,18660.21,2.778,685.6659999999999,16.666999999999998,18.667,650.333,2619.853,14712.253,11.0,5.667,16.667,2.0,555.999,86.666,4.0,3.667,1095.57,0.0,371.068,467.546
2061,large_district,23,Goshen Valley,,,,,,,23,Goshen Valley,,,,,6719.0,18909.781,2.814,690.0,16.666999999999998,18.667,654.6659999999999,2640.182,14734.382,11.0,5.667,16.667,2.0,560.333,86.666,4.0,3.667,1094.252,0.0,381.465,474.468
2062,large_district,23,Goshen Valley,,,,,,,23,Goshen Valley,,,,,7019.0,19764.662,2.816,691.333,16.666999999999998,18.667,656.0,3177.176,15811.376,11.0,5.667,16.667,2.0,561.6659999999999,86.666,4.0,3.667,1089.408,0.0,891.196,505.239
2063,large_district,23,Goshen Valley,,,,,,,23,Goshen Valley,,,,,7019.0,19989.992,2.848,692.333,16.666999999999998,18.667,657.0,2697.218,15331.418,11.0,5.667,16.667,2.0,562.6659999999999,86.666,4.0,3.667,1087.57,0.0,403.954,513.3539999999999
2064,large_district,23,Goshen Valley,,,,,,,23,Goshen Valley,,,,,7023.0,20239.391,2.882,693.0,16.666999999999998,18.667,657.6659999999999,2718.528,15359.928,11.0,5.667,16.667,2.0,563.333,86.666,4.0,3.667,1084.4279999999999,0.0,419.271,521.8290000000001
2065,large_district,23,Goshen Valley,,,,,,,23,Goshen Valley,,,,,7822.0,22254.586,2.845,693.6659999999999,16.666999999999998,18.667,658.333,4134.691,18214.291,11.0,5.667,16.667,2.0,563.999,86.666,4.0,3.667,1082.2359999999999,0.0,1770.836,587.951
2023,large_district,24,Utah County Central Mountains and Lake,,,,,,,24,Utah County Central Mountains and Lake,,,,,27.0,75.908,2.811,0.0,0.0,0.0,0.0,80.19500000000001,128.79500000000002,0.0,0.0,0.0,0.0,0.0,0.0,0.0,0.0,4.032,68.174,5.987,2.002
2024,large_district,24,Utah County Central Mountains and Lake,,,,,,,24,Utah County Central Mountains and Lake,,,,,27.665999999999997,79.5,2.874,0.0,0.0,0.0,0.0,81.144,130.942,0.0,0.0,0.0,0.0,0.0,0.0,0.0,0.0,4.03,74.589,0.519,2.005
2025,large_district,24,Utah County Central Mountains and Lake,,,,,,,24,Utah County Central Mountains and Lake,,,,,33.333,94.88900000000001,2.847,0.0,0.0,0.0,0.0,82.247,142.246,0.0,0.0,0.0,0.0,0.0,0.0,0.0,0.0,4.031,74.357,1.856,2.003
2026,large_district,24,Utah County Central Mountains and Lake,,,,,,,24,Utah County Central Mountains and Lake,,,,,37.333,106.361,2.849,0.0,0.0,0.0,0.0,85.02199999999999,152.221,0.0,0.0,0.0,0.0,0.0,0.0,0.0,0.0,4.026,76.986,2.009,2.001
2027,large_district,24,Utah County Central Mountains and Lake,,,,,,,24,Utah County Central Mountains and Lake,,,,,40.667,117.519,2.89,0.0,0.0,0.0,0.0,86.95599999999999,160.15699999999998,0.0,0.0,0.0,0.0,0.0,0.0,0.0,0.0,4.032,78.763,1.4909999999999999,2.67
2028,large_district,24,Utah County Central Mountains and Lake,,,,,,,24,Utah County Central Mountains and Lake,,,,,44.667,129.997,2.91,0.0,0.0,0.0,0.0,84.243,164.644,0.0,0.0,0.0,0.0,0.0,0.0,0.0,0.0,4.034,75.594,1.613,3.002
2029,large_district,24,Utah County Central Mountains and Lake,,,,,,,24,Utah County Central Mountains and Lake,,,,,46.333,135.475,2.924,0.0,0.0,0.0,0.0,80.064,163.463,0.0,0.0,0.0,0.0,0.0,0.0,0.0,0.0,4.033,71.42,1.609,3.003
2030,large_district,24,Utah County Central Mountains and Lake,,,,,,,24,Utah County Central Mountains and Lake,,,,,47.333,136.983,2.894,0.0,0.0,0.0,0.0,78.95,164.149,0.0,0.0,0.0,0.0,0.0,0.0,0.0,0.0,4.035,70.261,1.65,3.004
2031,large_district,24,Utah County Central Mountains and Lake,,,,,,,24,Utah County Central Mountains and Lake,,,,,49.0,140.954,2.877,0.0,0.0,0.0,0.0,79.674,167.874,0.0,0.0,0.0,0.0,0.0,0.0,0.0,0.0,4.04,70.802,1.8299999999999998,3.003
2032,large_district,24,Utah County Central Mountains and Lake,,,,,,,24,Utah County Central Mountains and Lake,,,,,50.333,142.324,2.828,0.0,0.0,0.0,0.0,83.70700000000001,174.30599999999998,0.0,0.0,0.0,0.0,0.0,0.0,0.0,0.0,4.041,74.357,1.972,3.336
2033,large_district,24,Utah County Central Mountains and Lake,,,,,,,24,Utah County Central Mountains and Lake,,,,,52.333,147.815,2.825,39.667,5.333,16.0,18.333,159.745,253.94400000000002,3.333,2.0,3.667,12.333,8.667,1.333,1.667,6.667,5.053,77.99,33.699,3.336
2034,large_district,24,Utah County Central Mountains and Lake,,,,,,,24,Utah County Central Mountains and Lake,,,,,53.667,149.876,2.793,85.0,11.0,24.333,49.667,180.518,277.119,5.0,6.0,7.333,17.0,31.667,4.333,2.667,11.0,5.054,81.159,5.968,3.335
2035,large_district,24,Utah County Central Mountains and Lake,,,,,,,24,Utah County Central Mountains and Lake,,,,,54.333,151.088,2.781,89.333,11.0,25.0,53.333,185.801,283.59999999999997,5.0,6.0,8.0,17.0,34.667,5.0,2.667,11.0,5.051,82.319,5.7620000000000005,3.335
2036,large_district,24,Utah County Central Mountains and Lake,,,,,,,24,Utah County Central Mountains and Lake,,,,,55.333,153.779,2.779,102.667,12.0,26.667,64.0,199.948,299.547,5.0,7.0,9.667,17.0,44.667,5.667,2.667,11.0,5.054,81.778,6.78,3.669
2037,large_district,24,Utah County Central Mountains and Lake,,,,,,,24,Utah County Central Mountains and Lake,,,,,55.333,153.035,2.766,112.333,12.667,27.667,72.0,208.792,308.391,5.333,7.333,10.667,17.0,51.333,6.333,3.0,11.333,5.043,81.082,6.662999999999999,3.67
2038,large_district,24,Utah County Central Mountains and Lake,,,,,,,24,Utah County Central Mountains and Lake,,,,,56.0,153.82399999999998,2.747,136.333,17.333,30.667,88.333,269.412,370.212,8.667,8.667,13.667,17.0,51.333,10.0,4.333,22.667,5.052,80.928,43.429,3.669
2039,large_district,24,Utah County Central Mountains and Lake,,,,,,,24,Utah County Central Mountains and Lake,,,,,56.0,153.166,2.735,158.333,22.333,32.333,103.667,255.78900000000002,356.589,12.333,10.0,15.333,17.0,51.333,15.333,5.333,31.667,5.04,80.928,7.818999999999999,3.668
2040,large_district,24,Utah County Central Mountains and Lake,,,,,,,24,Utah County Central Mountains and Lake,,,,,56.333,153.147,2.719,170.333,24.667,33.333,112.333,268.531,369.93,14.667,10.0,16.333,17.0,51.333,19.0,6.333,35.667,5.037,80.928,8.232,4.001
2041,large_district,24,Utah County Central Mountains and Lake,,,,,,,24,Utah County Central Mountains and Lake,,,,,56.333,152.526,2.708,182.667,27.333,35.333,120.0,281.059,382.458,16.667,10.667,18.333,17.0,51.333,21.667,7.0,40.0,5.041,81.314,8.036,4.001
2042,large_district,24,Utah County Central Mountains and Lake,,,,,,,24,Utah County Central Mountains and Lake,,,,,56.333,151.952,2.697,193.0,28.667,38.0,126.333,291.849,393.248,17.667,11.0,20.667,17.333,51.333,24.667,7.0,43.333,5.044,82.087,7.717,4.001
2043,large_district,24,Utah County Central Mountains and Lake,,,,,,,24,Utah County Central Mountains and Lake,,,,,56.333,151.384,2.687,197.0,29.0,38.0,130.0,297.106,398.505,17.667,11.333,20.667,17.333,51.333,26.0,7.0,45.667,5.036,82.783,8.285,4.002
2044,large_district,24,Utah County Central Mountains and Lake,,,,,,,24,Utah County Central Mountains and Lake,,,,,56.333,150.841,2.678,203.0,31.0,38.667,133.333,303.06199999999995,404.461,19.333,11.667,21.333,17.333,51.333,28.667,7.0,46.333,5.042,82.705,8.312999999999999,4.002
2045,large_district,24,Utah County Central Mountains and Lake,,,,,,,24,Utah County Central Mountains and Lake,,,,,56.333,150.31900000000002,2.668,208.333,32.333,39.333,136.667,307.969,409.36800000000005,20.333,12.0,22.0,17.333,51.333,30.333,7.0,48.0,5.04,82.473,8.122,4.0
2046,large_district,24,Utah County Central Mountains and Lake,,,,,,,24,Utah County Central Mountains and Lake,,,,,56.333,149.816,2.659,210.333,32.333,39.333,138.667,309.896,411.2950000000001,20.333,12.0,22.0,17.333,51.333,31.333,7.0,49.0,5.045,82.473,8.045,4.0
2047,large_district,24,Utah County Central Mountains and Lake,,,,,,,24,Utah County Central Mountains and Lake,,,,,56.333,149.30100000000002,2.65,212.0,32.333,40.333,139.333,312.008,413.40700000000004,20.333,12.0,22.333,18.0,51.333,31.667,7.0,49.333,5.041,82.937,8.031,3.999
2048,large_district,24,Utah County Central Mountains and Lake,,,,,,,24,Utah County Central Mountains and Lake,,,,,56.333,148.79000000000002,2.641,213.333,32.667,40.333,140.333,314.161,415.56,20.667,12.0,22.333,18.0,51.333,32.667,7.0,49.333,5.042,83.787,7.999,4.0
2049,large_district,24,Utah County Central Mountains and Lake,,,,,,,24,Utah County Central Mountains and Lake,,,,,56.333,148.273,2.632,217.333,33.0,40.333,144.0,319.19000000000005,420.58900000000006,20.667,12.333,22.333,18.0,53.333,33.667,7.333,49.667,5.035,84.56,8.261,4.0
2050,large_district,24,Utah County Central Mountains and Lake,,,,,,,24,Utah County Central Mountains and Lake,,,,,56.333,147.725,2.622,218.0,33.0,40.333,144.667,321.911,423.31000000000006,20.667,12.333,22.333,18.0,54.0,33.667,7.333,49.667,6.048,85.411,8.452,4.0
2051,large_district,24,Utah County Central Mountains and Lake,,,,,,,24,Utah County Central Mountains and Lake,,,,,56.333,147.165,2.612,218.333,33.0,40.667,144.667,323.189,424.58799999999997,20.667,12.333,22.333,18.333,54.0,33.667,7.333,49.667,6.05,86.106,8.698,4.0
2052,large_district,24,Utah County Central Mountains and Lake,,,,,,,24,Utah County Central Mountains and Lake,,,,,56.333,146.58100000000002,2.602,218.667,33.0,40.667,145.0,325.24699999999996,426.64599999999996,20.667,12.333,22.333,18.333,54.333,33.667,7.333,49.667,6.068,86.802,9.709,4.002
2053,large_district,24,Utah County Central Mountains and Lake,,,,,,,24,Utah County Central Mountains and Lake,,,,,56.667,146.562,2.586,219.0,33.0,40.667,145.333,328.87,430.871,20.667,12.333,22.333,18.333,54.333,33.667,7.333,50.0,6.068,87.729,12.069999999999999,4.002
2054,large_district,24,Utah County Central Mountains and Lake,,,,,,,24,Utah County Central Mountains and Lake,,,,,56.667,145.97400000000002,2.576,219.0,33.0,40.667,145.333,330.712,432.713,20.667,12.333,22.333,18.333,54.333,33.667,7.333,50.0,6.069,88.348,13.293,4.001
2055,large_district,24,Utah County Central Mountains and Lake,,,,,,,24,Utah County Central Mountains and Lake,,,,,58.667,153.27300000000002,2.613,219.0,33.0,40.667,145.333,331.253,436.85400000000004,20.667,12.333,22.333,18.333,54.333,33.667,7.333,50.0,6.072,88.58,13.602,4.0
2056,large_district,24,Utah County Central Mountains and Lake,,,,,,,24,Utah County Central Mountains and Lake,,,,,60.0,156.89700000000002,2.615,219.0,33.0,40.667,145.333,330.369,438.36899999999997,20.667,12.333,22.333,18.333,54.333,33.667,7.333,50.0,6.072,88.039,13.259,3.999
2057,large_district,24,Utah County Central Mountains and Lake,,,,,,,24,Utah County Central Mountains and Lake,,,,,60.0,157.889,2.631,219.0,33.0,40.667,145.333,329.40999999999997,437.40999999999997,20.667,12.333,22.333,18.333,54.333,33.667,7.333,50.0,6.07,86.493,13.847000000000001,3.999
2058,large_district,24,Utah County Central Mountains and Lake,,,,,,,24,Utah County Central Mountains and Lake,,,,,60.0,159.827,2.664,219.333,33.0,40.667,145.667,328.329,436.329,20.667,12.333,22.333,18.333,54.333,33.667,7.667,50.0,6.067,85.024,13.905,4.0
2059,large_district,24,Utah County Central Mountains and Lake,,,,,,,24,Utah County Central Mountains and Lake,,,,,60.0,161.507,2.692,219.667,33.0,40.667,146.0,327.255,435.255,20.667,12.333,22.333,18.333,54.333,34.0,7.667,50.0,6.066,83.942,13.579,4.002
2060,large_district,24,Utah County Central Mountains and Lake,,,,,,,24,Utah County Central Mountains and Lake,,,,,60.0,163.391,2.723,219.667,33.0,40.667,146.0,327.149,435.149,20.667,12.333,22.333,18.333,54.333,34.0,7.667,50.0,6.066,83.401,14.017,3.999
2061,large_district,24,Utah County Central Mountains and Lake,,,,,,,24,Utah County Central Mountains and Lake,,,,,60.0,165.521,2.759,219.667,33.0,40.667,146.0,326.996,434.996,20.667,12.333,22.333,18.333,54.333,34.0,7.667,50.0,6.066,83.014,14.248000000000001,4.001
2062,large_district,24,Utah County Central Mountains and Lake,,,,,,,24,Utah County Central Mountains and Lake,,,,,60.0,167.416,2.79,219.667,33.0,40.667,146.0,326.709,434.709,20.667,12.333,22.333,18.333,54.333,34.0,7.667,50.0,6.069,82.783,14.189,4.002
2063,large_district,24,Utah County Central Mountains and Lake,,,,,,,24,Utah County Central Mountains and Lake,,,,,60.0,169.314,2.822,219.667,33.0,40.667,146.0,326.942,434.942,20.667,12.333,22.333,18.333,54.333,34.0,7.667,50.0,6.074,82.551,14.651,4.0
2064,large_district,24,Utah County Central Mountains and Lake,,,,,,,24,Utah County Central Mountains and Lake,,,,,60.0,171.328,2.855,219.667,33.0,40.667,146.0,327.00899999999996,435.009,20.667,12.333,22.333,18.333,54.333,34.0,7.667,50.0,6.075,82.396,14.870000000000001,4.001
2065,large_district,24,Utah County Central Mountains and Lake,,,,,,,24,Utah County Central Mountains and Lake,,,,,60.0,173.171,2.886,219.667,33.0,40.667,146.0,326.65700000000004,434.657,20.667,12.333,22.333,18.333,54.333,34.0,7.667,50.0,6.074,82.242,14.675,4.0
2023,large_district,25,Utah County East Mountains,,,,,,,25,Utah County East Mountains,,,,,397.06600000000003,1254.812,3.16,494.9,273.8,0.0,221.1,506.43699999999995,1221.155,121.60000000000001,152.2,0.0,0.0,0.8,15.5,22.0,182.8,0.0,0.0,10.536,1.001
2024,large_district,25,Utah County East Mountains,,,,,,,25,Utah County East Mountains,,,,,399.967,1265.254,3.163,496.2,274.5,0.0,221.7,507.54699999999997,1227.488,121.4,153.1,0.0,0.0,0.8,15.5,22.3,183.1,0.0,0.0,10.344000000000001,1.002
2025,large_district,25,Utah County East Mountains,,,,,,,25,Utah County East Mountains,,,,,401.534,1269.608,3.162,497.0,274.8,0.0,222.20000000000002,509.06,1231.822,121.4,153.4,0.0,0.0,0.8,15.5,22.5,183.4,0.0,0.0,11.058,1.001
2026,large_district,25,Utah County East Mountains,,,,,,,25,Utah County East Mountains,,,,,403.1,1272.222,3.156,497.59999999999997,275.09999999999997,0.0,222.5,509.678,1235.258,121.5,153.6,0.0,0.0,0.8,15.5,22.7,183.5,0.0,0.0,11.077,1.001
2027,large_district,25,Utah County East Mountains,,,,,,,25,Utah County East Mountains,,,,,403.9,1274.071,3.154,498.2,275.4,0.0,222.79999999999998,509.934,1236.954,121.60000000000001,153.8,0.0,0.0,0.8,15.5,22.9,183.6,0.0,0.0,10.733,1.001
2028,large_district,25,Utah County East Mountains,,,,,,,25,Utah County East Mountains,,,,,404.7,1275.735,3.152,498.8,275.7,0.0,223.1,510.522,1238.982,121.7,154.0,0.0,0.0,0.8,15.5,23.1,183.7,0.0,0.0,10.721,1.001
2029,large_district,25,Utah County East Mountains,,,,,,,25,Utah County East Mountains,,,,,405.5,1277.33,3.15,499.7,276.09999999999997,0.0,223.6,511.394,1241.2939999999999,121.8,154.3,0.0,0.0,0.8,15.5,23.4,183.9,0.0,0.0,10.693,1.001
2030,large_district,25,Utah County East Mountains,,,,,,,25,Utah County East Mountains,,,,,406.3,1278.847,3.148,500.6,276.7,0.0,223.9,512.3,1243.64,121.9,154.8,0.0,0.0,0.8,15.5,23.6,184.0,0.0,0.0,10.698,1.001
2031,large_district,25,Utah County East Mountains,,,,,,,25,Utah County East Mountains,,,,,407.1,1280.397,3.145,500.90000000000003,276.7,0.0,224.2,512.649,1245.4289999999999,122.10000000000001,154.6,0.0,0.0,0.8,15.5,23.8,184.1,0.0,0.0,10.748,1.001
2032,large_district,25,Utah County East Mountains,,,,,,,25,Utah County East Mountains,,,,,407.9,1281.98,3.143,501.70000000000005,277.09999999999997,0.0,224.6,513.484,1247.704,122.4,154.7,0.0,0.0,0.8,15.5,24.1,184.2,0.0,0.0,10.783,1.001
2033,large_district,25,Utah County East Mountains,,,,,,,25,Utah County East Mountains,,,,,408.6,1283.583,3.141,502.40000000000003,277.5,0.0,224.9,514.2040000000001,1249.684,122.7,154.8,0.0,0.0,0.8,15.5,24.3,184.3,0.0,0.0,10.803,1.001
2034,large_district,25,Utah County East Mountains,,,,,,,25,Utah County East Mountains,,,,,409.3,1285.224,3.14,503.0,277.8,0.0,225.20000000000002,514.861,1251.601,122.9,154.9,0.0,0.0,0.8,15.5,24.5,184.4,0.0,0.0,10.86,1.001
2035,large_district,25,Utah County East Mountains,,,,,,,25,Utah County East Mountains,,,,,410.0,1286.901,3.139,503.59999999999997,278.09999999999997,0.0,225.5,515.4019999999999,1253.402,123.10000000000001,155.0,0.0,0.0,0.8,15.5,24.7,184.5,0.0,0.0,10.801,1.0
2036,large_district,25,Utah County East Mountains,,,,,,,25,Utah County East Mountains,,,,,410.7,1288.594,3.138,504.2,278.4,0.0,225.79999999999998,516.0600000000001,1255.32,123.3,155.1,0.0,0.0,0.8,15.5,24.9,184.6,0.0,0.0,10.859,1.001
2037,large_district,25,Utah County East Mountains,,,,,,,25,Utah County East Mountains,,,,,411.3,1290.204,3.137,505.0,278.9,0.0,226.1,516.794,1257.134,123.60000000000001,155.3,0.0,0.0,0.8,15.5,25.1,184.7,0.0,0.0,10.793000000000001,1.001
2038,large_district,25,Utah County East Mountains,,,,,,,25,Utah County East Mountains,,,,,411.9,1291.826,3.136,505.5,279.09999999999997,0.0,226.4,517.273,1258.693,123.8,155.3,0.0,0.0,0.8,15.5,25.3,184.8,0.0,0.0,10.772,1.001
2039,large_district,25,Utah County East Mountains,,,,,,,25,Utah County East Mountains,,,,,412.5,1293.46,3.136,506.1,279.4,0.0,226.70000000000002,517.8290000000001,1260.329,124.0,155.4,0.0,0.0,0.8,15.5,25.5,184.9,0.0,0.0,10.729000000000001,1.0
2040,large_district,25,Utah County East Mountains,,,,,,,25,Utah County East Mountains,,,,,413.1,1295.102,3.135,506.7,279.7,0.0,227.0,518.428,1262.008,124.2,155.5,0.0,0.0,0.8,15.5,25.7,185.0,0.0,0.0,10.727,1.0
2041,large_district,25,Utah County East Mountains,,,,,,,25,Utah County East Mountains,,,,,413.7,1296.646,3.134,507.4,280.09999999999997,0.0,227.29999999999998,519.073,1263.733,124.4,155.7,0.0,0.0,0.8,15.5,25.9,185.1,0.0,0.0,10.672,1.0
2042,large_district,25,Utah County East Mountains,,,,,,,25,Utah County East Mountains,,,,,414.3,1298.201,3.133,508.1,280.5,0.0,227.6,519.72,1265.46,124.60000000000001,155.9,0.0,0.0,0.8,15.5,26.1,185.2,0.0,0.0,10.62,1.0
2043,large_district,25,Utah County East Mountains,,,,,,,25,Utah County East Mountains,,,,,414.9,1299.759,3.133,508.90000000000003,281.0,0.0,227.9,520.554,1267.374,124.8,156.2,0.0,0.0,0.8,15.5,26.3,185.3,0.0,0.0,10.652999999999999,1.001
2044,large_district,25,Utah County East Mountains,,,,,,,25,Utah County East Mountains,,,,,415.5,1301.222,3.132,509.7,281.5,0.0,228.20000000000002,521.341,1269.241,125.0,156.5,0.0,0.0,0.8,15.5,26.5,185.4,0.0,0.0,10.641,1.0
2045,large_district,25,Utah County East Mountains,,,,,,,25,Utah County East Mountains,,,,,416.1,1302.69,3.131,510.5,282.0,0.0,228.5,522.113,1271.0929999999998,125.2,156.8,0.0,0.0,0.8,15.5,26.7,185.5,0.0,0.0,10.613,1.0
2046,large_district,25,Utah County East Mountains,,,,,,,25,Utah County East Mountains,,,,,416.7,1304.162,3.13,511.2,282.4,0.0,228.79999999999998,522.803,1272.863,125.4,157.0,0.0,0.0,0.8,15.5,26.9,185.6,0.0,0.0,10.603,1.0
2047,large_district,25,Utah County East Mountains,,,,,,,25,Utah County East Mountains,,,,,417.3,1305.633,3.129,512.0,282.9,0.0,229.1,523.5989999999999,1274.739,125.60000000000001,157.3,0.0,0.0,0.8,15.5,27.1,185.7,0.0,0.0,10.599,1.0
2048,large_district,25,Utah County East Mountains,,,,,,,25,Utah County East Mountains,,,,,417.9,1307.0049999999999,3.128,512.8,283.4,0.0,229.4,524.393,1276.613,125.8,157.6,0.0,0.0,0.8,15.5,27.3,185.8,0.0,0.0,10.593000000000002,1.0
2049,large_district,25,Utah County East Mountains,,,,,,,25,Utah County East Mountains,,,,,418.5,1308.273,3.126,513.6,283.9,0.0,229.70000000000002,525.203,1278.503,126.0,157.9,0.0,0.0,0.8,15.5,27.5,185.9,0.0,0.0,10.603,1.0
2050,large_district,25,Utah County East Mountains,,,,,,,25,Utah County East Mountains,,,,,419.1,1309.536,3.125,514.3000000000001,284.3,0.0,230.0,525.917,1280.297,126.2,158.1,0.0,0.0,0.8,15.5,27.7,186.0,0.0,0.0,10.616999999999999,1.0
2051,large_district,25,Utah County East Mountains,,,,,,,25,Utah County East Mountains,,,,,421.7,1316.821,3.123,515.0,284.7,0.0,230.29999999999998,530.697,1289.757,126.4,158.3,0.0,0.0,0.8,15.5,27.9,186.1,0.0,0.0,14.697000000000001,1.0
2052,large_district,25,Utah County East Mountains,,,,,,,25,Utah County East Mountains,,,,,423.3,1319.547,3.117,515.6,285.0,0.0,230.6,529.413,1291.353,126.60000000000001,158.4,0.0,0.0,0.8,15.5,28.1,186.2,0.0,0.0,12.813,1.0
2053,large_district,25,Utah County East Mountains,,,,,,,25,Utah County East Mountains,,,,,423.9,1320.7649999999999,3.116,516.1999999999999,285.3,0.0,230.9,528.208,1291.2279999999998,126.8,158.5,0.0,0.0,0.8,15.5,28.3,186.3,0.0,0.0,11.008000000000001,1.001
2054,large_district,25,Utah County East Mountains,,,,,,,25,Utah County East Mountains,,,,,424.5,1321.988,3.114,516.8,285.59999999999997,0.0,231.20000000000002,528.909,1293.009,127.0,158.6,0.0,0.0,0.8,15.5,28.5,186.4,0.0,0.0,11.108,1.0
2055,large_district,25,Utah County East Mountains,,,,,,,25,Utah County East Mountains,,,,,425.1,1323.209,3.113,517.4,285.9,0.0,231.5,529.527,1294.707,127.2,158.7,0.0,0.0,0.8,15.5,28.7,186.5,0.0,0.0,11.127,1.0
2056,large_district,25,Utah County East Mountains,,,,,,,25,Utah County East Mountains,,,,,426.367,1326.317,3.111,518.1,286.3,0.0,231.79999999999998,530.226,1297.687,127.4,158.9,0.0,0.0,0.8,15.5,28.9,186.6,0.0,0.0,11.126000000000001,1.0
2057,large_district,25,Utah County East Mountains,,,,,,,25,Utah County East Mountains,,,,,427.3,1328.8029999999999,3.11,518.8,286.7,0.0,232.1,530.991,1300.131,127.60000000000001,159.1,0.0,0.0,0.8,15.5,29.1,186.7,0.0,0.0,11.191,1.0
2058,large_district,25,Utah County East Mountains,,,,,,,25,Utah County East Mountains,,,,,427.9,1330.768,3.11,519.4,287.09999999999997,0.0,232.3,531.595,1301.815,127.8,159.3,0.0,0.0,0.8,15.5,29.2,186.8,0.0,0.0,11.195,1.0
2059,large_district,25,Utah County East Mountains,,,,,,,25,Utah County East Mountains,,,,,428.5,1332.6580000000001,3.11,519.9,287.4,0.0,232.5,532.067,1303.367,127.9,159.5,0.0,0.0,0.8,15.5,29.3,186.9,0.0,0.0,11.167,1.001
2060,large_district,25,Utah County East Mountains,,,,,,,25,Utah County East Mountains,,,,,429.1,1334.507,3.11,520.5,287.8,0.0,232.7,532.702,1305.0819999999999,128.1,159.7,0.0,0.0,0.8,15.5,29.4,187.0,0.0,0.0,11.202,1.0
2061,large_district,25,Utah County East Mountains,,,,,,,25,Utah County East Mountains,,,,,24.0,58.714,2.446,0.0,0.0,0.0,0.0,2.2239999999999998,45.424,0.0,0.0,0.0,0.0,0.0,0.0,0.0,0.0,0.0,0.0,1.2229999999999999,1.0
2062,large_district,25,Utah County East Mountains,,,,,,,25,Utah County East Mountains,,,,,24.0,59.338,2.472,0.0,0.0,0.0,0.0,2.218,45.418,0.0,0.0,0.0,0.0,0.0,0.0,0.0,0.0,0.0,0.0,1.2169999999999999,1.0
2063,large_district,25,Utah County East Mountains,,,,,,,25,Utah County East Mountains,,,,,24.0,59.961,2.498,0.0,0.0,0.0,0.0,2.257,45.457,0.0,0.0,0.0,0.0,0.0,0.0,0.0,0.0,0.0,0.0,1.257,1.0
2064,large_district,25,Utah County East Mountains,,,,,,,25,Utah County East Mountains,,,,,24.0,60.623999999999995,2.526,0.0,0.0,0.0,0.0,2.277,45.477,0.0,0.0,0.0,0.0,0.0,0.0,0.0,0.0,0.0,0.0,1.277,1.0
2065,large_district,25,Utah County East Mountains,,,,,,,25,Utah County East Mountains,,,,,24.0,61.231,2.551,0.0,0.0,0.0,0.0,2.258,45.458,0.0,0.0,0.0,0.0,0.0,0.0,0.0,0.0,0.0,0.0,1.258,1.0
2023,large_district,26,Utah County West Mountains,,,,,,,26,Utah County West Mountains,,,,,1.0,6.0,6.0,0.0,0.0,0.0,0.0,0.0,1.8,0.0,0.0,0.0,0.0,0.0,0.0,0.0,0.0,0.0,0.0,0.0,0.0
2024,large_district,26,Utah County West Mountains,,,,,,,26,Utah County West Mountains,,,,,1.0,6.0,6.0,0.0,0.0,0.0,0.0,0.0,1.8,0.0,0.0,0.0,0.0,0.0,0.0,0.0,0.0,0.0,0.0,0.0,0.0
2025,large_district,26,Utah County West Mountains,,,,,,,26,Utah County West Mountains,,,,,1.0,6.0,6.0,0.0,0.0,0.0,0.0,0.0,1.8,0.0,0.0,0.0,0.0,0.0,0.0,0.0,0.0,0.0,0.0,0.0,0.0
2026,large_district,26,Utah County West Mountains,,,,,,,26,Utah County West Mountains,,,,,1.0,6.0,6.0,0.0,0.0,0.0,0.0,0.0,1.8,0.0,0.0,0.0,0.0,0.0,0.0,0.0,0.0,0.0,0.0,0.0,0.0
2027,large_district,26,Utah County West Mountains,,,,,,,26,Utah County West Mountains,,,,,1.0,6.0,6.0,0.0,0.0,0.0,0.0,0.0,1.8,0.0,0.0,0.0,0.0,0.0,0.0,0.0,0.0,0.0,0.0,0.0,0.0
2028,large_district,26,Utah County West Mountains,,,,,,,26,Utah County West Mountains,,,,,1.0,6.0,6.0,0.0,0.0,0.0,0.0,0.0,1.8,0.0,0.0,0.0,0.0,0.0,0.0,0.0,0.0,0.0,0.0,0.0,0.0
2029,large_district,26,Utah County West Mountains,,,,,,,26,Utah County West Mountains,,,,,1.0,6.0,6.0,0.0,0.0,0.0,0.0,0.0,1.8,0.0,0.0,0.0,0.0,0.0,0.0,0.0,0.0,0.0,0.0,0.0,0.0
2030,large_district,26,Utah County West Mountains,,,,,,,26,Utah County West Mountains,,,,,1.0,6.0,6.0,0.0,0.0,0.0,0.0,0.0,1.8,0.0,0.0,0.0,0.0,0.0,0.0,0.0,0.0,0.0,0.0,0.0,0.0
2031,large_district,26,Utah County West Mountains,,,,,,,26,Utah County West Mountains,,,,,1.0,6.0,6.0,0.0,0.0,0.0,0.0,0.0,1.8,0.0,0.0,0.0,0.0,0.0,0.0,0.0,0.0,0.0,0.0,0.0,0.0
2032,large_district,26,Utah County West Mountains,,,,,,,26,Utah County West Mountains,,,,,1.0,6.0,6.0,0.0,0.0,0.0,0.0,0.0,1.8,0.0,0.0,0.0,0.0,0.0,0.0,0.0,0.0,0.0,0.0,0.0,0.0
2033,large_district,26,Utah County West Mountains,,,,,,,26,Utah County West Mountains,,,,,1.0,6.0,6.0,0.0,0.0,0.0,0.0,0.0,1.8,0.0,0.0,0.0,0.0,0.0,0.0,0.0,0.0,0.0,0.0,0.0,0.0
2034,large_district,26,Utah County West Mountains,,,,,,,26,Utah County West Mountains,,,,,1.0,6.0,6.0,0.0,0.0,0.0,0.0,0.0,1.8,0.0,0.0,0.0,0.0,0.0,0.0,0.0,0.0,0.0,0.0,0.0,0.0
2035,large_district,26,Utah County West Mountains,,,,,,,26,Utah County West Mountains,,,,,1.0,6.0,6.0,0.0,0.0,0.0,0.0,0.0,1.8,0.0,0.0,0.0,0.0,0.0,0.0,0.0,0.0,0.0,0.0,0.0,0.0
2036,large_district,26,Utah County West Mountains,,,,,,,26,Utah County West Mountains,,,,,1.0,6.0,6.0,0.0,0.0,0.0,0.0,0.0,1.8,0.0,0.0,0.0,0.0,0.0,0.0,0.0,0.0,0.0,0.0,0.0,0.0
2037,large_district,26,Utah County West Mountains,,,,,,,26,Utah County West Mountains,,,,,1.0,6.0,6.0,0.0,0.0,0.0,0.0,0.0,1.8,0.0,0.0,0.0,0.0,0.0,0.0,0.0,0.0,0.0,0.0,0.0,0.0
2038,large_district,26,Utah County West Mountains,,,,,,,26,Utah County West Mountains,,,,,1.0,6.0,6.0,0.0,0.0,0.0,0.0,0.0,1.8,0.0,0.0,0.0,0.0,0.0,0.0,0.0,0.0,0.0,0.0,0.0,0.0
2039,large_district,26,Utah County West Mountains,,,,,,,26,Utah County West Mountains,,,,,1.0,6.0,6.0,0.0,0.0,0.0,0.0,0.0,1.8,0.0,0.0,0.0,0.0,0.0,0.0,0.0,0.0,0.0,0.0,0.0,0.0
2040,large_district,26,Utah County West Mountains,,,,,,,26,Utah County West Mountains,,,,,1.0,6.0,6.0,0.0,0.0,0.0,0.0,0.0,1.8,0.0,0.0,0.0,0.0,0.0,0.0,0.0,0.0,0.0,0.0,0.0,0.0
2041,large_district,26,Utah County West Mountains,,,,,,,26,Utah County West Mountains,,,,,1.0,6.0,6.0,0.0,0.0,0.0,0.0,0.0,1.8,0.0,0.0,0.0,0.0,0.0,0.0,0.0,0.0,0.0,0.0,0.0,0.0
2042,large_district,26,Utah County West Mountains,,,,,,,26,Utah County West Mountains,,,,,1.0,6.0,6.0,0.0,0.0,0.0,0.0,0.0,1.8,0.0,0.0,0.0,0.0,0.0,0.0,0.0,0.0,0.0,0.0,0.0,0.0
2043,large_district,26,Utah County West Mountains,,,,,,,26,Utah County West Mountains,,,,,1.0,6.0,6.0,0.0,0.0,0.0,0.0,0.0,1.8,0.0,0.0,0.0,0.0,0.0,0.0,0.0,0.0,0.0,0.0,0.0,0.0
2044,large_district,26,Utah County West Mountains,,,,,,,26,Utah County West Mountains,,,,,1.0,6.0,6.0,0.0,0.0,0.0,0.0,0.0,1.8,0.0,0.0,0.0,0.0,0.0,0.0,0.0,0.0,0.0,0.0,0.0,0.0
2045,large_district,26,Utah County West Mountains,,,,,,,26,Utah County West Mountains,,,,,1.0,6.0,6.0,0.0,0.0,0.0,0.0,0.0,1.8,0.0,0.0,0.0,0.0,0.0,0.0,0.0,0.0,0.0,0.0,0.0,0.0
2046,large_district,26,Utah County West Mountains,,,,,,,26,Utah County West Mountains,,,,,1.0,6.0,6.0,0.0,0.0,0.0,0.0,0.0,1.8,0.0,0.0,0.0,0.0,0.0,0.0,0.0,0.0,0.0,0.0,0.0,0.0
2047,large_district,26,Utah County West Mountains,,,,,,,26,Utah County West Mountains,,,,,1.0,6.0,6.0,0.0,0.0,0.0,0.0,1.008,2.808,0.0,0.0,0.0,0.0,0.0,0.0,0.0,0.0,1.008,0.0,0.0,0.0
2048,large_district,26,Utah County West Mountains,,,,,,,26,Utah County West Mountains,,,,,1.0,6.0,6.0,0.0,0.0,0.0,0.0,1.008,2.808,0.0,0.0,0.0,0.0,0.0,0.0,0.0,0.0,1.008,0.0,0.0,0.0
2049,large_district,26,Utah County West Mountains,,,,,,,26,Utah County West Mountains,,,,,1.0,6.0,6.0,0.0,0.0,0.0,0.0,1.007,2.807,0.0,0.0,0.0,0.0,0.0,0.0,0.0,0.0,1.007,0.0,0.0,0.0
2050,large_district,26,Utah County West Mountains,,,,,,,26,Utah County West Mountains,,,,,1.0,6.0,6.0,0.0,0.0,0.0,0.0,1.008,2.808,0.0,0.0,0.0,0.0,0.0,0.0,0.0,0.0,1.008,0.0,0.0,0.0
2051,large_district,26,Utah County West Mountains,,,,,,,26,Utah County West Mountains,,,,,1.0,6.0,6.0,0.0,0.0,0.0,0.0,1.008,2.808,0.0,0.0,0.0,0.0,0.0,0.0,0.0,0.0,1.008,0.0,0.0,0.0
2052,large_district,26,Utah County West Mountains,,,,,,,26,Utah County West Mountains,,,,,1.0,6.0,6.0,0.0,0.0,0.0,0.0,1.011,2.811,0.0,0.0,0.0,0.0,0.0,0.0,0.0,0.0,1.011,0.0,0.0,0.0
2053,large_district,26,Utah County West Mountains,,,,,,,26,Utah County West Mountains,,,,,1.0,6.0,6.0,0.0,0.0,0.0,0.0,1.011,2.811,0.0,0.0,0.0,0.0,0.0,0.0,0.0,0.0,1.011,0.0,0.0,0.0
2054,large_district,26,Utah County West Mountains,,,,,,,26,Utah County West Mountains,,,,,1.0,6.0,6.0,0.0,0.0,0.0,0.0,1.011,2.811,0.0,0.0,0.0,0.0,0.0,0.0,0.0,0.0,1.011,0.0,0.0,0.0
2055,large_district,26,Utah County West Mountains,,,,,,,26,Utah County West Mountains,,,,,1.0,6.0,6.0,0.0,0.0,0.0,0.0,1.012,2.8120000000000003,0.0,0.0,0.0,0.0,0.0,0.0,0.0,0.0,1.012,0.0,0.0,0.0
2056,large_district,26,Utah County West Mountains,,,,,,,26,Utah County West Mountains,,,,,1.0,6.0,6.0,0.0,0.0,0.0,0.0,1.012,2.8120000000000003,0.0,0.0,0.0,0.0,0.0,0.0,0.0,0.0,1.012,0.0,0.0,0.0
2057,large_district,26,Utah County West Mountains,,,,,,,26,Utah County West Mountains,,,,,1.0,6.0,6.0,0.0,0.0,0.0,0.0,1.012,2.8120000000000003,0.0,0.0,0.0,0.0,0.0,0.0,0.0,0.0,1.012,0.0,0.0,0.0
2058,large_district,26,Utah County West Mountains,,,,,,,26,Utah County West Mountains,,,,,1.0,6.0,6.0,0.0,0.0,0.0,0.0,1.011,2.811,0.0,0.0,0.0,0.0,0.0,0.0,0.0,0.0,1.011,0.0,0.0,0.0
2059,large_district,26,Utah County West Mountains,,,,,,,26,Utah County West Mountains,,,,,1.0,6.0,6.0,0.0,0.0,0.0,0.0,1.011,2.811,0.0,0.0,0.0,0.0,0.0,0.0,0.0,0.0,1.011,0.0,0.0,0.0
2060,large_district,26,Utah County West Mountains,,,,,,,26,Utah County West Mountains,,,,,1.0,6.0,6.0,0.0,0.0,0.0,0.0,1.011,2.811,0.0,0.0,0.0,0.0,0.0,0.0,0.0,0.0,1.011,0.0,0.0,0.0
2061,large_district,26,Utah County West Mountains,,,,,,,26,Utah County West Mountains,,,,,0.0,0.0,0,0.0,0.0,0.0,0.0,1.011,1.011,0.0,0.0,0.0,0.0,0.0,0.0,0.0,0.0,1.011,0.0,0.0,0.0
2062,large_district,26,Utah County West Mountains,,,,,,,26,Utah County West Mountains,,,,,0.0,0.0,0,0.0,0.0,0.0,0.0,1.012,1.012,0.0,0.0,0.0,0.0,0.0,0.0,0.0,0.0,1.012,0.0,0.0,0.0
2063,large_district,26,Utah County West Mountains,,,,,,,26,Utah County West Mountains,,,,,0.0,0.0,0,0.0,0.0,0.0,0.0,1.012,1.012,0.0,0.0,0.0,0.0,0.0,0.0,0.0,0.0,1.012,0.0,0.0,0.0
2064,large_district,26,Utah County West Mountains,,,,,,,26,Utah County West Mountains,,,,,0.0,0.0,0,0.0,0.0,0.0,0.0,1.013,1.013,0.0,0.0,0.0,0.0,0.0,0.0,0.0,0.0,1.013,0.0,0.0,0.0
2065,large_district,26,Utah County West Mountains,,,,,,,26,Utah County West Mountains,,,,,0.0,0.0,0,0.0,0.0,0.0,0.0,1.012,1.012,0.0,0.0,0.0,0.0,0.0,0.0,0.0,0.0,1.012,0.0,0.0,0.0
2023,large_district,3,WE - GSL,,,,,,,3,WE - GSL,,,,,0.0,0.0,0,0.0,0.0,0.0,0.0,3.01,3.01,0.0,0.0,0.0,0.0,0.0,0.0,0.0,0.0,3.01,0.0,0.0,0.0
2024,large_district,3,WE - GSL,,,,,,,3,WE - GSL,,,,,0.0,0.0,0,0.0,0.0,0.0,0.0,3.012,3.012,0.0,0.0,0.0,0.0,0.0,0.0,0.0,0.0,3.012,0.0,0.0,0.0
2025,large_district,3,WE - GSL,,,,,,,3,WE - GSL,,,,,0.0,0.0,0,0.0,0.0,0.0,0.0,3.012,3.012,0.0,0.0,0.0,0.0,0.0,0.0,0.0,0.0,3.012,0.0,0.0,0.0
2026,large_district,3,WE - GSL,,,,,,,3,WE - GSL,,,,,0.0,0.0,0,0.0,0.0,0.0,0.0,3.012,3.012,0.0,0.0,0.0,0.0,0.0,0.0,0.0,0.0,3.012,0.0,0.0,0.0
2027,large_district,3,WE - GSL,,,,,,,3,WE - GSL,,,,,0.0,0.0,0,0.0,0.0,0.0,0.0,3.013,3.013,0.0,0.0,0.0,0.0,0.0,0.0,0.0,0.0,3.013,0.0,0.0,0.0
2028,large_district,3,WE - GSL,,,,,,,3,WE - GSL,,,,,0.0,0.0,0,0.0,0.0,0.0,0.0,3.009,3.009,0.0,0.0,0.0,0.0,0.0,0.0,0.0,0.0,3.009,0.0,0.0,0.0
2029,large_district,3,WE - GSL,,,,,,,3,WE - GSL,,,,,0.0,0.0,0,0.0,0.0,0.0,0.0,3.011,3.011,0.0,0.0,0.0,0.0,0.0,0.0,0.0,0.0,3.011,0.0,0.0,0.0
2030,large_district,3,WE - GSL,,,,,,,3,WE - GSL,,,,,0.0,0.0,0,0.0,0.0,0.0,0.0,3.007,3.007,0.0,0.0,0.0,0.0,0.0,0.0,0.0,0.0,3.007,0.0,0.0,0.0
2031,large_district,3,WE - GSL,,,,,,,3,WE - GSL,,,,,0.0,0.0,0,0.0,0.0,0.0,0.0,3.007,3.007,0.0,0.0,0.0,0.0,0.0,0.0,0.0,0.0,3.007,0.0,0.0,0.0
2032,large_district,3,WE - GSL,,,,,,,3,WE - GSL,,,,,0.0,0.0,0,0.0,0.0,0.0,0.0,3.01,3.01,0.0,0.0,0.0,0.0,0.0,0.0,0.0,0.0,3.01,0.0,0.0,0.0
2033,large_district,3,WE - GSL,,,,,,,3,WE - GSL,,,,,0.0,0.0,0,0.0,0.0,0.0,0.0,3.012,3.012,0.0,0.0,0.0,0.0,0.0,0.0,0.0,0.0,3.012,0.0,0.0,0.0
2034,large_district,3,WE - GSL,,,,,,,3,WE - GSL,,,,,0.0,0.0,0,0.0,0.0,0.0,0.0,3.01,3.01,0.0,0.0,0.0,0.0,0.0,0.0,0.0,0.0,3.01,0.0,0.0,0.0
2035,large_district,3,WE - GSL,,,,,,,3,WE - GSL,,,,,0.0,0.0,0,0.0,0.0,0.0,0.0,3.009,3.009,0.0,0.0,0.0,0.0,0.0,0.0,0.0,0.0,3.009,0.0,0.0,0.0
2036,large_district,3,WE - GSL,,,,,,,3,WE - GSL,,,,,0.0,0.0,0,0.0,0.0,0.0,0.0,3.014,3.014,0.0,0.0,0.0,0.0,0.0,0.0,0.0,0.0,3.014,0.0,0.0,0.0
2037,large_district,3,WE - GSL,,,,,,,3,WE - GSL,,,,,0.0,0.0,0,0.0,0.0,0.0,0.0,3.012,3.012,0.0,0.0,0.0,0.0,0.0,0.0,0.0,0.0,3.012,0.0,0.0,0.0
2038,large_district,3,WE - GSL,,,,,,,3,WE - GSL,,,,,0.0,0.0,0,0.0,0.0,0.0,0.0,3.011,3.011,0.0,0.0,0.0,0.0,0.0,0.0,0.0,0.0,3.011,0.0,0.0,0.0
2039,large_district,3,WE - GSL,,,,,,,3,WE - GSL,,,,,0.0,0.0,0,0.0,0.0,0.0,0.0,3.014,3.014,0.0,0.0,0.0,0.0,0.0,0.0,0.0,0.0,3.014,0.0,0.0,0.0
2040,large_district,3,WE - GSL,,,,,,,3,WE - GSL,,,,,0.0,0.0,0,0.0,0.0,0.0,0.0,3.01,3.01,0.0,0.0,0.0,0.0,0.0,0.0,0.0,0.0,3.01,0.0,0.0,0.0
2041,large_district,3,WE - GSL,,,,,,,3,WE - GSL,,,,,0.0,0.0,0,0.0,0.0,0.0,0.0,3.01,3.01,0.0,0.0,0.0,0.0,0.0,0.0,0.0,0.0,3.01,0.0,0.0,0.0
2042,large_district,3,WE - GSL,,,,,,,3,WE - GSL,,,,,0.0,0.0,0,0.0,0.0,0.0,0.0,3.013,3.013,0.0,0.0,0.0,0.0,0.0,0.0,0.0,0.0,3.013,0.0,0.0,0.0
2043,large_district,3,WE - GSL,,,,,,,3,WE - GSL,,,,,0.0,0.0,0,0.0,0.0,0.0,0.0,3.016,3.016,0.0,0.0,0.0,0.0,0.0,0.0,0.0,0.0,3.016,0.0,0.0,0.0
2044,large_district,3,WE - GSL,,,,,,,3,WE - GSL,,,,,0.0,0.0,0,0.0,0.0,0.0,0.0,3.013,3.013,0.0,0.0,0.0,0.0,0.0,0.0,0.0,0.0,3.013,0.0,0.0,0.0
2045,large_district,3,WE - GSL,,,,,,,3,WE - GSL,,,,,0.0,0.0,0,0.0,0.0,0.0,0.0,3.003,3.003,0.0,0.0,0.0,0.0,0.0,0.0,0.0,0.0,3.003,0.0,0.0,0.0
2046,large_district,3,WE - GSL,,,,,,,3,WE - GSL,,,,,0.0,0.0,0,0.0,0.0,0.0,0.0,2.999,2.999,0.0,0.0,0.0,0.0,0.0,0.0,0.0,0.0,2.999,0.0,0.0,0.0
2047,large_district,3,WE - GSL,,,,,,,3,WE - GSL,,,,,0.0,0.0,0,0.0,0.0,0.0,0.0,3.006,3.006,0.0,0.0,0.0,0.0,0.0,0.0,0.0,0.0,3.006,0.0,0.0,0.0
2048,large_district,3,WE - GSL,,,,,,,3,WE - GSL,,,,,0.0,0.0,0,0.0,0.0,0.0,0.0,3.012,3.012,0.0,0.0,0.0,0.0,0.0,0.0,0.0,0.0,3.012,0.0,0.0,0.0
2049,large_district,3,WE - GSL,,,,,,,3,WE - GSL,,,,,0.0,0.0,0,0.0,0.0,0.0,0.0,3.012,3.012,0.0,0.0,0.0,0.0,0.0,0.0,0.0,0.0,3.012,0.0,0.0,0.0
2050,large_district,3,WE - GSL,,,,,,,3,WE - GSL,,,,,0.0,0.0,0,0.0,0.0,0.0,0.0,3.009,3.009,0.0,0.0,0.0,0.0,0.0,0.0,0.0,0.0,3.009,0.0,0.0,0.0
2051,large_district,3,WE - GSL,,,,,,,3,WE - GSL,,,,,0.0,0.0,0,0.0,0.0,0.0,0.0,3.004,3.004,0.0,0.0,0.0,0.0,0.0,0.0,0.0,0.0,3.004,0.0,0.0,0.0
2052,large_district,3,WE - GSL,,,,,,,3,WE - GSL,,,,,0.0,0.0,0,0.0,0.0,0.0,0.0,3.008,3.008,0.0,0.0,0.0,0.0,0.0,0.0,0.0,0.0,3.008,0.0,0.0,0.0
2053,large_district,3,WE - GSL,,,,,,,3,WE - GSL,,,,,0.0,0.0,0,0.0,0.0,0.0,0.0,3.004,3.004,0.0,0.0,0.0,0.0,0.0,0.0,0.0,0.0,3.004,0.0,0.0,0.0
2054,large_district,3,WE - GSL,,,,,,,3,WE - GSL,,,,,0.0,0.0,0,0.0,0.0,0.0,0.0,3.003,3.003,0.0,0.0,0.0,0.0,0.0,0.0,0.0,0.0,3.003,0.0,0.0,0.0
2055,large_district,3,WE - GSL,,,,,,,3,WE - GSL,,,,,0.0,0.0,0,0.0,0.0,0.0,0.0,3.006,3.006,0.0,0.0,0.0,0.0,0.0,0.0,0.0,0.0,3.006,0.0,0.0,0.0
2056,large_district,3,WE - GSL,,,,,,,3,WE - GSL,,,,,0.0,0.0,0,0.0,0.0,0.0,0.0,3.005,3.005,0.0,0.0,0.0,0.0,0.0,0.0,0.0,0.0,3.005,0.0,0.0,0.0
2057,large_district,3,WE - GSL,,,,,,,3,WE - GSL,,,,,0.0,0.0,0,0.0,0.0,0.0,0.0,3.335,3.335,0.0,0.0,0.0,0.0,0.0,0.0,0.0,0.0,3.335,0.0,0.0,0.0
2058,large_district,3,WE - GSL,,,,,,,3,WE - GSL,,,,,0.0,0.0,0,0.0,0.0,0.0,0.0,3.667,3.667,0.0,0.0,0.0,0.0,0.0,0.0,0.0,0.0,3.667,0.0,0.0,0.0
2059,large_district,3,WE - GSL,,,,,,,3,WE - GSL,,,,,0.0,0.0,0,0.0,0.0,0.0,0.0,4.006,4.006,0.0,0.0,0.0,0.0,0.0,0.0,0.0,0.0,4.006,0.0,0.0,0.0
2060,large_district,3,WE - GSL,,,,,,,3,WE - GSL,,,,,0.0,0.0,0,0.0,0.0,0.0,0.0,4.012,4.012,0.0,0.0,0.0,0.0,0.0,0.0,0.0,0.0,4.012,0.0,0.0,0.0
2061,large_district,3,WE - GSL,,,,,,,3,WE - GSL,,,,,0.0,0.0,0,0.0,0.0,0.0,0.0,4.008,4.008,0.0,0.0,0.0,0.0,0.0,0.0,0.0,0.0,4.008,0.0,0.0,0.0
2062,large_district,3,WE - GSL,,,,,,,3,WE - GSL,,,,,0.0,0.0,0,0.0,0.0,0.0,0.0,4.011,4.011,0.0,0.0,0.0,0.0,0.0,0.0,0.0,0.0,4.011,0.0,0.0,0.0
2063,large_district,3,WE - GSL,,,,,,,3,WE - GSL,,,,,0.0,0.0,0,0.0,0.0,0.0,0.0,4.009,4.009,0.0,0.0,0.0,0.0,0.0,0.0,0.0,0.0,4.009,0.0,0.0,0.0
2064,large_district,3,WE - GSL,,,,,,,3,WE - GSL,,,,,0.0,0.0,0,0.0,0.0,0.0,0.0,4.016,4.016,0.0,0.0,0.0,0.0,0.0,0.0,0.0,0.0,4.016,0.0,0.0,0.0
2065,large_district,3,WE - GSL,,,,,,,3,WE - GSL,,,,,0.0,0.0,0,0.0,0.0,0.0,0.0,4.023,4.023,0.0,0.0,0.0,0.0,0.0,0.0,0.0,0.0,4.023,0.0,0.0,0.0
2023,large_district,4,Weber North and West,,,,,,,4,Weber North and West,,,,,56869.327,166619.21,2.93,60766.998999999996,11211.666,20409.333,29146.0,70311.883,172676.664,7220.666,3991.0,13749.333,6660.0,3882.0,7841.0,3355.0,14068.0,1520.867,105.0,5686.908,2232.095
2024,large_district,4,Weber North and West,,,,,,,4,Weber North and West,,,,,57577.661,167530.397,2.91,61350.669,11123.001,20773.324,29454.329999999998,72856.736,176496.519,7057.335,4065.667,13975.663,6797.662,3525.998,8250.998,3384.997,14292.324,1518.858,77.5,7679.536,2230.178
2025,large_district,4,Weber North and West,,,,,,,4,Weber North and West,,,,,58611.997,168978.258,2.883,61812.339,11119.001,20878.33,29814.998,71960.466,177462.057,7060.668,4058.337,13986.328,6891.994,3529.665,8330.663,3535.666,14418.996,1504.867,77.0,6103.321,2462.964
2026,large_district,4,Weber North and West,,,,,,,4,Weber North and West,,,,,59614.334,170312.881,2.857,62073.336,11079.996,20916.998,30076.33,72534.412,179840.214,7017.665,4062.337,13996.329,6920.663,3493.663,8382.328,3651.99,14548.327,1500.202,79.5,6362.896,2518.4809999999998
2027,large_district,4,Weber North and West,,,,,,,4,Weber North and West,,,,,60585.338,171419.268,2.829,62277.664,11066.33,20959.997,30251.339,72628.508,181682.122,7005.666,4060.67,14007.998,6951.997,3449.666,8421.997,3745.66,14633.996,1490.516,81.0,6202.5199999999995,2576.823
2028,large_district,4,Weber North and West,,,,,,,4,Weber North and West,,,,,61366.0,172049.566,2.804,62561.008,11055.331,20979.665,30526.002,73251.789,183710.589,7002.667,4052.667,14027.663,6951.997,3443.334,8453.331,3814.325,14814.999,1476.579,77.5,6513.857,2622.864
2029,large_district,4,Weber North and West,,,,,,,4,Weber North and West,,,,,62180.0,172841.564,2.78,62980.34,11043.998,21061.996,30874.332,73905.5,185829.5,7012.0,4031.999,14094.997,6966.997,3453.671,8495.665,3885.663,15039.333,1463.537,73.0,6710.071,2678.571
2030,large_district,4,Weber North and West,,,,,,,4,Weber North and West,,,,,62800.324,173380.835,2.761,63473.672,11018.664,21151.996,31302.998,74165.811,187206.383,7024.335,3994.334,14191.331,6960.666,3466.335,8652.333,3967.326,15216.994999999999,1450.558,72.0,6436.324,2733.241
2031,large_district,4,Weber North and West,,,,,,,4,Weber North and West,,,,,63676.663,174466.019,2.74,63724.338,10978.998,21253.996,31491.334,74875.077,189493.066,7030.669,3948.335,14283.33,6970.666,3477.004,8609.333,4036.326,15368.666,1439.588,72.0,6861.322,2777.8269999999998
2032,large_district,4,Weber North and West,,,,,,,4,Weber North and West,,,,,64625.659,175885.713,2.722,64010.341,10942.667,21329.995,31737.668,75097.091,191423.268,7037.668,3905.002,14364.996,6965.0,3487.335,8605.665,4096.66,15547.997,1427.546,75.5,6748.583,2835.132
2033,large_district,4,Weber North and West,,,,,,,4,Weber North and West,,,,,65832.335,177847.118,2.702,64418.342,10938.332,21408.329,32071.677,76483.424,194981.629,7047.668,3890.668,14451.998,6956.334,3512.67,8608.33,4166.66,15784.002,1426.504,79.5,7658.900000000001,2900.199
2034,large_district,4,Weber North and West,,,,,,,4,Weber North and West,,,,,67144.663,180045.982,2.681,65316.01,11003.999,21490.664,32821.338,77502.642,198363.031,7073.335,3930.666,14535.663,6955.0019999999995,3566.67,8637.664,4289.993,16326.997,1423.86,83.0,7688.94,2990.82
2035,large_district,4,Weber North and West,,,,,,,4,Weber North and West,,,,,68509.331,182372.377,2.662,64849.001000000004,10792.005,21456.663,32600.336,77415.273,200732.066,7032.672,3759.3360000000002,14604.33,6852.331999999999,3598.334,8626.331,4304.66,16070.998,1417.898,84.0,8032.696,3031.688
2036,large_district,4,Weber North and West,,,,,,,4,Weber North and West,,,,,69808.998,184569.977,2.644,65271.673,10801.671,21570.997,32898.998,77479.852,203136.046,7038.67,3763.003,14763.664,6807.336,3644.338,8639.33,4366.999,16248.325,1412.175,83.5,7614.787,3097.737
2037,large_district,4,Weber North and West,,,,,,,4,Weber North and West,,,,,71029.335,186813.056,2.63,65819.0,10808.006,21707.333000000002,33303.669,78578.707,206431.512,7040.003,3768.003,14927.996,6779.337,3681.341,8666.328,4432.993,16522.996,1409.197,83.0,8098.432,3169.094
2038,large_district,4,Weber North and West,,,,,,,4,Weber North and West,,,,,72350.006,189152.217,2.614,66646.336,10872.672,21866.664,33907.002,79250.068,209480.086,7094.669,3778.002,15080.329,6786.337,3736.6639999999998,8704.332,4533.994,16931.999,1405.2,83.0,7870.682,3244.846
2039,large_district,4,Weber North and West,,,,,,,4,Weber North and West,,,,,73796.66,191817.815,2.599,67484.337,10940.003,22019.997,34524.334,80107.719,212941.699,7147.003,3793.003,15220.996,6799.003,3786.667,8754.666,4639.6630000000005,17343.331,1402.169,83.0,7805.145,3333.075
2040,large_district,4,Weber North and West,,,,,,,4,Weber North and West,,,,,75278.337,194611.712,2.585,68296.332,10999.005000000001,22171.998,35125.334,80969.307,216470.318,7195.337,3803.669,15360.995,6811.003,3838.666,8836.004,4760.996,17689.664,1396.222,83.0,7773.755,3419.994
2041,large_district,4,Weber North and West,,,,,,,4,Weber North and West,,,,,76771.669,197436.314,2.572,68997.999,11066.671,22293.996,35637.334,81864.304,220053.311,7249.669,3817.003,15474.328,6819.67,3883.9990000000003,8842.67,4878.33,18032.333,1391.554,83.5,7889.444,3501.813
2042,large_district,4,Weber North and West,,,,,,,4,Weber North and West,,,,,78290.337,200344.487,2.559,69823.001,11122.004,22443.331000000002,36257.669,82606.49,223529.101,7295.003,3827.002,15589.667,6853.67,3956.674,8890.999,4995.3279999999995,18414.664,1386.5,84.5,7718.494,3593.972
2043,large_district,4,Weber North and West,,,,,,,4,Weber North and West,,,,,79767.667,203146.728,2.547,70565.998,11188.337,22560.998,36816.673,83711.947,227293.748,7347.336,3841.003,15677.332,6883.67,4020.003,8948.663,5100.998,18746.996,1380.473,85.5,8001.376,3678.598
2044,large_district,4,Weber North and West,,,,,,,4,Weber North and West,,,,,81139.006,205803.845,2.536,71413.668,11270.005000000001,22693.998,37449.665,84038.02,230088.238,7422.003,3848.003,15778.333999999999,6915.67,4089.001,9008.996,5228.996,19122.66,1377.19,85.5,7400.83,3760.824
2045,large_district,4,Weber North and West,,,,,,,4,Weber North and West,,,,,82573.332,208609.594,2.526,72319.333,11342.339,22863.33,38113.668,85609.996,234241.992,7481.003,3861.336,15910.662,6952.67,4167.001,9082.996,5364.329,19499.325,1371.655,85.0,7981.5070000000005,3852.53
2046,large_district,4,Weber North and West,,,,,,,4,Weber North and West,,,,,83938.338,211470.663,2.519,73187.33,11410.338,23018.001,38759.005,86366.474,237455.488,7542.668,3867.669,16033.336,6984.67,4261.999,9168.664,5509.996,19818.335,1364.357,85.0,7784.238,3945.566
2047,large_district,4,Weber North and West,,,,,,,4,Weber North and West,,,,,85513.002,214318.6,2.506,74043.999,11493.004,23169.668,39381.335,88095.902,242019.308,7623.004,3870.004,16157.669,7012.003,4368.0019999999995,9251.665,5661.994,20099.666,1358.612,85.5,8565.427,4042.384
2048,large_district,4,Weber North and West,,,,,,,4,Weber North and West,,,,,87093.664,217373.188,2.496,74929.671,11602.671,23333.667,39993.332,89057.622,245826.214,7725.671,3877.004,16294.664,7039.003,4489.33,9345.663,5804.325,20353.995,1354.845,86.5,8542.588,4144.012
2049,large_district,4,Weber North and West,,,,,,,4,Weber North and West,,,,,88761.676,220597.057,2.485,75846.671,11744.007,23499.002,40603.669,90551.81999999999,250322.848,7838.669,3905.337,16440.001,7059.004,4614.329,9439.661,5942.655,20606.993,1347.863,88.0,9022.097,4247.186
2050,large_district,4,Weber North and West,,,,,,,4,Weber North and West,,,,,90248.674,223399.026,2.475,76839.334,11859.673,23672.998,41306.669,91109.467,253557.089,7942.669,3917.004,16591.001,7082.004,4733.668,9612.329,6088.329,20872.327,1341.536,89.0,8490.937,4348.64
2051,large_district,4,Weber North and West,,,,,,,4,Weber North and West,,,,,91873.34,226452.031,2.465,77561.673,11971.34,23847.989999999998,41742.333,92649.143,258021.163,8036.003,3935.337,16747.334,7100.67,4826.338,9654.998,6227.6630000000005,21033.327,1334.281,89.0,9216.196,4447.981
2052,large_district,4,Weber North and West,,,,,,,4,Weber North and West,,,,,93544.333,229535.894,2.454,78407.996,12077.673999999999,24008.328,42322.005,93430.52,261810.319,8118.004,3959.671,16891.66,7116.67,4910.001,9777.999,6375.661,21258.329,1325.8990000000001,90.0,9055.427,4551.186
2053,large_district,4,Weber North and West,,,,,,,4,Weber North and West,,,,,95176.666,232486.49,2.443,79233.666,12161.673,24152.323,42919.669,94976.784,266294.782,8182.004,3979.67,17008.324,7144.004,4970.001,9906.664,6519.659,21523.33,1319.931,91.0,9677.188,4655.0
2054,large_district,4,Weber North and West,,,,,,,4,Weber North and West,,,,,96729.334,235271.677,2.432,79940.999,12215.006,24265.327,43460.675,95622.829,269735.631,8214.337,4000.67,17105.329,7160.004,5023.001,10038.669,6661.99,21736.996,1313.973,92.0,9521.075,4754.791
2055,large_district,4,Weber North and West,,,,,,,4,Weber North and West,,,,,98491.335,238415.11000000002,2.421,80621.00200000001,12262.006,24375.0,43984.004,97175.148,274459.553,8245.003,4017.002,17191.001,7184.004,5063.334,10167.33,6794.657,21958.662,1305.93,92.0,10291.045,4865.174
2056,large_district,4,Weber North and West,,,,,,,4,Weber North and West,,,,,98714.329,240605.176,2.437,81340.001,12288.673,24474.66,44576.669,97578.296,275264.083,8265.669,4023.004,17258.661,7216.004,5095.004,10296.998,6966.327,22218.325,1299.954,91.0,9902.422,4944.932
2057,large_district,4,Weber North and West,,,,,,,4,Weber North and West,,,,,98681.664,242668.589,2.459,81988.67,12275.008,24584.658,45129.002,98822.168,276449.16,8271.337,4003.671,17346.66,7238.003,5143.335,10426.997,7115.659,22442.996,1292.672,89.5,10431.952,5019.403
2058,large_district,4,Weber North and West,,,,,,,4,Weber North and West,,,,,98647.999,244706.144,2.481,82684.0,12320.672,24689.995,45673.335,99767.692,277334.089,8321.337,3999.335,17431.998,7258.003,5194.339,10546.002,7277.992,22654.998,1286.665,88.0,10606.892,5102.127
2059,large_district,4,Weber North and West,,,,,,,4,Weber North and West,,,,,98611.665,246726.529,2.502,83357.339,12364.002,24794.995,46198.332,100417.519,277918.514,8367.336,3996.67,17519.999,7275.003000000001,5249.001,10668.664,7439.661,22840.999,1276.954,86.5,10523.165,5173.6
2060,large_district,4,Weber North and West,,,,,,,4,Weber North and West,,,,,98587.664,248752.575,2.523,84069.667,12404.671,24892.332,46772.668,101197.298,278655.09,8411.336,3993.337,17602.328,7290.004,5302.662,10861.001,7590.994,23017.997,1268.873,86.0,10523.3,5249.447
2061,large_district,4,Weber North and West,,,,,,,4,Weber North and West,,,,,98542.666,250829.583,2.545,84638.002,12458.007,25004.33,47175.671,102124.816,279501.614,8468.671,3989.335,17694.33,7310.004,5345.997,10866.001,7755.6630000000005,23207.992,1261.912,85.5,10821.48,5317.902
2062,large_district,4,Weber North and West,,,,,,,4,Weber North and West,,,,,98517.0,252860.195,2.567,85344.0,12514.339,25124.666,47705.008,102617.637,279948.237,8527.337,3987.002,17796.665,7328.004,5401.665,10966.666,7920.331,23416.33,1252.224,85.5,10540.623,5395.286
2063,large_district,4,Weber North and West,,,,,,,4,Weber North and West,,,,,98459.33,254865.039,2.589,86048.002,12572.006,25241.998,48233.998999999996,103540.732,280767.522,8587.337,3984.668,17894.661,7347.337,5454.33,11070.667,8084.332,23624.667,1244.237,85.0,10692.897,5470.606
2064,large_district,4,Weber North and West,,,,,,,4,Weber North and West,,,,,98421.997,256888.27300000002,2.61,86754.003,12623.671,25370.666,48759.665,104146.62,281306.211,8642.003,3981.666,18004.329999999998,7366.337,5506.667,11168.001,8244.329,23840.663,1238.175,85.0,10529.678,5539.752
2065,large_district,4,Weber North and West,,,,,,,4,Weber North and West,,,,,98369.996,258904.761,2.632,87460.333,12686.336,25490.333,49283.67,105413.067,282479.055,8707.337,3979.0,18104.995,7385.337,5553.9980000000005,11266.67,8405.998,24056.995,1231.104,84.5,11020.135,5617.006
2023,large_district,5,Weber Ogden Area,,,,,,,5,Weber Ogden Area,,,,,37097.664,90809.549,2.448,83293.997,13880.333,8986.664999999999,60426.999,89827.002,156602.794,8415.333,5465.0,5401.666,3584.999,6807.0,18470.0,12272.0,22877.999,35.112,105.0,4933.993,1458.886
2024,large_district,5,Weber Ogden Area,,,,,,,5,Weber Ogden Area,,,,,37574.332,91318.207,2.43,84253.003,13998.005,9897.659,60357.33,89371.849,157005.645,8290.672,5707.333,6246.327,3651.331,6190.0,18726.665,12339.995,23100.664,35.137,77.5,3550.399,1455.817
2025,large_district,5,Weber Ogden Area,,,,,,,5,Weber Ogden Area,,,,,37986.998,91586.552,2.411,85453.338,13980.008,10174.66,61298.668,92433.091,160809.685,8288.34,5691.672,6468.662,3706.0,6243.333,19014.0,12756.329,23285.0,34.132999999999996,77.0,5272.578,1596.05
2026,large_district,5,Weber Ogden Area,,,,,,,5,Weber Ogden Area,,,,,38398.998,91763.755,2.39,86105.332,13981.008,10207.994,61916.334,92973.053,162091.247,8244.341,5736.673,6489.659000000001,3718.331,6175.336,19101.331,13110.997,23528.668,33.8,79.5,5130.909,1623.515
2027,large_district,5,Weber Ogden Area,,,,,,,5,Weber Ogden Area,,,,,38838.666,92095.684,2.371,86901.002,14075.672,10308.994999999999,62516.333,94118.557,164028.155,8338.342,5737.339,6539.99,3768.9990000000003,6114.333,19204.664,13422.333,23774.998,33.471000000000004,81.0,5450.888,1652.189
2028,large_district,5,Weber Ogden Area,,,,,,,5,Weber Ogden Area,,,,,39484.001000000004,92922.632,2.353,87487.668,14047.67,10358.331,63081.668,94674.396,165745.599,8332.341,5715.336,6589.33,3768.9990000000003,6102.667,19269.328999999998,13640.664,24068.999,33.43,77.5,5385.676,1690.136
2029,large_district,5,Weber Ogden Area,,,,,,,5,Weber Ogden Area,,,,,40119.001,93675.832,2.335,88254.33499999999,14056.008,10492.0,63706.339,95564.759,167778.962,8370.009,5686.003,6723.0,3768.9990000000003,6128.332,19343.999,13831.333,24402.668,33.46,73.0,5474.54,1729.426
2030,large_district,5,Weber Ogden Area,,,,,,,5,Weber Ogden Area,,,,,40871.663,94816.544,2.32,89098.001,14115.339,10681.994,64300.663,96917.437,170486.426,8484.672999999999,5630.667,6916.665,3765.332,6159.662,19402.329,14052.662,24685.998,33.414,72.0,5939.26,1774.754
2031,large_district,5,Weber Ogden Area,,,,,,,5,Weber Ogden Area,,,,,41518.334,95584.437,2.302,89747.337,14191.005000000001,10864.0,64692.331,97294.241,172027.243,8645.338,5545.667,7098.664,3765.332,6188.001,19345.332,14268.665,24890.328,33.408,72.0,5628.345,1813.1399999999999
2032,large_district,5,Weber Ogden Area,,,,,,,5,Weber Ogden Area,,,,,42136.334,96208.767,2.283,90398.33099999999,14228.339,11011.0,65158.995,98208.952,174054.354,8743.34,5485.005,7248.999,3762.0,6212.667,19368.998,14469.333,25108.0,33.439,75.5,5852.825,1848.862
2033,large_district,5,Weber Ogden Area,,,,,,,5,Weber Ogden Area,,,,,42535.666,96473.26699999999,2.268,91120.329,14302.669,11125.667,65691.994,98221.096,174785.294,8832.341,5470.337,7365.996,3759.667,6273.334,19411.334,14661.331,25346.001,33.468,79.5,5113.971,1873.8319999999999
2034,large_district,5,Weber Ogden Area,,,,,,,5,Weber Ogden Area,,,,,42865.334,96647.281,2.255,92366.671,14650.0,11225.337,66491.331,99711.69,176869.292,8927.675,5722.336,7466.327,3759.001,6363.334,19501.999,14874.001,25751.995,33.113,83.0,5315.737,1913.178
2035,large_district,5,Weber Ogden Area,,,,,,,5,Weber Ogden Area,,,,,43158.666,96793.706,2.243,91821.998,14366.004,11261.333,66194.663,98875.645,176561.243,8877.338,5488.668,7550.666,3710.669,6419.664,19510.332,14936.333,25328.328,33.099,84.0,5031.243,1905.3
2036,large_district,5,Weber Ogden Area,,,,,,,5,Weber Ogden Area,,,,,43510.0,97130.837,2.232,92386.33899999999,14450.34,11367.999,66567.996,99985.702,178303.702,8940.337,5510.0,7686.333,3681.667,6496.666,19571.328999999998,15065.999,25433.997,32.82,83.5,5548.7880000000005,1934.271
2037,large_district,5,Weber Ogden Area,,,,,,,5,Weber Ogden Area,,,,,43843.332,97545.72,2.225,93099.999,14588.006,11490.666,67021.339,100287.204,179205.2,9042.003,5546.002,7825.0,3665.665,6554.66,19660.333,15222.999,25583.328999999998,32.797,83.0,5111.493,1959.911
2038,large_district,5,Weber Ogden Area,,,,,,,5,Weber Ogden Area,,,,,44226.338,98006.488,2.216,93806.664,14680.339,11611.331,67514.998,101269.645,180877.059,9123.337,5557.004,7945.665,3665.665,6607.325,19764.327999999998,15386.999,25756.333,32.789,83.0,5359.042,1988.1490000000001
2039,large_district,5,Weber Ogden Area,,,,,,,5,Weber Ogden Area,,,,,44501.333,98247.807,2.208,94526.34,14789.005,11723.002,68014.334,102105.631,182208.03,9221.003999999999,5568.0,8058.002,3664.999,6656.329,19891.666,15543.334,25923.0,31.814999999999998,83.0,5451.558,2012.922
2040,large_district,5,Weber Ogden Area,,,,,,,5,Weber Ogden Area,,,,,44737.67,98412.486,2.2,95190.333,14887.006,11821.998,68481.331,102804.965,183332.775,9310.671,5576.335,8156.999,3664.999,6698.328,20071.339,15673.001,26038.661,31.77,83.0,5466.861,2032.999
2041,large_district,5,Weber Ogden Area,,,,,,,5,Weber Ogden Area,,,,,44947.332,98531.446,2.192,95778.665,15023.34,11898.997,68856.328,103270.116,184175.312,9422.336,5601.002,8234.666,3664.332,6740.995,20123.672,15808.669,26182.999,31.436999999999998,83.5,5324.31,2052.205
2042,large_district,5,Weber Ogden Area,,,,,,,5,Weber Ogden Area,,,,,45114.67,98561.78,2.185,96400.669,15123.008,11985.663,69291.997,104083.753,185290.163,9517.003999999999,5606.001,8321.33,3664.332,6800.331,20249.335,15943.667,26298.666,31.467,84.5,5496.094,2071.013
2043,large_district,5,Weber Ogden Area,,,,,,,5,Weber Ogden Area,,,,,45315.332,98713.035,2.178,96990.337,15253.674,12051.995,69684.67,104417.163,185984.759,9624.672,5629.0,8387.667,3664.332,6845.993,20382.672,16050.999,26405.0,31.496,85.5,5217.429,2092.402
2044,large_district,5,Weber Ogden Area,,,,,,,5,Weber Ogden Area,,,,,45639.994,99061.375,2.17,97534.666,15326.007,12107.994999999999,70100.67,105582.963,187734.945,9689.003,5637.001,8443.662,3664.332,6892.997,20521.331000000002,16168.997,26517.335,31.802,85.5,5814.824,2116.156
2045,large_district,5,Weber Ogden Area,,,,,,,5,Weber Ogden Area,,,,,45921.666,99332.101,2.163,98080.996,15439.673,12169.664,70471.668,105629.204,188288.202,9790.005,5649.668,8513.332,3656.332,6935.997,20658.336,16290.666,26586.667,32.365,85.0,5290.372,2140.474
2046,large_district,5,Weber Ogden Area,,,,,,,5,Weber Ogden Area,,,,,46167.668,99625.333,2.158,98686.999,15572.674,12254.999,70859.335,106600.535,189702.339,9904.338,5668.335,8598.663,3656.332,6997.9980000000005,20785.666,16405.994,26669.663,32.658,85.0,5626.441,2169.434
2047,large_district,5,Weber Ogden Area,,,,,,,5,Weber Ogden Area,,,,,46371.0,99677.967,2.15,99252.333,15673.006,12332.332,71247.003,106608.359,190076.159,9993.002,5680.002,8676.333,3655.998,7065.003,20922.663,16512.003,26747.335,33.399,85.5,5046.503,2190.621
2048,large_district,5,Weber Ogden Area,,,,,,,5,Weber Ogden Area,,,,,46593.336,99890.791,2.144,99802.66500000001,15768.339,12407.331,71626.995,107470.573,191338.581,10065.336,5703.0,8751.334,3655.998,7139.669,21051.662,16618.671,26817.0,33.136,86.5,5331.278,2216.984
2049,large_district,5,Weber Ogden Area,,,,,,,5,Weber Ogden Area,,,,,46744.333,99947.341,2.138,100315.67,15861.005000000001,12479.994,71974.667,107831.37,191971.169,10145.336,5715.667,8823.997,3655.998,7206.668,21178.664,16721.333,26868.0,33.128,88.0,5155.757,2238.818
2050,large_district,5,Weber Ogden Area,,,,,,,5,Weber Ogden Area,,,,,47087.333,100399.825,2.132,100872.999,15967.34,12549.001,72356.669,109277.489,194034.688,10226.336,5741.001,8893.0,3655.998,7262.334,21348.999,16823.664,26921.666,33.438,89.0,6013.699,2268.357
2051,large_district,5,Weber Ogden Area,,,,,,,5,Weber Ogden Area,,,,,47280.667,100522.269,2.126,101159.67,16043.671,12617.998,72498.003,109167.963,194273.164,10297.003,5746.667,8967.671,3650.331,7297.6669999999995,21380.33,16868.331,26951.67,33.705,89.0,5596.572,2289.013
2052,large_district,5,Weber Ogden Area,,,,,,,5,Weber Ogden Area,,,,,47411.669,100515.862,2.12,101592.334,16170.338,12687.665,72734.338,110116.297,195457.304,10409.002,5761.333,9037.335,3650.331,7336.0,21466.336,16935.328,26996.664,34.091,90.0,6094.073,2305.819
2053,large_district,5,Weber Ogden Area,,,,,,,5,Weber Ogden Area,,,,,47578.335,100565.75,2.114,101941.671,16272.338,12737.663,72931.668,110200.202,195841.207,10502.001,5770.335,9093.665,3643.998,7360.995,21554.665999999997,16993.331000000002,27022.667999999998,34.049,91.0,5808.501,2324.996
2054,large_district,5,Weber Ogden Area,,,,,,,5,Weber Ogden Area,,,,,47826.672,100733.019,2.106,102340.334,16397.005,12796.661,73146.66100000001,111126.97,197214.986,10624.669,5772.335,9152.661,3643.998,7391.999,21641.669,17045.001,27067.997,34.032,92.0,6310.391,2350.203
2055,large_district,5,Weber Ogden Area,,,,,,,5,Weber Ogden Area,,,,,47879.673,100509.08899999999,2.099,102711.339,16525.005,12838.994,73347.333,111098.724,197282.143,10745.001,5780.001,9194.996,3643.998,7421.665,21719.998,17093.332,27112.333,34.066,92.0,5896.504,2364.828
2056,large_district,5,Weber Ogden Area,,,,,,,5,Weber Ogden Area,,,,,47896.006,101208.097,2.113,103036.331,16621.339,12870.329,73544.671,112097.345,198310.163,10837.335,5784.001,9226.33,3643.998,7442.997,21798.329,17148.662,27154.666,34.061,91.0,6535.886,2400.073
2057,large_district,5,Weber Ogden Area,,,,,,,5,Weber Ogden Area,,,,,47892.673,102006.554,2.13,103358.669,16727.006,12903.332,73728.332,112113.357,198320.176,10925.667,5801.335,9259.331,3643.998,7468.662,21864.333,17207.331000000002,27187.999,34.019999999999996,89.5,6190.577,2440.596
2058,large_district,5,Weber Ogden Area,,,,,,,5,Weber Ogden Area,,,,,47890.341,102797.889,2.147,103596.337,16765.339,12940.992,73890.002,112350.461,198553.084,10963.667,5801.669,9296.999,3643.998,7491.662,21927.335,17256.0,27215.002,33.665,88.0,6158.599,2473.869
2059,large_district,5,Weber Ogden Area,,,,,,,5,Weber Ogden Area,,,,,47887.007,103588.369,2.163,103807.00200000001,16796.005,12976.995,74033.998,112797.252,198993.873,10999.668,5796.332,9332.999,3643.998,7509.995,21978.666,17300.333,27244.999,34.054,86.5,6357.296,2512.41
2060,large_district,5,Weber Ogden Area,,,,,,,5,Weber Ogden Area,,,,,47884.674,104372.229,2.18,104043.662,16818.338,13014.661,74210.667,113163.432,199355.854,11027.67,5790.663,9370.668,3643.998,7527.327,22070.332,17344.0,27268.999,34.104,86.0,6450.112,2549.556
2061,large_district,5,Weber Ogden Area,,,,,,,5,Weber Ogden Area,,,,,47879.008,105183.059,2.197,104162.331,16829.005,13047.664,74285.666,113092.981,199275.205,11042.335000000001,5786.664,9403.666,3643.998,7538.995,22073.33,17378.332,27294.993,34.068,85.5,6226.984,2584.098
2062,large_district,5,Weber Ogden Area,,,,,,,5,Weber Ogden Area,,,,,47877.676,105968.343,2.213,104303.331,16845.671,13077.33,74380.332,113628.95,199808.778,11062.671,5782.997,9433.332,3643.998,7550.329,22111.665,17405.664,27312.661,36.771,85.5,6583.6539999999995,2619.7019999999998
2063,large_district,5,Weber Ogden Area,,,,,,,5,Weber Ogden Area,,,,,47875.675,106777.356,2.23,104450.331,16861.002,13113.996,74475.334,113727.32400000001,199903.549,11082.671,5778.329,9470.33,3643.665,7560.66,22147.664,17432.665,27334.335,36.751,85.0,6497.498,2657.734
2064,large_district,5,Weber Ogden Area,,,,,,,5,Weber Ogden Area,,,,,47873.007,107568.003,2.247,104606.336,16884.338,13143.329,74578.667,114146.938,200318.359,11111.003999999999,5773.33,9499.659,3643.665,7571.331,22189.332,17461.665,27356.334,36.81,85.0,6721.5599999999995,2697.236
2065,large_district,5,Weber Ogden Area,,,,,,,5,Weber Ogden Area,,,,,47869.342,108370.383,2.264,104765.001,16901.670000000002,13184.664,74678.658,113909.659,200074.48500000002,11131.671,5769.9980000000005,9540.995,3643.665,7582.996,22229.669,17485.995,27379.999,36.879999999999995,84.5,6289.291,2733.998
2023,large_district,6,WE - East Mountains,,,,,,,6,WE - East Mountains,,,,,45.366,92.447,2.038,12.0,0.0,0.0,12.0,13.099,94.757,0.0,0.0,0.0,0.0,1.0,3.0,1.0,7.0,0.0,0.0,1.099,0.0
2024,large_district,6,WE - East Mountains,,,,,,,6,WE - East Mountains,,,,,46.233,95.493,2.065,12.333,0.0,0.0,12.333,13.409,96.628,0.0,0.0,0.0,0.0,1.0,3.333,1.0,7.0,0.0,0.0,0.076,0.999
2025,large_district,6,WE - East Mountains,,,,,,,6,WE - East Mountains,,,,,47.101000000000006,97.80799999999999,2.077,12.333,0.0,0.0,12.333,15.428,100.211,0.0,0.0,0.0,0.0,1.0,3.333,1.0,7.0,0.0,0.0,2.094,1.001
2026,large_district,6,WE - East Mountains,,,,,,,6,WE - East Mountains,,,,,47.634,98.16300000000001,2.061,12.333,0.0,0.0,12.333,15.531,101.273,0.0,0.0,0.0,0.0,1.0,3.333,1.0,7.0,0.0,0.0,2.197,1.001
2027,large_district,6,WE - East Mountains,,,,,,,6,WE - East Mountains,,,,,48.5,98.84899999999999,2.038,12.333,0.0,0.0,12.333,15.921000000000001,103.221,0.0,0.0,0.0,0.0,1.0,3.333,1.0,7.0,0.0,0.0,2.585,1.002
2028,large_district,6,WE - East Mountains,,,,,,,6,WE - East Mountains,,,,,48.7,98.876,2.03,12.333,0.0,0.0,12.333,15.809,103.469,0.0,0.0,0.0,0.0,1.0,3.333,1.0,7.0,0.0,0.0,2.474,1.002
2029,large_district,6,WE - East Mountains,,,,,,,6,WE - East Mountains,,,,,48.9,98.914,2.023,12.333,0.0,0.0,12.333,16.726,104.746,0.0,0.0,0.0,0.0,1.0,3.333,1.0,7.0,0.0,0.0,2.391,2.002
2030,large_district,6,WE - East Mountains,,,,,,,6,WE - East Mountains,,,,,49.1,98.99600000000001,2.016,12.333,0.0,0.0,12.333,16.741,105.12100000000001,0.0,0.0,0.0,0.0,1.0,3.333,1.0,7.0,0.0,0.0,2.4050000000000002,2.002
2031,large_district,6,WE - East Mountains,,,,,,,6,WE - East Mountains,,,,,49.3,99.059,2.009,12.333,0.0,0.0,12.333,16.668999999999997,105.409,0.0,0.0,0.0,0.0,1.0,3.333,1.0,7.0,0.0,0.0,2.334,2.002
2032,large_district,6,WE - East Mountains,,,,,,,6,WE - East Mountains,,,,,49.5,99.136,2.003,12.333,0.0,0.0,12.333,16.935,106.03500000000001,0.0,0.0,0.0,0.0,1.0,3.333,1.0,7.0,0.0,0.0,2.596,2.005
2033,large_district,6,WE - East Mountains,,,,,,,6,WE - East Mountains,,,,,49.7,99.23299999999999,1.997,12.333,0.0,0.0,12.333,16.47,105.92999999999999,0.0,0.0,0.0,0.0,1.0,3.333,1.0,7.0,0.0,0.0,2.1350000000000002,2.002
2034,large_district,6,WE - East Mountains,,,,,,,6,WE - East Mountains,,,,,49.9,99.34400000000001,1.991,12.333,0.0,0.0,12.333,16.662,106.48200000000001,0.0,0.0,0.0,0.0,1.0,3.333,1.0,7.0,0.0,0.0,2.327,2.001
2035,large_district,6,WE - East Mountains,,,,,,,6,WE - East Mountains,,,,,50.1,99.46300000000001,1.985,12.0,0.0,0.0,12.0,16.064,106.244,0.0,0.0,0.0,0.0,1.0,3.333,1.0,6.667,0.0,0.0,2.063,2.001
2036,large_district,6,WE - East Mountains,,,,,,,6,WE - East Mountains,,,,,50.3,99.602,1.98,12.0,0.0,0.0,12.0,16.432,106.972,0.0,0.0,0.0,0.0,1.0,3.333,1.0,6.667,0.0,0.0,2.432,2.0
2037,large_district,6,WE - East Mountains,,,,,,,6,WE - East Mountains,,,,,50.833,100.39099999999999,1.975,12.0,0.0,0.0,12.0,16.089000000000002,107.588,0.0,0.0,0.0,0.0,1.0,3.333,1.0,6.667,0.0,0.0,2.089,2.0
2038,large_district,6,WE - East Mountains,,,,,,,6,WE - East Mountains,,,,,51.367000000000004,102.252,1.991,12.0,0.0,0.0,12.0,16.275,108.73599999999999,0.0,0.0,0.0,0.0,1.0,3.333,1.0,6.667,0.0,0.0,2.273,2.002
2039,large_district,6,WE - East Mountains,,,,,,,6,WE - East Mountains,,,,,51.9,104.107,2.006,12.333,0.0,0.0,12.333,16.635,110.055,0.0,0.0,0.0,0.0,1.0,3.667,1.0,6.667,0.0,0.0,2.3,2.002
2040,large_district,6,WE - East Mountains,,,,,,,6,WE - East Mountains,,,,,52.1,104.26400000000001,2.001,12.333,0.0,0.0,12.333,16.714000000000002,110.494,0.0,0.0,0.0,0.0,1.0,3.667,1.0,6.667,0.0,0.0,2.377,2.004
2041,large_district,6,WE - East Mountains,,,,,,,6,WE - East Mountains,,,,,52.4,104.428,1.993,12.333,0.0,0.0,12.333,16.572,110.892,0.0,0.0,0.0,0.0,1.0,3.667,1.0,6.667,0.0,0.0,2.239,2.0
2042,large_district,6,WE - East Mountains,,,,,,,6,WE - East Mountains,,,,,52.6,104.598,1.989,12.333,0.0,0.0,12.333,16.742,111.422,0.0,0.0,0.0,0.0,1.0,3.667,1.0,6.667,0.0,0.0,2.405,2.003
2043,large_district,6,WE - East Mountains,,,,,,,6,WE - East Mountains,,,,,52.8,104.77699999999999,1.984,12.667,0.0,0.0,12.667,16.862000000000002,111.90199999999999,0.0,0.0,0.0,0.0,1.0,3.667,1.0,7.0,0.0,0.0,2.193,2.002
2044,large_district,6,WE - East Mountains,,,,,,,6,WE - East Mountains,,,,,53.0,104.96000000000001,1.98,12.667,0.0,0.0,12.667,17.011,112.411,0.0,0.0,0.0,0.0,1.0,3.667,1.0,7.0,0.0,0.0,2.343,2.002
2045,large_district,6,WE - East Mountains,,,,,,,6,WE - East Mountains,,,,,53.2,105.144,1.976,12.667,0.0,0.0,12.667,16.79,112.55,0.0,0.0,0.0,0.0,1.0,3.667,1.0,7.0,0.0,0.0,2.1189999999999998,2.004
2046,large_district,6,WE - East Mountains,,,,,,,6,WE - East Mountains,,,,,53.4,105.37100000000001,1.973,12.667,0.0,0.0,12.667,16.990000000000002,113.11,0.0,0.0,0.0,0.0,1.0,3.667,1.0,7.0,0.0,0.0,2.322,2.002
2047,large_district,6,WE - East Mountains,,,,,,,6,WE - East Mountains,,,,,53.6,105.52799999999999,1.969,12.667,0.0,0.0,12.667,16.734,113.214,0.0,0.0,0.0,0.0,1.0,3.667,1.0,7.0,0.0,0.0,2.066,2.001
2048,large_district,6,WE - East Mountains,,,,,,,6,WE - East Mountains,,,,,53.8,105.728,1.965,12.667,0.0,0.0,12.667,16.803,113.643,0.0,0.0,0.0,0.0,1.0,3.667,1.0,7.0,0.0,0.0,2.136,2.0
2049,large_district,6,WE - East Mountains,,,,,,,6,WE - East Mountains,,,,,54.0,105.918,1.961,12.667,0.0,0.0,12.667,16.805000000000003,114.005,0.0,0.0,0.0,0.0,1.0,3.667,1.0,7.0,0.0,0.0,2.137,2.001
2050,large_district,6,WE - East Mountains,,,,,,,6,WE - East Mountains,,,,,54.2,106.01,1.956,12.667,0.0,0.0,12.667,17.029,114.589,0.0,0.0,0.0,0.0,1.0,3.667,1.0,7.0,0.0,0.0,2.362,2.001
2051,large_district,6,WE - East Mountains,,,,,,,6,WE - East Mountains,,,,,54.4,106.098,1.95,12.667,0.0,0.0,12.667,16.895,114.815,0.0,0.0,0.0,0.0,1.0,3.667,1.0,7.0,0.0,0.0,2.227,2.001
2052,large_district,6,WE - East Mountains,,,,,,,6,WE - East Mountains,,,,,54.6,106.18599999999999,1.945,12.667,0.0,0.0,12.667,17.171,115.451,0.0,0.0,0.0,0.0,1.0,3.667,1.0,7.0,0.0,0.0,2.501,2.003
2053,large_district,6,WE - East Mountains,,,,,,,6,WE - East Mountains,,,,,54.8,106.265,1.939,12.667,0.0,0.0,12.667,16.994,115.634,0.0,0.0,0.0,0.0,1.0,3.667,1.0,7.0,0.0,0.0,2.325,2.002
2054,large_district,6,WE - East Mountains,,,,,,,6,WE - East Mountains,,,,,55.0,106.34900000000002,1.934,12.667,0.0,0.0,12.667,17.201,116.201,0.0,0.0,0.0,0.0,1.0,3.667,1.0,7.0,0.0,0.0,2.532,2.002
2055,large_district,6,WE - East Mountains,,,,,,,6,WE - East Mountains,,,,,55.2,106.42599999999999,1.928,12.667,0.0,0.0,12.667,17.117,116.477,0.0,0.0,0.0,0.0,1.0,3.667,1.0,7.0,0.0,0.0,2.448,2.003
2056,large_district,6,WE - East Mountains,,,,,,,6,WE - East Mountains,,,,,55.4,106.85499999999999,1.929,12.667,0.0,0.0,12.667,17.354,117.074,0.0,0.0,0.0,0.0,1.0,3.667,1.0,7.0,0.0,0.0,2.686,2.001
2057,large_district,6,WE - East Mountains,,,,,,,6,WE - East Mountains,,,,,55.6,107.335,1.93,12.667,0.0,0.0,12.667,17.134,117.214,0.0,0.0,0.0,0.0,1.0,3.667,1.0,7.0,0.0,0.0,2.469,1.998
2058,large_district,6,WE - East Mountains,,,,,,,6,WE - East Mountains,,,,,55.8,107.812,1.932,12.667,0.0,0.0,12.667,17.177,117.61699999999999,0.0,0.0,0.0,0.0,1.0,3.667,1.0,7.0,0.0,0.0,2.509,2.001
2059,large_district,6,WE - East Mountains,,,,,,,6,WE - East Mountains,,,,,56.0,108.292,1.934,12.667,0.0,0.0,12.667,17.215,118.015,0.0,0.0,0.0,0.0,1.0,3.667,1.0,7.0,0.0,0.0,2.5469999999999997,2.002
2060,large_district,6,WE - East Mountains,,,,,,,6,WE - East Mountains,,,,,56.2,108.765,1.935,12.667,0.0,0.0,12.667,17.262,118.42200000000001,0.0,0.0,0.0,0.0,1.0,3.667,1.0,7.0,0.0,0.0,2.596,2.0
2061,large_district,6,WE - East Mountains,,,,,,,6,WE - East Mountains,,,,,51.0,131.356,2.576,12.667,0.0,0.0,12.667,17.19,108.99000000000001,0.0,0.0,0.0,0.0,1.0,3.667,1.0,7.0,0.0,0.0,2.5229999999999997,2.001
2062,large_district,6,WE - East Mountains,,,,,,,6,WE - East Mountains,,,,,51.0,132.46200000000002,2.597,12.667,0.0,0.0,12.667,17.392000000000003,109.192,0.0,0.0,0.0,0.0,1.0,3.667,1.0,7.0,0.0,0.0,2.722,2.003
2063,large_district,6,WE - East Mountains,,,,,,,6,WE - East Mountains,,,,,51.0,133.604,2.62,12.667,0.0,0.0,12.667,17.941,109.741,0.0,0.0,0.0,0.0,1.0,3.667,1.0,7.0,0.0,0.0,2.605,2.6689999999999996
2064,large_district,6,WE - East Mountains,,,,,,,6,WE - East Mountains,,,,,51.0,134.721,2.642,12.667,0.0,0.0,12.667,18.429000000000002,110.229,0.0,0.0,0.0,0.0,1.0,3.667,1.0,7.0,0.0,0.0,2.7640000000000002,2.999
2065,large_district,6,WE - East Mountains,,,,,,,6,WE - East Mountains,,,,,51.0,135.862,2.664,12.667,0.0,0.0,12.667,18.247999999999998,110.048,0.0,0.0,0.0,0.0,1.0,3.667,1.0,7.0,0.0,0.0,2.582,3.0
2023,large_district,7,DA - GSL,,,,,,,7,DA - GSL,,,,,0.0,0.0,0,5.0,0.0,0.0,5.0,30.349,30.349,0.0,0.0,0.0,0.0,0.0,5.0,0.0,0.0,25.349,0.0,0.0,0.0
2024,large_district,7,DA - GSL,,,,,,,7,DA - GSL,,,,,0.0,0.0,0,5.0,0.0,0.0,5.0,32.166,32.166,0.0,0.0,0.0,0.0,0.0,5.0,0.0,0.0,27.166,0.0,0.0,0.0
2025,large_district,7,DA - GSL,,,,,,,7,DA - GSL,,,,,0.0,0.0,0,5.0,0.0,0.0,5.0,32.208,32.208,0.0,0.0,0.0,0.0,0.0,5.0,0.0,0.0,27.208,0.0,0.0,0.0
2026,large_district,7,DA - GSL,,,,,,,7,DA - GSL,,,,,0.0,0.0,0,5.0,0.0,0.0,5.0,33.185,33.185,0.0,0.0,0.0,0.0,0.0,5.0,0.0,0.0,28.185,0.0,0.0,0.0
2027,large_district,7,DA - GSL,,,,,,,7,DA - GSL,,,,,0.0,0.0,0,5.0,0.0,0.0,5.0,33.272,33.272,0.0,0.0,0.0,0.0,0.0,5.0,0.0,0.0,28.272,0.0,0.0,0.0
2028,large_district,7,DA - GSL,,,,,,,7,DA - GSL,,,,,0.0,0.0,0,5.0,0.0,0.0,5.0,33.522,33.522,0.0,0.0,0.0,0.0,0.0,5.0,0.0,0.0,28.522,0.0,0.0,0.0
2029,large_district,7,DA - GSL,,,,,,,7,DA - GSL,,,,,0.0,0.0,0,5.0,0.0,0.0,5.0,34.251999999999995,34.251999999999995,0.0,0.0,0.0,0.0,0.0,5.0,0.0,0.0,29.252,0.0,0.0,0.0
2030,large_district,7,DA - GSL,,,,,,,7,DA - GSL,,,,,0.0,0.0,0,5.0,0.0,0.0,5.0,34.197,34.197,0.0,0.0,0.0,0.0,0.0,5.0,0.0,0.0,29.197,0.0,0.0,0.0
2031,large_district,7,DA - GSL,,,,,,,7,DA - GSL,,,,,0.0,0.0,0,5.0,0.0,0.0,5.0,34.808,34.808,0.0,0.0,0.0,0.0,0.0,5.0,0.0,0.0,29.808,0.0,0.0,0.0
2032,large_district,7,DA - GSL,,,,,,,7,DA - GSL,,,,,0.0,0.0,0,5.0,0.0,0.0,5.0,35.527,35.527,0.0,0.0,0.0,0.0,0.0,5.0,0.0,0.0,30.527,0.0,0.0,0.0
2033,large_district,7,DA - GSL,,,,,,,7,DA - GSL,,,,,0.0,0.0,0,5.0,0.0,0.0,5.0,37.077,37.077,0.0,0.0,0.0,0.0,0.0,5.0,0.0,0.0,32.077,0.0,0.0,0.0
2034,large_district,7,DA - GSL,,,,,,,7,DA - GSL,,,,,0.0,0.0,0,5.0,0.0,0.0,5.0,38.093,38.093,0.0,0.0,0.0,0.0,0.0,5.0,0.0,0.0,33.093,0.0,0.0,0.0
2035,large_district,7,DA - GSL,,,,,,,7,DA - GSL,,,,,0.0,0.0,0,5.0,0.0,0.0,5.0,38.428,38.428,0.0,0.0,0.0,0.0,0.0,5.0,0.0,0.0,33.428,0.0,0.0,0.0
2036,large_district,7,DA - GSL,,,,,,,7,DA - GSL,,,,,0.0,0.0,0,5.0,0.0,0.0,5.0,39.355000000000004,39.355000000000004,0.0,0.0,0.0,0.0,0.0,5.0,0.0,0.0,34.355000000000004,0.0,0.0,0.0
2037,large_district,7,DA - GSL,,,,,,,7,DA - GSL,,,,,0.0,0.0,0,5.0,0.0,0.0,5.0,40.336,40.336,0.0,0.0,0.0,0.0,0.0,5.0,0.0,0.0,35.336,0.0,0.0,0.0
2038,large_district,7,DA - GSL,,,,,,,7,DA - GSL,,,,,0.0,0.0,0,5.0,0.0,0.0,5.0,42.207,42.207,0.0,0.0,0.0,0.0,0.0,5.0,0.0,0.0,37.207,0.0,0.0,0.0
2039,large_district,7,DA - GSL,,,,,,,7,DA - GSL,,,,,0.0,0.0,0,5.0,0.0,0.0,5.0,42.327,42.327,0.0,0.0,0.0,0.0,0.0,5.0,0.0,0.0,37.327,0.0,0.0,0.0
2040,large_district,7,DA - GSL,,,,,,,7,DA - GSL,,,,,0.0,0.0,0,5.0,0.0,0.0,5.0,43.336,43.336,0.0,0.0,0.0,0.0,0.0,5.0,0.0,0.0,38.336,0.0,0.0,0.0
2041,large_district,7,DA - GSL,,,,,,,7,DA - GSL,,,,,0.0,0.0,0,5.0,0.0,0.0,5.0,44.25,44.25,0.0,0.0,0.0,0.0,0.0,5.0,0.0,0.0,39.25,0.0,0.0,0.0
2042,large_district,7,DA - GSL,,,,,,,7,DA - GSL,,,,,0.0,0.0,0,5.0,0.0,0.0,5.0,45.477000000000004,45.477000000000004,0.0,0.0,0.0,0.0,0.0,5.0,0.0,0.0,40.477000000000004,0.0,0.0,0.0
2043,large_district,7,DA - GSL,,,,,,,7,DA - GSL,,,,,0.0,0.0,0,5.0,0.0,0.0,5.0,47.185,47.185,0.0,0.0,0.0,0.0,0.0,5.0,0.0,0.0,42.185,0.0,0.0,0.0
2044,large_district,7,DA - GSL,,,,,,,7,DA - GSL,,,,,0.0,0.0,0,5.0,0.0,0.0,5.0,48.12,48.12,0.0,0.0,0.0,0.0,0.0,5.0,0.0,0.0,43.12,0.0,0.0,0.0
2045,large_district,7,DA - GSL,,,,,,,7,DA - GSL,,,,,0.0,0.0,0,5.0,0.0,0.0,5.0,48.259,48.259,0.0,0.0,0.0,0.0,0.0,5.0,0.0,0.0,43.259,0.0,0.0,0.0
2046,large_district,7,DA - GSL,,,,,,,7,DA - GSL,,,,,0.0,0.0,0,5.0,0.0,0.0,5.0,50.234,50.234,0.0,0.0,0.0,0.0,0.0,5.0,0.0,0.0,45.234,0.0,0.0,0.0
2047,large_district,7,DA - GSL,,,,,,,7,DA - GSL,,,,,0.0,0.0,0,5.0,0.0,0.0,5.0,51.351,51.351,0.0,0.0,0.0,0.0,0.0,5.0,0.0,0.0,46.351,0.0,0.0,0.0
2048,large_district,7,DA - GSL,,,,,,,7,DA - GSL,,,,,0.0,0.0,0,5.0,0.0,0.0,5.0,51.314,51.314,0.0,0.0,0.0,0.0,0.0,5.0,0.0,0.0,46.314,0.0,0.0,0.0
2049,large_district,7,DA - GSL,,,,,,,7,DA - GSL,,,,,0.0,0.0,0,5.0,0.0,0.0,5.0,51.278000000000006,51.278000000000006,0.0,0.0,0.0,0.0,0.0,5.0,0.0,0.0,46.278000000000006,0.0,0.0,0.0
2050,large_district,7,DA - GSL,,,,,,,7,DA - GSL,,,,,0.0,0.0,0,5.0,0.0,0.0,5.0,51.316,51.316,0.0,0.0,0.0,0.0,0.0,5.0,0.0,0.0,46.316,0.0,0.0,0.0
2051,large_district,7,DA - GSL,,,,,,,7,DA - GSL,,,,,0.0,0.0,0,5.0,0.0,0.0,5.0,51.279,51.279,0.0,0.0,0.0,0.0,0.0,5.0,0.0,0.0,46.279,0.0,0.0,0.0
2052,large_district,7,DA - GSL,,,,,,,7,DA - GSL,,,,,0.0,0.0,0,5.0,0.0,0.0,5.0,51.28,51.28,0.0,0.0,0.0,0.0,0.0,5.0,0.0,0.0,46.28,0.0,0.0,0.0
2053,large_district,7,DA - GSL,,,,,,,7,DA - GSL,,,,,0.0,0.0,0,5.0,0.0,0.0,5.0,50.871,50.871,0.0,0.0,0.0,0.0,0.0,5.0,0.0,0.0,45.871,0.0,0.0,0.0
2054,large_district,7,DA - GSL,,,,,,,7,DA - GSL,,,,,0.0,0.0,0,5.0,0.0,0.0,5.0,50.889,50.889,0.0,0.0,0.0,0.0,0.0,5.0,0.0,0.0,45.889,0.0,0.0,0.0
2055,large_district,7,DA - GSL,,,,,,,7,DA - GSL,,,,,0.0,0.0,0,5.0,0.0,0.0,5.0,50.852999999999994,50.852999999999994,0.0,0.0,0.0,0.0,0.0,5.0,0.0,0.0,45.852999999999994,0.0,0.0,0.0
2056,large_district,7,DA - GSL,,,,,,,7,DA - GSL,,,,,0.0,0.0,0,5.0,0.0,0.0,5.0,49.887,49.887,0.0,0.0,0.0,0.0,0.0,5.0,0.0,0.0,44.887,0.0,0.0,0.0
2057,large_district,7,DA - GSL,,,,,,,7,DA - GSL,,,,,0.0,0.0,0,5.0,0.0,0.0,5.0,49.885999999999996,49.885999999999996,0.0,0.0,0.0,0.0,0.0,5.0,0.0,0.0,44.885999999999996,0.0,0.0,0.0
2058,large_district,7,DA - GSL,,,,,,,7,DA - GSL,,,,,0.0,0.0,0,5.0,0.0,0.0,5.0,49.181,49.181,0.0,0.0,0.0,0.0,0.0,5.0,0.0,0.0,44.181,0.0,0.0,0.0
2059,large_district,7,DA - GSL,,,,,,,7,DA - GSL,,,,,0.0,0.0,0,5.0,0.0,0.0,5.0,49.236000000000004,49.236000000000004,0.0,0.0,0.0,0.0,0.0,5.0,0.0,0.0,44.236000000000004,0.0,0.0,0.0
2060,large_district,7,DA - GSL,,,,,,,7,DA - GSL,,,,,0.0,0.0,0,5.0,0.0,0.0,5.0,49.236000000000004,49.236000000000004,0.0,0.0,0.0,0.0,0.0,5.0,0.0,0.0,44.236000000000004,0.0,0.0,0.0
2061,large_district,7,DA - GSL,,,,,,,7,DA - GSL,,,,,0.0,0.0,0,0.0,0.0,0.0,0.0,44.219,44.219,0.0,0.0,0.0,0.0,0.0,0.0,0.0,0.0,44.219,0.0,0.0,0.0
2062,large_district,7,DA - GSL,,,,,,,7,DA - GSL,,,,,0.0,0.0,0,0.0,0.0,0.0,0.0,44.182,44.182,0.0,0.0,0.0,0.0,0.0,0.0,0.0,0.0,44.182,0.0,0.0,0.0
2063,large_district,7,DA - GSL,,,,,,,7,DA - GSL,,,,,0.0,0.0,0,0.0,0.0,0.0,0.0,44.22,44.22,0.0,0.0,0.0,0.0,0.0,0.0,0.0,0.0,44.22,0.0,0.0,0.0
2064,large_district,7,DA - GSL,,,,,,,7,DA - GSL,,,,,0.0,0.0,0,0.0,0.0,0.0,0.0,44.239,44.239,0.0,0.0,0.0,0.0,0.0,0.0,0.0,0.0,44.239,0.0,0.0,0.0
2065,large_district,7,DA - GSL,,,,,,,7,DA - GSL,,,,,0.0,0.0,0,0.0,0.0,0.0,0.0,43.922999999999995,43.922999999999995,0.0,0.0,0.0,0.0,0.0,0.0,0.0,0.0,43.922999999999995,0.0,0.0,0.0
2023,large_district,8,Davis North,,,,,,,8,Davis North,,,,,78912.997,243892.279,3.091,123467.333,17401.0,15736.333,90330.0,137378.556,279421.947,11012.0,6389.0,9199.333,6537.0,13160.0,35665.0,11456.0,30049.0,676.318,116.616,9657.027,3461.268
2024,large_district,8,Davis North,,,,,,,8,Davis North,,,,,79483.001,242998.944,3.057,124094.334,17323.007,15805.338,90965.997,138927.572,281996.975,10931.673999999999,6391.333,9424.998,6380.3369999999995,12947.342,36617.664,11653.33,29747.665,676.118,140.352,10613.134,3403.608
2025,large_district,8,Davis North,,,,,,,8,Davis North,,,,,80813.667,244542.959,3.026,125672.337,17255.34,16163.337,92253.666,140253.13199999998,285717.733,10908.337,6347.003,9655.335,6507.997,13125.679,37006.331,12054.665,30067.0,674.499,138.976,10005.163,3762.165
2026,large_district,8,Davis North,,,,,,,8,Davis North,,,,,82419.666,246766.377,2.994,126370.00499999999,17148.007,16311.996000000001,92910.003,141398.234,289753.632,10804.674,6343.338,9772.001,6540.0,13037.337,37151.996999999996,12386.33,30334.332,670.047,142.416,10373.02,3842.775
2027,large_district,8,Davis North,,,,,,,8,Davis North,,,,,84034.331,248897.874,2.962,127124.67,17142.334,16455.002,93527.332,142292.055,293553.848,10825.335,6317.003,9862.666000000001,6592.337,12916.338,37311.998,12667.996000000001,30631.0,665.413,144.136,10435.953,3921.871
2028,large_district,8,Davis North,,,,,,,8,Davis North,,,,,85653.005,250893.908,2.929,127837.336,17065.001,16511.336,94261.001,142748.608,296924.023,10795.336,6269.674,9931.001,6580.338,13045.671,37361.33,12870.994999999999,30983.0,660.376,137.6,10115.549,3997.768
2029,large_district,8,Davis North,,,,,,,8,Davis North,,,,,87323.662,252893.054,2.896,129017.667,17019.668,16702.999,95295.005,144524.13,301706.716,10801.666,6218.006,10125.664999999999,6577.341,13244.329,37422.333,13060.326,31567.999,655.324,129.0,10638.261,4083.884
2030,large_district,8,Davis North,,,,,,,8,Davis North,,,,,89056.33,255085.846,2.864,130133.333,17001.332,16892.334,96239.664,146004.832,306306.222,10860.998,6140.3330000000005,10332.0,6560.339,13399.328,37666.334,13289.66,31884.333,649.024,126.248,10927.098,4169.144
2031,large_district,8,Davis North,,,,,,,8,Davis North,,,,,90674.996,257006.164,2.834,130552.0,16961.998,17057.670000000002,96532.337,146149.154,309364.142,10927.997,6033.999,10503.0,6554.67,13446.662,37373.003,13494.992,32217.666,644.404,126.93599999999999,10592.559,4233.257
2032,large_district,8,Davis North,,,,,,,8,Davis North,,,,,92664.329,259972.93600000002,2.806,131254.668,16924.659,17172.0,97158.001,147593.113,314388.9,10974.327,5950.336,10640.666,6531.334,13524.329,37271.337999999996,13692.33,32669.995,639.067,132.096,11246.77,4320.508
2033,large_district,8,Davis North,,,,,,,8,Davis North,,,,,94540.666,262706.84,2.779,132153.337,16935.323,17313.001,97905.006,148182.082,318355.28,11023.993,5911.336,10802.664,6510.338,13706.662,37205.998,13894.328,33097.993,635.855,138.632,10847.219,4407.036
2034,large_district,8,Davis North,,,,,,,8,Davis North,,,,,96509.005,265649.198,2.753,133983.003,17050.657,17446.670000000002,99485.66500000001,150717.589,324433.804,11090.991,5959.672,10956.0,6490.672,14049.997,37232.335,14158.996000000001,34044.332,634.774,143.792,11427.824,4528.211
2035,large_district,8,Davis North,,,,,,,8,Davis North,,,,,98621.995,269023.596,2.728,133258.668,16712.328,17353.002,99193.334,150636.963,328156.548,11025.997,5686.333,10989.995,6363.004,14304.667,37116.662000000004,14218.992,33552.997,633.0889999999999,145.512,12032.271,4567.416
2036,large_district,8,Davis North,,,,,,,8,Davis North,,,,,100996.666,273207.878,2.705,134017.669,16724.663,17340.002,99953.001,151978.958,333772.956,11049.666,5674.999,11052.998,6287.002,14609.003,37114.995,14367.997,33860.995,629.495,143.792,12521.522,4666.478
2037,large_district,8,Davis North,,,,,,,8,Davis North,,,,,103101.666,276807.513,2.685,135041.992,16776.665,17350.335,100915.001,152324.047,337907.045,11110.0,5666.6669999999995,11116.999,6233.3369999999995,14914.0,37187.669,14553.327,34259.998,628.657,142.416,11743.496000000001,4767.486
2038,large_district,8,Davis North,,,,,,,8,Davis North,,,,,105367.339,280889.214,2.666,136133.332,16820.332,17399.998,101912.998,153950.418,343611.635,11168.336,5652.002,11177.33,6222.669,15060.002,37230.002,14769.994,34852.995,622.804,142.072,12165.416,4886.802
2039,large_district,8,Davis North,,,,,,,8,Davis North,,,,,107524.34,284691.626,2.648,137303.337,16883.668,17459.329999999998,102960.336,155003.825,348547.645,11248.998,5634.669,11239.332,6219.999,15200.332,37306.668,14996.329,35456.996,622.1,141.38400000000001,11935.682,5001.326
2040,large_district,8,Davis North,,,,,,,8,Davis North,,,,,109653.663,288481.044,2.631,138507.667,16936.999,17519.333,104051.33099999999,156437.284,353813.873,11313.333,5623.667,11301.327,6218.007,15339.667000000001,37487.329,15243.667,35980.665,618.4159999999999,141.04,12055.273,5114.898
2041,large_district,8,Davis North,,,,,,,8,Davis North,,,,,111989.005,292953.018,2.616,139482.0,17028.666,17566.666,104886.663,157987.055,359567.27,11394.997,5633.665,11357.0,6209.669,15468.668,37468.998,15450.327,36498.668,613.234,141.04,12512.506,5238.264
2042,large_district,8,Davis North,,,,,,,8,Davis North,,,,,114267.996,297307.197,2.602,140550.998,17067.333,17613.999,105869.666,159091.458,364773.846,11446.332,5621.001,11406.332999999999,6207.663,15646.329,37560.665,15631.662,37031.0,609.538,142.072,12417.635,5371.215
2043,large_district,8,Davis North,,,,,,,8,Davis North,,,,,116570.001,301781.021,2.589,141640.662,17155.666,17649.996,106835.003,160328.057,370154.06,11523.669,5632.001,11440.333,6209.665,15805.669,37659.665,15814.327,37555.335,609.0,143.10399999999998,12439.285,5495.998
2044,large_district,8,Davis North,,,,,,,8,Davis North,,,,,118734.666,305974.954,2.577,142770.006,17240.334,17685.332,107844.333,161539.487,375261.885,11590.667,5649.667,11477.664,6207.666,15987.667,37757.67,16015.662,38083.339,610.38,142.072,12402.817000000001,5614.22
2045,large_district,8,Davis North,,,,,,,8,Davis North,,,,,120736.003,309815.406,2.566,144202.338,17392.332,17755.334,109054.667,162988.019,380312.828,11711.33,5680.999,11529.001,6226.3279999999995,16181.994,37881.667,16253.665,38737.328,612.342,141.38400000000001,12301.067,5730.886
2046,large_district,8,Davis North,,,,,,,8,Davis North,,,,,122708.336,313588.543,2.556,145739.0,17506.666,17841.999,110390.339,164699.115,385574.123,11810.33,5696.334,11590.663999999999,6251.334,16468.999,38003.997,16505.998,39411.331,615.519,141.38400000000001,12348.325,5854.879
2047,large_district,8,Davis North,,,,,,,8,Davis North,,,,,124914.669,318077.739,2.546,147231.336,17694.667,17922.333,111614.334,166268.385,391114.792,11962.33,5732.333,11658.328,6263.996,16809.334,38130.334,16757.999,39916.668,619.373,141.38400000000001,12286.192000000001,5990.112
2048,large_district,8,Davis North,,,,,,,8,Davis North,,,,,127273.002,323105.12,2.539,148413.008,17801.668,17977.664,112633.664,167678.077,396769.483,12056.336,5745.334,11715.335,6262.329,17120.33,38237.664,16958.665,40316.994,618.546,142.76,12368.179,6135.592
2049,large_district,8,Davis North,,,,,,,8,Davis North,,,,,129826.995,328595.454,2.531,149692.005,17965.994,18036.333,113689.666,169699.305,403387.89,12184.332,5781.667,11779.669,6256.6630000000005,17442.992000000002,38363.662000000004,17178.333,40704.664,616.697,143.448,12956.954,6290.194
2050,large_district,8,Davis North,,,,,,,8,Davis North,,,,,132122.998,333199.836,2.522,150740.335,18009.997,18074.334,114655.998,172682.895,410504.289,12205.333,5804.667,11815.665,6258.665,17724.994,38546.667,17332.662,41051.667,615.2,144.48,14746.098,6436.768
2051,large_district,8,Davis North,,,,,,,8,Davis North,,,,,134740.664,338671.004,2.514,151661.005,18140.333,18139.333,115381.33200000001,172528.749,415061.941,12307.001,5833.332,11887.996000000001,6251.335,17953.996,38562.671,17495.663,41369.0,614.361,144.824,13524.807999999999,6583.731
2052,large_district,8,Davis North,,,,,,,8,Davis North,,,,,137101.329,343455.487,2.505,152592.332,18265.337,18188.995,116137.996,173612.763,420395.15,12399.668,5865.666,11944.665,6244.339,18153.659,38646.667,17663.329,41674.331,613.695,145.856,13535.48,6725.392
2053,large_district,8,Davis North,,,,,,,8,Davis North,,,,,139566.664,348409.59,2.496,153595.001,18422.334,18245.666,116927.004,175022.001,426241.993,12507.34,5914.999,11998.329,6247.335,18305.662,38734.329,17797.994,42089.003,611.3679999999999,146.544,13805.453,6863.607
2054,large_district,8,Davis North,,,,,,,8,Davis North,,,,,142142.0,353522.356,2.487,154356.664,18529.337,18277.33,117550.0,176488.02,432343.62,12602.002,5927.333,12043.664999999999,6233.667,18443.33,38822.998999999996,17923.989,42359.667,611.3,147.232,14357.392,7015.439
2055,large_district,8,Davis North,,,,,,,8,Davis North,,,,,143533.998,357796.537,2.493,155108.997,18627.33,18316.664,118165.0,178057.549,436418.743,12696.666,5930.667,12084.995,6231.663,18564.667,38903.002,18051.325,42645.998,608.791,147.232,15046.959,7145.567
2056,large_district,8,Davis North,,,,,,,8,Davis North,,,,,144057.998,361387.602,2.509,156128.004,18754.666,18359.333,119014.00200000001,179017.229,438321.623,12798.664999999999,5956.0,12123.332,6235.995,18701.994,38991.666,18236.331,43083.998999999996,606.973,145.512,14884.383,7252.356
2057,large_district,8,Davis North,,,,,,,8,Davis North,,,,,144523.331,364384.966,2.521,157191.334,18892.665,18413.334,119885.332,179758.397,439900.39,12923.668,5969.001,12173.669,6239.66,18858.662,39086.665,18444.995,43495.001,605.971,142.416,14473.829,7344.861
2058,large_district,8,Davis North,,,,,,,8,Davis North,,,,,144853.997,367624.251,2.538,158530.005,18978.332,18463.001,121088.667,181552.78100000002,442289.972,13009.333,5969.001,12222.332,6240.662,19092.996,39174.33,18688.335,44132.995,603.124,139.32,14834.016,7446.306
2059,large_district,8,Davis North,,,,,,,8,Davis North,,,,,145302.998,371233.9,2.555,159107.666,18985.334,18506.002,121616.34,182690.184,444235.578,13044.336,5941.001,12271.998,6233.996,19218.996,39222.664,18842.997,44331.666,601.199,136.912,15287.659,7556.732
2060,large_district,8,Davis North,,,,,,,8,Davis North,,,,,145525.998,374513.025,2.574,159667.996,19013.662,18543.332,122110.999,183050.461,444997.255,13085.335,5928.3369999999995,12321.332,6221.996,19337.331,39356.338,18906.332,44510.996,599.874,135.192,14994.465,7652.915
2061,large_district,8,Davis North,,,,,,,8,Davis North,,,,,145784.664,377963.146,2.593,160168.995,19033.334,18575.663,122559.992,183831.278,446243.67,13119.669,5913.666,12364.664,6210.998,19444.33,39236.675,19173.998,44705.0,599.305,134.50400000000002,15184.905,7743.574
2062,large_district,8,Davis North,,,,,,,8,Davis North,,,,,146324.664,381520.637,2.607,160724.666,19036.003,18613.337,123075.332,184593.161,447977.553,13147.672,5888.335,12416.664,6196.667,19555.995,39270.671,19317.0,44931.661,597.8,133.816,15292.518,7844.356
2063,large_district,8,Davis North,,,,,,,8,Davis North,,,,,147160.331,385252.824,2.618,161362.0,19063.67,18669.333,123629.005,185551.474,450440.067,13194.335,5869.336,12474.664,6194.667,19662.998,39306.340000000004,19462.0,45197.669,597.3,133.472,15504.734,7953.966
2064,large_district,8,Davis North,,,,,,,8,Davis North,,,,,147398.664,388648.542,2.637,161969.662,19104.004,18703.665,124161.998,185930.258,451247.85,13246.668,5857.335,12522.328,6181.334,19764.997,39347.672,19614.333,45434.997,596.202,132.784,15177.942000000001,8053.647
2065,large_district,8,Davis North,,,,,,,8,Davis North,,,,,147623.998,391935.839,2.655,162561.66700000002,19139.67,18741.666,124680.325,186438.764,452161.958,13293.669,5846.001,12574.326000000001,6167.334,19862.325,39383.67,19763.332,45671.004,595.138,132.784,14997.349,8151.835
2023,large_district,9,Davis South,,,,,,,9,Davis South,,,,,43396.001,131018.989,3.019,76442.665,16448.999,12182.666,47811.0,84065.219,162178.022,10686.999,5762.0,5014.666,7168.0,6358.0,7444.0,6894.0,27115.0,170.347,222.38400000000001,5327.108,1902.713
2024,large_district,9,Davis South,,,,,,,9,Davis South,,,,,44561.998,133056.794,2.986,76791.67,16390.0,12223.668,48177.999,83603.84,163815.434,10606.334,5783.666,5212.995,7010.671,6255.672,8060.334,7027.665,26834.337,169.7,267.648,4460.436000000001,1914.39
2025,large_district,9,Davis South,,,,,,,9,Davis South,,,,,45583.339,134408.543,2.949,77469.667,16339.67,12264.665,48865.335,85369.859,167419.876,10585.669,5754.0019999999995,5152.664,7112.001,6235.334,8206.664,7338.333,27085.002,167.283,265.024,5345.037,2122.8450000000003
2026,large_district,9,Davis South,,,,,,,9,Davis South,,,,,46297.332,134704.92,2.91,77520.003,16241.001,12195.0,49084.002,85224.783,168559.979,10489.335,5751.669,5060.999,7134.002,6117.67,8158.001,7547.668,27260.67,169.776,271.58399999999995,5107.17,2156.274
2027,large_district,9,Davis South,,,,,,,9,Davis South,,,,,47033.668,134981.22,2.87,77786.335,16260.669,12182.996,49342.668,85646.884,170307.488,10536.667,5724.0,5009.332,7173.665,6054.668,8076.0019999999995,7751.003,27461.001,170.308,274.86400000000003,5221.254,2194.119
2028,large_district,9,Davis South,,,,,,,9,Davis South,,,,,47816.998,135420.863,2.832,77751.668,16188.003,12135.664,49428.003,86187.87299999999,172258.467,10502.666,5685.3369999999995,4975.001,7160.664,5882.336,7986.667,7872.002,27687.001,168.114,262.4,5775.459,2230.238
2029,large_district,9,Davis South,,,,,,,9,Davis South,,,,,48608.329,136000.855,2.798,77714.337,16159.332,12078.998,49476.0,85929.545,173424.532,10528.332,5631.003,4920.33,7158.665,5763.666,7917.669,7997.664,27796.998,166.428,246.0,5532.333,2270.448
2030,large_district,9,Davis South,,,,,,,9,Davis South,,,,,49434.663,136670.623,2.765,77966.672,16213.666,12056.662,49696.337,86146.834,175129.223,10645.0,5568.664,4917.997,7138.665,5714.667,7858.669,8124.334,27998.669,167.788,240.752,5457.436,2314.198
2031,large_district,9,Davis South,,,,,,,9,Davis South,,,,,50463.335,137919.068,2.733,78111.99799999999,16247.0,12058.331,49806.668,86782.444,177616.449,10773.997,5472.996,4938.997,7119.332,5735.336,7764.001,8242.999,28064.332,167.79500000000002,242.06400000000002,5902.852,2357.737
2032,large_district,9,Davis South,,,,,,,9,Davis South,,,,,51203.664,138451.384,2.704,78293.333,16264.334,12044.999,49984.004,86491.151,178657.743,10862.671,5401.664,4953.33,7091.666,5728.668,7683.671,8361.664,28209.998,167.391,251.904,5392.359,2386.159
2033,large_district,9,Davis South,,,,,,,9,Davis South,,,,,52133.669,139536.154,2.677,78538.673,16320.669,12001.998,50215.998999999996,87429.883,181270.49,10944.003,5376.664,4942.331,7059.664,5700.333,7622.999,8470.664,28421.998,171.064,264.368,6024.506,2431.287
2034,large_district,9,Davis South,,,,,,,9,Davis South,,,,,53038.667,140694.359,2.653,79362.997,16757.334,11959.33,50646.33,88127.579,183597.18,11068.001,5689.329,4926.999,7032.329,5655.999,7573.666,8598.0,28818.671,173.139,274.20799999999997,5827.777,2489.462
2035,large_district,9,Davis South,,,,,,,9,Davis South,,,,,53822.669,141598.777,2.631,78249.335,16463.664,11905.005,49880.667,86521.871,183402.67799999999,11022.0,5441.669,5002.998,6901.999,5582.334,7491.331,8617.998,28188.999,173.489,277.488,5332.323,2489.244
2036,large_district,9,Davis South,,,,,,,9,Davis South,,,,,54334.333,141786.559,2.61,78389.338,16547.339,11973.002,49868.998999999996,86384.867,184186.666,11086.335,5461.003,5153.999,6818.999,5506.001,7431.995,8695.998,28235.004,175.14000000000001,274.20799999999997,5035.997,2510.188
2037,large_district,9,Davis South,,,,,,,9,Davis South,,,,,55140.337,142774.093,2.589,78841.004,16736.334,12082.665,50021.997,87780.859,187033.47,11213.0,5523.333,5313.997,6768.666,5408.003,7380.331,8785.664,28447.999,176.011,271.58399999999995,5943.093,2549.18
2038,large_district,9,Davis South,,,,,,,9,Davis South,,,,,55817.993,143508.464,2.571,79658.666,16922.668,12196.001,50540.0,88298.616,188770.995,11364.663,5558.0,5451.666,6744.329,5471.001,7425.999,8888.995,28753.996,178.99099999999999,270.928,5602.486,2587.546
2039,large_district,9,Davis South,,,,,,,9,Davis South,,,,,56626.998999999996,144726.324,2.556,80532.666,17152.334,12293.668,51086.667,89570.144,191498.741,11531.0,5621.336,5576.664,6717.001,5526.67,7512.334,8977.666,29070.004,179.571,269.616,5952.605,2635.689
2040,large_district,9,Davis South,,,,,,,9,Davis South,,,,,57432.67,146043.923,2.543,81532.332,17384.0,12389.668,51758.662,90573.679,193952.489,11711.666,5672.337,5690.667,6698.998,5590.335,7690.669,9069.328,29408.333000000002,182.251,268.96,5910.038,2680.11
2041,large_district,9,Davis South,,,,,,,9,Davis South,,,,,57977.337999999996,146659.951,2.53,82329.004,17628.338,12495.333,52205.334,90985.057,195344.271,11900.999,5727.335,5797.998,6697.33,5644.336,7689.004,9167.668,29704.336,185.513,268.96,5489.845,2711.735
2042,large_district,9,Davis South,,,,,,,9,Davis South,,,,,58531.001000000004,147382.104,2.518,83248.001,17869.668,12606.997,52771.332,92097.41,197453.213,12088.669,5781.004,5901.67,6705.331,5726.669,7785.3330000000005,9272.33,29987.0,186.99,270.928,5646.703,2744.777
2043,large_district,9,Davis South,,,,,,,9,Davis South,,,,,59015.668,148006.537,2.508,84062.33499999999,18092.334,12690.997,53279.0,92995.135,199223.339,12264.335000000001,5828.002,5984.666,6706.334,5790.336,7909.334,9350.664,30228.67,186.81,272.896,5691.095,2782.004
2044,large_district,9,Davis South,,,,,,,9,Davis South,,,,,59633.995,149004.354,2.499,84902.996,18291.667999999998,12778.666,53832.672,93950.832,201292.017,12438.333,5853.332,6065.334,6713.332,5862.334,8046.333,9437.329,30486.666,183.505,270.928,5775.621,2817.778
2045,large_district,9,Davis South,,,,,,,9,Davis South,,,,,60422.663,150481.585,2.49,85521.662,18467.668,12864.665,54189.331,94846.145,203606.934,12590.666000000001,5877.001,6167.002,6697.6630000000005,5917.0,8184.334,9504.328,30583.665,180.4,269.616,6003.34,2871.111
2046,large_district,9,Davis South,,,,,,,9,Davis South,,,,,61253.333,152154.092,2.484,86000.996,18647.329,12932.993,54420.662,95547.11,205803.109,12744.664,5902.669,6260.33,6672.666,5942.006,8338.997,9554.999,30584.664,175.237,269.616,6180.141,2921.112
2047,large_district,9,Davis South,,,,,,,9,Davis South,,,,,61884.0,153240.51499999998,2.476,86529.676,18777.332,12997.663,54754.667,96480.988,207872.188,12868.663,5908.669,6342.662,6655.001,5968.67,8494.665,9596.998,30694.331,169.285,269.616,6542.535,2969.885
2048,large_district,9,Davis South,,,,,,,9,Davis South,,,,,62383.671,153868.739,2.466,87267.004,18981.333,13088.336,55197.333,97528.098,209818.711,13034.664999999999,5946.669,6441.661,6646.666,6038.666,8675.335,9666.33,30817.002,169.15,272.24,6814.297,3005.41
2049,large_district,9,Davis South,,,,,,,9,Davis South,,,,,62698.668,154052.972,2.457,87878.007,19136.001,13177.666,55564.337,97985.708,210843.312,13167.664999999999,5968.335,6537.332,6640.332,6093.0019999999995,8829.332,9719.662,30922.335,169.01399999999998,273.552,6629.34,3035.805
2050,large_district,9,Davis South,,,,,,,9,Davis South,,,,,63280.668,155080.196,2.451,88919.673,19424.0,13289.663,56205.998,97716.636,211621.84,13417.667,6006.335,6662.333,6627.332,6158.999,9135.335,9830.331,31081.33,168.485,275.52,5267.745,3085.226
2051,large_district,9,Davis South,,,,,,,9,Davis South,,,,,63520.0,155102.624,2.442,89370.009,19564.667,13363.664999999999,56441.664,99817.522,214153.522,13548.0,6016.667,6758.995,6604.664,6210.001,9163.333,9893.333,31174.997,168.34799999999998,276.176,6898.731,3104.266
2052,large_district,9,Davis South,,,,,,,9,Davis South,,,,,63996.336,155646.757,2.432,89888.669,19696.665,13438.997,56753.001,100752.375,215945.783,13675.332,6021.333,6855.33,6583.663,6241.338,9332.332,9932.666,31246.663,168.014,278.144,7278.9400000000005,3138.605
2053,large_district,9,Davis South,,,,,,,9,Davis South,,,,,64360.003,155888.302,2.422,90272.0,19779.667,13489.332,57003.002,101280.259,217128.268,13772.668,6006.997,6928.664,6560.664,6265.338,9500.668,9988.999,31248.0,167.743,279.456,7396.674,3164.384
2054,large_district,9,Davis South,,,,,,,9,Davis South,,,,,64629.669,155883.187,2.412,90788.334,19901.668,13547.664999999999,57339.001,101676.288,218009.695,13883.002,6018.664,6999.329,6548.329,6292.669,9661.003,10042.997,31342.331,167.815,280.76800000000003,7251.817,3187.55
2055,large_district,9,Davis South,,,,,,,9,Davis South,,,,,64773.669,156660.409,2.419,91244.001,20018.664,13590.332,57635.004,101895.912,218488.519,13981.332,6037.33,7055.996,6534.332,6316.333,9819.002,10074.662,31424.997,167.345,280.76800000000003,6981.363,3222.44
2056,large_district,9,Davis South,,,,,,,9,Davis South,,,,,64946.669,158069.08,2.434,91410.005,20028.334,13617.664,57763.999,102543.966,219447.973,14014.328,6013.996,7093.662,6523.997,6316.0019999999995,9959.333,10099.664,31388.994,167.149,277.488,7415.699,3273.637
2057,large_district,9,Davis South,,,,,,,9,Davis South,,,,,65523.003,160019.707,2.442,91342.67,19967.332,13635.666,57739.666,103114.939,221056.348,13985.332,5982.0,7133.331,6502.329,6300.334,10064.335,10077.998,31296.994,167.15099999999998,271.58399999999995,7997.393,3336.145
2058,large_district,9,Davis South,,,,,,,9,Davis South,,,,,65819.004,161673.134,2.456,90921.996,19954.666,13658.999,57308.337,102495.072,220969.284,13991.666,5963.002,7178.664,6480.331,6211.002,10148.669,10019.662,30928.99,166.681,265.68,7754.023,3386.681
2059,large_district,9,Davis South,,,,,,,9,Davis South,,,,,65849.669,162924.114,2.474,91194.335,20008.667,13690.001,57495.667,102424.673,220954.08,14042.668,5966.003,7224.999,6464.999,6225.004,10239.337,10055.998,30975.329,166.556,261.08799999999997,7380.437,3422.265
2060,large_district,9,Davis South,,,,,,,9,Davis South,,,,,66040.335,164499.586,2.491,91595.0,20020.331000000002,13724.666,57850.001000000004,103214.287,222086.892,14070.667,5949.667,7269.66,6454.999,6242.669,10435.666,10162.669,31008.994,164.881,257.808,7724.508,3472.08
2061,large_district,9,Davis South,,,,,,,9,Davis South,,,,,66105.669,165909.99,2.51,91610.999,20048.667,13764.331,57798.003,103118.492,222108.699,14113.336000000001,5935.333,7321.332,6443.001,6263.671,10406.337,10070.999,31056.997,164.482,256.496,7571.077,3515.442
2062,large_district,9,Davis South,,,,,,,9,Davis South,,,,,66211.00200000001,167204.2,2.525,91865.332,20101.0,13803.668,57960.67,103330.712,222510.518,14167.334,5933.666,7369.327,6434.332,6277.004,10465.336,10107.002999999999,31111.329,164.01,255.18400000000003,7497.5380000000005,3548.645
2063,large_district,9,Davis South,,,,,,,9,Davis South,,,,,66341.668,168312.025,2.537,92035.0,20133.334,13827.667,58074.001,103356.439,222771.443,14205.665,5927.67,7412.331,6415.332,6290.002,10519.668,10141.003,31123.33,163.48,254.52800000000002,7317.412,3586.029
2064,large_district,9,Davis South,,,,,,,9,Davis South,,,,,66432.335,169752.854,2.555,92240.328,20159.001,13871.335,58210.001000000004,103961.492,223539.697,14244.328,5914.667,7465.662,6405.664,6303.001,10571.335,10170.667,31164.998,163.547,253.216,7673.046,3631.343
2065,large_district,9,Davis South,,,,,,,9,Davis South,,,,,66618.669,171310.104,2.572,92465.333,20191.334,13915.332,58358.666,104438.307,224351.914,14291.33,5900.001,7516.666,6398.665,6318.668,10626.336,10205.669,31207.999,162.95,253.216,7879.645,3677.1620000000003
