year,geography_type,geography_id,geography_name,taz_id,CO_TAZID,CO_FIPS,CO_NAME,CITY_FIPS,CITY_NAME,DISTLRG,DLRG_NAME,DISTMED,DMED_NAME,DISTSML,DSML_NAME,TOTHH,HHPOP,HHSIZE,TOTEMP,RETEMP,INDEMP,OTHEMP,ALLEMP,RETL,FOOD,MANU,WSLE,OFFI,GVED,HLTH,OTHR,FM_AGRI,FM_MING,FM_CONS,HBJ
2023,medium_district,1,North of Brigham City,,,,,,,,,1,North of Brigham City,,,437.0,1402.0,3.208,607.0,32.0,500.0,75.0,932.0,32.0,0.0,106.0,394.0,36.0,0.0,2.0,37.0,262.0,0.0,40.0,23.0
2024,medium_district,1,North of Brigham City,,,,,,,,,1,North of Brigham City,,,443.0,1410.0,3.183,606.0,34.0,499.0,73.0,933.0,34.0,0.0,99.0,400.0,37.0,0.0,2.0,34.0,260.0,0.0,44.0,23.0
2025,medium_district,1,North of Brigham City,,,,,,,,,1,North of Brigham City,,,451.0,1422.0,3.153,625.0,34.0,517.0,74.0,955.0,34.0,0.0,101.0,416.0,38.0,0.0,2.0,34.0,260.0,0.0,46.0,24.0
2026,medium_district,1,North of Brigham City,,,,,,,,,1,North of Brigham City,,,458.0,1433.0,3.129,640.0,34.0,531.0,75.0,973.0,34.0,0.0,102.0,429.0,37.0,0.0,2.0,36.0,260.0,0.0,49.0,24.0
2027,medium_district,1,North of Brigham City,,,,,,,,,1,North of Brigham City,,,469.0,1444.0,3.079,651.0,34.0,541.0,76.0,985.0,34.0,0.0,103.0,438.0,37.0,0.0,2.0,37.0,260.0,0.0,50.0,24.0
2028,medium_district,1,North of Brigham City,,,,,,,,,1,North of Brigham City,,,476.0,1454.0,3.055,661.0,34.0,551.0,76.0,997.0,34.0,0.0,103.0,448.0,37.0,0.0,2.0,37.0,259.0,0.0,53.0,24.0
2029,medium_district,1,North of Brigham City,,,,,,,,,1,North of Brigham City,,,485.0,1466.0,3.023,672.0,34.0,562.0,76.0,1009.0,34.0,0.0,105.0,457.0,37.0,0.0,2.0,37.0,258.0,0.0,53.0,26.0
2030,medium_district,1,North of Brigham City,,,,,,,,,1,North of Brigham City,,,496.0,1475.0,2.974,684.0,35.0,572.0,77.0,1022.0,35.0,0.0,107.0,465.0,37.0,0.0,2.0,38.0,258.0,0.0,54.0,26.0
2031,medium_district,1,North of Brigham City,,,,,,,,,1,North of Brigham City,,,504.0,1490.0,2.956,695.0,36.0,582.0,77.0,1034.0,36.0,0.0,110.0,472.0,37.0,0.0,2.0,38.0,256.0,0.0,55.0,28.0
2032,medium_district,1,North of Brigham City,,,,,,,,,1,North of Brigham City,,,513.0,1503.0,2.93,703.0,36.0,590.0,77.0,1043.0,36.0,0.0,111.0,479.0,37.0,0.0,2.0,38.0,256.0,0.0,56.0,28.0
2033,medium_district,1,North of Brigham City,,,,,,,,,1,North of Brigham City,,,521.0,1513.0,2.904,712.0,36.0,597.0,79.0,1055.0,36.0,0.0,112.0,485.0,38.0,0.0,2.0,39.0,257.0,0.0,57.0,29.0
2034,medium_district,1,North of Brigham City,,,,,,,,,1,North of Brigham City,,,532.0,1531.0,2.878,710.0,36.0,595.0,79.0,1052.0,36.0,0.0,113.0,482.0,38.0,0.0,2.0,39.0,256.0,0.0,57.0,29.0
2035,medium_district,1,North of Brigham City,,,,,,,,,1,North of Brigham City,,,542.0,1543.0,2.847,702.0,36.0,586.0,80.0,1045.0,36.0,0.0,114.0,472.0,39.0,0.0,2.0,39.0,257.0,0.0,57.0,29.0
2036,medium_district,1,North of Brigham City,,,,,,,,,1,North of Brigham City,,,551.0,1556.0,2.824,695.0,36.0,579.0,80.0,1039.0,36.0,0.0,115.0,464.0,39.0,0.0,2.0,39.0,258.0,0.0,57.0,29.0
2037,medium_district,1,North of Brigham City,,,,,,,,,1,North of Brigham City,,,563.0,1572.0,2.792,694.0,36.0,576.0,82.0,1040.0,36.0,0.0,117.0,459.0,40.0,0.0,2.0,40.0,259.0,0.0,57.0,30.0
2038,medium_district,1,North of Brigham City,,,,,,,,,1,North of Brigham City,,,572.0,1588.0,2.776,693.0,36.0,575.0,82.0,1039.0,36.0,0.0,118.0,457.0,40.0,0.0,2.0,40.0,259.0,0.0,57.0,30.0
2039,medium_district,1,North of Brigham City,,,,,,,,,1,North of Brigham City,,,580.0,1605.0,2.767,694.0,38.0,573.0,83.0,1041.0,38.0,0.0,119.0,454.0,40.0,0.0,2.0,41.0,260.0,0.0,57.0,30.0
2040,medium_district,1,North of Brigham City,,,,,,,,,1,North of Brigham City,,,593.0,1623.0,2.737,694.0,38.0,572.0,84.0,1042.0,38.0,0.0,120.0,452.0,41.0,0.0,2.0,41.0,260.0,0.0,57.0,31.0
2041,medium_district,1,North of Brigham City,,,,,,,,,1,North of Brigham City,,,601.0,1638.0,2.725,691.0,38.0,568.0,85.0,1039.0,38.0,0.0,120.0,448.0,41.0,0.0,2.0,42.0,260.0,0.0,57.0,31.0
2042,medium_district,1,North of Brigham City,,,,,,,,,1,North of Brigham City,,,612.0,1655.0,2.704,694.0,38.0,570.0,86.0,1045.0,38.0,0.0,122.0,448.0,41.0,0.0,2.0,43.0,260.0,0.0,57.0,34.0
2043,medium_district,1,North of Brigham City,,,,,,,,,1,North of Brigham City,,,621.0,1675.0,2.697,691.0,38.0,566.0,87.0,1042.0,38.0,0.0,122.0,444.0,42.0,0.0,2.0,43.0,260.0,0.0,57.0,34.0
2044,medium_district,1,North of Brigham City,,,,,,,,,1,North of Brigham City,,,632.0,1689.0,2.672,692.0,39.0,566.0,87.0,1043.0,39.0,0.0,123.0,443.0,42.0,0.0,2.0,43.0,260.0,0.0,57.0,34.0
2045,medium_district,1,North of Brigham City,,,,,,,,,1,North of Brigham City,,,640.0,1711.0,2.673,693.0,39.0,565.0,89.0,1045.0,39.0,0.0,124.0,441.0,43.0,0.0,2.0,44.0,261.0,0.0,57.0,34.0
2046,medium_district,1,North of Brigham City,,,,,,,,,1,North of Brigham City,,,651.0,1727.0,2.653,694.0,40.0,565.0,89.0,1046.0,40.0,0.0,125.0,440.0,43.0,0.0,2.0,44.0,260.0,0.0,57.0,35.0
2047,medium_district,1,North of Brigham City,,,,,,,,,1,North of Brigham City,,,663.0,1749.0,2.638,692.0,40.0,562.0,90.0,1045.0,40.0,0.0,125.0,437.0,44.0,0.0,2.0,44.0,260.0,0.0,58.0,35.0
2048,medium_district,1,North of Brigham City,,,,,,,,,1,North of Brigham City,,,673.0,1765.0,2.623,692.0,40.0,562.0,90.0,1047.0,40.0,0.0,126.0,436.0,44.0,0.0,2.0,44.0,261.0,0.0,59.0,35.0
2049,medium_district,1,North of Brigham City,,,,,,,,,1,North of Brigham City,,,683.0,1788.0,2.618,692.0,40.0,561.0,91.0,1049.0,40.0,0.0,127.0,434.0,45.0,0.0,2.0,44.0,261.0,0.0,60.0,36.0
2050,medium_district,1,North of Brigham City,,,,,,,,,1,North of Brigham City,,,694.0,1808.0,2.605,692.0,40.0,560.0,92.0,1051.0,40.0,0.0,128.0,432.0,46.0,0.0,2.0,44.0,261.0,0.0,62.0,36.0
2051,medium_district,1,North of Brigham City,,,,,,,,,1,North of Brigham City,,,705.0,1829.0,2.594,692.0,41.0,558.0,93.0,1051.0,41.0,0.0,129.0,429.0,46.0,0.0,2.0,45.0,260.0,0.0,63.0,36.0
2052,medium_district,1,North of Brigham City,,,,,,,,,1,North of Brigham City,,,715.0,1846.0,2.582,691.0,41.0,557.0,93.0,1051.0,41.0,0.0,129.0,428.0,46.0,0.0,2.0,45.0,260.0,0.0,64.0,36.0
2053,medium_district,1,North of Brigham City,,,,,,,,,1,North of Brigham City,,,727.0,1865.0,2.565,691.0,41.0,555.0,95.0,1056.0,41.0,0.0,130.0,425.0,47.0,0.0,2.0,46.0,260.0,0.0,66.0,39.0
2054,medium_district,1,North of Brigham City,,,,,,,,,1,North of Brigham City,,,736.0,1881.0,2.556,691.0,42.0,554.0,95.0,1059.0,42.0,0.0,131.0,423.0,47.0,0.0,2.0,46.0,260.0,0.0,68.0,40.0
2055,medium_district,1,North of Brigham City,,,,,,,,,1,North of Brigham City,,,747.0,1901.0,2.545,690.0,42.0,554.0,94.0,1057.0,42.0,0.0,131.0,423.0,47.0,0.0,2.0,45.0,258.0,0.0,69.0,40.0
2056,medium_district,1,North of Brigham City,,,,,,,,,1,North of Brigham City,,,758.0,1916.0,2.528,688.0,42.0,551.0,95.0,1060.0,42.0,0.0,131.0,420.0,47.0,0.0,2.0,46.0,258.0,0.0,72.0,42.0
2057,medium_district,1,North of Brigham City,,,,,,,,,1,North of Brigham City,,,768.0,1935.0,2.52,688.0,42.0,551.0,95.0,1060.0,42.0,0.0,132.0,419.0,47.0,0.0,2.0,46.0,258.0,0.0,69.0,45.0
2058,medium_district,1,North of Brigham City,,,,,,,,,1,North of Brigham City,,,778.0,1950.0,2.506,688.0,42.0,550.0,96.0,1062.0,42.0,0.0,132.0,418.0,48.0,0.0,2.0,46.0,257.0,0.0,72.0,45.0
2059,medium_district,1,North of Brigham City,,,,,,,,,1,North of Brigham City,,,791.0,1968.0,2.488,686.0,42.0,548.0,96.0,1061.0,42.0,0.0,132.0,416.0,48.0,0.0,2.0,46.0,257.0,0.0,73.0,45.0
2060,medium_district,1,North of Brigham City,,,,,,,,,1,North of Brigham City,,,803.0,1988.0,2.476,684.0,42.0,546.0,96.0,1058.0,42.0,0.0,133.0,413.0,48.0,0.0,2.0,46.0,256.0,0.0,73.0,45.0
2061,medium_district,1,North of Brigham City,,,,,,,,,1,North of Brigham City,,,816.0,2002.0,2.453,684.0,42.0,546.0,96.0,1058.0,42.0,0.0,133.0,413.0,48.0,0.0,2.0,46.0,255.0,0.0,74.0,45.0
2062,medium_district,1,North of Brigham City,,,,,,,,,1,North of Brigham City,,,820.0,2020.0,2.463,683.0,42.0,545.0,96.0,1056.0,42.0,0.0,134.0,411.0,48.0,0.0,2.0,46.0,255.0,0.0,74.0,44.0
2063,medium_district,1,North of Brigham City,,,,,,,,,1,North of Brigham City,,,834.0,2035.0,2.44,682.0,43.0,543.0,96.0,1058.0,43.0,0.0,134.0,409.0,48.0,0.0,2.0,46.0,254.0,0.0,76.0,46.0
2064,medium_district,1,North of Brigham City,,,,,,,,,1,North of Brigham City,,,845.0,2055.0,2.432,680.0,42.0,542.0,96.0,1052.0,42.0,0.0,134.0,408.0,48.0,0.0,2.0,46.0,254.0,0.0,76.0,42.0
2065,medium_district,1,North of Brigham City,,,,,,,,,1,North of Brigham City,,,856.0,2069.0,2.417,679.0,42.0,540.0,97.0,1055.0,42.0,0.0,135.0,405.0,48.0,0.0,2.0,47.0,253.0,0.0,77.0,46.0
2023,medium_district,10,North Ogden,,,,,,,,,10,North Ogden,,,25516.0,73308.861,2.873,30640.0,5751.0,9793.0,15096.0,34379.21,3420.0,2331.0,6424.0,3369.0,1545.0,4259.0,1736.0,7556.0,150.478,0.0,2587.02,1001.716
2024,medium_district,10,North Ogden,,,,,,,,,10,North Ogden,,,25646.0,73197.936,2.854,31043.0,5693.0,10012.0,15338.0,34088.097,3355.0,2338.0,6555.0,3457.0,1422.0,4479.0,1753.0,7684.0,147.192,0.0,1903.907,994.0
2025,medium_district,10,North Ogden,,,,,,,,,10,North Ogden,,,25954.0,73518.297,2.833,31337.0,5688.0,10104.0,15545.0,35290.106999999996,3356.0,2332.0,6558.0,3546.0,1425.0,4528.0,1828.0,7764.0,146.291,0.0,2714.015,1092.807
2026,medium_district,10,North Ogden,,,,,,,,,10,North Ogden,,,26237.0,73707.254,2.809,31484.0,5673.0,10132.0,15679.0,35197.942,3336.0,2337.0,6563.0,3569.0,1413.0,4561.0,1880.0,7825.0,146.38299999999998,0.0,2453.754,1113.806
2027,medium_district,10,North Ogden,,,,,,,,,10,North Ogden,,,26442.0,73604.106,2.784,31519.0,5651.0,10154.0,15714.0,35445.973,3316.0,2335.0,6564.0,3590.0,1388.0,4565.0,1908.0,7853.0,146.772,0.0,2652.863,1127.335
2028,medium_district,10,North Ogden,,,,,,,,,10,North Ogden,,,26550.0,73250.295,2.759,31627.0,5643.0,10163.0,15821.0,35816.993,3314.0,2329.0,6573.0,3590.0,1386.0,4583.0,1927.0,7925.0,145.484,0.0,2909.663,1134.85
2029,medium_district,10,North Ogden,,,,,,,,,10,North Ogden,,,26747.0,73163.621,2.735,31753.0,5642.0,10177.0,15934.0,35629.372,3322.0,2320.0,6587.0,3590.0,1389.0,4610.0,1950.0,7985.0,145.385,0.0,2578.467,1152.517
2030,medium_district,10,North Ogden,,,,,,,,,10,North Ogden,,,26918.0,73096.182,2.716,31902.0,5633.0,10192.0,16077.0,35857.543,3331.0,2302.0,6605.0,3587.0,1392.0,4676.0,1975.0,8034.0,143.193,0.0,2641.009,1171.338
2031,medium_district,10,North Ogden,,,,,,,,,10,North Ogden,,,27162.0,73254.535,2.697,31925.0,5591.0,10214.0,16120.0,35721.988,3337.0,2254.0,6627.0,3587.0,1394.0,4657.0,1991.0,8078.0,142.192,0.0,2470.765,1184.026
2032,medium_district,10,North Ogden,,,,,,,,,10,North Ogden,,,27303.0,73162.572,2.68,31987.0,5571.0,10231.0,16185.0,35818.412000000004,3340.0,2231.0,6648.0,3583.0,1395.0,4656.0,2012.0,8122.0,142.0,0.0,2493.132,1196.271
2033,medium_district,10,North Ogden,,,,,,,,,10,North Ogden,,,27570.0,73437.343,2.664,32086.0,5573.0,10239.0,16274.0,35684.907,3346.0,2227.0,6662.0,3577.0,1405.0,4659.0,2028.0,8182.0,142.285,0.0,2242.6,1214.019
2034,medium_district,10,North Ogden,,,,,,,,,10,North Ogden,,,27858.0,73795.297,2.649,32235.0,5578.0,10253.0,16404.0,36045.101,3346.0,2232.0,6677.0,3576.0,1420.0,4670.0,2047.0,8267.0,142.482,0.0,2422.078,1245.538
2035,medium_district,10,North Ogden,,,,,,,,,10,North Ogden,,,28074.0,73973.023,2.635,31974.0,5477.0,10219.0,16278.0,35598.167,3332.0,2145.0,6692.0,3527.0,1423.0,4664.0,2048.0,8143.0,143.29,0.0,2240.12,1240.752
2036,medium_district,10,North Ogden,,,,,,,,,10,North Ogden,,,28294.0,74104.497,2.619,32020.0,5479.0,10215.0,16326.0,36017.51,3333.0,2146.0,6714.0,3501.0,1437.0,4670.0,2058.0,8161.0,143.487,0.0,2594.261,1259.749
2037,medium_district,10,North Ogden,,,,,,,,,10,North Ogden,,,28482.0,74089.958,2.601,32485.0,5729.0,10233.0,16523.0,37026.47,3527.0,2202.0,6773.0,3460.0,1431.0,4668.0,2186.0,8238.0,141.791,0.0,3123.945,1275.746
2038,medium_district,10,North Ogden,,,,,,,,,10,North Ogden,,,28825.0,74557.77100000001,2.587,32603.0,5735.0,10262.0,16606.0,36913.274,3527.0,2208.0,6802.0,3460.0,1435.0,4679.0,2207.0,8285.0,137.862,0.0,2876.674,1295.743
2039,medium_district,10,North Ogden,,,,,,,,,10,North Ogden,,,29097.0,74957.901,2.576,32725.0,5738.0,10282.0,16705.0,36773.149,3527.0,2211.0,6822.0,3460.0,1448.0,4699.0,2221.0,8337.0,138.68,0.0,2595.475,1314.0
2040,medium_district,10,North Ogden,,,,,,,,,10,North Ogden,,,29482.0,75626.87,2.565,32820.0,5738.0,10301.0,16781.0,37264.927,3527.0,2211.0,6841.0,3460.0,1455.0,4726.0,2234.0,8366.0,137.494,0.0,2968.972,1338.473
2041,medium_district,10,North Ogden,,,,,,,,,10,North Ogden,,,29895.0,76406.947,2.556,32902.0,5738.0,10316.0,16848.0,36938.628000000004,3527.0,2211.0,6856.0,3460.0,1463.0,4729.0,2245.0,8411.0,137.962,0.0,2534.134,1364.532
2042,medium_district,10,North Ogden,,,,,,,,,10,North Ogden,,,30395.0,77331.504,2.544,33004.0,5738.0,10326.0,16940.0,37341.132,3527.0,2211.0,6866.0,3460.0,1470.0,4755.0,2262.0,8453.0,137.869,0.0,2805.783,1393.472
2043,medium_district,10,North Ogden,,,,,,,,,10,North Ogden,,,30756.0,77992.959,2.536,33094.0,5738.0,10334.0,17022.0,37080.113,3527.0,2211.0,6874.0,3460.0,1482.0,4773.0,2277.0,8490.0,136.868,0.0,2430.791,1418.452
2044,medium_district,10,North Ogden,,,,,,,,,10,North Ogden,,,31278.0,78908.619,2.523,33193.0,5747.0,10348.0,17098.0,37835.274,3528.0,2219.0,6888.0,3460.0,1488.0,4790.0,2295.0,8525.0,135.67499999999998,0.0,3055.379,1451.2259999999999
2045,medium_district,10,North Ogden,,,,,,,,,10,North Ogden,,,31842.0,79902.139,2.509,33263.0,5747.0,10363.0,17153.0,38030.421,3527.0,2220.0,6903.0,3460.0,1497.0,4806.0,2306.0,8544.0,134.484,0.0,3148.46,1484.483
2046,medium_district,10,North Ogden,,,,,,,,,10,North Ogden,,,32293.0,80814.889,2.503,33366.0,5767.0,10382.0,17217.0,37740.081,3528.0,2239.0,6922.0,3460.0,1509.0,4826.0,2311.0,8571.0,133.852,0.0,2718.977,1521.244
2047,medium_district,10,North Ogden,,,,,,,,,10,North Ogden,,,32765.0,81638.391,2.492,33457.0,5782.0,10401.0,17274.0,38064.011,3529.0,2253.0,6941.0,3460.0,1517.0,4838.0,2321.0,8598.0,134.283,0.0,2923.481,1549.235
2048,medium_district,10,North Ogden,,,,,,,,,10,North Ogden,,,33051.0,82054.294,2.483,33637.0,5786.0,10428.0,17423.0,38328.524,3531.0,2255.0,6968.0,3460.0,1550.0,4860.0,2369.0,8644.0,133.774,0.0,2989.771,1567.987
2049,medium_district,10,North Ogden,,,,,,,,,10,North Ogden,,,33374.0,82554.984,2.474,33807.0,5794.0,10450.0,17563.0,38332.91,3538.0,2256.0,6990.0,3460.0,1585.0,4873.0,2412.0,8693.0,134.29,0.0,2795.3779999999997,1596.244
2050,medium_district,10,North Ogden,,,,,,,,,10,North Ogden,,,33580.0,82717.184,2.463,34013.0,5809.0,10482.0,17722.0,38602.794,3553.0,2256.0,7022.0,3460.0,1626.0,4898.0,2459.0,8739.0,132.391,0.0,2841.411,1616.0
2051,medium_district,10,North Ogden,,,,,,,,,10,North Ogden,,,33945.0,83141.787,2.449,34081.0,5810.0,10501.0,17770.0,38413.718,3553.0,2257.0,7042.0,3459.0,1636.0,4903.0,2473.0,8758.0,132.579,0.0,2555.185,1644.953
2052,medium_district,10,North Ogden,,,,,,,,,10,North Ogden,,,34124.0,83285.962,2.441,34178.0,5810.0,10517.0,17851.0,38847.211,3553.0,2257.0,7058.0,3459.0,1641.0,4923.0,2492.0,8795.0,131.66899999999998,0.0,2878.145,1659.383
2053,medium_district,10,North Ogden,,,,,,,,,10,North Ogden,,,34495.0,83798.512,2.429,34265.0,5810.0,10533.0,17922.0,39191.092,3553.0,2257.0,7074.0,3459.0,1645.0,4937.0,2511.0,8829.0,129.566,0.0,3109.549,1686.967
2054,medium_district,10,North Ogden,,,,,,,,,10,North Ogden,,,34659.0,83831.505,2.419,34349.0,5810.0,10542.0,17997.0,39311.126,3553.0,2257.0,7083.0,3459.0,1653.0,4952.0,2535.0,8857.0,130.39,0.0,3128.866,1702.875
2055,medium_district,10,North Ogden,,,,,,,,,10,North Ogden,,,34879.0,83977.062,2.408,34417.0,5810.0,10553.0,18054.0,39309.468,3553.0,2257.0,7094.0,3459.0,1657.0,4971.0,2549.0,8877.0,129.28,0.0,3039.22,1723.953
2056,medium_district,10,North Ogden,,,,,,,,,10,North Ogden,,,35086.0,84172.575,2.399,34490.0,5810.0,10562.0,18118.0,39407.831,3553.0,2257.0,7103.0,3459.0,1660.0,4981.0,2566.0,8911.0,130.094,0.0,3045.442,1742.292
2057,medium_district,10,North Ogden,,,,,,,,,10,North Ogden,,,35068.0,84889.676,2.421,34558.0,5810.0,10570.0,18178.0,39697.547,3553.0,2257.0,7111.0,3459.0,1665.0,4997.0,2583.0,8933.0,130.782,0.0,3236.71,1772.047
2058,medium_district,10,North Ogden,,,,,,,,,10,North Ogden,,,35061.0,85609.347,2.442,34625.0,5810.0,10579.0,18236.0,39837.834,3553.0,2257.0,7120.0,3459.0,1670.0,5011.0,2606.0,8949.0,129.88899999999998,0.0,3289.658,1793.292
2059,medium_district,10,North Ogden,,,,,,,,,10,North Ogden,,,35049.0,86310.148,2.463,34687.0,5806.0,10588.0,18293.0,39698.604999999996,3553.0,2253.0,7129.0,3459.0,1676.0,5017.0,2622.0,8978.0,130.903,0.0,3057.581,1823.135
2060,medium_district,10,North Ogden,,,,,,,,,10,North Ogden,,,35036.0,87003.531,2.483,34763.0,5804.0,10602.0,18357.0,39920.624,3553.0,2251.0,7143.0,3459.0,1680.0,5033.0,2648.0,8996.0,131.00300000000001,0.0,3179.8070000000002,1846.819
2061,medium_district,10,North Ogden,,,,,,,,,10,North Ogden,,,35020.0,87723.197,2.505,34824.0,5801.0,10616.0,18407.0,40276.393000000004,3553.0,2248.0,7157.0,3459.0,1683.0,5033.0,2668.0,9023.0,129.602,0.0,3448.036,1874.757
2062,medium_district,10,North Ogden,,,,,,,,,10,North Ogden,,,35002.0,88419.264,2.526,34915.0,5801.0,10639.0,18475.0,40212.902,3553.0,2248.0,7180.0,3459.0,1691.0,5041.0,2688.0,9055.0,137.04,0.0,3264.141,1896.703
2063,medium_district,10,North Ogden,,,,,,,,,10,North Ogden,,,34986.0,89117.915,2.547,34983.0,5799.0,10657.0,18527.0,40401.182,3553.0,2246.0,7198.0,3459.0,1695.0,5056.0,2704.0,9072.0,135.0,0.0,3352.471,1930.713
2064,medium_district,10,North Ogden,,,,,,,,,10,North Ogden,,,34975.0,89826.564,2.568,35054.0,5797.0,10676.0,18581.0,40619.481,3553.0,2244.0,7217.0,3459.0,1700.0,5064.0,2722.0,9095.0,135.416,0.0,3476.871,1953.1870000000001
2065,medium_district,10,North Ogden,,,,,,,,,10,North Ogden,,,34955.0,90520.919,2.59,35117.0,5786.0,10692.0,18639.0,40789.281,3544.0,2242.0,7233.0,3459.0,1706.0,5071.0,2740.0,9122.0,134.849,0.0,3559.145,1978.2849999999999
2023,medium_district,11,Hooper-Roy-W.Haven,,,,,,,,,11,Hooper-Roy-W.Haven,,,25196.0,74438.352,2.954,24584.0,4609.0,8732.0,11243.0,28546.06,3200.0,1409.0,6015.0,2717.0,2025.0,2606.0,1314.0,5298.0,467.498,21.0,2484.8849999999998,988.677
2024,medium_district,11,Hooper-Roy-W.Haven,,,,,,,,,11,Hooper-Roy-W.Haven,,,25345.0,74303.687,2.932,24563.0,4526.0,8785.0,11252.0,28480.992,3115.0,1411.0,6062.0,2723.0,1847.0,2737.0,1316.0,5352.0,468.597,15.5,2454.886,979.0
2025,medium_district,11,Hooper-Roy-W.Haven,,,,,,,,,11,Hooper-Roy-W.Haven,,,25573.0,74279.856,2.905,24676.0,4525.0,8792.0,11359.0,28684.845,3115.0,1410.0,6064.0,2728.0,1849.0,2764.0,1359.0,5387.0,459.899,15.4,2458.759,1074.791
2026,medium_district,11,Hooper-Roy-W.Haven,,,,,,,,,11,Hooper-Roy-W.Haven,,,25841.0,74357.746,2.878,24725.0,4506.0,8794.0,11425.0,28972.556,3095.0,1411.0,6066.0,2728.0,1830.0,2777.0,1398.0,5420.0,459.19599999999997,15.9,2681.6639999999998,1090.786
2027,medium_district,11,Hooper-Roy-W.Haven,,,,,,,,,11,Hooper-Roy-W.Haven,,,26214.0,74765.35800000001,2.852,24805.0,4506.0,8799.0,11500.0,28985.063,3095.0,1411.0,6070.0,2729.0,1812.0,2795.0,1433.0,5460.0,452.369,16.2,2596.173,1115.319
2028,medium_district,11,Hooper-Roy-W.Haven,,,,,,,,,11,Hooper-Roy-W.Haven,,,26421.0,74680.568,2.827,24877.0,4500.0,8807.0,11570.0,28705.513,3093.0,1407.0,6078.0,2729.0,1809.0,2807.0,1451.0,5503.0,449.483,15.5,2229.684,1133.849
2029,medium_district,11,Hooper-Roy-W.Haven,,,,,,,,,11,Hooper-Roy-W.Haven,,,26730.0,74911.506,2.803,24964.0,4495.0,8821.0,11648.0,28681.328999999998,3093.0,1402.0,6092.0,2729.0,1811.0,2822.0,1469.0,5546.0,446.19,14.6,2102.017,1154.522
2030,medium_district,11,Hooper-Roy-W.Haven,,,,,,,,,11,Hooper-Roy-W.Haven,,,26957.0,75022.544,2.783,25118.0,4485.0,8838.0,11795.0,28921.634,3094.0,1391.0,6110.0,2728.0,1812.0,2912.0,1490.0,5581.0,443.59000000000003,14.4,2172.298,1173.342
2031,medium_district,11,Hooper-Roy-W.Haven,,,,,,,,,11,Hooper-Roy-W.Haven,,,27186.0,75087.924,2.762,25150.0,4469.0,8857.0,11824.0,29123.828,3094.0,1375.0,6129.0,2728.0,1816.0,2897.0,1509.0,5602.0,441.592,14.4,2330.804,1187.031
2032,medium_district,11,Hooper-Roy-W.Haven,,,,,,,,,11,Hooper-Roy-W.Haven,,,27316.0,74914.42,2.743,25182.0,4451.0,8861.0,11870.0,29068.81,3094.0,1357.0,6136.0,2725.0,1819.0,2893.0,1522.0,5636.0,437.0,15.1,2236.425,1198.267
2033,medium_district,11,Hooper-Roy-W.Haven,,,,,,,,,11,Hooper-Roy-W.Haven,,,27598.0,75171.334,2.724,25233.0,4450.0,8869.0,11914.0,29683.476,3094.0,1356.0,6145.0,2724.0,1825.0,2895.0,1533.0,5661.0,439.895,15.9,2779.6620000000003,1215.018
2034,medium_district,11,Hooper-Roy-W.Haven,,,,,,,,,11,Hooper-Roy-W.Haven,,,27820.0,75270.422,2.706,25355.0,4452.0,8882.0,12021.0,29298.784,3096.0,1356.0,6158.0,2724.0,1834.0,2908.0,1550.0,5729.0,437.49,16.6,2253.166,1236.514
2035,medium_district,11,Hooper-Roy-W.Haven,,,,,,,,,11,Hooper-Roy-W.Haven,,,28077.0,75497.627,2.689,25172.0,4387.0,8853.0,11932.0,29156.035,3080.0,1307.0,6170.0,2683.0,1841.0,2902.0,1554.0,5635.0,435.894,16.8,2292.581,1238.753
2036,medium_district,11,Hooper-Roy-W.Haven,,,,,,,,,11,Hooper-Roy-W.Haven,,,28287.0,75578.098,2.672,25233.0,4387.0,8858.0,11988.0,29393.552,3080.0,1307.0,6196.0,2662.0,1850.0,2904.0,1570.0,5664.0,434.493,16.7,2455.603,1253.749
2037,medium_district,11,Hooper-Roy-W.Haven,,,,,,,,,11,Hooper-Roy-W.Haven,,,28354.0,75311.789,2.656,25569.0,4411.0,8932.0,12226.0,29229.583,3106.0,1305.0,6291.0,2641.0,1877.0,2914.0,1603.0,5832.0,430.391,16.6,1948.865,1264.743
2038,medium_district,11,Hooper-Roy-W.Haven,,,,,,,,,11,Hooper-Roy-W.Haven,,,28662.0,75662.265,2.64,25683.0,4411.0,8959.0,12313.0,29981.195,3106.0,1305.0,6318.0,2641.0,1891.0,2932.0,1623.0,5867.0,431.693,16.6,2565.166,1284.737
2039,medium_district,11,Hooper-Roy-W.Haven,,,,,,,,,11,Hooper-Roy-W.Haven,,,29047.0,76299.185,2.627,25798.0,4411.0,8980.0,12407.0,30247.56,3106.0,1305.0,6339.0,2641.0,1900.0,2951.0,1655.0,5901.0,430.099,16.6,2690.864,1312.0
2040,medium_district,11,Hooper-Roy-W.Haven,,,,,,,,,11,Hooper-Roy-W.Haven,,,29593.0,77349.397,2.614,25926.0,4411.0,9001.0,12514.0,30503.972999999998,3106.0,1305.0,6360.0,2641.0,1912.0,2981.0,1683.0,5938.0,428.512,16.6,2788.399,1344.483
2041,medium_district,11,Hooper-Roy-W.Haven,,,,,,,,,11,Hooper-Roy-W.Haven,,,29946.0,77941.561,2.603,26026.0,4411.0,9018.0,12597.0,30059.657,3106.0,1305.0,6377.0,2641.0,1922.0,2985.0,1712.0,5978.0,427.993,16.7,2225.43,1363.531
2042,medium_district,11,Hooper-Roy-W.Haven,,,,,,,,,11,Hooper-Roy-W.Haven,,,30331.0,78619.078,2.592,26155.0,4411.0,9032.0,12712.0,30765.587,3106.0,1305.0,6391.0,2641.0,1943.0,3004.0,1747.0,6018.0,425.688,16.9,2773.513,1394.4679999999998
2043,medium_district,11,Hooper-Roy-W.Haven,,,,,,,,,11,Hooper-Roy-W.Haven,,,30657.0,79099.242,2.58,26288.0,4411.0,9051.0,12826.0,30892.576999999997,3106.0,1305.0,6410.0,2641.0,1966.0,3027.0,1770.0,6063.0,424.697,17.1,2750.324,1412.442
2044,medium_district,11,Hooper-Roy-W.Haven,,,,,,,,,11,Hooper-Roy-W.Haven,,,30872.0,79312.415,2.569,26693.0,4541.0,9079.0,13073.0,31316.197,3235.0,1306.0,6438.0,2641.0,1998.0,3060.0,1829.0,6186.0,426.12,17.1,2746.7889999999998,1433.192
2045,medium_district,11,Hooper-Roy-W.Haven,,,,,,,,,11,Hooper-Roy-W.Haven,,,31125.0,79688.08899999999,2.56,27137.0,4718.0,9125.0,13294.0,31588.322,3388.0,1330.0,6484.0,2641.0,2024.0,3108.0,1889.0,6273.0,425.517,17.0,2556.36,1452.451
2046,medium_district,11,Hooper-Roy-W.Haven,,,,,,,,,11,Hooper-Roy-W.Haven,,,31416.0,80225.63,2.554,27545.0,4886.0,9163.0,13496.0,32163.662,3551.0,1335.0,6522.0,2641.0,2059.0,3135.0,1948.0,6354.0,423.716,17.0,2704.726,1473.2069999999999
2047,medium_district,11,Hooper-Roy-W.Haven,,,,,,,,,11,Hooper-Roy-W.Haven,,,31721.0,80640.309,2.542,27853.0,4973.0,9195.0,13685.0,32320.745,3638.0,1335.0,6554.0,2641.0,2094.0,3182.0,1993.0,6416.0,422.907,17.1,2527.576,1500.162
2048,medium_district,11,Hooper-Roy-W.Haven,,,,,,,,,11,Hooper-Roy-W.Haven,,,32103.0,81304.413,2.533,28073.0,5000.0,9235.0,13838.0,32708.627,3664.0,1336.0,6594.0,2641.0,2125.0,3213.0,2034.0,6466.0,424.44399999999996,17.3,2666.9320000000002,1526.961
2049,medium_district,11,Hooper-Roy-W.Haven,,,,,,,,,11,Hooper-Roy-W.Haven,,,32517.0,82155.139,2.527,28323.0,5022.0,9274.0,14027.0,33553.443,3675.0,1347.0,6633.0,2641.0,2161.0,3263.0,2079.0,6524.0,422.919,17.6,3235.684,1554.238
2050,medium_district,11,Hooper-Roy-W.Haven,,,,,,,,,11,Hooper-Roy-W.Haven,,,33010.0,83113.109,2.518,28600.0,5032.0,9317.0,14251.0,33796.161,3679.0,1353.0,6676.0,2641.0,2201.0,3341.0,2125.0,6584.0,419.224,17.8,3169.148,1590.0
2051,medium_district,11,Hooper-Roy-W.Haven,,,,,,,,,11,Hooper-Roy-W.Haven,,,33429.0,83894.202,2.51,28722.0,5032.0,9355.0,14335.0,33568.186,3679.0,1353.0,6714.0,2641.0,2209.0,3365.0,2144.0,6617.0,415.82,17.8,2794.65,1617.922
2052,medium_district,11,Hooper-Roy-W.Haven,,,,,,,,,11,Hooper-Roy-W.Haven,,,33764.0,84497.288,2.503,28914.0,5032.0,9398.0,14484.0,33974.85,3679.0,1353.0,6757.0,2641.0,2221.0,3429.0,2178.0,6656.0,413.112,18.0,2983.362,1646.354
2053,medium_district,11,Hooper-Roy-W.Haven,,,,,,,,,11,Hooper-Roy-W.Haven,,,34290.0,85405.728,2.491,29088.0,5033.0,9424.0,14631.0,34522.159,3680.0,1353.0,6783.0,2641.0,2227.0,3494.0,2203.0,6707.0,411.818,18.2,3327.174,1676.96
2054,medium_district,11,Hooper-Roy-W.Haven,,,,,,,,,11,Hooper-Roy-W.Haven,,,34714.0,86051.75,2.479,29229.0,5034.0,9447.0,14748.0,34564.59,3681.0,1353.0,6806.0,2641.0,2236.0,3544.0,2229.0,6739.0,410.223,18.4,3201.099,1705.886
2055,medium_district,11,Hooper-Roy-W.Haven,,,,,,,,,11,Hooper-Roy-W.Haven,,,35350.0,87132.115,2.465,29379.0,5034.0,9466.0,14879.0,35211.386,3681.0,1353.0,6825.0,2641.0,2243.0,3601.0,2249.0,6786.0,403.899,18.4,3663.117,1746.9660000000001
2056,medium_district,11,Hooper-Roy-W.Haven,,,,,,,,,11,Hooper-Roy-W.Haven,,,35789.0,87833.806,2.454,29556.0,5033.0,9479.0,15044.0,35504.423,3681.0,1352.0,6838.0,2641.0,2250.0,3669.0,2282.0,6843.0,400.293,18.2,3753.652,1776.28
2057,medium_district,11,Hooper-Roy-W.Haven,,,,,,,,,11,Hooper-Roy-W.Haven,,,35773.0,88586.709,2.476,29731.0,5033.0,9498.0,15200.0,35359.887,3681.0,1352.0,6857.0,2641.0,2256.0,3734.0,2310.0,6900.0,397.38100000000003,17.9,3413.559,1800.035
2058,medium_district,11,Hooper-Roy-W.Haven,,,,,,,,,11,Hooper-Roy-W.Haven,,,35766.0,89350.571,2.498,29933.0,5034.0,9528.0,15371.0,35737.527,3682.0,1352.0,6887.0,2641.0,2269.0,3796.0,2348.0,6958.0,395.69599999999997,17.6,3559.968,1831.276
2059,medium_district,11,Hooper-Roy-W.Haven,,,,,,,,,11,Hooper-Roy-W.Haven,,,35760.0,90114.649,2.52,30110.0,5033.0,9553.0,15524.0,35963.579,3682.0,1351.0,6912.0,2641.0,2283.0,3852.0,2378.0,7011.0,390.678,17.3,3589.425,1856.181
2060,medium_district,11,Hooper-Roy-W.Haven,,,,,,,,,11,Hooper-Roy-W.Haven,,,35754.0,90876.251,2.542,30287.0,5033.0,9577.0,15677.0,36012.217,3682.0,1351.0,6936.0,2641.0,2294.0,3944.0,2396.0,7043.0,386.961,17.2,3437.263,1883.7930000000001
2061,medium_district,11,Hooper-Roy-W.Haven,,,,,,,,,11,Hooper-Roy-W.Haven,,,35743.0,91655.155,2.564,30416.0,5033.0,9597.0,15786.0,36491.002,3682.0,1351.0,6956.0,2641.0,2305.0,3944.0,2434.0,7103.0,384.784,17.1,3760.363,1912.757
2062,medium_district,11,Hooper-Roy-W.Haven,,,,,,,,,11,Hooper-Roy-W.Haven,,,35734.0,92416.745,2.586,30555.0,5033.0,9617.0,15905.0,36326.471,3682.0,1351.0,6976.0,2641.0,2311.0,3989.0,2462.0,7143.0,392.261,17.1,3425.372,1936.718
2063,medium_district,11,Hooper-Roy-W.Haven,,,,,,,,,11,Hooper-Roy-W.Haven,,,35725.0,93182.683,2.608,30815.0,5099.0,9639.0,16077.0,36980.837,3751.0,1348.0,6998.0,2641.0,2323.0,4031.0,2510.0,7213.0,388.0,17.0,3796.11,1964.721
2064,medium_district,11,Hooper-Roy-W.Haven,,,,,,,,,11,Hooper-Roy-W.Haven,,,35714.0,93938.417,2.63,31057.0,5152.0,9663.0,16242.0,37319.208,3805.0,1347.0,7022.0,2641.0,2332.0,4078.0,2556.0,7276.0,384.198,17.0,3866.798,1994.212
2065,medium_district,11,Hooper-Roy-W.Haven,,,,,,,,,11,Hooper-Roy-W.Haven,,,35706.0,94703.30500000001,2.652,31318.0,5225.0,9687.0,16406.0,37482.13,3878.0,1347.0,7051.0,2636.0,2341.0,4119.0,2596.0,7350.0,381.397,16.9,3746.556,2019.269
2023,medium_district,12,Ogden Core,,,,,,,,,12,Ogden Core,,,19069.0,44289.309,2.323,48002.0,8754.0,6462.0,32786.0,51462.259,5230.0,3524.0,3660.0,2802.0,5052.0,10958.0,3460.0,13316.0,4.013,0.0,2706.208,750.027
2024,medium_district,12,Ogden Core,,,,,,,,,12,Ogden Core,,,19298.0,44546.736,2.308,47922.0,8618.0,6998.0,32306.0,51594.694,5074.0,3544.0,4230.0,2768.0,4482.0,10907.0,3472.0,13445.0,4.005,0.0,2922.69,746.0
2025,medium_district,12,Ogden Core,,,,,,,,,12,Ogden Core,,,19518.0,44714.702,2.291,48324.0,8583.0,7011.0,32730.0,51939.058,5067.0,3516.0,4253.0,2758.0,4479.0,10949.0,3747.0,13555.0,4.008,0.0,2789.448,821.605
2026,medium_district,12,Ogden Core,,,,,,,,,12,Ogden Core,,,19677.0,44752.362,2.274,48735.0,8577.0,7033.0,33125.0,52269.425,5036.0,3541.0,4275.0,2758.0,4426.0,10983.0,3969.0,13747.0,4.011,0.0,2700.815,829.603
2027,medium_district,12,Ogden Core,,,,,,,,,12,Ogden Core,,,20012.0,45277.482,2.263,49186.0,8619.0,7084.0,33483.0,52990.853,5078.0,3541.0,4326.0,2758.0,4381.0,11028.0,4154.0,13920.0,4.021,0.0,2949.829,851.005
2028,medium_district,12,Ogden Core,,,,,,,,,12,Ogden Core,,,20642.0,46472.026,2.251,49546.0,8601.0,7123.0,33822.0,53478.746999999996,5073.0,3528.0,4365.0,2758.0,4372.0,11047.0,4279.0,14124.0,4.013,0.0,3046.306,882.433
2029,medium_district,12,Ogden Core,,,,,,,,,12,Ogden Core,,,21083.0,47122.454,2.235,50024.0,8607.0,7231.0,34186.0,53982.629,5098.0,3509.0,4473.0,2758.0,4389.0,11070.0,4380.0,14347.0,4.011,0.0,3044.206,910.412
2030,medium_district,12,Ogden Core,,,,,,,,,12,Ogden Core,,,21748.0,48440.735,2.227,50529.0,8604.0,7375.0,34550.0,55108.054,5126.0,3478.0,4622.0,2753.0,4407.0,11140.0,4496.0,14507.0,4.005,0.0,3627.157,947.8919999999999
2031,medium_district,12,Ogden Core,,,,,,,,,12,Ogden Core,,,22218.0,49122.701,2.211,50910.0,8668.0,7490.0,34752.0,54986.814,5222.0,3446.0,4737.0,2753.0,4428.0,11083.0,4620.0,14621.0,4.005,0.0,3102.965,969.846
2032,medium_district,12,Ogden Core,,,,,,,,,12,Ogden Core,,,22738.0,49824.316,2.191,51252.0,8698.0,7587.0,34967.0,55631.9,5294.0,3404.0,4835.0,2752.0,4443.0,11076.0,4718.0,14730.0,4.0,0.0,3376.84,999.061
2033,medium_district,12,Ogden Core,,,,,,,,,12,Ogden Core,,,23010.0,50094.954,2.177,51657.0,8737.0,7685.0,35235.0,55375.392,5344.0,3393.0,4934.0,2751.0,4480.0,11080.0,4810.0,14865.0,4.008,0.0,2700.532,1013.853
2034,medium_district,12,Ogden Core,,,,,,,,,12,Ogden Core,,,23178.0,50233.711,2.167,52280.0,8813.0,7758.0,35709.0,56205.9,5345.0,3468.0,5007.0,2751.0,4543.0,11130.0,4931.0,15105.0,4.013,0.0,2889.782,1032.1009999999999
2035,medium_district,12,Ogden Core,,,,,,,,,12,Ogden Core,,,23464.0,50642.637,2.158,51865.0,8620.0,7757.0,35488.0,55620.906,5311.0,3309.0,5056.0,2701.0,4574.0,11118.0,4944.0,14852.0,4.008,0.0,2711.271,1040.634
2036,medium_district,12,Ogden Core,,,,,,,,,12,Ogden Core,,,23747.0,51115.05,2.152,52155.0,8642.0,7838.0,35675.0,56387.722,5325.0,3317.0,5155.0,2683.0,4615.0,11143.0,4999.0,14918.0,4.013,0.0,3174.075,1054.633
2037,medium_district,12,Ogden Core,,,,,,,,,12,Ogden Core,,,24005.0,51408.559,2.142,52246.0,8614.0,7817.0,35815.0,55930.997,5268.0,3346.0,5140.0,2677.0,4674.0,11210.0,4995.0,14936.0,4.023,0.0,2611.349,1069.629
2038,medium_district,12,Ogden Core,,,,,,,,,12,Ogden Core,,,24180.0,51656.296,2.136,52607.0,8631.0,7890.0,36086.0,56644.064,5277.0,3354.0,5213.0,2677.0,4710.0,11273.0,5062.0,15041.0,4.025,0.0,2953.42,1079.618
2039,medium_district,12,Ogden Core,,,,,,,,,12,Ogden Core,,,24265.0,51651.012,2.129,52978.0,8641.0,7957.0,36380.0,56929.616,5278.0,3363.0,5280.0,2677.0,4746.0,11360.0,5134.0,15140.0,4.02,0.0,2849.596,1098.0
2040,medium_district,12,Ogden Core,,,,,,,,,12,Ogden Core,,,24432.0,51882.477,2.124,53366.0,8651.0,8033.0,36682.0,57696.358,5280.0,3371.0,5356.0,2677.0,4774.0,11494.0,5198.0,15216.0,4.015000000000001,0.0,3216.124,1110.2259999999999
2041,medium_district,12,Ogden Core,,,,,,,,,12,Ogden Core,,,24582.0,52060.392,2.118,53624.0,8652.0,8099.0,36873.0,57302.901,5280.0,3372.0,5422.0,2677.0,4809.0,11508.0,5263.0,15293.0,4.028,0.0,2550.078,1124.787
2042,medium_district,12,Ogden Core,,,,,,,,,12,Ogden Core,,,24780.0,52339.063,2.112,53924.0,8655.0,8168.0,37101.0,58504.801,5280.0,3375.0,5491.0,2677.0,4849.0,11576.0,5317.0,15359.0,4.025,0.0,3439.577,1137.196
2043,medium_district,12,Ogden Core,,,,,,,,,12,Ogden Core,,,24970.0,52618.165,2.107,54202.0,8656.0,8222.0,37324.0,58436.735,5280.0,3376.0,5545.0,2677.0,4879.0,11659.0,5368.0,15418.0,4.025,0.0,3078.7110000000002,1151.995
2044,medium_district,12,Ogden Core,,,,,,,,,12,Ogden Core,,,25095.0,52735.657,2.101,54497.0,8669.0,8267.0,37561.0,58659.848,5288.0,3381.0,5590.0,2677.0,4922.0,11738.0,5416.0,15485.0,4.02,0.0,2998.053,1160.781
2045,medium_district,12,Ogden Core,,,,,,,,,12,Ogden Core,,,25194.0,52808.512,2.096,54830.0,8671.0,8323.0,37836.0,58960.248,5289.0,3382.0,5646.0,2677.0,4961.0,11821.0,5486.0,15568.0,4.015000000000001,0.0,2949.058,1177.176
2046,medium_district,12,Ogden Core,,,,,,,,,12,Ogden Core,,,25272.0,52874.47,2.092,55142.0,8674.0,8384.0,38084.0,59493.48,5291.0,3383.0,5707.0,2677.0,4999.0,11911.0,5547.0,15627.0,4.025,0.0,3162.485,1184.967
2047,medium_district,12,Ogden Core,,,,,,,,,12,Ogden Core,,,25317.0,52772.385,2.084,55476.0,8676.0,8446.0,38354.0,59447.594,5293.0,3383.0,5769.0,2677.0,5051.0,11997.0,5606.0,15700.0,4.008,0.0,2770.859,1196.726
2048,medium_district,12,Ogden Core,,,,,,,,,12,Ogden Core,,,25404.0,52827.887,2.08,55836.0,8735.0,8519.0,38582.0,60074.184,5313.0,3422.0,5842.0,2677.0,5110.0,12084.0,5645.0,15743.0,5.029,0.0,3022.391,1210.761
2049,medium_district,12,Ogden Core,,,,,,,,,12,Ogden Core,,,25466.0,52819.814,2.074,56130.0,8759.0,8579.0,38792.0,60223.453,5313.0,3446.0,5902.0,2677.0,5161.0,12167.0,5690.0,15774.0,5.011,0.0,2871.25,1217.1870000000001
2050,medium_district,12,Ogden Core,,,,,,,,,12,Ogden Core,,,25600.0,52973.366,2.069,56462.0,8783.0,8634.0,39045.0,61007.003,5313.0,3470.0,5957.0,2677.0,5198.0,12309.0,5724.0,15814.0,5.015,0.0,3307.988,1232.0
2051,medium_district,12,Ogden Core,,,,,,,,,12,Ogden Core,,,25638.0,52904.111,2.064,57056.0,8970.0,8733.0,39353.0,62780.951,5477.0,3493.0,6065.0,2668.0,5290.0,12343.0,5838.0,15882.0,5.021,0.0,4477.454,1242.4759999999999
2052,medium_district,12,Ogden Core,,,,,,,,,12,Ogden Core,,,25659.0,52801.231999999996,2.058,57786.0,9203.0,8844.0,39739.0,62317.481999999996,5671.0,3532.0,6176.0,2668.0,5381.0,12411.0,5964.0,15983.0,5.025,0.0,3278.907,1247.545
2053,medium_district,12,Ogden Core,,,,,,,,,12,Ogden Core,,,25679.0,52690.022,2.052,58404.0,9388.0,8926.0,40090.0,62950.474,5827.0,3561.0,6258.0,2668.0,5440.0,12492.0,6094.0,16064.0,5.021,0.0,3285.737,1255.718
2054,medium_district,12,Ogden Core,,,,,,,,,12,Ogden Core,,,25709.0,52586.721,2.045,58990.0,9565.0,9016.0,40409.0,63696.377,5981.0,3584.0,6348.0,2668.0,5495.0,12569.0,6200.0,16145.0,5.015,0.0,3435.222,1266.135
2055,medium_district,12,Ogden Core,,,,,,,,,12,Ogden Core,,,25725.0,52460.154,2.039,59539.0,9740.0,9080.0,40719.0,64130.159999999996,6132.0,3608.0,6412.0,2668.0,5541.0,12646.0,6305.0,16227.0,5.011,0.0,3315.443,1270.707
2056,medium_district,12,Ogden Core,,,,,,,,,12,Ogden Core,,,25823.0,52562.995,2.036,60021.0,9864.0,9127.0,41030.0,65145.015,6245.0,3619.0,6459.0,2668.0,5575.0,12715.0,6425.0,16315.0,5.004,0.0,3838.539,1280.477
2057,medium_district,12,Ogden Core,,,,,,,,,12,Ogden Core,,,25822.0,52975.177,2.052,60494.0,9956.0,9192.0,41346.0,65258.687,6339.0,3617.0,6524.0,2668.0,5631.0,12777.0,6545.0,16393.0,5.029999999999999,0.0,3456.353,1303.298
2058,medium_district,12,Ogden Core,,,,,,,,,12,Ogden Core,,,25820.0,53371.903,2.067,60915.0,10043.0,9243.0,41629.0,65716.753,6426.0,3617.0,6575.0,2668.0,5670.0,12838.0,6658.0,16463.0,5.035,0.0,3474.245,1322.477
2059,medium_district,12,Ogden Core,,,,,,,,,12,Ogden Core,,,25820.0,53772.624,2.083,61321.0,10137.0,9299.0,41885.0,66235.663,6522.0,3615.0,6631.0,2668.0,5707.0,12901.0,6772.0,16505.0,5.035,0.0,3569.057,1340.57
2060,medium_district,12,Ogden Core,,,,,,,,,12,Ogden Core,,,25820.0,54170.195,2.098,61739.0,10207.0,9352.0,42180.0,67176.677,6594.0,3613.0,6684.0,2668.0,5753.0,12987.0,6874.0,16566.0,5.039,0.0,4070.514,1362.128
2061,medium_district,12,Ogden Core,,,,,,,,,12,Ogden Core,,,25816.0,54579.085,2.114,62045.0,10277.0,9412.0,42356.0,66952.225,6666.0,3611.0,6744.0,2668.0,5785.0,12993.0,6960.0,16618.0,5.023999999999999,0.0,3526.367,1375.824
2062,medium_district,12,Ogden Core,,,,,,,,,12,Ogden Core,,,25814.0,54981.007,2.13,62411.0,10352.0,9468.0,42591.0,67670.72,6745.0,3607.0,6800.0,2668.0,5826.0,13036.0,7055.0,16674.0,5.958,0.0,3849.25,1404.52
2063,medium_district,12,Ogden Core,,,,,,,,,12,Ogden Core,,,25814.0,55388.174999999996,2.146,62682.0,10363.0,9523.0,42796.0,67667.76,6756.0,3607.0,6855.0,2668.0,5864.0,13078.0,7131.0,16723.0,6.0,0.0,3564.237,1415.516
2064,medium_district,12,Ogden Core,,,,,,,,,12,Ogden Core,,,25812.0,55789.366,2.161,62966.0,10390.0,9583.0,42993.0,68290.876,6785.0,3605.0,6915.0,2668.0,5901.0,13117.0,7208.0,16767.0,6.018,0.0,3880.985,1437.874
2065,medium_district,12,Ogden Core,,,,,,,,,12,Ogden Core,,,25809.0,56190.465000000004,2.177,63272.0,10411.0,9644.0,43217.0,68419.16,6807.0,3604.0,6976.0,2668.0,5933.0,13167.0,7294.0,16823.0,6.037,0.0,3682.642,1458.481
2023,medium_district,13,S.Og-Riverdale-Uintah,,,,,,,,,13,S.Og-Riverdale-Uintah,,,18034.0,46521.298,2.58,35292.0,5127.0,2524.0,27641.0,38365.016,3186.0,1941.0,1742.0,782.0,1755.0,7512.0,8812.0,9562.0,31.099,105.0,2227.992,708.923
2024,medium_district,13,S.Og-Riverdale-Uintah,,,,,,,,,13,S.Og-Riverdale-Uintah,,,18199.0,46622.395,2.562,36459.0,5444.0,2949.0,28066.0,38220.941,3215.0,2229.0,2055.0,894.0,1683.0,7827.0,8876.0,9680.0,31.038999999999998,77.5,945.403,708.0
2025,medium_district,13,S.Og-Riverdale-Uintah,,,,,,,,,13,S.Og-Riverdale-Uintah,,,18416.0,46707.103,2.536,37226.0,5463.0,3202.0,28561.0,40578.531,3222.0,2241.0,2260.0,942.0,1738.0,8066.0,9008.0,9749.0,30.06,77.0,2470.9,774.573
2026,medium_district,13,S.Og-Riverdale-Uintah,,,,,,,,,13,S.Og-Riverdale-Uintah,,,18621.0,46787.693,2.513,37496.0,5471.0,3213.0,28812.0,40841.58,3212.0,2259.0,2262.0,951.0,1719.0,8125.0,9150.0,9818.0,30.078,79.5,2447.43,788.569
2027,medium_district,13,S.Og-Riverdale-Uintah,,,,,,,,,13,S.Og-Riverdale-Uintah,,,18728.0,46619.291,2.489,37875.0,5532.0,3272.0,29071.0,41094.865,3272.0,2260.0,2267.0,1005.0,1705.0,8191.0,9284.0,9891.0,30.158,81.0,2310.767,797.942
2028,medium_district,13,S.Og-Riverdale-Uintah,,,,,,,,,13,S.Og-Riverdale-Uintah,,,18780.0,46361.226,2.469,38105.0,5525.0,3273.0,29307.0,41359.297,3272.0,2253.0,2268.0,1005.0,1702.0,8234.0,9393.0,9978.0,30.098,77.5,2343.399,803.306
2029,medium_district,13,S.Og-Riverdale-Uintah,,,,,,,,,13,S.Og-Riverdale-Uintah,,,18886.0,46228.513,2.448,38364.0,5524.0,3304.0,29536.0,41655.453,3286.0,2238.0,2299.0,1005.0,1711.0,8278.0,9490.0,10057.0,30.082,73.0,2375.999,812.37
2030,medium_district,13,S.Og-Riverdale-Uintah,,,,,,,,,13,S.Og-Riverdale-Uintah,,,18940.0,46071.652,2.433,38635.0,5584.0,3331.0,29720.0,41929.201,3375.0,2209.0,2326.0,1005.0,1727.0,8255.0,9605.0,10133.0,30.038,72.0,2369.518,822.642
2031,medium_district,13,S.Og-Riverdale-Uintah,,,,,,,,,13,S.Og-Riverdale-Uintah,,,19102.0,46064.188,2.411,38855.0,5617.0,3364.0,29874.0,42255.023,3440.0,2177.0,2359.0,1005.0,1736.0,8249.0,9710.0,10179.0,30.038,72.0,2464.256,833.724
2032,medium_district,13,S.Og-Riverdale-Uintah,,,,,,,,,13,S.Og-Riverdale-Uintah,,,19185.0,45949.605,2.395,39084.0,5630.0,3382.0,30072.0,42519.183,3470.0,2160.0,2377.0,1005.0,1746.0,8281.0,9812.0,10233.0,30.0,75.5,2487.79,841.9
2033,medium_district,13,S.Og-Riverdale-Uintah,,,,,,,,,13,S.Og-Riverdale-Uintah,,,19309.0,45910.606999999996,2.378,39359.0,5661.0,3402.0,30296.0,42567.437,3513.0,2148.0,2397.0,1005.0,1767.0,8317.0,9913.0,10299.0,29.058,79.5,2247.167,852.715
2034,medium_district,13,S.Og-Riverdale-Uintah,,,,,,,,,13,S.Og-Riverdale-Uintah,,,19368.0,45760.44,2.363,39994.0,5991.0,3418.0,30585.0,43218.262,3631.0,2360.0,2413.0,1005.0,1797.0,8358.0,10037.0,10393.0,29.1,83.0,2247.398,864.766
2035,medium_district,13,S.Og-Riverdale-Uintah,,,,,,,,,13,S.Og-Riverdale-Uintah,,,19419.0,45611.775,2.349,39810.0,5869.0,3423.0,30518.0,42943.93,3608.0,2261.0,2425.0,998.0,1828.0,8379.0,10086.0,10225.0,29.058,84.0,2163.35,857.525
2036,medium_district,13,S.Og-Riverdale-Uintah,,,,,,,,,13,S.Og-Riverdale-Uintah,,,19501.0,45580.767,2.337,40089.0,5939.0,3440.0,30710.0,43545.96,3662.0,2277.0,2447.0,993.0,1859.0,8418.0,10173.0,10260.0,29.1,83.5,2480.845,863.514
2037,medium_district,13,S.Og-Riverdale-Uintah,,,,,,,,,13,S.Og-Riverdale-Uintah,,,19284.0,45095.557,2.338,40218.0,5838.0,3532.0,30848.0,43274.3,3601.0,2237.0,2502.0,1030.0,1876.0,8452.0,10330.0,10190.0,29.162,83.0,2080.636,863.508
2038,medium_district,13,S.Og-Riverdale-Uintah,,,,,,,,,13,S.Og-Riverdale-Uintah,,,19325.0,44973.512,2.327,40633.0,5972.0,3558.0,31103.0,43911.253,3728.0,2244.0,2528.0,1030.0,1906.0,8499.0,10459.0,10239.0,29.182000000000002,83.0,2293.5699999999997,872.5020000000001
2039,medium_district,13,S.Og-Riverdale-Uintah,,,,,,,,,13,S.Og-Riverdale-Uintah,,,19442.0,45000.258,2.315,41067.0,6135.0,3578.0,31354.0,44563.265,3877.0,2258.0,2550.0,1028.0,1926.0,8544.0,10578.0,10306.0,29.143,83.0,2505.125,879.0
2040,medium_district,13,S.Og-Riverdale-Uintah,,,,,,,,,13,S.Og-Riverdale-Uintah,,,19544.0,45027.629,2.304,41464.0,6282.0,3596.0,31586.0,45075.768,4013.0,2269.0,2568.0,1028.0,1950.0,8601.0,10688.0,10347.0,29.104,83.0,2609.69,889.981
2041,medium_district,13,S.Og-Riverdale-Uintah,,,,,,,,,13,S.Og-Riverdale-Uintah,,,19607.0,44990.731,2.295,41911.0,6485.0,3614.0,31812.0,44897.951,4179.0,2306.0,2586.0,1028.0,1967.0,8639.0,10802.0,10404.0,29.203,83.5,1981.209,893.04
2042,medium_district,13,S.Og-Riverdale-Uintah,,,,,,,,,13,S.Og-Riverdale-Uintah,,,19679.0,44984.63,2.286,42310.0,6637.0,3635.0,32038.0,46051.184,4319.0,2318.0,2607.0,1028.0,2003.0,8688.0,10900.0,10447.0,29.183,84.5,2723.547,903.956
2043,medium_district,13,S.Og-Riverdale-Uintah,,,,,,,,,13,S.Og-Riverdale-Uintah,,,19772.0,45009.606,2.276,42715.0,6833.0,3642.0,32240.0,46097.182,4479.0,2354.0,2614.0,1028.0,2025.0,8742.0,10983.0,10490.0,29.185000000000002,85.5,2354.92,912.581
2044,medium_district,13,S.Og-Riverdale-Uintah,,,,,,,,,13,S.Og-Riverdale-Uintah,,,19838.0,45020.777,2.269,42929.0,6835.0,3654.0,32440.0,46256.6,4480.0,2355.0,2626.0,1028.0,2044.0,8801.0,11073.0,10522.0,29.145,85.5,2293.543,919.408
2045,medium_district,13,S.Og-Riverdale-Uintah,,,,,,,,,13,S.Og-Riverdale-Uintah,,,19865.0,44949.774,2.263,43164.0,6842.0,3670.0,32652.0,46215.841,4487.0,2355.0,2642.0,1028.0,2065.0,8858.0,11164.0,10565.0,29.104,85.0,2011.811,925.925
2046,medium_district,13,S.Og-Riverdale-Uintah,,,,,,,,,13,S.Og-Riverdale-Uintah,,,20000.0,45127.293,2.256,43390.0,6852.0,3686.0,32852.0,47178.432,4497.0,2355.0,2658.0,1028.0,2106.0,8917.0,11244.0,10585.0,29.186,85.0,2733.478,940.769
2047,medium_district,13,S.Og-Riverdale-Uintah,,,,,,,,,13,S.Og-Riverdale-Uintah,,,20073.0,45092.578,2.246,43654.0,6931.0,3695.0,33028.0,46946.128000000004,4576.0,2355.0,2667.0,1028.0,2132.0,8973.0,11318.0,10605.0,30.064,85.5,2230.2019999999998,946.368
2048,medium_district,13,S.Og-Riverdale-Uintah,,,,,,,,,13,S.Og-Riverdale-Uintah,,,20170.0,45197.896,2.241,43959.0,7058.0,3709.0,33192.0,47458.729,4703.0,2355.0,2681.0,1028.0,2157.0,9030.0,11385.0,10620.0,29.168,86.5,2421.4519999999998,962.602
2049,medium_district,13,S.Og-Riverdale-Uintah,,,,,,,,,13,S.Og-Riverdale-Uintah,,,20390.0,45518.07,2.232,44312.0,7238.0,3723.0,33351.0,48033.481,4878.0,2360.0,2695.0,1028.0,2176.0,9093.0,11449.0,10633.0,28.061,88.0,2626.267,979.149
2050,medium_district,13,S.Og-Riverdale-Uintah,,,,,,,,,13,S.Og-Riverdale-Uintah,,,20504.0,45631.714,2.226,44655.0,7411.0,3735.0,33509.0,48285.034,5044.0,2367.0,2707.0,1028.0,2189.0,9160.0,11516.0,10644.0,28.082,89.0,2523.951,989.0
2051,medium_district,13,S.Og-Riverdale-Uintah,,,,,,,,,13,S.Og-Riverdale-Uintah,,,20602.0,45682.806,2.217,44674.0,7411.0,3738.0,33525.0,47821.205,5044.0,2367.0,2710.0,1028.0,2192.0,9162.0,11525.0,10646.0,29.128,89.0,2031.891,997.185
2052,medium_district,13,S.Og-Riverdale-Uintah,,,,,,,,,13,S.Og-Riverdale-Uintah,,,21080.0,46330.89,2.198,44717.0,7411.0,3741.0,33565.0,49258.484,5044.0,2367.0,2713.0,1028.0,2194.0,9182.0,11534.0,10655.0,28.144,90.0,3400.253,1023.089
2053,medium_district,13,S.Og-Riverdale-Uintah,,,,,,,,,13,S.Og-Riverdale-Uintah,,,21242.0,46552.095,2.192,44762.0,7411.0,3745.0,33606.0,48606.64,5044.0,2367.0,2717.0,1028.0,2197.0,9205.0,11541.0,10663.0,29.128999999999998,91.0,2686.918,1037.596
2054,medium_district,13,S.Og-Riverdale-Uintah,,,,,,,,,13,S.Og-Riverdale-Uintah,,,21369.0,46706.631,2.186,44806.0,7411.0,3750.0,33645.0,48752.188,5044.0,2367.0,2722.0,1028.0,2200.0,9229.0,11544.0,10672.0,29.087,92.0,2776.336,1048.772
2055,medium_district,13,S.Og-Riverdale-Uintah,,,,,,,,,13,S.Og-Riverdale-Uintah,,,21406.0,46639.214,2.179,44843.0,7411.0,3754.0,33678.0,48644.714,5044.0,2367.0,2726.0,1028.0,2204.0,9242.0,11551.0,10681.0,30.067,92.0,2623.061,1056.585
2056,medium_district,13,S.Og-Riverdale-Uintah,,,,,,,,,13,S.Og-Riverdale-Uintah,,,21498.0,46720.862,2.173,44883.0,7411.0,3758.0,33714.0,48879.039,5044.0,2367.0,2730.0,1028.0,2206.0,9254.0,11560.0,10694.0,30.022,91.0,2808.446,1066.565
2057,medium_district,13,S.Og-Riverdale-Uintah,,,,,,,,,13,S.Og-Riverdale-Uintah,,,21495.0,47106.056000000004,2.191,44911.0,7411.0,3761.0,33739.0,48892.584,5044.0,2367.0,2733.0,1028.0,2208.0,9261.0,11566.0,10704.0,30.18,89.5,2779.477,1082.415
2058,medium_district,13,S.Og-Riverdale-Uintah,,,,,,,,,13,S.Og-Riverdale-Uintah,,,21490.0,47473.966,2.209,44928.0,7407.0,3763.0,33758.0,49438.354,5044.0,2363.0,2735.0,1028.0,2210.0,9268.0,11571.0,10709.0,30.206,88.0,3291.585,1100.566
2059,medium_district,13,S.Og-Riverdale-Uintah,,,,,,,,,13,S.Og-Riverdale-Uintah,,,21486.0,47839.393000000004,2.227,44967.0,7407.0,3768.0,33792.0,48990.842,5044.0,2363.0,2740.0,1028.0,2215.0,9278.0,11581.0,10718.0,30.206999999999997,86.5,2790.828,1116.308
2060,medium_district,13,S.Og-Riverdale-Uintah,,,,,,,,,13,S.Og-Riverdale-Uintah,,,21485.0,48212.434,2.244,45001.0,7406.0,3770.0,33825.0,49667.77,5044.0,2362.0,2742.0,1028.0,2216.0,9302.0,11586.0,10721.0,29.224,86.0,3419.275,1132.272
2061,medium_district,13,S.Og-Riverdale-Uintah,,,,,,,,,13,S.Og-Riverdale-Uintah,,,21483.0,48597.124,2.262,45023.0,7405.0,3774.0,33844.0,49012.476,5044.0,2361.0,2746.0,1028.0,2219.0,9302.0,11600.0,10723.0,29.134999999999998,85.5,2728.988,1145.856
2062,medium_district,13,S.Og-Riverdale-Uintah,,,,,,,,,13,S.Og-Riverdale-Uintah,,,21479.0,48964.936,2.28,45051.0,7403.0,3776.0,33872.0,49312.504,5044.0,2359.0,2748.0,1028.0,2219.0,9313.0,11610.0,10730.0,31.778000000000002,85.5,2977.789,1166.433
2063,medium_district,13,S.Og-Riverdale-Uintah,,,,,,,,,13,S.Og-Riverdale-Uintah,,,21477.0,49342.541,2.297,45073.0,7401.0,3777.0,33895.0,49269.943,5044.0,2357.0,2749.0,1028.0,2220.0,9321.0,11616.0,10738.0,31.0,85.0,2899.509,1181.435
2064,medium_district,13,S.Og-Riverdale-Uintah,,,,,,,,,13,S.Og-Riverdale-Uintah,,,21475.0,49720.4,2.315,45103.0,7399.0,3783.0,33921.0,49340.321,5044.0,2355.0,2755.0,1028.0,2221.0,9332.0,11623.0,10745.0,31.097,85.0,2923.4990000000003,1197.728
2065,medium_district,13,S.Og-Riverdale-Uintah,,,,,,,,,13,S.Og-Riverdale-Uintah,,,21472.0,50097.912,2.333,45139.0,7397.0,3791.0,33951.0,49364.2,5044.0,2353.0,2763.0,1028.0,2224.0,9338.0,11636.0,10753.0,30.19,84.5,2896.947,1213.566
2023,medium_district,14,"Ogden Canyon, Northeast Mountains",,,,,,,,,14,"Ogden Canyon, Northeast Mountains",,,35.7,69.044,1.934,0.0,0.0,0.0,0.0,0.157,0.0,0.0,0.0,0.0,0.0,0.0,0.0,0.0,0.0,0.0,0.157,0.0
2024,medium_district,14,"Ogden Canyon, Northeast Mountains",,,,,,,,,14,"Ogden Canyon, Northeast Mountains",,,35.9,69.313,1.931,0.0,0.0,0.0,0.0,1.016,0.0,0.0,0.0,0.0,0.0,0.0,0.0,0.0,0.0,0.0,0.016,1.0
2025,medium_district,14,"Ogden Canyon, Northeast Mountains",,,,,,,,,14,"Ogden Canyon, Northeast Mountains",,,38.1,73.489,1.929,0.0,0.0,0.0,0.0,2.32,0.0,0.0,0.0,0.0,0.0,0.0,0.0,0.0,0.0,0.0,1.319,1.001
2026,medium_district,14,"Ogden Canyon, Northeast Mountains",,,,,,,,,14,"Ogden Canyon, Northeast Mountains",,,38.3,73.722,1.925,0.0,0.0,0.0,0.0,2.5050000000000003,0.0,0.0,0.0,0.0,0.0,0.0,0.0,0.0,0.0,0.0,1.504,1.001
2027,medium_district,14,"Ogden Canyon, Northeast Mountains",,,,,,,,,14,"Ogden Canyon, Northeast Mountains",,,38.5,73.95599999999999,1.921,0.0,0.0,0.0,0.0,2.6239999999999997,0.0,0.0,0.0,0.0,0.0,0.0,0.0,0.0,0.0,0.0,1.623,1.001
2028,medium_district,14,"Ogden Canyon, Northeast Mountains",,,,,,,,,14,"Ogden Canyon, Northeast Mountains",,,38.7,74.19099999999999,1.917,0.0,0.0,0.0,0.0,2.59,0.0,0.0,0.0,0.0,0.0,0.0,0.0,0.0,0.0,0.0,1.588,1.002
2029,medium_district,14,"Ogden Canyon, Northeast Mountains",,,,,,,,,14,"Ogden Canyon, Northeast Mountains",,,38.9,74.42800000000001,1.913,0.0,0.0,0.0,0.0,3.52,0.0,0.0,0.0,0.0,0.0,0.0,0.0,0.0,0.0,0.0,1.519,2.001
2030,medium_district,14,"Ogden Canyon, Northeast Mountains",,,,,,,,,14,"Ogden Canyon, Northeast Mountains",,,39.1,74.679,1.91,0.0,0.0,0.0,0.0,3.562,0.0,0.0,0.0,0.0,0.0,0.0,0.0,0.0,0.0,0.0,1.558,2.004
2031,medium_district,14,"Ogden Canyon, Northeast Mountains",,,,,,,,,14,"Ogden Canyon, Northeast Mountains",,,39.3,74.92099999999999,1.906,0.0,0.0,0.0,0.0,3.5060000000000002,0.0,0.0,0.0,0.0,0.0,0.0,0.0,0.0,0.0,0.0,1.505,2.002
2032,medium_district,14,"Ogden Canyon, Northeast Mountains",,,,,,,,,14,"Ogden Canyon, Northeast Mountains",,,39.5,75.17099999999999,1.903,0.0,0.0,0.0,0.0,3.661,0.0,0.0,0.0,0.0,0.0,0.0,0.0,0.0,0.0,0.0,1.659,2.002
2033,medium_district,14,"Ogden Canyon, Northeast Mountains",,,,,,,,,14,"Ogden Canyon, Northeast Mountains",,,39.7,75.42399999999999,1.9,0.0,0.0,0.0,0.0,3.355,0.0,0.0,0.0,0.0,0.0,0.0,0.0,0.0,0.0,0.0,1.353,2.002
2034,medium_district,14,"Ogden Canyon, Northeast Mountains",,,,,,,,,14,"Ogden Canyon, Northeast Mountains",,,39.9,75.679,1.897,0.0,0.0,0.0,0.0,3.5180000000000002,0.0,0.0,0.0,0.0,0.0,0.0,0.0,0.0,0.0,0.0,1.514,2.004
2035,medium_district,14,"Ogden Canyon, Northeast Mountains",,,,,,,,,14,"Ogden Canyon, Northeast Mountains",,,40.1,75.93900000000001,1.894,0.0,0.0,0.0,0.0,3.358,0.0,0.0,0.0,0.0,0.0,0.0,0.0,0.0,0.0,0.0,1.357,2.001
2036,medium_district,14,"Ogden Canyon, Northeast Mountains",,,,,,,,,14,"Ogden Canyon, Northeast Mountains",,,40.3,76.199,1.891,0.0,0.0,0.0,0.0,3.571,0.0,0.0,0.0,0.0,0.0,0.0,0.0,0.0,0.0,0.0,1.57,2.001
2037,medium_district,14,"Ogden Canyon, Northeast Mountains",,,,,,,,,14,"Ogden Canyon, Northeast Mountains",,,40.5,78.126,1.929,0.0,0.0,0.0,0.0,3.348,0.0,0.0,0.0,0.0,0.0,0.0,0.0,0.0,0.0,0.0,1.347,2.001
2038,medium_district,14,"Ogden Canyon, Northeast Mountains",,,,,,,,,14,"Ogden Canyon, Northeast Mountains",,,40.7,78.377,1.926,0.0,0.0,0.0,0.0,3.5,0.0,0.0,0.0,0.0,0.0,0.0,0.0,0.0,0.0,0.0,1.499,2.001
2039,medium_district,14,"Ogden Canyon, Northeast Mountains",,,,,,,,,14,"Ogden Canyon, Northeast Mountains",,,40.9,78.63300000000001,1.923,0.0,0.0,0.0,0.0,3.442,0.0,0.0,0.0,0.0,0.0,0.0,0.0,0.0,0.0,0.0,1.442,2.0
2040,medium_district,14,"Ogden Canyon, Northeast Mountains",,,,,,,,,14,"Ogden Canyon, Northeast Mountains",,,41.1,78.891,1.919,0.0,0.0,0.0,0.0,3.556,0.0,0.0,0.0,0.0,0.0,0.0,0.0,0.0,0.0,0.0,1.554,2.002
2041,medium_district,14,"Ogden Canyon, Northeast Mountains",,,,,,,,,14,"Ogden Canyon, Northeast Mountains",,,41.4,79.151,1.912,0.0,0.0,0.0,0.0,3.2150000000000003,0.0,0.0,0.0,0.0,0.0,0.0,0.0,0.0,0.0,0.0,1.2169999999999999,1.998
2042,medium_district,14,"Ogden Canyon, Northeast Mountains",,,,,,,,,14,"Ogden Canyon, Northeast Mountains",,,41.6,79.41199999999999,1.909,0.0,0.0,0.0,0.0,3.739,0.0,0.0,0.0,0.0,0.0,0.0,0.0,0.0,0.0,0.0,1.737,2.002
2043,medium_district,14,"Ogden Canyon, Northeast Mountains",,,,,,,,,14,"Ogden Canyon, Northeast Mountains",,,41.8,79.67599999999999,1.906,0.0,0.0,0.0,0.0,3.379,0.0,0.0,0.0,0.0,0.0,0.0,0.0,0.0,0.0,0.0,1.376,2.003
2044,medium_district,14,"Ogden Canyon, Northeast Mountains",,,,,,,,,14,"Ogden Canyon, Northeast Mountains",,,42.0,79.941,1.903,0.0,0.0,0.0,0.0,3.454,0.0,0.0,0.0,0.0,0.0,0.0,0.0,0.0,0.0,0.0,1.451,2.003
2045,medium_district,14,"Ogden Canyon, Northeast Mountains",,,,,,,,,14,"Ogden Canyon, Northeast Mountains",,,42.2,80.209,1.901,0.0,0.0,0.0,0.0,3.248,0.0,0.0,0.0,0.0,0.0,0.0,0.0,0.0,0.0,0.0,1.246,2.002
2046,medium_district,14,"Ogden Canyon, Northeast Mountains",,,,,,,,,14,"Ogden Canyon, Northeast Mountains",,,42.4,80.488,1.898,0.0,0.0,0.0,0.0,3.562,0.0,0.0,0.0,0.0,0.0,0.0,0.0,0.0,0.0,0.0,1.56,2.002
2047,medium_district,14,"Ogden Canyon, Northeast Mountains",,,,,,,,,14,"Ogden Canyon, Northeast Mountains",,,42.6,80.74799999999999,1.895,0.0,0.0,0.0,0.0,3.3379999999999996,0.0,0.0,0.0,0.0,0.0,0.0,0.0,0.0,0.0,0.0,1.335,2.003
2048,medium_district,14,"Ogden Canyon, Northeast Mountains",,,,,,,,,14,"Ogden Canyon, Northeast Mountains",,,42.8,81.018,1.893,0.0,0.0,0.0,0.0,3.4130000000000003,0.0,0.0,0.0,0.0,0.0,0.0,0.0,0.0,0.0,0.0,1.411,2.001
2049,medium_district,14,"Ogden Canyon, Northeast Mountains",,,,,,,,,14,"Ogden Canyon, Northeast Mountains",,,43.0,81.287,1.89,0.0,0.0,0.0,0.0,3.3729999999999998,0.0,0.0,0.0,0.0,0.0,0.0,0.0,0.0,0.0,0.0,1.373,2.0
2050,medium_district,14,"Ogden Canyon, Northeast Mountains",,,,,,,,,14,"Ogden Canyon, Northeast Mountains",,,43.2,81.458,1.886,0.0,0.0,0.0,0.0,3.519,0.0,0.0,0.0,0.0,0.0,0.0,0.0,0.0,0.0,0.0,1.519,2.0
2051,medium_district,14,"Ogden Canyon, Northeast Mountains",,,,,,,,,14,"Ogden Canyon, Northeast Mountains",,,43.4,81.627,1.881,0.0,0.0,0.0,0.0,3.17,0.0,0.0,0.0,0.0,0.0,0.0,0.0,0.0,0.0,0.0,1.1680000000000001,2.002
2052,medium_district,14,"Ogden Canyon, Northeast Mountains",,,,,,,,,14,"Ogden Canyon, Northeast Mountains",,,43.6,81.79599999999999,1.876,0.0,0.0,0.0,0.0,3.5669999999999997,0.0,0.0,0.0,0.0,0.0,0.0,0.0,0.0,0.0,0.0,1.5630000000000002,2.004
2053,medium_district,14,"Ogden Canyon, Northeast Mountains",,,,,,,,,14,"Ogden Canyon, Northeast Mountains",,,43.8,81.964,1.871,0.0,0.0,0.0,0.0,3.5050000000000003,0.0,0.0,0.0,0.0,0.0,0.0,0.0,0.0,0.0,0.0,1.504,2.001
2054,medium_district,14,"Ogden Canyon, Northeast Mountains",,,,,,,,,14,"Ogden Canyon, Northeast Mountains",,,44.0,82.129,1.867,0.0,0.0,0.0,0.0,3.62,0.0,0.0,0.0,0.0,0.0,0.0,0.0,0.0,0.0,0.0,1.617,2.003
2055,medium_district,14,"Ogden Canyon, Northeast Mountains",,,,,,,,,14,"Ogden Canyon, Northeast Mountains",,,44.2,82.294,1.862,0.0,0.0,0.0,0.0,3.552,0.0,0.0,0.0,0.0,0.0,0.0,0.0,0.0,0.0,0.0,1.551,2.001
2056,medium_district,14,"Ogden Canyon, Northeast Mountains",,,,,,,,,14,"Ogden Canyon, Northeast Mountains",,,44.4,82.46799999999999,1.857,0.0,0.0,0.0,0.0,3.651,0.0,0.0,0.0,0.0,0.0,0.0,0.0,0.0,0.0,0.0,1.652,1.999
2057,medium_district,14,"Ogden Canyon, Northeast Mountains",,,,,,,,,14,"Ogden Canyon, Northeast Mountains",,,44.6,82.748,1.855,0.0,0.0,0.0,0.0,3.5919999999999996,0.0,0.0,0.0,0.0,0.0,0.0,0.0,0.0,0.0,0.0,1.593,1.999
2058,medium_district,14,"Ogden Canyon, Northeast Mountains",,,,,,,,,14,"Ogden Canyon, Northeast Mountains",,,44.8,83.025,1.853,0.0,0.0,0.0,0.0,3.5909999999999997,0.0,0.0,0.0,0.0,0.0,0.0,0.0,0.0,0.0,0.0,1.592,1.999
2059,medium_district,14,"Ogden Canyon, Northeast Mountains",,,,,,,,,14,"Ogden Canyon, Northeast Mountains",,,45.0,83.302,1.851,0.0,0.0,0.0,0.0,3.608,0.0,0.0,0.0,0.0,0.0,0.0,0.0,0.0,0.0,0.0,1.606,2.002
2060,medium_district,14,"Ogden Canyon, Northeast Mountains",,,,,,,,,14,"Ogden Canyon, Northeast Mountains",,,45.2,83.579,1.849,0.0,0.0,0.0,0.0,3.708,0.0,0.0,0.0,0.0,0.0,0.0,0.0,0.0,0.0,0.0,1.709,1.999
2061,medium_district,14,"Ogden Canyon, Northeast Mountains",,,,,,,,,14,"Ogden Canyon, Northeast Mountains",,,40.0,98.778,2.469,0.0,0.0,0.0,0.0,3.5700000000000003,0.0,0.0,0.0,0.0,0.0,0.0,0.0,0.0,0.0,0.0,1.57,2.0
2062,medium_district,14,"Ogden Canyon, Northeast Mountains",,,,,,,,,14,"Ogden Canyon, Northeast Mountains",,,40.0,99.60600000000001,2.49,0.0,0.0,0.0,0.0,3.729,0.0,0.0,0.0,0.0,0.0,0.0,0.0,0.0,0.0,0.0,1.728,2.001
2063,medium_district,14,"Ogden Canyon, Northeast Mountains",,,,,,,,,14,"Ogden Canyon, Northeast Mountains",,,40.0,100.439,2.511,0.0,0.0,0.0,0.0,3.5919999999999996,0.0,0.0,0.0,0.0,0.0,0.0,0.0,0.0,0.0,0.0,1.591,2.001
2064,medium_district,14,"Ogden Canyon, Northeast Mountains",,,,,,,,,14,"Ogden Canyon, Northeast Mountains",,,40.0,101.26499999999999,2.532,0.0,0.0,0.0,0.0,3.7209999999999996,0.0,0.0,0.0,0.0,0.0,0.0,0.0,0.0,0.0,0.0,1.7199999999999998,2.001
2065,medium_district,14,"Ogden Canyon, Northeast Mountains",,,,,,,,,14,"Ogden Canyon, Northeast Mountains",,,40.0,102.1,2.552,0.0,0.0,0.0,0.0,3.608,0.0,0.0,0.0,0.0,0.0,0.0,0.0,0.0,0.0,0.0,1.609,1.999
2023,medium_district,15,WE - Southeast Mountains,,,,,,,,,15,WE - Southeast Mountains,,,10.0,23.739,2.374,12.0,0.0,0.0,12.0,12.863,0.0,0.0,0.0,0.0,1.0,3.0,1.0,7.0,0.0,0.0,0.863,0.0
2024,medium_district,15,WE - Southeast Mountains,,,,,,,,,15,WE - Southeast Mountains,,,10.0,24.563,2.456,12.0,0.0,0.0,12.0,12.016,0.0,0.0,0.0,0.0,1.0,3.0,1.0,7.0,0.0,0.0,0.016,0.0
2025,medium_district,15,WE - Southeast Mountains,,,,,,,,,15,WE - Southeast Mountains,,,10.0,24.366,2.437,12.0,0.0,0.0,12.0,12.828,0.0,0.0,0.0,0.0,1.0,3.0,1.0,7.0,0.0,0.0,0.8280000000000001,0.0
2026,medium_district,15,WE - Southeast Mountains,,,,,,,,,15,WE - Southeast Mountains,,,10.0,24.167,2.417,12.0,0.0,0.0,12.0,12.828,0.0,0.0,0.0,0.0,1.0,3.0,1.0,7.0,0.0,0.0,0.8280000000000001,0.0
2027,medium_district,15,WE - Southeast Mountains,,,,,,,,,15,WE - Southeast Mountains,,,10.0,23.967,2.397,12.0,0.0,0.0,12.0,12.892999999999999,0.0,0.0,0.0,0.0,1.0,3.0,1.0,7.0,0.0,0.0,0.893,0.0
2028,medium_district,15,WE - Southeast Mountains,,,,,,,,,15,WE - Southeast Mountains,,,10.0,23.775,2.377,12.0,0.0,0.0,12.0,12.873,0.0,0.0,0.0,0.0,1.0,3.0,1.0,7.0,0.0,0.0,0.873,0.0
2029,medium_district,15,WE - Southeast Mountains,,,,,,,,,15,WE - Southeast Mountains,,,10.0,23.583,2.358,12.0,0.0,0.0,12.0,12.836,0.0,0.0,0.0,0.0,1.0,3.0,1.0,7.0,0.0,0.0,0.8360000000000001,0.0
2030,medium_district,15,WE - Southeast Mountains,,,,,,,,,15,WE - Southeast Mountains,,,10.0,23.436,2.344,12.0,0.0,0.0,12.0,12.857,0.0,0.0,0.0,0.0,1.0,3.0,1.0,7.0,0.0,0.0,0.857,0.0
2031,medium_district,15,WE - Southeast Mountains,,,,,,,,,15,WE - Southeast Mountains,,,10.0,23.264999999999997,2.326,12.0,0.0,0.0,12.0,12.828,0.0,0.0,0.0,0.0,1.0,3.0,1.0,7.0,0.0,0.0,0.8280000000000001,0.0
2032,medium_district,15,WE - Southeast Mountains,,,,,,,,,15,WE - Southeast Mountains,,,10.0,23.114,2.311,12.0,0.0,0.0,12.0,12.913,0.0,0.0,0.0,0.0,1.0,3.0,1.0,7.0,0.0,0.0,0.913,0.0
2033,medium_district,15,WE - Southeast Mountains,,,,,,,,,15,WE - Southeast Mountains,,,10.0,22.970000000000002,2.297,12.0,0.0,0.0,12.0,12.745000000000001,0.0,0.0,0.0,0.0,1.0,3.0,1.0,7.0,0.0,0.0,0.745,0.0
2034,medium_district,15,WE - Southeast Mountains,,,,,,,,,15,WE - Southeast Mountains,,,10.0,22.838,2.284,12.0,0.0,0.0,12.0,12.833,0.0,0.0,0.0,0.0,1.0,3.0,1.0,7.0,0.0,0.0,0.833,0.0
2035,medium_district,15,WE - Southeast Mountains,,,,,,,,,15,WE - Southeast Mountains,,,10.0,22.715,2.272,12.0,0.0,0.0,12.0,12.746,0.0,0.0,0.0,0.0,1.0,3.0,1.0,7.0,0.0,0.0,0.746,0.0
2036,medium_district,15,WE - Southeast Mountains,,,,,,,,,15,WE - Southeast Mountains,,,10.0,22.597,2.26,12.0,0.0,0.0,12.0,12.863,0.0,0.0,0.0,0.0,1.0,3.0,1.0,7.0,0.0,0.0,0.863,0.0
2037,medium_district,15,WE - Southeast Mountains,,,,,,,,,15,WE - Southeast Mountains,,,10.0,21.650000000000002,2.165,13.0,0.0,0.0,13.0,13.774000000000001,0.0,0.0,0.0,0.0,1.0,4.0,1.0,7.0,0.0,0.0,0.774,0.0
2038,medium_district,15,WE - Southeast Mountains,,,,,,,,,15,WE - Southeast Mountains,,,11.0,26.677999999999997,2.425,13.0,0.0,0.0,13.0,13.899,0.0,0.0,0.0,0.0,1.0,4.0,1.0,7.0,0.0,0.0,0.899,0.0
2039,medium_district,15,WE - Southeast Mountains,,,,,,,,,15,WE - Southeast Mountains,,,11.0,26.558999999999997,2.414,13.0,0.0,0.0,13.0,13.866,0.0,0.0,0.0,0.0,1.0,4.0,1.0,7.0,0.0,0.0,0.8660000000000001,0.0
2040,medium_district,15,WE - Southeast Mountains,,,,,,,,,15,WE - Southeast Mountains,,,11.0,26.448,2.404,13.0,0.0,0.0,13.0,13.933,0.0,0.0,0.0,0.0,1.0,4.0,1.0,7.0,0.0,0.0,0.9329999999999999,0.0
2041,medium_district,15,WE - Southeast Mountains,,,,,,,,,15,WE - Southeast Mountains,,,11.0,26.336000000000002,2.394,13.0,0.0,0.0,13.0,13.731000000000002,0.0,0.0,0.0,0.0,1.0,4.0,1.0,7.0,0.0,0.0,0.7310000000000001,0.0
2042,medium_district,15,WE - Southeast Mountains,,,,,,,,,15,WE - Southeast Mountains,,,11.0,26.231,2.385,13.0,0.0,0.0,13.0,14.043,0.0,0.0,0.0,0.0,1.0,4.0,1.0,7.0,0.0,0.0,1.0430000000000001,0.0
2043,medium_district,15,WE - Southeast Mountains,,,,,,,,,15,WE - Southeast Mountains,,,11.0,26.135,2.376,13.0,0.0,0.0,13.0,13.826,0.0,0.0,0.0,0.0,1.0,4.0,1.0,7.0,0.0,0.0,0.8260000000000001,0.0
2044,medium_district,15,WE - Southeast Mountains,,,,,,,,,15,WE - Southeast Mountains,,,11.0,26.04,2.367,13.0,0.0,0.0,13.0,13.871,0.0,0.0,0.0,0.0,1.0,4.0,1.0,7.0,0.0,0.0,0.871,0.0
2045,medium_district,15,WE - Southeast Mountains,,,,,,,,,15,WE - Southeast Mountains,,,11.0,25.955,2.36,13.0,0.0,0.0,13.0,13.747,0.0,0.0,0.0,0.0,1.0,4.0,1.0,7.0,0.0,0.0,0.7470000000000001,0.0
2046,medium_district,15,WE - Southeast Mountains,,,,,,,,,15,WE - Southeast Mountains,,,11.0,25.896,2.354,13.0,0.0,0.0,13.0,13.936,0.0,0.0,0.0,0.0,1.0,4.0,1.0,7.0,0.0,0.0,0.9359999999999999,0.0
2047,medium_district,15,WE - Southeast Mountains,,,,,,,,,15,WE - Southeast Mountains,,,11.0,25.786,2.344,13.0,0.0,0.0,13.0,13.801,0.0,0.0,0.0,0.0,1.0,4.0,1.0,7.0,0.0,0.0,0.8009999999999999,0.0
2048,medium_district,15,WE - Southeast Mountains,,,,,,,,,15,WE - Southeast Mountains,,,11.0,25.704,2.337,13.0,0.0,0.0,13.0,13.847,0.0,0.0,0.0,0.0,1.0,4.0,1.0,7.0,0.0,0.0,0.847,0.0
2049,medium_district,15,WE - Southeast Mountains,,,,,,,,,15,WE - Southeast Mountains,,,11.0,25.623,2.329,13.0,0.0,0.0,13.0,13.824,0.0,0.0,0.0,0.0,1.0,4.0,1.0,7.0,0.0,0.0,0.8240000000000001,0.0
2050,medium_district,15,WE - Southeast Mountains,,,,,,,,,15,WE - Southeast Mountains,,,11.0,25.543,2.322,13.0,0.0,0.0,13.0,13.912,0.0,0.0,0.0,0.0,1.0,4.0,1.0,7.0,0.0,0.0,0.9119999999999999,0.0
2051,medium_district,15,WE - Southeast Mountains,,,,,,,,,15,WE - Southeast Mountains,,,11.0,25.456999999999997,2.314,13.0,0.0,0.0,13.0,13.701,0.0,0.0,0.0,0.0,1.0,4.0,1.0,7.0,0.0,0.0,0.7010000000000001,0.0
2052,medium_district,15,WE - Southeast Mountains,,,,,,,,,15,WE - Southeast Mountains,,,11.0,25.374000000000002,2.307,13.0,0.0,0.0,13.0,13.938,0.0,0.0,0.0,0.0,1.0,4.0,1.0,7.0,0.0,0.0,0.938,0.0
2053,medium_district,15,WE - Southeast Mountains,,,,,,,,,15,WE - Southeast Mountains,,,11.0,25.287000000000003,2.299,13.0,0.0,0.0,13.0,13.902,0.0,0.0,0.0,0.0,1.0,4.0,1.0,7.0,0.0,0.0,0.9019999999999999,0.0
2054,medium_district,15,WE - Southeast Mountains,,,,,,,,,15,WE - Southeast Mountains,,,11.0,25.191,2.29,13.0,0.0,0.0,13.0,13.97,0.0,0.0,0.0,0.0,1.0,4.0,1.0,7.0,0.0,0.0,0.97,0.0
2055,medium_district,15,WE - Southeast Mountains,,,,,,,,,15,WE - Southeast Mountains,,,11.0,25.098999999999997,2.282,13.0,0.0,0.0,13.0,13.931000000000001,0.0,0.0,0.0,0.0,1.0,4.0,1.0,7.0,0.0,0.0,0.9309999999999999,0.0
2056,medium_district,15,WE - Southeast Mountains,,,,,,,,,15,WE - Southeast Mountains,,,11.0,25.028,2.275,13.0,0.0,0.0,13.0,13.991999999999999,0.0,0.0,0.0,0.0,1.0,4.0,1.0,7.0,0.0,0.0,0.992,0.0
2057,medium_district,15,WE - Southeast Mountains,,,,,,,,,15,WE - Southeast Mountains,,,11.0,25.244,2.295,13.0,0.0,0.0,13.0,13.955,0.0,0.0,0.0,0.0,1.0,4.0,1.0,7.0,0.0,0.0,0.955,0.0
2058,medium_district,15,WE - Southeast Mountains,,,,,,,,,15,WE - Southeast Mountains,,,11.0,25.455,2.314,13.0,0.0,0.0,13.0,13.955,0.0,0.0,0.0,0.0,1.0,4.0,1.0,7.0,0.0,0.0,0.955,0.0
2059,medium_district,15,WE - Southeast Mountains,,,,,,,,,15,WE - Southeast Mountains,,,11.0,25.665,2.333,13.0,0.0,0.0,13.0,13.963000000000001,0.0,0.0,0.0,0.0,1.0,4.0,1.0,7.0,0.0,0.0,0.963,0.0
2060,medium_district,15,WE - Southeast Mountains,,,,,,,,,15,WE - Southeast Mountains,,,11.0,25.874,2.352,13.0,0.0,0.0,13.0,14.025,0.0,0.0,0.0,0.0,1.0,4.0,1.0,7.0,0.0,0.0,1.025,0.0
2061,medium_district,15,WE - Southeast Mountains,,,,,,,,,15,WE - Southeast Mountains,,,11.0,26.092,2.372,13.0,0.0,0.0,13.0,13.942,0.0,0.0,0.0,0.0,1.0,4.0,1.0,7.0,0.0,0.0,0.942,0.0
2062,medium_district,15,WE - Southeast Mountains,,,,,,,,,15,WE - Southeast Mountains,,,11.0,26.304000000000002,2.391,13.0,0.0,0.0,13.0,14.036999999999999,0.0,0.0,0.0,0.0,1.0,4.0,1.0,7.0,0.0,0.0,1.037,0.0
2063,medium_district,15,WE - Southeast Mountains,,,,,,,,,15,WE - Southeast Mountains,,,11.0,26.518,2.411,13.0,0.0,0.0,13.0,13.955,0.0,0.0,0.0,0.0,1.0,4.0,1.0,7.0,0.0,0.0,0.955,0.0
2064,medium_district,15,WE - Southeast Mountains,,,,,,,,,15,WE - Southeast Mountains,,,11.0,26.73,2.43,13.0,0.0,0.0,13.0,15.033,0.0,0.0,0.0,0.0,1.0,4.0,1.0,7.0,0.0,0.0,1.032,1.001
2065,medium_district,15,WE - Southeast Mountains,,,,,,,,,15,WE - Southeast Mountains,,,11.0,26.944,2.449,13.0,0.0,0.0,13.0,14.965,0.0,0.0,0.0,0.0,1.0,4.0,1.0,7.0,0.0,0.0,0.965,1.0
2023,medium_district,16,Antelope Island,,,,,,,,,16,Antelope Island,,,0.0,0.0,0,5.0,0.0,0.0,5.0,5.0,0.0,0.0,0.0,0.0,0.0,5.0,0.0,0.0,0.0,0.0,0.0,0.0
2024,medium_district,16,Antelope Island,,,,,,,,,16,Antelope Island,,,0.0,0.0,0,5.0,0.0,0.0,5.0,5.0,0.0,0.0,0.0,0.0,0.0,5.0,0.0,0.0,0.0,0.0,0.0,0.0
2025,medium_district,16,Antelope Island,,,,,,,,,16,Antelope Island,,,0.0,0.0,0,5.0,0.0,0.0,5.0,5.0,0.0,0.0,0.0,0.0,0.0,5.0,0.0,0.0,0.0,0.0,0.0,0.0
2026,medium_district,16,Antelope Island,,,,,,,,,16,Antelope Island,,,0.0,0.0,0,5.0,0.0,0.0,5.0,5.0,0.0,0.0,0.0,0.0,0.0,5.0,0.0,0.0,0.0,0.0,0.0,0.0
2027,medium_district,16,Antelope Island,,,,,,,,,16,Antelope Island,,,0.0,0.0,0,5.0,0.0,0.0,5.0,5.0,0.0,0.0,0.0,0.0,0.0,5.0,0.0,0.0,0.0,0.0,0.0,0.0
2028,medium_district,16,Antelope Island,,,,,,,,,16,Antelope Island,,,0.0,0.0,0,5.0,0.0,0.0,5.0,5.0,0.0,0.0,0.0,0.0,0.0,5.0,0.0,0.0,0.0,0.0,0.0,0.0
2029,medium_district,16,Antelope Island,,,,,,,,,16,Antelope Island,,,0.0,0.0,0,5.0,0.0,0.0,5.0,5.0,0.0,0.0,0.0,0.0,0.0,5.0,0.0,0.0,0.0,0.0,0.0,0.0
2030,medium_district,16,Antelope Island,,,,,,,,,16,Antelope Island,,,0.0,0.0,0,5.0,0.0,0.0,5.0,5.0,0.0,0.0,0.0,0.0,0.0,5.0,0.0,0.0,0.0,0.0,0.0,0.0
2031,medium_district,16,Antelope Island,,,,,,,,,16,Antelope Island,,,0.0,0.0,0,5.0,0.0,0.0,5.0,5.0,0.0,0.0,0.0,0.0,0.0,5.0,0.0,0.0,0.0,0.0,0.0,0.0
2032,medium_district,16,Antelope Island,,,,,,,,,16,Antelope Island,,,0.0,0.0,0,5.0,0.0,0.0,5.0,5.0,0.0,0.0,0.0,0.0,0.0,5.0,0.0,0.0,0.0,0.0,0.0,0.0
2033,medium_district,16,Antelope Island,,,,,,,,,16,Antelope Island,,,0.0,0.0,0,5.0,0.0,0.0,5.0,5.0,0.0,0.0,0.0,0.0,0.0,5.0,0.0,0.0,0.0,0.0,0.0,0.0
2034,medium_district,16,Antelope Island,,,,,,,,,16,Antelope Island,,,0.0,0.0,0,5.0,0.0,0.0,5.0,5.0,0.0,0.0,0.0,0.0,0.0,5.0,0.0,0.0,0.0,0.0,0.0,0.0
2035,medium_district,16,Antelope Island,,,,,,,,,16,Antelope Island,,,0.0,0.0,0,5.0,0.0,0.0,5.0,5.0,0.0,0.0,0.0,0.0,0.0,5.0,0.0,0.0,0.0,0.0,0.0,0.0
2036,medium_district,16,Antelope Island,,,,,,,,,16,Antelope Island,,,0.0,0.0,0,5.0,0.0,0.0,5.0,5.0,0.0,0.0,0.0,0.0,0.0,5.0,0.0,0.0,0.0,0.0,0.0,0.0
2037,medium_district,16,Antelope Island,,,,,,,,,16,Antelope Island,,,0.0,0.0,0,5.0,0.0,0.0,5.0,5.0,0.0,0.0,0.0,0.0,0.0,5.0,0.0,0.0,0.0,0.0,0.0,0.0
2038,medium_district,16,Antelope Island,,,,,,,,,16,Antelope Island,,,0.0,0.0,0,5.0,0.0,0.0,5.0,5.0,0.0,0.0,0.0,0.0,0.0,5.0,0.0,0.0,0.0,0.0,0.0,0.0
2039,medium_district,16,Antelope Island,,,,,,,,,16,Antelope Island,,,0.0,0.0,0,5.0,0.0,0.0,5.0,5.0,0.0,0.0,0.0,0.0,0.0,5.0,0.0,0.0,0.0,0.0,0.0,0.0
2040,medium_district,16,Antelope Island,,,,,,,,,16,Antelope Island,,,0.0,0.0,0,5.0,0.0,0.0,5.0,5.0,0.0,0.0,0.0,0.0,0.0,5.0,0.0,0.0,0.0,0.0,0.0,0.0
2041,medium_district,16,Antelope Island,,,,,,,,,16,Antelope Island,,,0.0,0.0,0,5.0,0.0,0.0,5.0,5.0,0.0,0.0,0.0,0.0,0.0,5.0,0.0,0.0,0.0,0.0,0.0,0.0
2042,medium_district,16,Antelope Island,,,,,,,,,16,Antelope Island,,,0.0,0.0,0,5.0,0.0,0.0,5.0,5.0,0.0,0.0,0.0,0.0,0.0,5.0,0.0,0.0,0.0,0.0,0.0,0.0
2043,medium_district,16,Antelope Island,,,,,,,,,16,Antelope Island,,,0.0,0.0,0,5.0,0.0,0.0,5.0,5.0,0.0,0.0,0.0,0.0,0.0,5.0,0.0,0.0,0.0,0.0,0.0,0.0
2044,medium_district,16,Antelope Island,,,,,,,,,16,Antelope Island,,,0.0,0.0,0,5.0,0.0,0.0,5.0,5.0,0.0,0.0,0.0,0.0,0.0,5.0,0.0,0.0,0.0,0.0,0.0,0.0
2045,medium_district,16,Antelope Island,,,,,,,,,16,Antelope Island,,,0.0,0.0,0,5.0,0.0,0.0,5.0,5.0,0.0,0.0,0.0,0.0,0.0,5.0,0.0,0.0,0.0,0.0,0.0,0.0
2046,medium_district,16,Antelope Island,,,,,,,,,16,Antelope Island,,,0.0,0.0,0,5.0,0.0,0.0,5.0,5.0,0.0,0.0,0.0,0.0,0.0,5.0,0.0,0.0,0.0,0.0,0.0,0.0
2047,medium_district,16,Antelope Island,,,,,,,,,16,Antelope Island,,,0.0,0.0,0,5.0,0.0,0.0,5.0,5.0,0.0,0.0,0.0,0.0,0.0,5.0,0.0,0.0,0.0,0.0,0.0,0.0
2048,medium_district,16,Antelope Island,,,,,,,,,16,Antelope Island,,,0.0,0.0,0,5.0,0.0,0.0,5.0,5.0,0.0,0.0,0.0,0.0,0.0,5.0,0.0,0.0,0.0,0.0,0.0,0.0
2049,medium_district,16,Antelope Island,,,,,,,,,16,Antelope Island,,,0.0,0.0,0,5.0,0.0,0.0,5.0,5.0,0.0,0.0,0.0,0.0,0.0,5.0,0.0,0.0,0.0,0.0,0.0,0.0
2050,medium_district,16,Antelope Island,,,,,,,,,16,Antelope Island,,,0.0,0.0,0,5.0,0.0,0.0,5.0,5.0,0.0,0.0,0.0,0.0,0.0,5.0,0.0,0.0,0.0,0.0,0.0,0.0
2051,medium_district,16,Antelope Island,,,,,,,,,16,Antelope Island,,,0.0,0.0,0,5.0,0.0,0.0,5.0,5.0,0.0,0.0,0.0,0.0,0.0,5.0,0.0,0.0,0.0,0.0,0.0,0.0
2052,medium_district,16,Antelope Island,,,,,,,,,16,Antelope Island,,,0.0,0.0,0,5.0,0.0,0.0,5.0,5.0,0.0,0.0,0.0,0.0,0.0,5.0,0.0,0.0,0.0,0.0,0.0,0.0
2053,medium_district,16,Antelope Island,,,,,,,,,16,Antelope Island,,,0.0,0.0,0,5.0,0.0,0.0,5.0,5.0,0.0,0.0,0.0,0.0,0.0,5.0,0.0,0.0,0.0,0.0,0.0,0.0
2054,medium_district,16,Antelope Island,,,,,,,,,16,Antelope Island,,,0.0,0.0,0,5.0,0.0,0.0,5.0,5.0,0.0,0.0,0.0,0.0,0.0,5.0,0.0,0.0,0.0,0.0,0.0,0.0
2055,medium_district,16,Antelope Island,,,,,,,,,16,Antelope Island,,,0.0,0.0,0,5.0,0.0,0.0,5.0,5.0,0.0,0.0,0.0,0.0,0.0,5.0,0.0,0.0,0.0,0.0,0.0,0.0
2056,medium_district,16,Antelope Island,,,,,,,,,16,Antelope Island,,,0.0,0.0,0,5.0,0.0,0.0,5.0,5.0,0.0,0.0,0.0,0.0,0.0,5.0,0.0,0.0,0.0,0.0,0.0,0.0
2057,medium_district,16,Antelope Island,,,,,,,,,16,Antelope Island,,,0.0,0.0,0,5.0,0.0,0.0,5.0,5.0,0.0,0.0,0.0,0.0,0.0,5.0,0.0,0.0,0.0,0.0,0.0,0.0
2058,medium_district,16,Antelope Island,,,,,,,,,16,Antelope Island,,,0.0,0.0,0,5.0,0.0,0.0,5.0,5.0,0.0,0.0,0.0,0.0,0.0,5.0,0.0,0.0,0.0,0.0,0.0,0.0
2059,medium_district,16,Antelope Island,,,,,,,,,16,Antelope Island,,,0.0,0.0,0,5.0,0.0,0.0,5.0,5.0,0.0,0.0,0.0,0.0,0.0,5.0,0.0,0.0,0.0,0.0,0.0,0.0
2060,medium_district,16,Antelope Island,,,,,,,,,16,Antelope Island,,,0.0,0.0,0,5.0,0.0,0.0,5.0,5.0,0.0,0.0,0.0,0.0,0.0,5.0,0.0,0.0,0.0,0.0,0.0,0.0
2061,medium_district,16,Antelope Island,,,,,,,,,16,Antelope Island,,,0.0,0.0,0,0.0,0.0,0.0,0.0,0.0,0.0,0.0,0.0,0.0,0.0,0.0,0.0,0.0,0.0,0.0,0.0,0.0
2062,medium_district,16,Antelope Island,,,,,,,,,16,Antelope Island,,,0.0,0.0,0,0.0,0.0,0.0,0.0,0.0,0.0,0.0,0.0,0.0,0.0,0.0,0.0,0.0,0.0,0.0,0.0,0.0
2063,medium_district,16,Antelope Island,,,,,,,,,16,Antelope Island,,,0.0,0.0,0,0.0,0.0,0.0,0.0,0.0,0.0,0.0,0.0,0.0,0.0,0.0,0.0,0.0,0.0,0.0,0.0,0.0
2064,medium_district,16,Antelope Island,,,,,,,,,16,Antelope Island,,,0.0,0.0,0,0.0,0.0,0.0,0.0,0.0,0.0,0.0,0.0,0.0,0.0,0.0,0.0,0.0,0.0,0.0,0.0,0.0
2065,medium_district,16,Antelope Island,,,,,,,,,16,Antelope Island,,,0.0,0.0,0,0.0,0.0,0.0,0.0,0.0,0.0,0.0,0.0,0.0,0.0,0.0,0.0,0.0,0.0,0.0,0.0,0.0
2023,medium_district,17,DA - GSL,,,,,,,,,17,DA - GSL,,,0.0,0.0,0,0.0,0.0,0.0,0.0,25.349,0.0,0.0,0.0,0.0,0.0,0.0,0.0,0.0,25.349,0.0,0.0,0.0
2024,medium_district,17,DA - GSL,,,,,,,,,17,DA - GSL,,,0.0,0.0,0,0.0,0.0,0.0,0.0,27.187,0.0,0.0,0.0,0.0,0.0,0.0,0.0,0.0,27.187,0.0,0.0,0.0
2025,medium_district,17,DA - GSL,,,,,,,,,17,DA - GSL,,,0.0,0.0,0,0.0,0.0,0.0,0.0,27.251,0.0,0.0,0.0,0.0,0.0,0.0,0.0,0.0,27.251,0.0,0.0,0.0
2026,medium_district,17,DA - GSL,,,,,,,,,17,DA - GSL,,,0.0,0.0,0,0.0,0.0,0.0,0.0,28.195,0.0,0.0,0.0,0.0,0.0,0.0,0.0,0.0,28.195,0.0,0.0,0.0
2027,medium_district,17,DA - GSL,,,,,,,,,17,DA - GSL,,,0.0,0.0,0,0.0,0.0,0.0,0.0,28.328,0.0,0.0,0.0,0.0,0.0,0.0,0.0,0.0,28.328,0.0,0.0,0.0
2028,medium_district,17,DA - GSL,,,,,,,,,17,DA - GSL,,,0.0,0.0,0,0.0,0.0,0.0,0.0,29.377,0.0,0.0,0.0,0.0,0.0,0.0,0.0,0.0,29.377,0.0,0.0,0.0
2029,medium_district,17,DA - GSL,,,,,,,,,17,DA - GSL,,,0.0,0.0,0,0.0,0.0,0.0,0.0,29.137,0.0,0.0,0.0,0.0,0.0,0.0,0.0,0.0,29.137,0.0,0.0,0.0
2030,medium_district,17,DA - GSL,,,,,,,,,17,DA - GSL,,,0.0,0.0,0,0.0,0.0,0.0,0.0,29.103,0.0,0.0,0.0,0.0,0.0,0.0,0.0,0.0,29.103,0.0,0.0,0.0
2031,medium_district,17,DA - GSL,,,,,,,,,17,DA - GSL,,,0.0,0.0,0,0.0,0.0,0.0,0.0,29.965000000000003,0.0,0.0,0.0,0.0,0.0,0.0,0.0,0.0,29.965000000000003,0.0,0.0,0.0
2032,medium_district,17,DA - GSL,,,,,,,,,17,DA - GSL,,,0.0,0.0,0,0.0,0.0,0.0,0.0,30.215999999999998,0.0,0.0,0.0,0.0,0.0,0.0,0.0,0.0,30.215999999999998,0.0,0.0,0.0
2033,medium_district,17,DA - GSL,,,,,,,,,17,DA - GSL,,,0.0,0.0,0,0.0,0.0,0.0,0.0,32.385999999999996,0.0,0.0,0.0,0.0,0.0,0.0,0.0,0.0,32.385999999999996,0.0,0.0,0.0
2034,medium_district,17,DA - GSL,,,,,,,,,17,DA - GSL,,,0.0,0.0,0,0.0,0.0,0.0,0.0,32.230000000000004,0.0,0.0,0.0,0.0,0.0,0.0,0.0,0.0,32.230000000000004,0.0,0.0,0.0
2035,medium_district,17,DA - GSL,,,,,,,,,17,DA - GSL,,,0.0,0.0,0,0.0,0.0,0.0,0.0,33.277,0.0,0.0,0.0,0.0,0.0,0.0,0.0,0.0,33.277,0.0,0.0,0.0
2036,medium_district,17,DA - GSL,,,,,,,,,17,DA - GSL,,,0.0,0.0,0,0.0,0.0,0.0,0.0,34.244,0.0,0.0,0.0,0.0,0.0,0.0,0.0,0.0,34.244,0.0,0.0,0.0
2037,medium_district,17,DA - GSL,,,,,,,,,17,DA - GSL,,,0.0,0.0,0,0.0,0.0,0.0,0.0,35.336,0.0,0.0,0.0,0.0,0.0,0.0,0.0,0.0,35.336,0.0,0.0,0.0
2038,medium_district,17,DA - GSL,,,,,,,,,17,DA - GSL,,,0.0,0.0,0,0.0,0.0,0.0,0.0,36.172,0.0,0.0,0.0,0.0,0.0,0.0,0.0,0.0,36.172,0.0,0.0,0.0
2039,medium_district,17,DA - GSL,,,,,,,,,17,DA - GSL,,,0.0,0.0,0,0.0,0.0,0.0,0.0,37.132999999999996,0.0,0.0,0.0,0.0,0.0,0.0,0.0,0.0,37.132999999999996,0.0,0.0,0.0
2040,medium_district,17,DA - GSL,,,,,,,,,17,DA - GSL,,,0.0,0.0,0,0.0,0.0,0.0,0.0,38.459,0.0,0.0,0.0,0.0,0.0,0.0,0.0,0.0,38.459,0.0,0.0,0.0
2041,medium_district,17,DA - GSL,,,,,,,,,17,DA - GSL,,,0.0,0.0,0,0.0,0.0,0.0,0.0,39.187,0.0,0.0,0.0,0.0,0.0,0.0,0.0,0.0,39.187,0.0,0.0,0.0
2042,medium_district,17,DA - GSL,,,,,,,,,17,DA - GSL,,,0.0,0.0,0,0.0,0.0,0.0,0.0,41.296,0.0,0.0,0.0,0.0,0.0,0.0,0.0,0.0,41.296,0.0,0.0,0.0
2043,medium_district,17,DA - GSL,,,,,,,,,17,DA - GSL,,,0.0,0.0,0,0.0,0.0,0.0,0.0,42.354,0.0,0.0,0.0,0.0,0.0,0.0,0.0,0.0,42.354,0.0,0.0,0.0
2044,medium_district,17,DA - GSL,,,,,,,,,17,DA - GSL,,,0.0,0.0,0,0.0,0.0,0.0,0.0,43.103,0.0,0.0,0.0,0.0,0.0,0.0,0.0,0.0,43.103,0.0,0.0,0.0
2045,medium_district,17,DA - GSL,,,,,,,,,17,DA - GSL,,,0.0,0.0,0,0.0,0.0,0.0,0.0,43.153999999999996,0.0,0.0,0.0,0.0,0.0,0.0,0.0,0.0,43.153999999999996,0.0,0.0,0.0
2046,medium_district,17,DA - GSL,,,,,,,,,17,DA - GSL,,,0.0,0.0,0,0.0,0.0,0.0,0.0,46.277,0.0,0.0,0.0,0.0,0.0,0.0,0.0,0.0,46.277,0.0,0.0,0.0
2047,medium_district,17,DA - GSL,,,,,,,,,17,DA - GSL,,,0.0,0.0,0,0.0,0.0,0.0,0.0,46.11,0.0,0.0,0.0,0.0,0.0,0.0,0.0,0.0,46.11,0.0,0.0,0.0
2048,medium_district,17,DA - GSL,,,,,,,,,17,DA - GSL,,,0.0,0.0,0,0.0,0.0,0.0,0.0,46.166000000000004,0.0,0.0,0.0,0.0,0.0,0.0,0.0,0.0,46.166000000000004,0.0,0.0,0.0
2049,medium_district,17,DA - GSL,,,,,,,,,17,DA - GSL,,,0.0,0.0,0,0.0,0.0,0.0,0.0,46.222,0.0,0.0,0.0,0.0,0.0,0.0,0.0,0.0,46.222,0.0,0.0,0.0
2050,medium_district,17,DA - GSL,,,,,,,,,17,DA - GSL,,,0.0,0.0,0,0.0,0.0,0.0,0.0,46.222,0.0,0.0,0.0,0.0,0.0,0.0,0.0,0.0,46.222,0.0,0.0,0.0
2051,medium_district,17,DA - GSL,,,,,,,,,17,DA - GSL,,,0.0,0.0,0,0.0,0.0,0.0,0.0,46.223,0.0,0.0,0.0,0.0,0.0,0.0,0.0,0.0,46.223,0.0,0.0,0.0
2052,medium_district,17,DA - GSL,,,,,,,,,17,DA - GSL,,,0.0,0.0,0,0.0,0.0,0.0,0.0,46.224,0.0,0.0,0.0,0.0,0.0,0.0,0.0,0.0,46.224,0.0,0.0,0.0
2053,medium_district,17,DA - GSL,,,,,,,,,17,DA - GSL,,,0.0,0.0,0,0.0,0.0,0.0,0.0,46.167,0.0,0.0,0.0,0.0,0.0,0.0,0.0,0.0,46.167,0.0,0.0,0.0
2054,medium_district,17,DA - GSL,,,,,,,,,17,DA - GSL,,,0.0,0.0,0,0.0,0.0,0.0,0.0,46.167,0.0,0.0,0.0,0.0,0.0,0.0,0.0,0.0,46.167,0.0,0.0,0.0
2055,medium_district,17,DA - GSL,,,,,,,,,17,DA - GSL,,,0.0,0.0,0,0.0,0.0,0.0,0.0,45.109,0.0,0.0,0.0,0.0,0.0,0.0,0.0,0.0,45.109,0.0,0.0,0.0
2056,medium_district,17,DA - GSL,,,,,,,,,17,DA - GSL,,,0.0,0.0,0,0.0,0.0,0.0,0.0,44.108,0.0,0.0,0.0,0.0,0.0,0.0,0.0,0.0,44.108,0.0,0.0,0.0
2057,medium_district,17,DA - GSL,,,,,,,,,17,DA - GSL,,,0.0,0.0,0,0.0,0.0,0.0,0.0,44.108,0.0,0.0,0.0,0.0,0.0,0.0,0.0,0.0,44.108,0.0,0.0,0.0
2058,medium_district,17,DA - GSL,,,,,,,,,17,DA - GSL,,,0.0,0.0,0,0.0,0.0,0.0,0.0,44.162,0.0,0.0,0.0,0.0,0.0,0.0,0.0,0.0,44.162,0.0,0.0,0.0
2059,medium_district,17,DA - GSL,,,,,,,,,17,DA - GSL,,,0.0,0.0,0,0.0,0.0,0.0,0.0,44.108,0.0,0.0,0.0,0.0,0.0,0.0,0.0,0.0,44.108,0.0,0.0,0.0
2060,medium_district,17,DA - GSL,,,,,,,,,17,DA - GSL,,,0.0,0.0,0,0.0,0.0,0.0,0.0,44.053999999999995,0.0,0.0,0.0,0.0,0.0,0.0,0.0,0.0,44.053999999999995,0.0,0.0,0.0
2061,medium_district,17,DA - GSL,,,,,,,,,17,DA - GSL,,,0.0,0.0,0,0.0,0.0,0.0,0.0,44.053999999999995,0.0,0.0,0.0,0.0,0.0,0.0,0.0,0.0,44.053999999999995,0.0,0.0,0.0
2062,medium_district,17,DA - GSL,,,,,,,,,17,DA - GSL,,,0.0,0.0,0,0.0,0.0,0.0,0.0,44.109,0.0,0.0,0.0,0.0,0.0,0.0,0.0,0.0,44.109,0.0,0.0,0.0
2063,medium_district,17,DA - GSL,,,,,,,,,17,DA - GSL,,,0.0,0.0,0,0.0,0.0,0.0,0.0,44.165,0.0,0.0,0.0,0.0,0.0,0.0,0.0,0.0,44.165,0.0,0.0,0.0
2064,medium_district,17,DA - GSL,,,,,,,,,17,DA - GSL,,,0.0,0.0,0,0.0,0.0,0.0,0.0,44.109,0.0,0.0,0.0,0.0,0.0,0.0,0.0,0.0,44.109,0.0,0.0,0.0
2065,medium_district,17,DA - GSL,,,,,,,,,17,DA - GSL,,,0.0,0.0,0,0.0,0.0,0.0,0.0,44.22,0.0,0.0,0.0,0.0,0.0,0.0,0.0,0.0,44.22,0.0,0.0,0.0
2023,medium_district,18,Clinton-W.Pt-Clearfield,,,,,,,,,18,Clinton-W.Pt-Clearfield,,,24637.0,76987.452,3.125,29455.0,4353.0,8591.0,16511.0,33351.073,2857.0,1496.0,6576.0,2015.0,2036.0,3503.0,2001.0,8971.0,273.772,0.0,2541.693,1080.603
2024,medium_district,18,Clinton-W.Pt-Clearfield,,,,,,,,,18,Clinton-W.Pt-Clearfield,,,24984.0,77415.944,3.099,29510.0,4332.0,8582.0,16596.0,36453.121,2835.0,1497.0,6614.0,1968.0,1995.0,3673.0,2043.0,8885.0,268.852,0.0,5603.678,1070.605
2025,medium_district,18,Clinton-W.Pt-Clearfield,,,,,,,,,18,Clinton-W.Pt-Clearfield,,,25944.0,79667.627,3.071,29789.0,4319.0,8583.0,16887.0,35261.434,2832.0,1487.0,6553.0,2030.0,1984.0,3712.0,2179.0,9012.0,263.424,0.0,4000.831,1208.179
2026,medium_district,18,Clinton-W.Pt-Clearfield,,,,,,,,,18,Clinton-W.Pt-Clearfield,,,26924.0,81789.622,3.038,29786.0,4286.0,8482.0,17018.0,34614.746,2800.0,1486.0,6438.0,2044.0,1944.0,3686.0,2272.0,9116.0,261.815,0.0,3312.354,1254.584
2027,medium_district,18,Clinton-W.Pt-Clearfield,,,,,,,,,18,Clinton-W.Pt-Clearfield,,,27884.0,83925.622,3.01,29888.0,4286.0,8450.0,17152.0,34849.884,2807.0,1479.0,6382.0,2068.0,1926.0,3660.0,2344.0,9222.0,252.926,0.0,3404.81,1304.148
2028,medium_district,18,Clinton-W.Pt-Clearfield,,,,,,,,,18,Clinton-W.Pt-Clearfield,,,28814.0,85781.978,2.977,29923.0,4269.0,8399.0,17255.0,34946.491,2800.0,1469.0,6335.0,2064.0,1888.0,3631.0,2396.0,9340.0,249.198,0.0,3427.43,1346.866
2029,medium_district,18,Clinton-W.Pt-Clearfield,,,,,,,,,18,Clinton-W.Pt-Clearfield,,,29581.0,87168.264,2.947,29896.0,4260.0,8331.0,17305.0,34899.767,2804.0,1456.0,6268.0,2063.0,1853.0,3609.0,2456.0,9387.0,244.149,0.0,3377.057,1382.56
2030,medium_district,18,Clinton-W.Pt-Clearfield,,,,,,,,,18,Clinton-W.Pt-Clearfield,,,30371.0,88704.419,2.921,30001.0,4258.0,8321.0,17422.0,34904.467,2824.0,1434.0,6264.0,2057.0,1834.0,3581.0,2521.0,9486.0,237.847,0.0,3243.408,1422.219
2031,medium_district,18,Clinton-W.Pt-Clearfield,,,,,,,,,18,Clinton-W.Pt-Clearfield,,,31048.0,89858.468,2.894,30096.0,4264.0,8323.0,17509.0,35182.743,2850.0,1414.0,6269.0,2054.0,1850.0,3543.0,2578.0,9538.0,233.726,0.0,3405.7039999999997,1447.3139999999999
2032,medium_district,18,Clinton-W.Pt-Clearfield,,,,,,,,,18,Clinton-W.Pt-Clearfield,,,31674.0,90833.719,2.868,30136.0,4262.0,8316.0,17558.0,35122.078,2865.0,1397.0,6271.0,2045.0,1848.0,3501.0,2618.0,9591.0,229.643,0.0,3280.209,1476.219
2033,medium_district,18,Clinton-W.Pt-Clearfield,,,,,,,,,18,Clinton-W.Pt-Clearfield,,,32491.0,92343.553,2.842,30234.0,4273.0,8292.0,17669.0,35668.004,2881.0,1392.0,6253.0,2039.0,1839.0,3474.0,2677.0,9679.0,229.734,0.0,3688.377,1515.885
2034,medium_district,18,Clinton-W.Pt-Clearfield,,,,,,,,,18,Clinton-W.Pt-Clearfield,,,33029.0,92993.27900000001,2.816,30453.0,4288.0,8269.0,17896.0,35195.402,2894.0,1394.0,6233.0,2036.0,1827.0,3453.0,2754.0,9862.0,228.627,0.0,2957.438,1556.339
2035,medium_district,18,Clinton-W.Pt-Clearfield,,,,,,,,,18,Clinton-W.Pt-Clearfield,,,34084.0,95256.042,2.795,30106.0,4218.0,8242.0,17646.0,36480.735,2883.0,1335.0,6251.0,1991.0,1807.0,3423.0,2762.0,9654.0,221.84799999999998,0.0,4577.322,1575.5729999999999
2036,medium_district,18,Clinton-W.Pt-Clearfield,,,,,,,,,18,Clinton-W.Pt-Clearfield,,,35281.0,98001.774,2.778,30128.0,4232.0,8245.0,17651.0,36199.201,2897.0,1335.0,6273.0,1972.0,1784.0,3401.0,2795.0,9671.0,218.557,0.0,4222.502,1630.137
2037,medium_district,18,Clinton-W.Pt-Clearfield,,,,,,,,,18,Clinton-W.Pt-Clearfield,,,37602.0,104061.18000000001,2.767,30321.0,4269.0,8202.0,17850.0,36546.83,2927.0,1342.0,6253.0,1949.0,1771.0,3344.0,2855.0,9880.0,218.076,0.0,4271.284,1736.473
2038,medium_district,18,Clinton-W.Pt-Clearfield,,,,,,,,,18,Clinton-W.Pt-Clearfield,,,38747.0,106476.34300000001,2.748,30659.0,4300.0,8228.0,18131.0,36629.837,2955.0,1345.0,6281.0,1947.0,1808.0,3353.0,2910.0,10060.0,216.034,0.0,3959.084,1795.717
2039,medium_district,18,Clinton-W.Pt-Clearfield,,,,,,,,,18,Clinton-W.Pt-Clearfield,,,39824.0,108838.195,2.733,30996.0,4323.0,8252.0,18421.0,37529.115,2982.0,1341.0,6307.0,1945.0,1838.0,3382.0,2960.0,10241.0,206.744,0.0,4474.894,1851.486
2040,medium_district,18,Clinton-W.Pt-Clearfield,,,,,,,,,18,Clinton-W.Pt-Clearfield,,,40854.0,111141.358,2.72,31480.0,4367.0,8281.0,18832.0,37604.687,3021.0,1346.0,6329.0,1952.0,1899.0,3447.0,3029.0,10457.0,203.42,0.0,4009.753,1911.506
2041,medium_district,18,Clinton-W.Pt-Clearfield,,,,,,,,,18,Clinton-W.Pt-Clearfield,,,42050.0,113908.838,2.709,31877.0,4427.0,8301.0,19149.0,38817.84,3082.0,1345.0,6350.0,1951.0,1934.0,3449.0,3107.0,10659.0,196.94299999999998,0.0,4775.897,1968.0
2042,medium_district,18,Clinton-W.Pt-Clearfield,,,,,,,,,18,Clinton-W.Pt-Clearfield,,,43128.0,116385.924,2.699,32386.0,4470.0,8330.0,19586.0,38717.007,3129.0,1341.0,6374.0,1956.0,1995.0,3497.0,3194.0,10900.0,191.36599999999999,0.0,4109.636,2030.0
2043,medium_district,18,Clinton-W.Pt-Clearfield,,,,,,,,,18,Clinton-W.Pt-Clearfield,,,43908.0,117950.515,2.686,32880.0,4518.0,8352.0,20010.0,39048.044,3181.0,1337.0,6396.0,1956.0,2063.0,3544.0,3259.0,11144.0,188.569,0.0,3907.718,2071.755
2044,medium_district,18,Clinton-W.Pt-Clearfield,,,,,,,,,18,Clinton-W.Pt-Clearfield,,,44608.0,119350.28199999999,2.676,32582.0,4130.0,8370.0,20082.0,38943.62,2875.0,1255.0,6425.0,1945.0,2102.0,3568.0,3289.0,11123.0,188.445,0.0,4062.914,2110.25
2045,medium_district,18,Clinton-W.Pt-Clearfield,,,,,,,,,18,Clinton-W.Pt-Clearfield,,,45167.0,120255.862,2.662,33207.0,4182.0,8403.0,20622.0,39051.251,2917.0,1265.0,6450.0,1953.0,2177.0,3627.0,3364.0,11454.0,192.695,0.0,3507.56,2144.0
2046,medium_district,18,Clinton-W.Pt-Clearfield,,,,,,,,,18,Clinton-W.Pt-Clearfield,,,45609.0,120855.513,2.65,34009.0,4284.0,8478.0,21247.0,39554.032,3007.0,1277.0,6489.0,1989.0,2309.0,3678.0,3464.0,11796.0,199.189,0.0,3169.348,2176.494
2047,medium_district,18,Clinton-W.Pt-Clearfield,,,,,,,,,18,Clinton-W.Pt-Clearfield,,,46069.0,121450.703,2.636,34684.0,4363.0,8530.0,21791.0,40272.882,3074.0,1289.0,6520.0,2010.0,2443.0,3743.0,3564.0,12041.0,201.48,0.0,3177.922,2209.474
2048,medium_district,18,Clinton-W.Pt-Clearfield,,,,,,,,,18,Clinton-W.Pt-Clearfield,,,46750.0,122777.482,2.626,35184.0,4407.0,8573.0,22204.0,41510.626,3123.0,1284.0,6554.0,2019.0,2561.0,3816.0,3606.0,12221.0,200.72400000000002,0.0,3869.949,2255.961
2049,medium_district,18,Clinton-W.Pt-Clearfield,,,,,,,,,18,Clinton-W.Pt-Clearfield,,,47969.0,125570.29699999999,2.618,35776.0,4479.0,8617.0,22680.0,42535.037000000004,3184.0,1295.0,6599.0,2018.0,2698.0,3911.0,3699.0,12372.0,199.963,0.0,4232.072,2327.001
2050,medium_district,18,Clinton-W.Pt-Clearfield,,,,,,,,,18,Clinton-W.Pt-Clearfield,,,48908.0,127805.58,2.613,35705.0,4244.0,8605.0,22856.0,44257.102,2940.0,1304.0,6634.0,1971.0,2769.0,3991.0,3710.0,12386.0,197.96,0.0,5971.144,2383.001
2051,medium_district,18,Clinton-W.Pt-Clearfield,,,,,,,,,18,Clinton-W.Pt-Clearfield,,,50197.0,130729.325,2.604,36206.0,4317.0,8645.0,23244.0,44166.68,2999.0,1318.0,6675.0,1970.0,2874.0,3999.0,3813.0,12558.0,197.96,0.0,5312.469,2450.25
2052,medium_district,18,Clinton-W.Pt-Clearfield,,,,,,,,,18,Clinton-W.Pt-Clearfield,,,51704.0,134084.21,2.593,36789.0,4405.0,8687.0,23697.0,43759.276,3057.0,1348.0,6719.0,1968.0,2968.0,4091.0,3898.0,12740.0,196.957,0.0,4236.556,2536.773
2053,medium_district,18,Clinton-W.Pt-Clearfield,,,,,,,,,18,Clinton-W.Pt-Clearfield,,,52547.0,135816.52,2.585,37495.0,4542.0,8724.0,24229.0,44586.421,3151.0,1391.0,6754.0,1970.0,3049.0,4178.0,3992.0,13010.0,196.718,0.0,4309.64,2585.06
2054,medium_district,18,Clinton-W.Pt-Clearfield,,,,,,,,,18,Clinton-W.Pt-Clearfield,,,53194.0,136860.105,2.573,37998.0,4616.0,8756.0,24626.0,45167.984,3217.0,1399.0,6782.0,1974.0,3112.0,4248.0,4084.0,13182.0,196.718,0.0,4350.98,2622.286
2055,medium_district,18,Clinton-W.Pt-Clearfield,,,,,,,,,18,Clinton-W.Pt-Clearfield,,,53857.0,137904.016,2.561,38493.0,4687.0,8783.0,25023.0,46694.33,3279.0,1408.0,6805.0,1978.0,3165.0,4337.0,4144.0,13377.0,196.475,0.0,5339.08,2665.772
2056,medium_district,18,Clinton-W.Pt-Clearfield,,,,,,,,,18,Clinton-W.Pt-Clearfield,,,54161.0,139519.483,2.576,38994.0,4755.0,8806.0,25433.0,46632.842,3335.0,1420.0,6825.0,1981.0,3233.0,4416.0,4204.0,13580.0,195.473,0.0,4729.883,2713.482
2057,medium_district,18,Clinton-W.Pt-Clearfield,,,,,,,,,18,Clinton-W.Pt-Clearfield,,,54240.0,140524.768,2.591,39511.0,4838.0,8840.0,25833.0,46940.163,3411.0,1427.0,6860.0,1980.0,3299.0,4468.0,4296.0,13770.0,194.47,0.0,4491.176,2743.51
2058,medium_district,18,Clinton-W.Pt-Clearfield,,,,,,,,,18,Clinton-W.Pt-Clearfield,,,54353.0,141774.906,2.608,40179.0,4882.0,8872.0,26425.0,47816.426,3453.0,1429.0,6889.0,1983.0,3410.0,4530.0,4414.0,14071.0,193.714,0.0,4664.1720000000005,2779.539
2059,medium_district,18,Clinton-W.Pt-Clearfield,,,,,,,,,18,Clinton-W.Pt-Clearfield,,,54423.0,143007.605,2.628,40531.0,4926.0,8892.0,26713.0,48528.872,3490.0,1436.0,6912.0,1980.0,3476.0,4573.0,4501.0,14163.0,193.469,0.0,4993.375,2811.024
2060,medium_district,18,Clinton-W.Pt-Clearfield,,,,,,,,,18,Clinton-W.Pt-Clearfield,,,54509.0,144300.002,2.647,40902.0,4952.0,8913.0,27037.0,48473.709,3517.0,1435.0,6938.0,1975.0,3543.0,4679.0,4566.0,14249.0,193.234,0.0,4524.697,2853.767
2061,medium_district,18,Clinton-W.Pt-Clearfield,,,,,,,,,18,Clinton-W.Pt-Clearfield,,,54538.0,145558.498,2.669,41208.0,4976.0,8933.0,27299.0,48864.252,3541.0,1435.0,6961.0,1972.0,3593.0,4664.0,4703.0,14339.0,193.234,0.0,4582.04,2880.974
2062,medium_district,18,Clinton-W.Pt-Clearfield,,,,,,,,,18,Clinton-W.Pt-Clearfield,,,54681.0,146891.08,2.686,41513.0,4994.0,8955.0,27564.0,49336.725,3563.0,1431.0,6985.0,1970.0,3643.0,4689.0,4777.0,14455.0,193.472,0.0,4718.269,2911.976
2063,medium_district,18,Clinton-W.Pt-Clearfield,,,,,,,,,18,Clinton-W.Pt-Clearfield,,,55250.0,148939.156,2.696,41815.0,5008.0,8982.0,27825.0,50089.774,3578.0,1430.0,7014.0,1968.0,3696.0,4713.0,4852.0,14564.0,193.719,0.0,5110.537,2970.511
2064,medium_district,18,Clinton-W.Pt-Clearfield,,,,,,,,,18,Clinton-W.Pt-Clearfield,,,55455.0,150432.282,2.713,41952.0,4995.0,8989.0,27968.0,50020.747,3579.0,1416.0,7029.0,1960.0,3728.0,4727.0,4943.0,14570.0,193.473,0.0,4863.429,3011.83
2065,medium_district,18,Clinton-W.Pt-Clearfield,,,,,,,,,18,Clinton-W.Pt-Clearfield,,,55455.0,151618.709,2.734,42234.0,5011.0,9011.0,28212.0,50013.618,3600.0,1411.0,7054.0,1957.0,3774.0,4752.0,5015.0,14671.0,193.966,0.0,4542.68,3042.97
2023,medium_district,19,HAFB area,,,,,,,,,19,HAFB area,,,5394.0,16800.453,3.115,36744.0,495.0,1006.0,35243.0,38891.169,390.0,105.0,808.0,198.0,5342.0,26156.0,995.0,2750.0,57.794999999999995,89.496,1763.525,236.351
2024,medium_district,19,HAFB area,,,,,,,,,19,HAFB area,,,5429.0,16732.161,3.082,37274.0,491.0,1150.0,35633.0,38033.816999999995,386.0,105.0,958.0,192.0,5261.0,26653.0,1005.0,2714.0,58.401999999999994,107.712,361.572,232.131
2025,medium_district,19,HAFB area,,,,,,,,,19,HAFB area,,,5464.0,16655.463,3.048,38116.0,490.0,1463.0,36163.0,40091.763,385.0,105.0,1266.0,197.0,5468.0,26930.0,1027.0,2738.0,60.558,106.656,1554.722,253.827
2026,medium_district,19,HAFB area,,,,,,,,,19,HAFB area,,,5485.0,16531.047,3.014,38669.0,484.0,1734.0,36451.0,40675.106999999996,379.0,105.0,1537.0,197.0,5518.0,27133.0,1048.0,2752.0,62.431,109.296,1580.462,253.914
2027,medium_district,19,HAFB area,,,,,,,,,19,HAFB area,,,5497.0,16376.993,2.979,39096.0,484.0,1913.0,36699.0,41140.156,379.0,105.0,1710.0,203.0,5459.0,27388.0,1071.0,2781.0,62.724999999999994,110.616,1615.982,254.833
2028,medium_district,19,HAFB area,,,,,,,,,19,HAFB area,,,5509.0,16223.22,2.945,39769.0,482.0,2040.0,37247.0,41864.894,378.0,104.0,1837.0,203.0,5799.0,27527.0,1093.0,2828.0,62.806000000000004,105.6,1672.323,255.16500000000002
2029,medium_district,19,HAFB area,,,,,,,,,19,HAFB area,,,5530.0,16105.405,2.912,41057.0,483.0,2322.0,38252.0,43142.840000000004,379.0,104.0,2119.0,203.0,6150.0,27681.0,1117.0,3304.0,63.297,99.0,1665.626,257.917
2030,medium_district,19,HAFB area,,,,,,,,,19,HAFB area,,,5548.0,15988.615,2.882,41875.0,484.0,2529.0,38862.0,43956.265,380.0,104.0,2328.0,201.0,6362.0,28014.0,1142.0,3344.0,64.22800000000001,96.888,1662.1109999999999,258.04
2031,medium_district,19,HAFB area,,,,,,,,,19,HAFB area,,,5558.0,15853.813,2.852,42113.0,486.0,2693.0,38934.0,44460.563,383.0,103.0,2492.0,201.0,6380.0,27831.0,1170.0,3553.0,63.924,97.416,1927.988,258.234
2032,medium_district,19,HAFB area,,,,,,,,,19,HAFB area,,,5583.0,15768.681,2.824,42644.0,492.0,2823.0,39329.0,44749.03,390.0,102.0,2623.0,200.0,6461.0,27842.0,1202.0,3824.0,64.461,101.376,1679.15,260.039
2033,medium_district,19,HAFB area,,,,,,,,,19,HAFB area,,,5653.0,15814.44,2.798,43251.0,494.0,3000.0,39757.0,45495.259,392.0,102.0,2800.0,200.0,6681.0,27863.0,1235.0,3978.0,66.796,106.392,1807.918,263.155
2034,medium_district,19,HAFB area,,,,,,,,,19,HAFB area,,,5712.0,15876.235999999999,2.779,44351.0,503.0,3172.0,40676.0,46549.819,401.0,102.0,2973.0,199.0,7065.0,27940.0,1283.0,4388.0,67.482,110.352,1753.1,267.885
2035,medium_district,19,HAFB area,,,,,,,,,19,HAFB area,,,5757.0,15874.546,2.757,44815.0,499.0,3176.0,41140.0,47047.668,402.0,97.0,2976.0,200.0,7418.0,27897.0,1287.0,4538.0,68.571,111.672,1786.159,266.26599999999996
2036,medium_district,19,HAFB area,,,,,,,,,19,HAFB area,,,5830.0,15973.762,2.74,45667.0,504.0,3186.0,41977.0,47952.914,407.0,97.0,2986.0,200.0,7836.0,27967.0,1318.0,4856.0,69.496,110.352,1836.874,269.186
2037,medium_district,19,HAFB area,,,,,,,,,19,HAFB area,,,6246.0,17129.508,2.742,46377.0,503.0,3196.0,42678.0,48655.815,411.0,92.0,2994.0,202.0,8207.0,28097.0,1348.0,5026.0,72.69200000000001,109.296,1806.747,290.079
2038,medium_district,19,HAFB area,,,,,,,,,19,HAFB area,,,6456.0,17649.614,2.734,46562.0,515.0,3202.0,42845.0,49142.013,423.0,92.0,3002.0,200.0,8243.0,28105.0,1374.0,5123.0,68.326,109.032,2104.538,298.119
2039,medium_district,19,HAFB area,,,,,,,,,19,HAFB area,,,6590.0,17959.813000000002,2.725,46776.0,523.0,3206.0,43047.0,49299.839,431.0,92.0,3006.0,200.0,8286.0,28125.0,1402.0,5234.0,71.254,108.504,2039.0,305.079
2040,medium_district,19,HAFB area,,,,,,,,,19,HAFB area,,,6724.0,18264.991,2.716,46979.0,536.0,3212.0,43231.0,49410.259,444.0,92.0,3011.0,201.0,8309.0,28164.0,1436.0,5322.0,71.856,108.24,1938.243,312.92
2041,medium_district,19,HAFB area,,,,,,,,,19,HAFB area,,,6856.0,18542.588,2.705,47095.0,539.0,3220.0,43336.0,49407.936,447.0,92.0,3017.0,203.0,8330.0,28149.0,1456.0,5401.0,72.346,108.24,1812.353,320.0
2042,medium_district,19,HAFB area,,,,,,,,,19,HAFB area,,,7009.0,18894.832000000002,2.696,47247.0,547.0,3223.0,43477.0,49698.602,455.0,92.0,3019.0,204.0,8359.0,28161.0,1488.0,5469.0,72.52,109.032,1941.052,329.0
2043,medium_district,19,HAFB area,,,,,,,,,19,HAFB area,,,7311.0,19692.311999999998,2.694,47351.0,549.0,3223.0,43579.0,50138.997,457.0,92.0,3019.0,204.0,8380.0,28175.0,1500.0,5524.0,72.606,109.824,2259.442,346.125
2044,medium_district,19,HAFB area,,,,,,,,,19,HAFB area,,,7608.0,20523.946,2.698,47513.0,552.0,3228.0,43733.0,50212.197,460.0,92.0,3020.0,208.0,8406.0,28188.0,1523.0,5616.0,71.17,109.032,2160.7799999999997,358.213
2045,medium_district,19,HAFB area,,,,,,,,,19,HAFB area,,,7984.0,21596.664,2.705,47708.0,554.0,3227.0,43927.0,51097.818,462.0,92.0,3017.0,210.0,8464.0,28200.0,1570.0,5693.0,67.242,108.504,2836.073,378.0
2046,medium_district,19,HAFB area,,,,,,,,,19,HAFB area,,,8544.0,23227.306,2.719,48106.0,578.0,3239.0,44289.0,52451.17,486.0,92.0,3025.0,214.0,8555.0,28219.0,1659.0,5856.0,57.342,108.504,3772.228,407.093
2047,medium_district,19,HAFB area,,,,,,,,,19,HAFB area,,,8733.0,23723.848,2.717,48384.0,599.0,3245.0,44540.0,51207.415,507.0,92.0,3027.0,218.0,8629.0,28234.0,1716.0,5961.0,57.137,108.504,2239.495,418.279
2048,medium_district,19,HAFB area,,,,,,,,,19,HAFB area,,,9122.0,24748.505,2.713,48742.0,613.0,3253.0,44876.0,52141.038,520.0,93.0,3033.0,220.0,8745.0,28247.0,1799.0,6085.0,57.205,109.56,2793.698,438.574
2049,medium_district,19,HAFB area,,,,,,,,,19,HAFB area,,,9357.0,25324.025999999998,2.706,49056.0,643.0,3265.0,45148.0,52567.49,550.0,93.0,3044.0,221.0,8850.0,28264.0,1864.0,6170.0,57.274,110.088,2889.3230000000003,454.804
2050,medium_district,19,HAFB area,,,,,,,,,19,HAFB area,,,9564.0,25877.552,2.706,49846.0,759.0,3315.0,45772.0,52501.559,666.0,93.0,3070.0,245.0,9015.0,28297.0,2041.0,6419.0,57.277,110.88,2022.208,465.195
2051,medium_district,19,HAFB area,,,,,,,,,19,HAFB area,,,9762.0,26331.568,2.697,49979.0,779.0,3322.0,45878.0,53495.559,686.0,93.0,3084.0,238.0,9069.0,28299.0,2044.0,6466.0,57.277,111.144,2869.09,479.049
2052,medium_district,19,HAFB area,,,,,,,,,19,HAFB area,,,9850.0,26487.246,2.689,50254.0,812.0,3332.0,46110.0,53818.759,719.0,93.0,3094.0,238.0,9142.0,28314.0,2103.0,6551.0,57.277,111.936,2912.398,483.147
2053,medium_district,19,HAFB area,,,,,,,,,19,HAFB area,,,9949.0,26631.638,2.677,50372.0,833.0,3311.0,46228.0,54115.221,740.0,93.0,3078.0,233.0,9167.0,28327.0,2105.0,6629.0,57.208,112.464,3083.159,490.391
2054,medium_district,19,HAFB area,,,,,,,,,19,HAFB area,,,10035.0,26788.054,2.669,50605.0,858.0,3328.0,46419.0,54170.71,765.0,93.0,3093.0,235.0,9212.0,28340.0,2162.0,6705.0,57.208,112.992,2900.266,495.24300000000005
2055,medium_district,19,HAFB area,,,,,,,,,19,HAFB area,,,10135.0,26977.432,2.662,50850.0,882.0,3345.0,46623.0,54617.424,789.0,93.0,3105.0,240.0,9257.0,28356.0,2209.0,6801.0,57.138999999999996,112.992,3095.15,502.144
2056,medium_district,19,HAFB area,,,,,,,,,19,HAFB area,,,10224.0,27334.944,2.674,51186.0,906.0,3357.0,46923.0,54895.238,813.0,93.0,3113.0,244.0,9298.0,28367.0,2310.0,6948.0,57.138999999999996,111.672,3029.525,510.903
2057,medium_district,19,HAFB area,,,,,,,,,19,HAFB area,,,10347.0,27699.09,2.677,51552.0,941.0,3373.0,47238.0,55538.005,848.0,93.0,3127.0,246.0,9369.0,28378.0,2401.0,7090.0,57.138999999999996,109.296,3296.471,523.098
2058,medium_district,19,HAFB area,,,,,,,,,19,HAFB area,,,10421.0,28023.698,2.689,52028.0,976.0,3390.0,47662.0,55999.566000000006,883.0,93.0,3143.0,247.0,9467.0,28390.0,2500.0,7305.0,55.203,106.92,3277.147,532.296
2059,medium_district,19,HAFB area,,,,,,,,,19,HAFB area,,,10495.0,28358.423,2.702,52231.0,989.0,3403.0,47839.0,56028.259,897.0,92.0,3159.0,244.0,9507.0,28400.0,2559.0,7373.0,55.135000000000005,105.072,3094.854,542.198
2060,medium_district,19,HAFB area,,,,,,,,,19,HAFB area,,,10568.0,28666.28,2.713,52407.0,1001.0,3420.0,47986.0,56170.777,909.0,92.0,3176.0,244.0,9541.0,28419.0,2606.0,7420.0,54.067,103.752,3054.8089999999997,551.15
2061,medium_district,19,HAFB area,,,,,,,,,19,HAFB area,,,10663.0,29026.224,2.722,52538.0,1018.0,3433.0,48087.0,56506.342,926.0,92.0,3190.0,243.0,9585.0,28331.0,2695.0,7476.0,54.067,103.224,3247.25,563.799
2062,medium_district,19,HAFB area,,,,,,,,,19,HAFB area,,,10753.0,29411.127,2.735,52709.0,1024.0,3447.0,48238.0,56565.207,932.0,92.0,3204.0,243.0,9626.0,28338.0,2740.0,7534.0,54.132999999999996,102.696,3126.576,572.798
2063,medium_district,19,HAFB area,,,,,,,,,19,HAFB area,,,10818.0,29717.166,2.747,52893.0,1035.0,3465.0,48393.0,56500.29,943.0,92.0,3215.0,250.0,9658.0,28341.0,2782.0,7612.0,54.203,102.432,2869.556,581.099
2064,medium_district,19,HAFB area,,,,,,,,,19,HAFB area,,,10869.0,30028.976,2.763,53108.0,1047.0,3477.0,48584.0,56951.301999999996,955.0,92.0,3226.0,251.0,9696.0,28346.0,2846.0,7696.0,54.132999999999996,101.904,3096.707,590.557
2065,medium_district,19,HAFB area,,,,,,,,,19,HAFB area,,,10964.0,30434.953,2.776,53255.0,1057.0,3491.0,48707.0,57243.377,965.0,92.0,3240.0,251.0,9722.0,28350.0,2890.0,7745.0,54.269999999999996,101.904,3231.4030000000002,600.798
2023,medium_district,2,Brigham City Area - W of I-15,,,,,,,,,2,Brigham City Area - W of I-15,,,37.0,118.0,3.189,117.0,69.0,0.0,48.0,123.0,42.0,27.0,0.0,0.0,0.0,48.0,0.0,0.0,0.0,0.0,5.0,1.0
2024,medium_district,2,Brigham City Area - W of I-15,,,,,,,,,2,Brigham City Area - W of I-15,,,39.0,118.0,3.026,117.0,67.0,0.0,50.0,124.0,42.0,25.0,0.0,0.0,0.0,50.0,0.0,0.0,0.0,0.0,6.0,1.0
2025,medium_district,2,Brigham City Area - W of I-15,,,,,,,,,2,Brigham City Area - W of I-15,,,39.0,119.0,3.051,119.0,67.0,0.0,52.0,126.0,42.0,25.0,0.0,0.0,0.0,52.0,0.0,0.0,0.0,0.0,6.0,1.0
2026,medium_district,2,Brigham City Area - W of I-15,,,,,,,,,2,Brigham City Area - W of I-15,,,40.0,121.0,3.025,120.0,68.0,0.0,52.0,127.0,42.0,26.0,0.0,0.0,0.0,52.0,0.0,0.0,0.0,0.0,6.0,1.0
2027,medium_district,2,Brigham City Area - W of I-15,,,,,,,,,2,Brigham City Area - W of I-15,,,40.0,122.0,3.05,121.0,69.0,0.0,52.0,128.0,43.0,26.0,0.0,0.0,0.0,52.0,0.0,0.0,0.0,0.0,6.0,1.0
2028,medium_district,2,Brigham City Area - W of I-15,,,,,,,,,2,Brigham City Area - W of I-15,,,52.0,164.0,3.154,122.0,69.0,0.0,53.0,129.0,43.0,26.0,0.0,0.0,0.0,53.0,0.0,0.0,0.0,0.0,6.0,1.0
2029,medium_district,2,Brigham City Area - W of I-15,,,,,,,,,2,Brigham City Area - W of I-15,,,66.0,206.0,3.121,123.0,70.0,0.0,53.0,130.0,44.0,26.0,0.0,0.0,0.0,53.0,0.0,0.0,0.0,0.0,6.0,1.0
2030,medium_district,2,Brigham City Area - W of I-15,,,,,,,,,2,Brigham City Area - W of I-15,,,75.0,236.0,3.147,124.0,70.0,0.0,54.0,131.0,44.0,26.0,0.0,0.0,0.0,54.0,0.0,0.0,0.0,0.0,6.0,1.0
2031,medium_district,2,Brigham City Area - W of I-15,,,,,,,,,2,Brigham City Area - W of I-15,,,92.0,293.0,3.185,125.0,71.0,0.0,54.0,132.0,45.0,26.0,0.0,0.0,0.0,54.0,0.0,0.0,0.0,0.0,6.0,1.0
2032,medium_district,2,Brigham City Area - W of I-15,,,,,,,,,2,Brigham City Area - W of I-15,,,105.0,337.0,3.21,124.0,70.0,0.0,54.0,131.0,45.0,25.0,0.0,0.0,0.0,54.0,0.0,0.0,0.0,0.0,6.0,1.0
2033,medium_district,2,Brigham City Area - W of I-15,,,,,,,,,2,Brigham City Area - W of I-15,,,118.0,379.0,3.212,126.0,71.0,0.0,55.0,133.0,46.0,25.0,0.0,0.0,0.0,55.0,0.0,0.0,0.0,0.0,6.0,1.0
2034,medium_district,2,Brigham City Area - W of I-15,,,,,,,,,2,Brigham City Area - W of I-15,,,130.0,423.0,3.254,126.0,72.0,0.0,54.0,133.0,46.0,26.0,0.0,0.0,0.0,54.0,0.0,0.0,0.0,0.0,6.0,1.0
2035,medium_district,2,Brigham City Area - W of I-15,,,,,,,,,2,Brigham City Area - W of I-15,,,143.0,466.0,3.259,126.0,71.0,0.0,55.0,133.0,46.0,25.0,0.0,0.0,0.0,55.0,0.0,0.0,0.0,0.0,6.0,1.0
2036,medium_district,2,Brigham City Area - W of I-15,,,,,,,,,2,Brigham City Area - W of I-15,,,145.0,470.0,3.241,126.0,71.0,0.0,55.0,133.0,46.0,25.0,0.0,0.0,0.0,55.0,0.0,0.0,0.0,0.0,6.0,1.0
2037,medium_district,2,Brigham City Area - W of I-15,,,,,,,,,2,Brigham City Area - W of I-15,,,147.0,476.0,3.238,128.0,72.0,0.0,56.0,135.0,47.0,25.0,0.0,0.0,0.0,56.0,0.0,0.0,0.0,0.0,6.0,1.0
2038,medium_district,2,Brigham City Area - W of I-15,,,,,,,,,2,Brigham City Area - W of I-15,,,151.0,480.0,3.179,128.0,72.0,0.0,56.0,135.0,47.0,25.0,0.0,0.0,0.0,56.0,0.0,0.0,0.0,0.0,6.0,1.0
2039,medium_district,2,Brigham City Area - W of I-15,,,,,,,,,2,Brigham City Area - W of I-15,,,153.0,483.0,3.157,130.0,74.0,0.0,56.0,137.0,48.0,26.0,0.0,0.0,0.0,56.0,0.0,0.0,0.0,0.0,6.0,1.0
2040,medium_district,2,Brigham City Area - W of I-15,,,,,,,,,2,Brigham City Area - W of I-15,,,156.0,489.0,3.135,132.0,74.0,0.0,58.0,139.0,48.0,26.0,0.0,0.0,0.0,58.0,0.0,0.0,0.0,0.0,6.0,1.0
2041,medium_district,2,Brigham City Area - W of I-15,,,,,,,,,2,Brigham City Area - W of I-15,,,158.0,495.0,3.133,132.0,74.0,0.0,58.0,139.0,48.0,26.0,0.0,0.0,0.0,58.0,0.0,0.0,0.0,0.0,6.0,1.0
2042,medium_district,2,Brigham City Area - W of I-15,,,,,,,,,2,Brigham City Area - W of I-15,,,161.0,500.0,3.106,133.0,75.0,0.0,58.0,140.0,49.0,26.0,0.0,0.0,0.0,58.0,0.0,0.0,0.0,0.0,6.0,1.0
2043,medium_district,2,Brigham City Area - W of I-15,,,,,,,,,2,Brigham City Area - W of I-15,,,163.0,506.0,3.104,134.0,75.0,0.0,59.0,141.0,49.0,26.0,0.0,0.0,0.0,59.0,0.0,0.0,0.0,0.0,6.0,1.0
2044,medium_district,2,Brigham City Area - W of I-15,,,,,,,,,2,Brigham City Area - W of I-15,,,166.0,510.0,3.072,135.0,76.0,0.0,59.0,142.0,50.0,26.0,0.0,0.0,0.0,59.0,0.0,0.0,0.0,0.0,6.0,1.0
2045,medium_district,2,Brigham City Area - W of I-15,,,,,,,,,2,Brigham City Area - W of I-15,,,171.0,517.0,3.023,135.0,76.0,0.0,59.0,142.0,50.0,26.0,0.0,0.0,0.0,59.0,0.0,0.0,0.0,0.0,6.0,1.0
2046,medium_district,2,Brigham City Area - W of I-15,,,,,,,,,2,Brigham City Area - W of I-15,,,172.0,521.0,3.029,136.0,77.0,0.0,59.0,143.0,51.0,26.0,0.0,0.0,0.0,59.0,0.0,0.0,0.0,0.0,6.0,1.0
2047,medium_district,2,Brigham City Area - W of I-15,,,,,,,,,2,Brigham City Area - W of I-15,,,174.0,527.0,3.029,137.0,77.0,0.0,60.0,144.0,51.0,26.0,0.0,0.0,0.0,60.0,0.0,0.0,0.0,0.0,6.0,1.0
2048,medium_district,2,Brigham City Area - W of I-15,,,,,,,,,2,Brigham City Area - W of I-15,,,177.0,534.0,3.017,138.0,77.0,0.0,61.0,145.0,51.0,26.0,0.0,0.0,0.0,61.0,0.0,0.0,0.0,0.0,6.0,1.0
2049,medium_district,2,Brigham City Area - W of I-15,,,,,,,,,2,Brigham City Area - W of I-15,,,180.0,540.0,3.0,139.0,78.0,0.0,61.0,146.0,52.0,26.0,0.0,0.0,0.0,61.0,0.0,0.0,0.0,0.0,6.0,1.0
2050,medium_district,2,Brigham City Area - W of I-15,,,,,,,,,2,Brigham City Area - W of I-15,,,184.0,545.0,2.962,140.0,78.0,0.0,62.0,147.0,52.0,26.0,0.0,0.0,0.0,62.0,0.0,0.0,0.0,0.0,6.0,1.0
2051,medium_district,2,Brigham City Area - W of I-15,,,,,,,,,2,Brigham City Area - W of I-15,,,186.0,552.0,2.968,140.0,78.0,0.0,62.0,147.0,52.0,26.0,0.0,0.0,0.0,62.0,0.0,0.0,0.0,0.0,6.0,1.0
2052,medium_district,2,Brigham City Area - W of I-15,,,,,,,,,2,Brigham City Area - W of I-15,,,188.0,558.0,2.968,141.0,79.0,0.0,62.0,148.0,53.0,26.0,0.0,0.0,0.0,62.0,0.0,0.0,0.0,0.0,6.0,1.0
2053,medium_district,2,Brigham City Area - W of I-15,,,,,,,,,2,Brigham City Area - W of I-15,,,191.0,562.0,2.942,142.0,79.0,0.0,63.0,150.0,53.0,26.0,0.0,0.0,0.0,63.0,0.0,0.0,0.0,0.0,7.0,1.0
2054,medium_district,2,Brigham City Area - W of I-15,,,,,,,,,2,Brigham City Area - W of I-15,,,194.0,567.0,2.923,142.0,79.0,0.0,63.0,150.0,53.0,26.0,0.0,0.0,0.0,63.0,0.0,0.0,0.0,0.0,7.0,1.0
2055,medium_district,2,Brigham City Area - W of I-15,,,,,,,,,2,Brigham City Area - W of I-15,,,198.0,576.0,2.909,143.0,80.0,0.0,63.0,151.0,54.0,26.0,0.0,0.0,0.0,63.0,0.0,0.0,0.0,0.0,7.0,1.0
2056,medium_district,2,Brigham City Area - W of I-15,,,,,,,,,2,Brigham City Area - W of I-15,,,200.0,579.0,2.895,143.0,80.0,0.0,63.0,151.0,54.0,26.0,0.0,0.0,0.0,63.0,0.0,0.0,0.0,0.0,7.0,1.0
2057,medium_district,2,Brigham City Area - W of I-15,,,,,,,,,2,Brigham City Area - W of I-15,,,202.0,584.0,2.891,145.0,80.0,0.0,65.0,154.0,54.0,26.0,0.0,0.0,0.0,65.0,0.0,0.0,0.0,0.0,7.0,2.0
2058,medium_district,2,Brigham City Area - W of I-15,,,,,,,,,2,Brigham City Area - W of I-15,,,205.0,589.0,2.873,144.0,80.0,0.0,64.0,153.0,54.0,26.0,0.0,0.0,0.0,64.0,0.0,0.0,0.0,0.0,7.0,2.0
2059,medium_district,2,Brigham City Area - W of I-15,,,,,,,,,2,Brigham City Area - W of I-15,,,208.0,595.0,2.861,145.0,80.0,0.0,65.0,154.0,54.0,26.0,0.0,0.0,0.0,65.0,0.0,0.0,0.0,0.0,7.0,2.0
2060,medium_district,2,Brigham City Area - W of I-15,,,,,,,,,2,Brigham City Area - W of I-15,,,211.0,600.0,2.844,145.0,80.0,0.0,65.0,154.0,54.0,26.0,0.0,0.0,0.0,65.0,0.0,0.0,0.0,0.0,7.0,2.0
2061,medium_district,2,Brigham City Area - W of I-15,,,,,,,,,2,Brigham City Area - W of I-15,,,216.0,604.0,2.796,145.0,80.0,0.0,65.0,154.0,54.0,26.0,0.0,0.0,0.0,65.0,0.0,0.0,0.0,0.0,7.0,2.0
2062,medium_district,2,Brigham City Area - W of I-15,,,,,,,,,2,Brigham City Area - W of I-15,,,217.0,610.0,2.811,144.0,79.0,0.0,65.0,152.0,54.0,25.0,0.0,0.0,0.0,65.0,0.0,0.0,0.0,0.0,7.0,1.0
2063,medium_district,2,Brigham City Area - W of I-15,,,,,,,,,2,Brigham City Area - W of I-15,,,220.0,614.0,2.791,145.0,79.0,0.0,66.0,154.0,54.0,25.0,0.0,0.0,0.0,66.0,0.0,0.0,0.0,0.0,7.0,2.0
2064,medium_district,2,Brigham City Area - W of I-15,,,,,,,,,2,Brigham City Area - W of I-15,,,224.0,620.0,2.768,146.0,80.0,0.0,66.0,154.0,55.0,25.0,0.0,0.0,0.0,66.0,0.0,0.0,0.0,0.0,7.0,1.0
2065,medium_district,2,Brigham City Area - W of I-15,,,,,,,,,2,Brigham City Area - W of I-15,,,226.0,625.0,2.765,146.0,80.0,0.0,66.0,155.0,55.0,25.0,0.0,0.0,0.0,66.0,0.0,0.0,0.0,0.0,7.0,2.0
2023,medium_district,20,Kaysville-Syracuse,,,,,,,,,20,Kaysville-Syracuse,,,21981.0,75124.339,3.418,24275.0,5338.0,4373.0,14564.0,28244.104,4030.0,1308.0,1369.0,3004.0,2043.0,2125.0,4554.0,5842.0,272.758,27.12,2703.792,965.436
2024,medium_district,20,Kaysville-Syracuse,,,,,,,,,20,Kaysville-Syracuse,,,22058.0,74390.313,3.372,24228.0,5308.0,4313.0,14607.0,28694.924000000003,4000.0,1308.0,1383.0,2930.0,2012.0,2237.0,4594.0,5764.0,271.87,32.64,3219.888,942.53
2025,medium_district,20,Kaysville-Syracuse,,,,,,,,,20,Kaysville-Syracuse,,,22221.0,74044.319,3.332,24376.0,5288.0,4328.0,14760.0,28334.389,3987.0,1301.0,1366.0,2962.0,2004.0,2256.0,4681.0,5819.0,271.497,32.32,2621.2709999999997,1033.299
2026,medium_district,20,Kaysville-Syracuse,,,,,,,,,20,Kaysville-Syracuse,,,22470.0,73868.975,3.287,24397.0,5258.0,4303.0,14836.0,28803.775999999998,3957.0,1301.0,1339.0,2964.0,1971.0,2250.0,4734.0,5881.0,266.848,33.12,3061.158,1045.657
2027,medium_district,20,Kaysville-Syracuse,,,,,,,,,20,Kaysville-Syracuse,,,22594.0,73326.473,3.245,24460.0,5252.0,4294.0,14914.0,27828.882,3961.0,1291.0,1323.0,2971.0,1958.0,2234.0,4792.0,5930.0,271.141,33.519999999999996,2010.917,1053.313
2028,medium_district,20,Kaysville-Syracuse,,,,,,,,,20,Kaysville-Syracuse,,,22901.0,73302.344,3.201,24431.0,5235.0,4269.0,14927.0,28448.346,3951.0,1284.0,1308.0,2961.0,1893.0,2213.0,4831.0,5990.0,270.471,31.999999999999996,2647.189,1067.6779999999999
2029,medium_district,20,Kaysville-Syracuse,,,,,,,,,20,Kaysville-Syracuse,,,23336.0,73801.012,3.163,24411.0,5224.0,4256.0,14931.0,28340.624,3954.0,1270.0,1297.0,2959.0,1855.0,2192.0,4873.0,6011.0,269.268,30.0,2539.698,1090.656
2030,medium_district,20,Kaysville-Syracuse,,,,,,,,,20,Kaysville-Syracuse,,,23759.0,74185.125,3.122,24449.0,5223.0,4252.0,14974.0,28190.898,3964.0,1259.0,1297.0,2955.0,1844.0,2163.0,4918.0,6049.0,268.958,29.36,2328.411,1115.172
2031,medium_district,20,Kaysville-Syracuse,,,,,,,,,20,Kaysville-Syracuse,,,24225.0,74678.13,3.083,24496.0,5220.0,4247.0,15029.0,28158.827,3984.0,1236.0,1298.0,2949.0,1850.0,2145.0,4967.0,6067.0,268.685,29.520000000000003,2232.594,1132.032
2032,medium_district,20,Kaysville-Syracuse,,,,,,,,,20,Kaysville-Syracuse,,,24801.0,75402.392,3.04,24524.0,5216.0,4233.0,15075.0,28737.667999999998,3997.0,1219.0,1298.0,2935.0,1850.0,2118.0,5012.0,6095.0,267.918,30.72,2758.854,1156.17
2033,medium_district,20,Kaysville-Syracuse,,,,,,,,,20,Kaysville-Syracuse,,,25468.0,76423.628,3.001,24593.0,5219.0,4218.0,15156.0,29127.807,4007.0,1212.0,1296.0,2922.0,1847.0,2096.0,5059.0,6154.0,265.157,32.24,3050.712,1186.692
2034,medium_district,20,Kaysville-Syracuse,,,,,,,,,20,Kaysville-Syracuse,,,26036.0,77193.423,2.965,24740.0,5231.0,4213.0,15296.0,28832.851,4018.0,1213.0,1293.0,2920.0,1839.0,2083.0,5113.0,6261.0,266.901,33.44,2572.031,1220.479
2035,medium_district,20,Kaysville-Syracuse,,,,,,,,,20,Kaysville-Syracuse,,,26598.0,77929.469,2.93,24439.0,5147.0,4173.0,15119.0,28353.154000000002,3995.0,1152.0,1302.0,2871.0,1810.0,2064.0,5132.0,6113.0,270.246,33.839999999999996,2376.84,1233.232
2036,medium_district,20,Kaysville-Syracuse,,,,,,,,,20,Kaysville-Syracuse,,,27253.0,78734.537,2.889,24387.0,5121.0,4158.0,15108.0,29205.882999999998,3974.0,1147.0,1313.0,2845.0,1784.0,2050.0,5161.0,6113.0,267.912,33.44,3257.649,1259.872
2037,medium_district,20,Kaysville-Syracuse,,,,,,,,,20,Kaysville-Syracuse,,,29540.0,83671.783,2.832,24142.0,5082.0,4151.0,14909.0,29469.708,3956.0,1126.0,1345.0,2806.0,1745.0,2003.0,5185.0,5976.0,260.48400000000004,33.12,3669.736,1364.372
2038,medium_district,20,Kaysville-Syracuse,,,,,,,,,20,Kaysville-Syracuse,,,30180.0,84632.769,2.804,24201.0,4931.0,4148.0,15122.0,29067.843,3887.0,1044.0,1355.0,2793.0,1784.0,2011.0,5265.0,6062.0,261.247,33.04,3173.999,1398.555
2039,medium_district,20,Kaysville-Syracuse,,,,,,,,,20,Kaysville-Syracuse,,,30831.0,85656.81,2.778,24514.0,4961.0,4165.0,15388.0,29064.908,3925.0,1036.0,1372.0,2793.0,1822.0,2024.0,5338.0,6204.0,263.95,32.879999999999995,2819.716,1434.371
2040,medium_district,20,Kaysville-Syracuse,,,,,,,,,20,Kaysville-Syracuse,,,31306.0,86344.33,2.758,24821.0,5009.0,4169.0,15643.0,29447.531,3973.0,1036.0,1386.0,2783.0,1846.0,2048.0,5401.0,6348.0,265.156,32.8,2869.9410000000003,1458.626
2041,medium_district,20,Kaysville-Syracuse,,,,,,,,,20,Kaysville-Syracuse,,,31931.0,87370.083,2.736,24904.0,4998.0,4164.0,15742.0,29853.394,3968.0,1030.0,1394.0,2770.0,1867.0,2041.0,5449.0,6385.0,262.254,32.8,3159.343,1495.0
2042,medium_district,20,Kaysville-Syracuse,,,,,,,,,20,Kaysville-Syracuse,,,32618.0,88477.936,2.713,25049.0,4985.0,4175.0,15889.0,30536.094,3968.0,1017.0,1410.0,2765.0,1913.0,2059.0,5439.0,6478.0,263.891,33.04,3660.158,1530.0
2043,medium_district,20,Kaysville-Syracuse,,,,,,,,,20,Kaysville-Syracuse,,,33305.0,89731.854,2.694,25231.0,4986.0,4183.0,16062.0,30079.704,3975.0,1011.0,1418.0,2765.0,1941.0,2073.0,5499.0,6549.0,267.229,33.28,2978.626,1569.57
2044,medium_district,20,Kaysville-Syracuse,,,,,,,,,20,Kaysville-Syracuse,,,33954.0,90827.974,2.675,25772.0,5074.0,4194.0,16504.0,30959.571,4075.0,999.0,1429.0,2765.0,2020.0,2102.0,5586.0,6796.0,264.63,33.04,3282.9429999999998,1606.95
2045,medium_district,20,Kaysville-Syracuse,,,,,,,,,20,Kaysville-Syracuse,,,34275.0,91147.239,2.659,26193.0,5115.0,4219.0,16859.0,30283.003,4118.0,997.0,1447.0,2772.0,2075.0,2130.0,5683.0,6971.0,271.979,32.879999999999995,2157.147,1628.0
2046,medium_district,20,Kaysville-Syracuse,,,,,,,,,20,Kaysville-Syracuse,,,34653.0,91612.184,2.644,26287.0,5129.0,4224.0,16934.0,30946.683,4137.0,992.0,1475.0,2749.0,2130.0,2138.0,5723.0,6943.0,279.67,32.879999999999995,2695.758,1651.378
2047,medium_district,20,Kaysville-Syracuse,,,,,,,,,20,Kaysville-Syracuse,,,35012.0,92068.716,2.63,26502.0,5134.0,4247.0,17121.0,31042.85,4152.0,982.0,1493.0,2754.0,2190.0,2166.0,5762.0,7003.0,277.663,32.879999999999995,2555.187,1675.121
2048,medium_district,20,Kaysville-Syracuse,,,,,,,,,20,Kaysville-Syracuse,,,35763.0,93578.374,2.617,26738.0,5133.0,4251.0,17354.0,31693.618,4185.0,948.0,1512.0,2739.0,2253.0,2211.0,5816.0,7074.0,278.002,33.199999999999996,2917.1549999999997,1727.267
2049,medium_district,20,Kaysville-Syracuse,,,,,,,,,20,Kaysville-Syracuse,,,36426.0,94936.523,2.606,27048.0,5163.0,4265.0,17620.0,31882.977,4220.0,943.0,1527.0,2738.0,2323.0,2244.0,5868.0,7185.0,277.333,33.36,2759.042,1765.244
2050,medium_district,20,Kaysville-Syracuse,,,,,,,,,20,Kaysville-Syracuse,,,36721.0,95297.948,2.595,27647.0,5302.0,4287.0,18058.0,32335.413,4373.0,929.0,1536.0,2751.0,2396.0,2317.0,5940.0,7405.0,277.337,33.6,2585.721,1791.756
2051,medium_district,20,Kaysville-Syracuse,,,,,,,,,20,Kaysville-Syracuse,,,37188.0,96157.327,2.586,27964.0,5341.0,4308.0,18315.0,33205.097,4412.0,929.0,1562.0,2746.0,2477.0,2321.0,6006.0,7511.0,276.334,33.68,3112.897,1818.19
2052,medium_district,20,Kaysville-Syracuse,,,,,,,,,20,Kaysville-Syracuse,,,37782.0,97339.572,2.576,28201.0,5380.0,4327.0,18494.0,33236.065,4451.0,929.0,1584.0,2743.0,2521.0,2352.0,6044.0,7577.0,276.336,33.92,2870.241,1854.562
2053,medium_district,20,Kaysville-Syracuse,,,,,,,,,20,Kaysville-Syracuse,,,38628.0,98971.546,2.562,28546.0,5427.0,4359.0,18760.0,33970.54,4498.0,929.0,1611.0,2748.0,2572.0,2389.0,6103.0,7696.0,275.004,34.08,3214.949,1900.518
2054,medium_district,20,Kaysville-Syracuse,,,,,,,,,20,Kaysville-Syracuse,,,39789.0,101529.31,2.552,28761.0,5464.0,4373.0,18924.0,34174.224,4537.0,927.0,1627.0,2746.0,2607.0,2411.0,6139.0,7767.0,276.008,34.24,3139.014,1963.96
2055,medium_district,20,Kaysville-Syracuse,,,,,,,,,20,Kaysville-Syracuse,,,40648.0,103382.354,2.543,28898.0,5499.0,4382.0,19017.0,34465.275,4571.0,928.0,1640.0,2742.0,2633.0,2435.0,6161.0,7788.0,274.66499999999996,34.24,3247.783,2010.582
2056,medium_district,20,Kaysville-Syracuse,,,,,,,,,20,Kaysville-Syracuse,,,40769.0,104324.741,2.559,29137.0,5522.0,4394.0,19221.0,35061.317,4594.0,928.0,1651.0,2743.0,2667.0,2460.0,6205.0,7889.0,273.663,33.839999999999996,3575.1910000000003,2041.6119999999999
2057,medium_district,20,Kaysville-Syracuse,,,,,,,,,20,Kaysville-Syracuse,,,41009.0,105390.849,2.57,29351.0,5556.0,4402.0,19393.0,35221.301,4630.0,926.0,1659.0,2743.0,2689.0,2492.0,6238.0,7974.0,273.664,33.12,3488.125,2075.387
2058,medium_district,20,Kaysville-Syracuse,,,,,,,,,20,Kaysville-Syracuse,,,41141.0,106389.009,2.586,29613.0,5587.0,4409.0,19617.0,35492.706,4662.0,925.0,1666.0,2743.0,2726.0,2516.0,6280.0,8095.0,272.004,32.4,3471.14,2104.165
2059,medium_district,20,Kaysville-Syracuse,,,,,,,,,20,Kaysville-Syracuse,,,41362.0,107579.564,2.601,29674.0,5554.0,4417.0,19703.0,35767.709,4652.0,902.0,1676.0,2741.0,2750.0,2524.0,6298.0,8131.0,271.664,31.840000000000003,3650.419,2139.782
2060,medium_district,20,Kaysville-Syracuse,,,,,,,,,20,Kaysville-Syracuse,,,41428.0,108533.58,2.62,29760.0,5558.0,4423.0,19779.0,35614.353,4658.0,900.0,1687.0,2736.0,2764.0,2541.0,6321.0,8153.0,271.33099999999996,31.439999999999998,3387.998,2163.584
2061,medium_district,20,Kaysville-Syracuse,,,,,,,,,20,Kaysville-Syracuse,,,41547.0,109607.451,2.638,29842.0,5559.0,4432.0,19851.0,35991.229,4663.0,896.0,1698.0,2734.0,2780.0,2534.0,6354.0,8183.0,270.332,31.28,3650.395,2197.22
2062,medium_district,20,Kaysville-Syracuse,,,,,,,,,20,Kaysville-Syracuse,,,41708.0,110560.008,2.651,29920.0,5554.0,4437.0,19929.0,36198.985,4669.0,885.0,1712.0,2725.0,2800.0,2541.0,6374.0,8214.0,268.658,31.119999999999997,3755.975,2223.217
2063,medium_district,20,Kaysville-Syracuse,,,,,,,,,20,Kaysville-Syracuse,,,41844.0,111345.295,2.661,30135.0,5580.0,4451.0,20104.0,36945.479999999996,4697.0,883.0,1734.0,2717.0,2827.0,2556.0,6424.0,8297.0,268.003,31.04,4264.051,2247.391
2064,medium_district,20,Kaysville-Syracuse,,,,,,,,,20,Kaysville-Syracuse,,,41959.0,112333.795,2.677,30294.0,5608.0,4468.0,20218.0,36603.297,4725.0,883.0,1753.0,2715.0,2857.0,2575.0,6411.0,8375.0,267.657,30.880000000000003,3733.607,2277.143
2065,medium_district,20,Kaysville-Syracuse,,,,,,,,,20,Kaysville-Syracuse,,,42112.0,113380.853,2.692,30465.0,5629.0,4478.0,20358.0,36850.213,4746.0,883.0,1767.0,2711.0,2875.0,2588.0,6449.0,8446.0,266.327,30.880000000000003,3777.786,2310.22
2023,medium_district,21,Layton-Ft.Heights,,,,,,,,,21,Layton-Ft.Heights,,,26903.0,74998.887,2.788,32994.0,7216.0,1766.0,24012.0,36893.873,3736.0,3480.0,446.0,1320.0,3739.0,3881.0,3906.0,12486.0,71.993,0.0,2648.126,1179.755
2024,medium_district,21,Layton-Ft.Heights,,,,,,,,,21,Layton-Ft.Heights,,,27055.0,74583.564,2.757,33031.0,7187.0,1759.0,24085.0,36162.197,3707.0,3480.0,467.0,1292.0,3677.0,4064.0,3987.0,12357.0,77.53699999999999,0.0,1892.008,1161.659
2025,medium_district,21,Layton-Ft.Heights,,,,,,,,,21,Layton-Ft.Heights,,,27291.0,74382.758,2.726,33397.0,7157.0,1799.0,24441.0,37053.742,3701.0,3456.0,462.0,1337.0,3666.0,4109.0,4183.0,12483.0,77.718,0.0,2306.89,1272.136
2026,medium_district,21,Layton-Ft.Heights,,,,,,,,,21,Layton-Ft.Heights,,,27668.0,74794.596,2.703,33495.0,7119.0,1795.0,24581.0,37521.516,3666.0,3453.0,449.0,1346.0,3598.0,4082.0,4317.0,12584.0,74.517,0.0,2660.427,1291.57
2027,medium_district,21,Layton-Ft.Heights,,,,,,,,,21,Layton-Ft.Heights,,,28070.0,75272.322,2.682,33679.0,7117.0,1801.0,24761.0,37744.06,3677.0,3440.0,444.0,1357.0,3562.0,4038.0,4458.0,12703.0,73.85300000000001,0.0,2680.062,1311.142
2028,medium_district,21,Layton-Ft.Heights,,,,,,,,,21,Layton-Ft.Heights,,,28489.0,75738.835,2.659,33734.0,7082.0,1795.0,24857.0,37556.985,3669.0,3413.0,442.0,1353.0,3459.0,4000.0,4546.0,12852.0,73.949,0.0,2418.181,1330.853
2029,medium_district,21,Layton-Ft.Heights,,,,,,,,,21,Layton-Ft.Heights,,,28716.0,75530.735,2.63,33742.0,7063.0,1794.0,24885.0,37641.545,3672.0,3391.0,441.0,1353.0,3393.0,3964.0,4623.0,12905.0,76.356,0.0,2480.613,1342.575
2030,medium_district,21,Layton-Ft.Heights,,,,,,,,,21,Layton-Ft.Heights,,,28990.0,75588.404,2.607,33876.0,7052.0,1788.0,25036.0,38128.629,3700.0,3352.0,441.0,1347.0,3365.0,3929.0,4717.0,13025.0,79.284,0.0,2817.132,1356.209
2031,medium_district,21,Layton-Ft.Heights,,,,,,,,,21,Layton-Ft.Heights,,,29214.0,75375.474,2.58,33942.0,7019.0,1788.0,25135.0,37949.997,3721.0,3298.0,445.0,1343.0,3377.0,3881.0,4790.0,13087.0,79.906,0.0,2562.853,1365.245
2032,medium_district,21,Layton-Ft.Heights,,,,,,,,,21,Layton-Ft.Heights,,,29395.0,75081.958,2.554,34026.0,6990.0,1787.0,25249.0,38044.837,3741.0,3249.0,449.0,1338.0,3374.0,3845.0,4860.0,13170.0,79.567,0.0,2569.062,1370.205
2033,medium_district,21,Layton-Ft.Heights,,,,,,,,,21,Layton-Ft.Heights,,,29775.0,75306.943,2.529,34153.0,6985.0,1783.0,25385.0,38424.458,3761.0,3224.0,449.0,1334.0,3354.0,3809.0,4928.0,13294.0,77.926,0.0,2806.721,1386.81
2034,medium_district,21,Layton-Ft.Heights,,,,,,,,,21,Layton-Ft.Heights,,,30032.0,75211.337,2.504,34510.0,7054.0,1788.0,25668.0,38703.962,3788.0,3266.0,449.0,1339.0,3327.0,3786.0,5021.0,13534.0,77.55099999999999,0.0,2707.011,1409.396
2035,medium_district,21,Layton-Ft.Heights,,,,,,,,,21,Layton-Ft.Heights,,,30228.0,75017.28199999999,2.482,33949.0,6856.0,1769.0,25324.0,38186.912,3757.0,3099.0,457.0,1312.0,3286.0,3749.0,5043.0,13246.0,76.637,0.0,2761.886,1399.395
2036,medium_district,21,Layton-Ft.Heights,,,,,,,,,21,Layton-Ft.Heights,,,30484.0,75033.45,2.461,33952.0,6870.0,1767.0,25315.0,38363.542,3771.0,3099.0,463.0,1304.0,3231.0,3720.0,5103.0,13261.0,77.55099999999999,0.0,2927.005,1406.98
2037,medium_district,21,Layton-Ft.Heights,,,,,,,,,21,Layton-Ft.Heights,,,31003.0,75872.967,2.447,34240.0,6870.0,1767.0,25603.0,38846.843,3770.0,3100.0,485.0,1282.0,3209.0,3691.0,5193.0,13510.0,75.72,0.0,3097.729,1433.392
2038,medium_district,21,Layton-Ft.Heights,,,,,,,,,21,Layton-Ft.Heights,,,31444.0,76478.336,2.432,34657.0,6915.0,1782.0,25960.0,39274.648,3810.0,3105.0,500.0,1282.0,3255.0,3704.0,5259.0,13742.0,75.36399999999999,0.0,3081.703,1460.584
2039,medium_district,21,Layton-Ft.Heights,,,,,,,,,21,Layton-Ft.Heights,,,31832.0,76855.338,2.414,35006.0,6939.0,1799.0,26268.0,39508.359,3840.0,3099.0,517.0,1282.0,3281.0,3727.0,5325.0,13935.0,75.27,0.0,2946.701,1480.3890000000001
2040,medium_district,21,Layton-Ft.Heights,,,,,,,,,21,Layton-Ft.Heights,,,32522.0,77872.972,2.394,35256.0,6837.0,1799.0,26620.0,40448.101,3817.0,3020.0,524.0,1275.0,3326.0,3788.0,5415.0,14091.0,74.89,0.0,3600.595,1516.614
2041,medium_district,21,Layton-Ft.Heights,,,,,,,,,21,Layton-Ft.Heights,,,33097.0,78719.896,2.378,35677.0,6910.0,1808.0,26959.0,40563.835,3849.0,3061.0,534.0,1274.0,3377.0,3785.0,5486.0,14311.0,77.373,0.0,3262.466,1547.0
2042,medium_district,21,Layton-Ft.Heights,,,,,,,,,21,Layton-Ft.Heights,,,33495.0,79216.304,2.365,36098.0,6963.0,1823.0,27312.0,40465.214,3876.0,3087.0,548.0,1275.0,3436.0,3802.0,5573.0,14501.0,77.553,0.0,2717.658,1572.0
2043,medium_district,21,Layton-Ft.Heights,,,,,,,,,21,Layton-Ft.Heights,,,33909.0,79775.609,2.353,36426.0,7013.0,1835.0,27578.0,41155.772,3899.0,3114.0,558.0,1277.0,3481.0,3826.0,5619.0,14652.0,80.672,0.0,3052.524,1596.576
2044,medium_district,21,Layton-Ft.Heights,,,,,,,,,21,Layton-Ft.Heights,,,34274.0,80235.778,2.341,36908.0,7152.0,1848.0,27908.0,41519.817,3963.0,3189.0,567.0,1281.0,3524.0,3857.0,5678.0,14849.0,83.197,0.0,2908.659,1619.963
2045,medium_district,21,Layton-Ft.Heights,,,,,,,,,21,Layton-Ft.Heights,,,34841.0,81193.822,2.33,37109.0,7169.0,1861.0,28079.0,42236.171,3973.0,3196.0,577.0,1284.0,3546.0,3871.0,5712.0,14950.0,81.29299999999999,0.0,3391.881,1654.0
2046,medium_district,21,Layton-Ft.Heights,,,,,,,,,21,Layton-Ft.Heights,,,35210.0,81721.487,2.321,37323.0,7192.0,1870.0,28261.0,41813.959,3975.0,3217.0,582.0,1288.0,3581.0,3890.0,5758.0,15032.0,82.492,0.0,2728.082,1680.387
2047,medium_district,21,Layton-Ft.Heights,,,,,,,,,21,Layton-Ft.Heights,,,35451.0,81954.833,2.312,37518.0,7233.0,1882.0,28403.0,41895.709,3989.0,3244.0,587.0,1295.0,3611.0,3906.0,5784.0,15102.0,83.197,0.0,2593.3740000000003,1701.1390000000001
2048,medium_district,21,Layton-Ft.Heights,,,,,,,,,21,Layton-Ft.Heights,,,35709.0,82354.78,2.306,37731.0,7315.0,1894.0,28522.0,42582.288,4008.0,3307.0,598.0,1296.0,3631.0,3921.0,5812.0,15158.0,82.297,0.0,3048.733,1720.257
2049,medium_district,21,Layton-Ft.Heights,,,,,,,,,21,Layton-Ft.Heights,,,36090.0,82989.654,2.3,37884.0,7368.0,1896.0,28620.0,42880.31,4020.0,3348.0,604.0,1292.0,3652.0,3931.0,5831.0,15206.0,82.396,0.0,3167.663,1746.248
2050,medium_district,21,Layton-Ft.Heights,,,,,,,,,21,Layton-Ft.Heights,,,36948.0,84412.026,2.285,37489.0,7280.0,1877.0,28332.0,43846.369999999995,3935.0,3345.0,592.0,1285.0,3624.0,3936.0,5721.0,15051.0,82.4,0.0,4476.22,1798.755
2051,medium_district,21,Layton-Ft.Heights,,,,,,,,,21,Layton-Ft.Heights,,,37608.0,85635.755,2.277,37568.0,7296.0,1882.0,28390.0,42364.336,3943.0,3353.0,599.0,1283.0,3641.0,3941.0,5737.0,15071.0,82.4,0.0,2874.749,1839.193
2052,medium_district,21,Layton-Ft.Heights,,,,,,,,,21,Layton-Ft.Heights,,,37883.0,85931.356,2.268,37643.0,7307.0,1884.0,28452.0,43368.272,3951.0,3356.0,604.0,1280.0,3656.0,3951.0,5748.0,15097.0,82.4,0.0,3783.309,1859.569
2053,medium_district,21,Layton-Ft.Heights,,,,,,,,,21,Layton-Ft.Heights,,,38476.0,87195.553,2.266,37726.0,7325.0,1889.0,28512.0,43033.053,3960.0,3365.0,608.0,1281.0,3670.0,3956.0,5759.0,15127.0,82.3,0.0,3332.242,1892.511
2054,medium_district,21,Layton-Ft.Heights,,,,,,,,,21,Layton-Ft.Heights,,,39187.0,88635.366,2.262,37648.0,7323.0,1888.0,28437.0,43333.307,3957.0,3366.0,612.0,1276.0,3663.0,3964.0,5712.0,15098.0,81.296,0.0,3668.064,1935.949
2055,medium_district,21,Layton-Ft.Heights,,,,,,,,,21,Layton-Ft.Heights,,,40042.0,90577.697,2.262,37661.0,7322.0,1886.0,28453.0,43197.127,3959.0,3363.0,613.0,1273.0,3663.0,3968.0,5719.0,15103.0,81.196,0.0,3472.3540000000003,1982.573
2056,medium_district,21,Layton-Ft.Heights,,,,,,,,,21,Layton-Ft.Heights,,,40051.0,91215.224,2.277,37694.0,7331.0,1887.0,28476.0,43278.244,3966.0,3365.0,615.0,1272.0,3666.0,3974.0,5717.0,15119.0,81.196,0.0,3498.426,2004.619
2057,medium_district,21,Layton-Ft.Heights,,,,,,,,,21,Layton-Ft.Heights,,,40075.0,91765.748,2.29,37730.0,7335.0,1889.0,28506.0,43211.047,3969.0,3366.0,617.0,1272.0,3668.0,3977.0,5727.0,15134.0,81.196,0.0,3375.469,2024.378
2058,medium_district,21,Layton-Ft.Heights,,,,,,,,,21,Layton-Ft.Heights,,,40086.0,92421.258,2.306,37768.0,7338.0,1885.0,28545.0,43405.588,3977.0,3361.0,617.0,1268.0,3672.0,3984.0,5732.0,15157.0,81.298,0.0,3508.156,2048.133
2059,medium_district,21,Layton-Ft.Heights,,,,,,,,,21,Layton-Ft.Heights,,,40172.0,93251.198,2.321,37781.0,7337.0,1884.0,28560.0,43612.982,3979.0,3358.0,619.0,1265.0,3673.0,3989.0,5735.0,15163.0,81.196,0.0,3672.028,2078.755
2060,medium_district,21,Layton-Ft.Heights,,,,,,,,,21,Layton-Ft.Heights,,,40195.0,93978.839,2.338,37890.0,7339.0,1885.0,28666.0,44346.21,3989.0,3350.0,622.0,1263.0,3680.0,4038.0,5747.0,15201.0,81.098,0.0,4272.544,2102.567
2061,medium_district,21,Layton-Ft.Heights,,,,,,,,,21,Layton-Ft.Heights,,,40212.0,94734.127,2.356,37954.0,7337.0,1888.0,28729.0,43881.172,3993.0,3344.0,627.0,1261.0,3691.0,4026.0,5772.0,15240.0,81.098,0.0,3722.821,2123.244
2062,medium_district,21,Layton-Ft.Heights,,,,,,,,,21,Layton-Ft.Heights,,,40357.0,95632.33,2.37,38014.0,7331.0,1896.0,28787.0,44044.279,3999.0,3332.0,635.0,1261.0,3694.0,4035.0,5782.0,15276.0,81.197,0.0,3798.834,2150.245
2063,medium_district,21,Layton-Ft.Heights,,,,,,,,,21,Layton-Ft.Heights,,,40444.0,96278.743,2.381,38045.0,7317.0,1902.0,28826.0,43781.497,3999.0,3318.0,641.0,1261.0,3696.0,4040.0,5786.0,15304.0,81.30199999999999,0.0,3480.817,2174.379
2064,medium_district,21,Layton-Ft.Heights,,,,,,,,,21,Layton-Ft.Heights,,,40444.0,96950.496,2.397,38130.0,7321.0,1902.0,28907.0,44055.092,4009.0,3312.0,646.0,1256.0,3704.0,4051.0,5797.0,15355.0,81.197,0.0,3644.819,2199.071
2065,medium_district,21,Layton-Ft.Heights,,,,,,,,,21,Layton-Ft.Heights,,,40444.0,97656.35800000001,2.415,38202.0,7321.0,1908.0,28973.0,44118.548,4016.0,3305.0,654.0,1254.0,3713.0,4062.0,5811.0,15387.0,80.4,0.0,3616.898,2219.25
2023,medium_district,22,Farmington-Centerville,,,,,,,,,22,Farmington-Centerville,,,15006.0,46264.451,3.083,25169.0,5895.0,1667.0,17607.0,27765.496,3852.0,2043.0,611.0,1056.0,2148.0,2794.0,1911.0,10754.0,118.635,0.0,1820.883,656.973
2024,medium_district,22,Farmington-Centerville,,,,,,,,,22,Farmington-Centerville,,,15629.0,47422.807,3.034,25252.0,5881.0,1670.0,17701.0,29357.447,3823.0,2058.0,637.0,1033.0,2116.0,2965.0,1955.0,10665.0,112.778,0.0,3324.2980000000002,668.379
2025,medium_district,22,Farmington-Centerville,,,,,,,,,22,Farmington-Centerville,,,16251.0,48467.882,2.982,25449.0,5860.0,1685.0,17904.0,28147.716,3815.0,2045.0,631.0,1054.0,2110.0,3007.0,2025.0,10762.0,112.032,0.0,1828.196,758.484
2026,medium_district,22,Farmington-Centerville,,,,,,,,,22,Farmington-Centerville,,,16813.0,49301.263,2.932,25470.0,5825.0,1681.0,17964.0,28264.004,3780.0,2045.0,619.0,1062.0,2071.0,2986.0,2094.0,10813.0,115.803,0.0,1893.4660000000001,784.737
2027,medium_district,22,Farmington-Centerville,,,,,,,,,22,Farmington-Centerville,,,17564.0,50437.843,2.872,25548.0,5826.0,1685.0,18037.0,29443.67,3787.0,2039.0,613.0,1072.0,2056.0,2953.0,2144.0,10884.0,115.335,0.0,2960.87,819.465
2028,medium_district,22,Farmington-Centerville,,,,,,,,,22,Farmington-Centerville,,,17992.0,50794.152,2.823,25528.0,5800.0,1680.0,18048.0,28806.362,3774.0,2026.0,610.0,1070.0,1997.0,2923.0,2180.0,10948.0,111.42999999999999,0.0,2327.393,839.54
2029,medium_district,22,Farmington-Centerville,,,,,,,,,22,Farmington-Centerville,,,18755.0,52012.467000000004,2.773,25507.0,5786.0,1672.0,18049.0,29381.536,3778.0,2008.0,602.0,1070.0,1955.0,2893.0,2217.0,10984.0,109.514,0.0,2885.2980000000002,879.724
2030,medium_district,22,Farmington-Centerville,,,,,,,,,22,Farmington-Centerville,,,19615.0,53367.144,2.721,25583.0,5785.0,1669.0,18129.0,29849.264,3808.0,1977.0,602.0,1067.0,1939.0,2871.0,2255.0,11064.0,107.382,0.0,3241.741,917.14
2031,medium_district,22,Farmington-Centerville,,,,,,,,,22,Farmington-Centerville,,,20459.0,54825.132,2.68,25588.0,5774.0,1666.0,18148.0,29557.109,3832.0,1942.0,600.0,1066.0,1945.0,2834.0,2289.0,11080.0,106.875,0.0,2905.37,956.874
2032,medium_district,22,Farmington-Centerville,,,,,,,,,22,Farmington-Centerville,,,21108.0,55774.737,2.642,25640.0,5763.0,1666.0,18211.0,28989.63,3850.0,1913.0,603.0,1063.0,1944.0,2805.0,2325.0,11137.0,107.77199999999999,0.0,2256.707,985.145
2033,medium_district,22,Farmington-Centerville,,,,,,,,,22,Farmington-Centerville,,,21457.0,56079.526,2.614,25708.0,5770.0,1661.0,18277.0,28740.478,3868.0,1902.0,602.0,1059.0,1933.0,2780.0,2352.0,11212.0,108.289,0.0,1923.604,1000.583
2034,medium_district,22,Farmington-Centerville,,,,,,,,,22,Farmington-Centerville,,,22025.0,56959.963,2.586,25996.0,5895.0,1664.0,18437.0,29767.912,3893.0,2002.0,601.0,1063.0,1920.0,2761.0,2389.0,11367.0,109.781,0.0,2630.568,1031.56
2035,medium_district,22,Farmington-Centerville,,,,,,,,,22,Farmington-Centerville,,,22510.0,57571.934,2.558,25602.0,5803.0,1666.0,18133.0,29115.164,3875.0,1928.0,615.0,1051.0,1895.0,2736.0,2394.0,11108.0,109.915,0.0,2361.216,1042.039
2036,medium_district,22,Farmington-Centerville,,,,,,,,,22,Farmington-Centerville,,,22772.0,57751.541,2.536,25606.0,5825.0,1673.0,18108.0,28554.238,3890.0,1935.0,639.0,1034.0,1868.0,2716.0,2415.0,11109.0,111.79599999999999,0.0,1784.713,1051.731
2037,medium_district,22,Farmington-Centerville,,,,,,,,,22,Farmington-Centerville,,,22254.0,56188.859000000004,2.525,25734.0,5907.0,1679.0,18148.0,28773.938,3930.0,1977.0,659.0,1020.0,1807.0,2726.0,2406.0,11209.0,111.06,0.0,1900.596,1028.281
2038,medium_district,22,Farmington-Centerville,,,,,,,,,22,Farmington-Centerville,,,22605.0,56622.379,2.505,25997.0,6009.0,1693.0,18295.0,29576.692,3985.0,2024.0,678.0,1015.0,1814.0,2738.0,2423.0,11320.0,113.543,0.0,2416.727,1049.42
2039,medium_district,22,Farmington-Centerville,,,,,,,,,22,Farmington-Centerville,,,22972.0,57092.31,2.485,26242.0,6083.0,1690.0,18469.0,29539.035,4021.0,2062.0,694.0,996.0,1830.0,2754.0,2450.0,11435.0,116.419,0.0,2108.332,1072.279
2040,medium_district,22,Farmington-Centerville,,,,,,,,,22,Farmington-Centerville,,,23198.0,57273.341,2.469,26492.0,6156.0,1708.0,18628.0,29710.375,4048.0,2108.0,715.0,993.0,1846.0,2789.0,2466.0,11527.0,116.388,0.0,2020.2659999999998,1081.7250000000001
2041,medium_district,22,Farmington-Centerville,,,,,,,,,22,Farmington-Centerville,,,23352.0,57340.139,2.455,26683.0,6196.0,1730.0,18757.0,29872.809,4076.0,2120.0,735.0,995.0,1866.0,2788.0,2493.0,11610.0,120.576,0.0,1975.235,1094.0
2042,medium_district,22,Farmington-Centerville,,,,,,,,,22,Farmington-Centerville,,,23574.0,57576.485,2.442,26868.0,6239.0,1745.0,18884.0,30295.627,4114.0,2125.0,747.0,998.0,1881.0,2805.0,2518.0,11680.0,120.864,0.0,2196.762,1110.0
2043,medium_district,22,Farmington-Centerville,,,,,,,,,22,Farmington-Centerville,,,23896.0,58055.847,2.43,27057.0,6290.0,1751.0,19016.0,30634.654,4149.0,2141.0,753.0,998.0,1901.0,2819.0,2540.0,11756.0,118.99300000000001,0.0,2331.248,1127.4080000000001
2044,medium_district,22,Farmington-Centerville,,,,,,,,,22,Farmington-Centerville,,,24159.0,58388.901,2.417,27318.0,6389.0,1757.0,19172.0,30463.411,4221.0,2168.0,758.0,999.0,1920.0,2840.0,2561.0,11851.0,118.28299999999999,0.0,1885.452,1141.676
2045,medium_district,22,Farmington-Centerville,,,,,,,,,22,Farmington-Centerville,,,24401.0,58774.051999999996,2.409,27174.0,6397.0,1753.0,19024.0,30401.074,4213.0,2184.0,763.0,990.0,1917.0,2836.0,2556.0,11715.0,121.436,0.0,1947.639,1158.0
2046,medium_district,22,Farmington-Centerville,,,,,,,,,22,Farmington-Centerville,,,24696.0,59216.16,2.398,27306.0,6426.0,1775.0,19105.0,30443.985,4234.0,2192.0,776.0,999.0,1929.0,2845.0,2571.0,11760.0,123.74,0.0,1835.9759999999999,1178.27
2047,medium_district,22,Farmington-Centerville,,,,,,,,,22,Farmington-Centerville,,,24947.0,59502.806000000004,2.385,27388.0,6447.0,1789.0,19152.0,30686.617,4246.0,2201.0,786.0,1003.0,1933.0,2856.0,2577.0,11786.0,124.297,0.0,1975.5149999999999,1198.8
2048,medium_district,22,Farmington-Centerville,,,,,,,,,22,Farmington-Centerville,,,25256.0,59930.513,2.373,27444.0,6465.0,1785.0,19194.0,31299.87,4250.0,2215.0,789.0,996.0,1941.0,2865.0,2585.0,11803.0,124.447,0.0,2514.821,1216.596
2049,medium_district,22,Farmington-Centerville,,,,,,,,,22,Farmington-Centerville,,,25492.0,60196.439,2.361,27511.0,6481.0,1788.0,19242.0,31200.726000000002,4260.0,2221.0,794.0,994.0,1951.0,2874.0,2589.0,11828.0,123.595,0.0,2332.656,1233.473
2050,medium_district,22,Farmington-Centerville,,,,,,,,,22,Farmington-Centerville,,,26013.0,61384.481,2.36,27457.0,6449.0,1754.0,19254.0,31215.536,4237.0,2212.0,783.0,971.0,1956.0,2891.0,2598.0,11809.0,123.596,0.0,2369.407,1265.531
2051,medium_district,22,Farmington-Centerville,,,,,,,,,22,Farmington-Centerville,,,26226.0,61657.014,2.351,27473.0,6450.0,1760.0,19263.0,31179.478,4240.0,2210.0,790.0,970.0,1957.0,2892.0,2600.0,11814.0,123.596,0.0,2303.746,1279.132
2052,medium_district,22,Farmington-Centerville,,,,,,,,,22,Farmington-Centerville,,,26382.0,61755.545,2.341,27500.0,6460.0,1762.0,19278.0,31350.199,4250.0,2210.0,794.0,968.0,1960.0,2897.0,2601.0,11820.0,123.599,0.0,2434.21,1292.393
2053,medium_district,22,Farmington-Centerville,,,,,,,,,22,Farmington-Centerville,,,26735.0,62260.175,2.329,27282.0,6392.0,1754.0,19136.0,31278.719,4216.0,2176.0,797.0,957.0,1951.0,2895.0,2595.0,11695.0,122.444,0.0,2560.23,1314.049
2054,medium_district,22,Farmington-Centerville,,,,,,,,,22,Farmington-Centerville,,,27043.0,62717.071,2.319,27293.0,6388.0,1759.0,19146.0,31376.408,4214.0,2174.0,802.0,957.0,1951.0,2900.0,2596.0,11699.0,122.444,0.0,2627.309,1333.652
2055,medium_district,22,Farmington-Centerville,,,,,,,,,22,Farmington-Centerville,,,27261.0,62975.244999999995,2.31,27281.0,6387.0,1744.0,19150.0,31338.666,4214.0,2173.0,802.0,942.0,1950.0,2902.0,2595.0,11703.0,122.29599999999999,0.0,2589.979,1345.3909999999998
2056,medium_district,22,Farmington-Centerville,,,,,,,,,22,Farmington-Centerville,,,27423.0,63719.113,2.324,26938.0,6278.0,1728.0,18932.0,31175.727,4152.0,2126.0,800.0,928.0,1930.0,2892.0,2553.0,11557.0,122.29599999999999,0.0,2740.687,1374.737
2057,medium_district,22,Farmington-Centerville,,,,,,,,,22,Farmington-Centerville,,,27964.0,65054.47,2.326,26809.0,6240.0,1729.0,18840.0,31639.292,4141.0,2099.0,803.0,926.0,1915.0,2896.0,2499.0,11530.0,122.29899999999999,0.0,3290.724,1417.2669999999998
2058,medium_district,22,Farmington-Centerville,,,,,,,,,22,Farmington-Centerville,,,28220.0,65943.79000000001,2.337,26091.0,6217.0,1713.0,18161.0,30574.891,4131.0,2086.0,798.0,915.0,1796.0,2856.0,2393.0,11116.0,122.45,0.0,2918.637,1442.801
2059,medium_district,22,Farmington-Centerville,,,,,,,,,22,Farmington-Centerville,,,28264.0,66480.232,2.352,26095.0,6214.0,1715.0,18166.0,30255.546,4134.0,2080.0,801.0,914.0,1796.0,2858.0,2394.0,11118.0,121.29799999999999,0.0,2575.711,1463.531
2060,medium_district,22,Farmington-Centerville,,,,,,,,,22,Farmington-Centerville,,,28422.0,67256.023,2.366,26088.0,6202.0,1716.0,18170.0,30467.752,4131.0,2071.0,805.0,911.0,1798.0,2862.0,2393.0,11117.0,120.14599999999999,0.0,2777.203,1482.4
2061,medium_district,22,Farmington-Centerville,,,,,,,,,22,Farmington-Centerville,,,28487.0,67877.31,2.383,25928.0,6197.0,1717.0,18014.0,30281.449,4132.0,2065.0,809.0,908.0,1798.0,2852.0,2246.0,11118.0,120.14599999999999,0.0,2727.833,1505.4669999999999
2062,medium_district,22,Farmington-Centerville,,,,,,,,,22,Farmington-Centerville,,,28582.0,68449.26,2.395,25943.0,6196.0,1721.0,18026.0,30294.963,4135.0,2061.0,812.0,909.0,1799.0,2853.0,2247.0,11127.0,120.297,0.0,2708.205,1523.467
2063,medium_district,22,Farmington-Centerville,,,,,,,,,22,Farmington-Centerville,,,28667.0,68912.232,2.404,25929.0,6192.0,1716.0,18021.0,30172.765,4137.0,2055.0,813.0,903.0,1799.0,2852.0,2246.0,11124.0,120.446,0.0,2583.051,1540.2659999999998
2064,medium_district,22,Farmington-Centerville,,,,,,,,,22,Farmington-Centerville,,,28749.0,69532.078,2.419,25943.0,6193.0,1719.0,18031.0,30355.767,4140.0,2053.0,817.0,902.0,1800.0,2852.0,2248.0,11131.0,120.297,0.0,2732.003,1560.47
2065,medium_district,22,Farmington-Centerville,,,,,,,,,22,Farmington-Centerville,,,28929.0,70250.651,2.428,25954.0,6192.0,1723.0,18039.0,30631.111,4142.0,2050.0,821.0,902.0,1802.0,2853.0,2248.0,11136.0,119.595,0.0,2970.046,1587.4679999999998
2023,medium_district,23,"WX, Bountiful, NSL",,,,,,,,,23,"WX, Bountiful, NSL",,,28388.0,84735.683,2.985,51273.0,10553.0,10516.0,30204.0,56298.064,6834.0,3719.0,4404.0,6112.0,4210.0,4650.0,4983.0,16361.0,51.711999999999996,222.38400000000001,3506.11,1244.849
2024,medium_district,23,"WX, Bountiful, NSL",,,,,,,,,23,"WX, Bountiful, NSL",,,28891.0,85516.204,2.96,51591.0,10514.0,10555.0,30522.0,53861.218,6787.0,3727.0,4579.0,5976.0,4142.0,5086.0,5097.0,16197.0,56.389,267.648,703.482,1242.7
2025,medium_district,23,"WX, Bountiful, NSL",,,,,,,,,23,"WX, Bountiful, NSL",,,29226.0,85733.801,2.933,52015.0,10481.0,10570.0,30964.0,56716.92,6774.0,3707.0,4530.0,6040.0,4129.0,5199.0,5298.0,16338.0,56.518,265.024,3021.296,1359.073
2026,medium_district,23,"WX, Bountiful, NSL",,,,,,,,,23,"WX, Bountiful, NSL",,,29357.0,85186.10800000001,2.902,52073.0,10417.0,10512.0,31144.0,56721.846,6712.0,3705.0,4451.0,6061.0,4053.0,5173.0,5469.0,16449.0,58.405,271.58399999999995,2950.321,1368.539
2027,medium_district,23,"WX, Bountiful, NSL",,,,,,,,,23,"WX, Bountiful, NSL",,,29457.0,84536.275,2.87,52240.0,10438.0,10495.0,31307.0,56911.16,6751.0,3687.0,4400.0,6095.0,4010.0,5115.0,5610.0,16572.0,59.694,274.86400000000003,2963.5,1373.102
2028,medium_district,23,"WX, Bountiful, NSL",,,,,,,,,23,"WX, Bountiful, NSL",,,29745.0,84428.929,2.838,52204.0,10385.0,10464.0,31355.0,57310.808,6726.0,3659.0,4374.0,6090.0,3892.0,5054.0,5697.0,16712.0,59.767,262.4,3397.75,1386.888
2029,medium_district,23,"WX, Bountiful, NSL",,,,,,,,,23,"WX, Bountiful, NSL",,,30000.0,84244.311,2.808,52119.0,10363.0,10407.0,31349.0,57060.636,6743.0,3620.0,4319.0,6088.0,3802.0,5001.0,5772.0,16774.0,59.28,246.0,3235.797,1400.56
2030,medium_district,23,"WX, Bountiful, NSL",,,,,,,,,23,"WX, Bountiful, NSL",,,30193.0,83886.832,2.778,52316.0,10413.0,10390.0,31513.0,57121.39,6830.0,3583.0,4318.0,6072.0,3770.0,4967.0,5861.0,16915.0,59.211999999999996,240.752,3091.213,1414.217
2031,medium_district,23,"WX, Bountiful, NSL",,,,,,,,,23,"WX, Bountiful, NSL",,,30622.0,84307.072,2.753,52429.0,10446.0,10399.0,31584.0,57628.762,6932.0,3514.0,4338.0,6061.0,3780.0,4903.0,5944.0,16957.0,58.93,242.06400000000002,3467.461,1431.306
2032,medium_district,23,"WX, Bountiful, NSL",,,,,,,,,23,"WX, Bountiful, NSL",,,31303.0,85551.688,2.733,52578.0,10466.0,10392.0,31720.0,58448.544,6994.0,3472.0,4350.0,6042.0,3776.0,4844.0,6037.0,17063.0,57.41,251.904,4102.01,1459.218
2033,medium_district,23,"WX, Bountiful, NSL",,,,,,,,,23,"WX, Bountiful, NSL",,,31839.0,86290.511,2.71,52753.0,10515.0,10361.0,31877.0,58177.590000000004,7059.0,3456.0,4345.0,6016.0,3753.0,4807.0,6114.0,17203.0,58.699,264.368,3615.657,1485.869
2034,medium_district,23,"WX, Bountiful, NSL",,,,,,,,,23,"WX, Bountiful, NSL",,,32724.0,88128.707,2.693,53296.0,10837.0,10300.0,32159.0,59797.776,7165.0,3672.0,4334.0,5966.0,3728.0,4783.0,6197.0,17451.0,58.416000000000004,274.20799999999997,4635.803,1533.346
2035,medium_district,23,"WX, Bountiful, NSL",,,,,,,,,23,"WX, Bountiful, NSL",,,33279.0,88993.929,2.674,52597.0,10653.0,10232.0,31712.0,57977.034,7136.0,3517.0,4392.0,5840.0,3671.0,4739.0,6219.0,17083.0,59.493,277.488,3501.521,1541.538
2036,medium_district,23,"WX, Bountiful, NSL",,,,,,,,,23,"WX, Bountiful, NSL",,,33723.0,89521.325,2.655,52667.0,10720.0,10284.0,31663.0,58089.935,7197.0,3523.0,4533.0,5751.0,3612.0,4693.0,6272.0,17086.0,59.423,274.20799999999997,3529.223,1560.085
2037,medium_district,23,"WX, Bountiful, NSL",,,,,,,,,23,"WX, Bountiful, NSL",,,31580.0,82604.135,2.616,53069.0,10882.0,10438.0,31749.0,57810.557,7329.0,3553.0,4695.0,5743.0,3583.0,4707.0,6352.0,17107.0,66.636,271.58399999999995,2939.939,1463.4
2038,medium_district,23,"WX, Bountiful, NSL",,,,,,,,,23,"WX, Bountiful, NSL",,,31747.0,82510.44,2.599,53716.0,11073.0,10543.0,32100.0,58581.926,7473.0,3600.0,4813.0,5730.0,3627.0,4745.0,6428.0,17300.0,68.328,270.928,3055.08,1471.5910000000001
2039,medium_district,23,"WX, Bountiful, NSL",,,,,,,,,23,"WX, Bountiful, NSL",,,32098.0,82993.817,2.586,54302.0,11207.0,10641.0,32454.0,59632.709,7581.0,3626.0,4920.0,5721.0,3670.0,4807.0,6499.0,17478.0,68.248,269.616,3499.455,1493.3890000000001
2040,medium_district,23,"WX, Bountiful, NSL",,,,,,,,,23,"WX, Bountiful, NSL",,,32479.0,83608.547,2.574,55012.0,11416.0,10740.0,32856.0,60389.74,7722.0,3694.0,5027.0,5713.0,3704.0,4942.0,6566.0,17644.0,68.818,268.96,3526.344,1513.616
2041,medium_district,23,"WX, Bountiful, NSL",,,,,,,,,23,"WX, Bountiful, NSL",,,32677.0,83712.175,2.562,55575.0,11587.0,10839.0,33149.0,60456.281,7874.0,3713.0,5125.0,5714.0,3739.0,4946.0,6627.0,17837.0,69.333,268.96,3016.989,1526.0
2042,medium_district,23,"WX, Bountiful, NSL",,,,,,,,,23,"WX, Bountiful, NSL",,,32972.0,84119.311,2.551,56151.0,11733.0,10925.0,33493.0,61475.435,7993.0,3740.0,5210.0,5715.0,3789.0,5022.0,6692.0,17990.0,69.497,270.928,3439.009,1545.0
2043,medium_district,23,"WX, Bountiful, NSL",,,,,,,,,23,"WX, Bountiful, NSL",,,33254.0,84563.55,2.543,56758.0,11892.0,10997.0,33869.0,62265.755,8127.0,3765.0,5281.0,5716.0,3830.0,5132.0,6748.0,18159.0,67.562,272.896,3600.729,1566.567
2044,medium_district,23,"WX, Bountiful, NSL",,,,,,,,,23,"WX, Bountiful, NSL",,,33763.0,85634.677,2.536,57580.0,12235.0,11067.0,34278.0,63391.579,8435.0,3800.0,5344.0,5723.0,3878.0,5249.0,6816.0,18335.0,68.16199999999999,270.928,3877.544,1594.9460000000001
2045,medium_district,23,"WX, Bountiful, NSL",,,,,,,,,23,"WX, Bountiful, NSL",,,34488.0,87311.686,2.532,58333.0,12443.0,11157.0,34733.0,64764.974,8619.0,3824.0,5442.0,5715.0,3920.0,5402.0,6873.0,18538.0,58.21,269.616,4464.147,1640.0
2046,medium_district,23,"WX, Bountiful, NSL",,,,,,,,,23,"WX, Bountiful, NSL",,,35247.0,89092.412,2.528,58709.0,12545.0,11189.0,34975.0,65035.194,8716.0,3829.0,5504.0,5685.0,3907.0,5573.0,6886.0,18609.0,47.282,269.616,4326.917,1682.386
2047,medium_district,23,"WX, Bountiful, NSL",,,,,,,,,23,"WX, Bountiful, NSL",,,36584.0,92599.848,2.531,59285.0,12696.0,11227.0,35362.0,67644.304,8863.0,3833.0,5588.0,5639.0,3972.0,5720.0,6952.0,18718.0,45.105,269.616,6287.402999999999,1757.172
2048,medium_district,23,"WX, Bountiful, NSL",,,,,,,,,23,"WX, Bountiful, NSL",,,37054.0,93566.742,2.525,59841.0,12850.0,11310.0,35681.0,65978.731,9005.0,3845.0,5671.0,5639.0,4028.0,5853.0,7007.0,18793.0,45.165,272.24,4037.9900000000002,1782.337
2049,medium_district,23,"WX, Bountiful, NSL",,,,,,,,,23,"WX, Bountiful, NSL",,,37189.0,93614.13,2.517,60295.0,12968.0,11383.0,35944.0,66618.395,9118.0,3850.0,5749.0,5634.0,4062.0,5969.0,7047.0,18866.0,45.219,273.552,4205.395,1799.232
2050,medium_district,23,"WX, Bountiful, NSL",,,,,,,,,23,"WX, Bountiful, NSL",,,37247.0,93485.11,2.51,61516.0,13400.0,11526.0,36590.0,66243.759,9472.0,3928.0,5863.0,5663.0,4124.0,6250.0,7153.0,19063.0,45.219,275.52,2589.262,1817.768
2051,medium_district,23,"WX, Bountiful, NSL",,,,,,,,,23,"WX, Bountiful, NSL",,,37277.0,93245.397,2.501,61841.0,13522.0,11586.0,36733.0,67935.268,9575.0,3947.0,5937.0,5649.0,4146.0,6274.0,7189.0,19124.0,45.219,276.176,3950.684,1822.19
2052,medium_district,23,"WX, Bountiful, NSL",,,,,,,,,23,"WX, Bountiful, NSL",,,37494.0,93487.163,2.493,62094.0,13598.0,11636.0,36860.0,68832.443,9647.0,3951.0,6005.0,5631.0,4148.0,6374.0,7202.0,19136.0,45.219,278.144,4577.523,1837.558
2053,medium_district,23,"WX, Bountiful, NSL",,,,,,,,,23,"WX, Bountiful, NSL",,,37589.0,93405.381,2.485,62446.0,13683.0,11698.0,37065.0,69317.962,9715.0,3968.0,6079.0,5619.0,4162.0,6490.0,7233.0,19180.0,45.166,279.456,4701.868,1845.479
2054,medium_district,23,"WX, Bountiful, NSL",,,,,,,,,23,"WX, Bountiful, NSL",,,37521.0,92858.671,2.475,62840.0,13782.0,11721.0,37337.0,69941.283,9795.0,3987.0,6127.0,5594.0,4191.0,6621.0,7274.0,19251.0,45.166,280.76800000000003,4923.448,1851.904
2055,medium_district,23,"WX, Bountiful, NSL",,,,,,,,,23,"WX, Bountiful, NSL",,,37531.0,92624.397,2.468,63170.0,13869.0,11767.0,37534.0,69641.263,9866.0,4003.0,6176.0,5591.0,4213.0,6724.0,7298.0,19299.0,45.109,280.76800000000003,4283.85,1861.54
2056,medium_district,23,"WX, Bountiful, NSL",,,,,,,,,23,"WX, Bountiful, NSL",,,37542.0,93327.184,2.486,63589.0,13991.0,11805.0,37793.0,70518.496,9953.0,4038.0,6213.0,5592.0,4224.0,6842.0,7347.0,19380.0,45.109,277.488,4726.256,1880.645
2057,medium_district,23,"WX, Bountiful, NSL",,,,,,,,,23,"WX, Bountiful, NSL",,,37584.0,93953.611,2.5,63581.0,13950.0,11816.0,37815.0,70324.25,9910.0,4040.0,6241.0,5575.0,4219.0,6940.0,7362.0,19294.0,45.109,271.58399999999995,4529.204,1897.351
2058,medium_district,23,"WX, Bountiful, NSL",,,,,,,,,23,"WX, Bountiful, NSL",,,37625.0,94728.408,2.518,63773.0,13933.0,11853.0,37987.0,70758.624,9895.0,4038.0,6288.0,5565.0,4233.0,7047.0,7389.0,19318.0,45.168,265.68,4748.71,1926.066
2059,medium_district,23,"WX, Bountiful, NSL",,,,,,,,,23,"WX, Bountiful, NSL",,,37628.0,95464.522,2.537,63990.0,13974.0,11885.0,38131.0,70921.453,9935.0,4039.0,6330.0,5555.0,4242.0,7118.0,7412.0,19359.0,45.109,261.08799999999997,4681.549,1943.7060000000001
2060,medium_district,23,"WX, Bountiful, NSL",,,,,,,,,23,"WX, Bountiful, NSL",,,37660.0,96261.239,2.556,64216.0,13982.0,11911.0,38323.0,71192.067,9952.0,4030.0,6363.0,5548.0,4254.0,7253.0,7436.0,19380.0,45.053999999999995,257.808,4701.675,1971.529
2061,medium_district,23,"WX, Bountiful, NSL",,,,,,,,,23,"WX, Bountiful, NSL",,,37662.0,97052.682,2.577,64310.0,13995.0,11937.0,38378.0,71425.256,9978.0,4017.0,6401.0,5536.0,4261.0,7236.0,7475.0,19406.0,45.053999999999995,256.496,4825.409,1988.296
2062,medium_district,23,"WX, Bountiful, NSL",,,,,,,,,23,"WX, Bountiful, NSL",,,37673.0,97764.018,2.595,64491.0,14038.0,11961.0,38492.0,71483.646,10017.0,4021.0,6438.0,5523.0,4271.0,7280.0,7504.0,19437.0,44.107,255.18400000000003,4682.062,2011.298
2063,medium_district,23,"WX, Bountiful, NSL",,,,,,,,,23,"WX, Bountiful, NSL",,,37698.0,98355.102,2.609,64580.0,14065.0,11981.0,38534.0,71418.197,10046.0,4019.0,6470.0,5511.0,4277.0,7324.0,7513.0,19420.0,43.161,254.52800000000002,4514.159,2026.348
2064,medium_district,23,"WX, Bountiful, NSL",,,,,,,,,23,"WX, Bountiful, NSL",,,37708.0,99106.539,2.628,64783.0,14099.0,12020.0,38664.0,71905.504,10083.0,4016.0,6517.0,5503.0,4283.0,7368.0,7540.0,19473.0,43.104,253.216,4780.257,2045.926
2065,medium_district,23,"WX, Bountiful, NSL",,,,,,,,,23,"WX, Bountiful, NSL",,,37716.0,99887.019,2.648,64917.0,14121.0,12046.0,38750.0,72019.782,10116.0,4005.0,6555.0,5491.0,4295.0,7405.0,7556.0,19494.0,43.215,253.216,4738.053,2068.305
2023,medium_district,24,DA - East Mountains,,,,,,,,,24,DA - East Mountains,,,21.0,62.731,2.987,0.0,0.0,0.0,0.0,6.875,0.0,0.0,0.0,0.0,0.0,0.0,0.0,0.0,0.0,0.0,5.874,1.001
2024,medium_district,24,DA - East Mountains,,,,,,,,,24,DA - East Mountains,,,22.0,64.001,2.909,0.0,0.0,0.0,0.0,1.088,0.0,0.0,0.0,0.0,0.0,0.0,0.0,0.0,0.0,0.0,0.088,1.001
2025,medium_district,24,DA - East Mountains,,,,,,,,,24,DA - East Mountains,,,23.0,68.155,2.963,0.0,0.0,0.0,0.0,18.787999999999997,0.0,0.0,0.0,0.0,0.0,0.0,0.0,0.0,0.0,0.0,17.788999999999998,0.999
2026,medium_district,24,DA - East Mountains,,,,,,,,,24,DA - East Mountains,,,23.0,67.396,2.93,0.0,0.0,0.0,0.0,23.811,0.0,0.0,0.0,0.0,0.0,0.0,0.0,0.0,0.0,0.0,22.811,1.0
2027,medium_district,24,DA - East Mountains,,,,,,,,,24,DA - East Mountains,,,25.0,70.472,2.819,0.0,0.0,0.0,0.0,22.863,0.0,0.0,0.0,0.0,0.0,0.0,0.0,0.0,0.0,0.0,21.864,0.999
2028,medium_district,24,DA - East Mountains,,,,,,,,,24,DA - East Mountains,,,47.0,124.534,2.65,0.0,0.0,0.0,0.0,3.738,0.0,0.0,0.0,0.0,0.0,0.0,0.0,0.0,0.0,0.0,1.7359999999999998,2.001
2029,medium_district,24,DA - East Mountains,,,,,,,,,24,DA - East Mountains,,,54.0,141.807,2.626,0.0,0.0,0.0,0.0,3.9110000000000005,0.0,0.0,0.0,0.0,0.0,0.0,0.0,0.0,0.0,0.0,1.912,1.999
2030,medium_district,24,DA - East Mountains,,,,,,,,,24,DA - East Mountains,,,57.0,149.458,2.622,0.0,0.0,0.0,0.0,3.982,0.0,0.0,0.0,0.0,0.0,0.0,0.0,0.0,0.0,0.0,1.9819999999999998,2.0
2031,medium_district,24,DA - East Mountains,,,,,,,,,24,DA - East Mountains,,,58.0,148.906,2.567,0.0,0.0,0.0,0.0,4.024,0.0,0.0,0.0,0.0,0.0,0.0,0.0,0.0,0.0,0.0,2.0220000000000002,2.002
2032,medium_district,24,DA - East Mountains,,,,,,,,,24,DA - East Mountains,,,60.0,152.822,2.547,0.0,0.0,0.0,0.0,4.006,0.0,0.0,0.0,0.0,0.0,0.0,0.0,0.0,0.0,0.0,2.005,2.0
2033,medium_district,24,DA - East Mountains,,,,,,,,,24,DA - East Mountains,,,60.0,151.402,2.523,0.0,0.0,0.0,0.0,4.014,0.0,0.0,0.0,0.0,0.0,0.0,0.0,0.0,0.0,0.0,2.013,2.001
2034,medium_district,24,DA - East Mountains,,,,,,,,,24,DA - East Mountains,,,61.0,151.052,2.476,0.0,0.0,0.0,0.0,4.047,0.0,0.0,0.0,0.0,0.0,0.0,0.0,0.0,0.0,0.0,2.0479999999999996,1.999
2035,medium_district,24,DA - East Mountains,,,,,,,,,24,DA - East Mountains,,,61.0,149.79399999999998,2.456,0.0,0.0,0.0,0.0,4.059,0.0,0.0,0.0,0.0,0.0,0.0,0.0,0.0,0.0,0.0,2.057,2.002
2036,medium_district,24,DA - East Mountains,,,,,,,,,24,DA - East Mountains,,,61.0,148.606,2.436,0.0,0.0,0.0,0.0,4.038,0.0,0.0,0.0,0.0,0.0,0.0,0.0,0.0,0.0,0.0,2.037,2.001
2037,medium_district,24,DA - East Mountains,,,,,,,,,24,DA - East Mountains,,,90.0,222.561,2.473,0.0,0.0,0.0,0.0,6.9750000000000005,0.0,0.0,0.0,0.0,0.0,0.0,0.0,0.0,0.0,0.0,2.973,4.001
2038,medium_district,24,DA - East Mountains,,,,,,,,,24,DA - East Mountains,,,90.0,221.11700000000002,2.457,0.0,0.0,0.0,0.0,6.8709999999999996,0.0,0.0,0.0,0.0,0.0,0.0,0.0,0.0,0.0,0.0,2.87,4.002
2039,medium_district,24,DA - East Mountains,,,,,,,,,24,DA - East Mountains,,,90.0,219.706,2.441,0.0,0.0,0.0,0.0,6.898,0.0,0.0,0.0,0.0,0.0,0.0,0.0,0.0,0.0,0.0,2.8970000000000002,4.001
2040,medium_district,24,DA - East Mountains,,,,,,,,,24,DA - East Mountains,,,90.0,218.446,2.427,0.0,0.0,0.0,0.0,6.847,0.0,0.0,0.0,0.0,0.0,0.0,0.0,0.0,0.0,0.0,2.8480000000000003,3.999
2041,medium_district,24,DA - East Mountains,,,,,,,,,24,DA - East Mountains,,,90.0,217.285,2.414,0.0,0.0,0.0,0.0,6.714,0.0,0.0,0.0,0.0,0.0,0.0,0.0,0.0,0.0,0.0,2.7139999999999995,4.0
2042,medium_district,24,DA - East Mountains,,,,,,,,,24,DA - East Mountains,,,90.0,216.204,2.402,0.0,0.0,0.0,0.0,6.721,0.0,0.0,0.0,0.0,0.0,0.0,0.0,0.0,0.0,0.0,2.721,4.0
2043,medium_district,24,DA - East Mountains,,,,,,,,,24,DA - East Mountains,,,90.0,215.306,2.392,0.0,0.0,0.0,0.0,6.724,0.0,0.0,0.0,0.0,0.0,0.0,0.0,0.0,0.0,0.0,2.722,4.001
2044,medium_district,24,DA - East Mountains,,,,,,,,,24,DA - East Mountains,,,90.0,214.443,2.383,0.0,0.0,0.0,0.0,6.703,0.0,0.0,0.0,0.0,0.0,0.0,0.0,0.0,0.0,0.0,2.6999999999999997,4.002
2045,medium_district,24,DA - East Mountains,,,,,,,,,24,DA - East Mountains,,,90.0,213.67100000000002,2.374,0.0,0.0,0.0,0.0,6.545,0.0,0.0,0.0,0.0,0.0,0.0,0.0,0.0,0.0,0.0,2.545,4.0
2046,medium_district,24,DA - East Mountains,,,,,,,,,24,DA - East Mountains,,,90.0,212.931,2.366,0.0,0.0,0.0,0.0,6.698,0.0,0.0,0.0,0.0,0.0,0.0,0.0,0.0,0.0,0.0,2.6969999999999996,4.001
2047,medium_district,24,DA - East Mountains,,,,,,,,,24,DA - East Mountains,,,90.0,212.23999999999998,2.358,0.0,0.0,0.0,0.0,7.106999999999999,0.0,0.0,0.0,0.0,0.0,0.0,0.0,0.0,0.0,0.0,3.104,4.003
2048,medium_district,24,DA - East Mountains,,,,,,,,,24,DA - East Mountains,,,90.0,211.59799999999998,2.351,0.0,0.0,0.0,0.0,7.663,0.0,0.0,0.0,0.0,0.0,0.0,0.0,0.0,0.0,0.0,3.658,4.005
2049,medium_district,24,DA - East Mountains,,,,,,,,,24,DA - East Mountains,,,90.0,210.92399999999998,2.344,0.0,0.0,0.0,0.0,7.853,0.0,0.0,0.0,0.0,0.0,0.0,0.0,0.0,0.0,0.0,3.854,3.998
2050,medium_district,24,DA - East Mountains,,,,,,,,,24,DA - East Mountains,,,90.0,210.291,2.337,0.0,0.0,0.0,0.0,6.045,0.0,0.0,0.0,0.0,0.0,0.0,0.0,0.0,0.0,0.0,2.043,4.002
2051,medium_district,24,DA - East Mountains,,,,,,,,,24,DA - East Mountains,,,90.0,209.608,2.329,0.0,0.0,0.0,0.0,7.357,0.0,0.0,0.0,0.0,0.0,0.0,0.0,0.0,0.0,0.0,3.356,4.0
2052,medium_district,24,DA - East Mountains,,,,,,,,,24,DA - East Mountains,,,90.0,208.908,2.321,0.0,0.0,0.0,0.0,7.765,0.0,0.0,0.0,0.0,0.0,0.0,0.0,0.0,0.0,0.0,3.764,4.001
2053,medium_district,24,DA - East Mountains,,,,,,,,,24,DA - East Mountains,,,90.0,208.186,2.313,0.0,0.0,0.0,0.0,7.913,0.0,0.0,0.0,0.0,0.0,0.0,0.0,0.0,0.0,0.0,3.91,4.003
2054,medium_district,24,DA - East Mountains,,,,,,,,,24,DA - East Mountains,,,90.0,207.434,2.305,0.0,0.0,0.0,0.0,7.912000000000001,0.0,0.0,0.0,0.0,0.0,0.0,0.0,0.0,0.0,0.0,3.911,4.002
2055,medium_district,24,DA - East Mountains,,,,,,,,,24,DA - East Mountains,,,90.0,206.864,2.298,0.0,0.0,0.0,0.0,7.803,0.0,0.0,0.0,0.0,0.0,0.0,0.0,0.0,0.0,0.0,3.8019999999999996,4.001
2056,medium_district,24,DA - East Mountains,,,,,,,,,24,DA - East Mountains,,,90.0,208.304,2.314,0.0,0.0,0.0,0.0,8.032,0.0,0.0,0.0,0.0,0.0,0.0,0.0,0.0,0.0,0.0,4.033,3.999
2057,medium_district,24,DA - East Mountains,,,,,,,,,24,DA - East Mountains,,,90.0,209.457,2.327,0.0,0.0,0.0,0.0,7.837000000000001,0.0,0.0,0.0,0.0,0.0,0.0,0.0,0.0,0.0,0.0,3.8360000000000003,4.001
2058,medium_district,24,DA - East Mountains,,,,,,,,,24,DA - East Mountains,,,90.0,210.92399999999998,2.344,0.0,0.0,0.0,0.0,8.034,0.0,0.0,0.0,0.0,0.0,0.0,0.0,0.0,0.0,0.0,4.032,4.002
2059,medium_district,24,DA - East Mountains,,,,,,,,,24,DA - East Mountains,,,90.0,212.452,2.361,0.0,0.0,0.0,0.0,8.068,0.0,0.0,0.0,0.0,0.0,0.0,0.0,0.0,0.0,0.0,4.067,4.001
2060,medium_district,24,DA - East Mountains,,,,,,,,,24,DA - East Mountains,,,90.0,214.038,2.378,0.0,0.0,0.0,0.0,8.079,0.0,0.0,0.0,0.0,0.0,0.0,0.0,0.0,0.0,0.0,4.078,4.001
2061,medium_district,24,DA - East Mountains,,,,,,,,,24,DA - East Mountains,,,90.0,215.70299999999997,2.397,0.0,0.0,0.0,0.0,8.254000000000001,0.0,0.0,0.0,0.0,0.0,0.0,0.0,0.0,0.0,0.0,4.255,3.999
2062,medium_district,24,DA - East Mountains,,,,,,,,,24,DA - East Mountains,,,90.0,217.16899999999998,2.413,0.0,0.0,0.0,0.0,8.081,0.0,0.0,0.0,0.0,0.0,0.0,0.0,0.0,0.0,0.0,4.082,3.999
2063,medium_district,24,DA - East Mountains,,,,,,,,,24,DA - East Mountains,,,90.0,218.299,2.426,0.0,0.0,0.0,0.0,7.828,0.0,0.0,0.0,0.0,0.0,0.0,0.0,0.0,0.0,0.0,3.8270000000000004,4.001
2064,medium_district,24,DA - East Mountains,,,,,,,,,24,DA - East Mountains,,,90.0,219.844,2.443,0.0,0.0,0.0,0.0,8.179,0.0,0.0,0.0,0.0,0.0,0.0,0.0,0.0,0.0,0.0,4.175,4.004
2065,medium_district,24,DA - East Mountains,,,,,,,,,24,DA - East Mountains,,,90.0,221.465,2.461,0.0,0.0,0.0,0.0,8.138,0.0,0.0,0.0,0.0,0.0,0.0,0.0,0.0,0.0,0.0,4.139,3.999
2023,medium_district,25,SL - GSL,,,,,,,,,25,SL - GSL,,,0.0,0.0,0,0.0,0.0,0.0,0.0,0.0,0.0,0.0,0.0,0.0,0.0,0.0,0.0,0.0,0.0,0.0,0.0,0.0
2024,medium_district,25,SL - GSL,,,,,,,,,25,SL - GSL,,,0.0,0.0,0,0.0,0.0,0.0,0.0,0.0,0.0,0.0,0.0,0.0,0.0,0.0,0.0,0.0,0.0,0.0,0.0,0.0
2025,medium_district,25,SL - GSL,,,,,,,,,25,SL - GSL,,,0.0,0.0,0,0.0,0.0,0.0,0.0,0.0,0.0,0.0,0.0,0.0,0.0,0.0,0.0,0.0,0.0,0.0,0.0,0.0
2026,medium_district,25,SL - GSL,,,,,,,,,25,SL - GSL,,,0.0,0.0,0,0.0,0.0,0.0,0.0,0.0,0.0,0.0,0.0,0.0,0.0,0.0,0.0,0.0,0.0,0.0,0.0,0.0
2027,medium_district,25,SL - GSL,,,,,,,,,25,SL - GSL,,,0.0,0.0,0,0.0,0.0,0.0,0.0,0.0,0.0,0.0,0.0,0.0,0.0,0.0,0.0,0.0,0.0,0.0,0.0,0.0
2028,medium_district,25,SL - GSL,,,,,,,,,25,SL - GSL,,,0.0,0.0,0,0.0,0.0,0.0,0.0,0.0,0.0,0.0,0.0,0.0,0.0,0.0,0.0,0.0,0.0,0.0,0.0,0.0
2029,medium_district,25,SL - GSL,,,,,,,,,25,SL - GSL,,,0.0,0.0,0,0.0,0.0,0.0,0.0,0.0,0.0,0.0,0.0,0.0,0.0,0.0,0.0,0.0,0.0,0.0,0.0,0.0
2030,medium_district,25,SL - GSL,,,,,,,,,25,SL - GSL,,,0.0,0.0,0,0.0,0.0,0.0,0.0,0.0,0.0,0.0,0.0,0.0,0.0,0.0,0.0,0.0,0.0,0.0,0.0,0.0
2031,medium_district,25,SL - GSL,,,,,,,,,25,SL - GSL,,,0.0,0.0,0,0.0,0.0,0.0,0.0,0.0,0.0,0.0,0.0,0.0,0.0,0.0,0.0,0.0,0.0,0.0,0.0,0.0
2032,medium_district,25,SL - GSL,,,,,,,,,25,SL - GSL,,,0.0,0.0,0,0.0,0.0,0.0,0.0,0.0,0.0,0.0,0.0,0.0,0.0,0.0,0.0,0.0,0.0,0.0,0.0,0.0
2033,medium_district,25,SL - GSL,,,,,,,,,25,SL - GSL,,,0.0,0.0,0,0.0,0.0,0.0,0.0,0.0,0.0,0.0,0.0,0.0,0.0,0.0,0.0,0.0,0.0,0.0,0.0,0.0
2034,medium_district,25,SL - GSL,,,,,,,,,25,SL - GSL,,,0.0,0.0,0,0.0,0.0,0.0,0.0,0.0,0.0,0.0,0.0,0.0,0.0,0.0,0.0,0.0,0.0,0.0,0.0,0.0
2035,medium_district,25,SL - GSL,,,,,,,,,25,SL - GSL,,,0.0,0.0,0,0.0,0.0,0.0,0.0,0.0,0.0,0.0,0.0,0.0,0.0,0.0,0.0,0.0,0.0,0.0,0.0,0.0
2036,medium_district,25,SL - GSL,,,,,,,,,25,SL - GSL,,,0.0,0.0,0,0.0,0.0,0.0,0.0,0.0,0.0,0.0,0.0,0.0,0.0,0.0,0.0,0.0,0.0,0.0,0.0,0.0
2037,medium_district,25,SL - GSL,,,,,,,,,25,SL - GSL,,,0.0,0.0,0,0.0,0.0,0.0,0.0,0.0,0.0,0.0,0.0,0.0,0.0,0.0,0.0,0.0,0.0,0.0,0.0,0.0
2038,medium_district,25,SL - GSL,,,,,,,,,25,SL - GSL,,,0.0,0.0,0,0.0,0.0,0.0,0.0,0.0,0.0,0.0,0.0,0.0,0.0,0.0,0.0,0.0,0.0,0.0,0.0,0.0
2039,medium_district,25,SL - GSL,,,,,,,,,25,SL - GSL,,,0.0,0.0,0,0.0,0.0,0.0,0.0,0.0,0.0,0.0,0.0,0.0,0.0,0.0,0.0,0.0,0.0,0.0,0.0,0.0
2040,medium_district,25,SL - GSL,,,,,,,,,25,SL - GSL,,,0.0,0.0,0,0.0,0.0,0.0,0.0,0.0,0.0,0.0,0.0,0.0,0.0,0.0,0.0,0.0,0.0,0.0,0.0,0.0
2041,medium_district,25,SL - GSL,,,,,,,,,25,SL - GSL,,,0.0,0.0,0,0.0,0.0,0.0,0.0,0.0,0.0,0.0,0.0,0.0,0.0,0.0,0.0,0.0,0.0,0.0,0.0,0.0
2042,medium_district,25,SL - GSL,,,,,,,,,25,SL - GSL,,,0.0,0.0,0,0.0,0.0,0.0,0.0,0.0,0.0,0.0,0.0,0.0,0.0,0.0,0.0,0.0,0.0,0.0,0.0,0.0
2043,medium_district,25,SL - GSL,,,,,,,,,25,SL - GSL,,,0.0,0.0,0,0.0,0.0,0.0,0.0,0.0,0.0,0.0,0.0,0.0,0.0,0.0,0.0,0.0,0.0,0.0,0.0,0.0
2044,medium_district,25,SL - GSL,,,,,,,,,25,SL - GSL,,,0.0,0.0,0,0.0,0.0,0.0,0.0,0.0,0.0,0.0,0.0,0.0,0.0,0.0,0.0,0.0,0.0,0.0,0.0,0.0
2045,medium_district,25,SL - GSL,,,,,,,,,25,SL - GSL,,,0.0,0.0,0,0.0,0.0,0.0,0.0,0.0,0.0,0.0,0.0,0.0,0.0,0.0,0.0,0.0,0.0,0.0,0.0,0.0
2046,medium_district,25,SL - GSL,,,,,,,,,25,SL - GSL,,,0.0,0.0,0,0.0,0.0,0.0,0.0,0.0,0.0,0.0,0.0,0.0,0.0,0.0,0.0,0.0,0.0,0.0,0.0,0.0
2047,medium_district,25,SL - GSL,,,,,,,,,25,SL - GSL,,,0.0,0.0,0,0.0,0.0,0.0,0.0,0.0,0.0,0.0,0.0,0.0,0.0,0.0,0.0,0.0,0.0,0.0,0.0,0.0
2048,medium_district,25,SL - GSL,,,,,,,,,25,SL - GSL,,,0.0,0.0,0,0.0,0.0,0.0,0.0,0.0,0.0,0.0,0.0,0.0,0.0,0.0,0.0,0.0,0.0,0.0,0.0,0.0
2049,medium_district,25,SL - GSL,,,,,,,,,25,SL - GSL,,,0.0,0.0,0,0.0,0.0,0.0,0.0,0.0,0.0,0.0,0.0,0.0,0.0,0.0,0.0,0.0,0.0,0.0,0.0,0.0
2050,medium_district,25,SL - GSL,,,,,,,,,25,SL - GSL,,,0.0,0.0,0,0.0,0.0,0.0,0.0,0.0,0.0,0.0,0.0,0.0,0.0,0.0,0.0,0.0,0.0,0.0,0.0,0.0
2051,medium_district,25,SL - GSL,,,,,,,,,25,SL - GSL,,,0.0,0.0,0,0.0,0.0,0.0,0.0,0.0,0.0,0.0,0.0,0.0,0.0,0.0,0.0,0.0,0.0,0.0,0.0,0.0
2052,medium_district,25,SL - GSL,,,,,,,,,25,SL - GSL,,,0.0,0.0,0,0.0,0.0,0.0,0.0,0.0,0.0,0.0,0.0,0.0,0.0,0.0,0.0,0.0,0.0,0.0,0.0,0.0
2053,medium_district,25,SL - GSL,,,,,,,,,25,SL - GSL,,,0.0,0.0,0,0.0,0.0,0.0,0.0,0.0,0.0,0.0,0.0,0.0,0.0,0.0,0.0,0.0,0.0,0.0,0.0,0.0
2054,medium_district,25,SL - GSL,,,,,,,,,25,SL - GSL,,,0.0,0.0,0,0.0,0.0,0.0,0.0,0.0,0.0,0.0,0.0,0.0,0.0,0.0,0.0,0.0,0.0,0.0,0.0,0.0
2055,medium_district,25,SL - GSL,,,,,,,,,25,SL - GSL,,,0.0,0.0,0,0.0,0.0,0.0,0.0,0.0,0.0,0.0,0.0,0.0,0.0,0.0,0.0,0.0,0.0,0.0,0.0,0.0
2056,medium_district,25,SL - GSL,,,,,,,,,25,SL - GSL,,,0.0,0.0,0,0.0,0.0,0.0,0.0,0.0,0.0,0.0,0.0,0.0,0.0,0.0,0.0,0.0,0.0,0.0,0.0,0.0
2057,medium_district,25,SL - GSL,,,,,,,,,25,SL - GSL,,,0.0,0.0,0,0.0,0.0,0.0,0.0,0.0,0.0,0.0,0.0,0.0,0.0,0.0,0.0,0.0,0.0,0.0,0.0,0.0
2058,medium_district,25,SL - GSL,,,,,,,,,25,SL - GSL,,,0.0,0.0,0,0.0,0.0,0.0,0.0,0.0,0.0,0.0,0.0,0.0,0.0,0.0,0.0,0.0,0.0,0.0,0.0,0.0
2059,medium_district,25,SL - GSL,,,,,,,,,25,SL - GSL,,,0.0,0.0,0,0.0,0.0,0.0,0.0,0.0,0.0,0.0,0.0,0.0,0.0,0.0,0.0,0.0,0.0,0.0,0.0,0.0
2060,medium_district,25,SL - GSL,,,,,,,,,25,SL - GSL,,,0.0,0.0,0,0.0,0.0,0.0,0.0,0.0,0.0,0.0,0.0,0.0,0.0,0.0,0.0,0.0,0.0,0.0,0.0,0.0
2061,medium_district,25,SL - GSL,,,,,,,,,25,SL - GSL,,,0.0,0.0,0,0.0,0.0,0.0,0.0,0.0,0.0,0.0,0.0,0.0,0.0,0.0,0.0,0.0,0.0,0.0,0.0,0.0
2062,medium_district,25,SL - GSL,,,,,,,,,25,SL - GSL,,,0.0,0.0,0,0.0,0.0,0.0,0.0,0.0,0.0,0.0,0.0,0.0,0.0,0.0,0.0,0.0,0.0,0.0,0.0,0.0
2063,medium_district,25,SL - GSL,,,,,,,,,25,SL - GSL,,,0.0,0.0,0,0.0,0.0,0.0,0.0,0.0,0.0,0.0,0.0,0.0,0.0,0.0,0.0,0.0,0.0,0.0,0.0,0.0
2064,medium_district,25,SL - GSL,,,,,,,,,25,SL - GSL,,,0.0,0.0,0,0.0,0.0,0.0,0.0,0.0,0.0,0.0,0.0,0.0,0.0,0.0,0.0,0.0,0.0,0.0,0.0,0.0
2065,medium_district,25,SL - GSL,,,,,,,,,25,SL - GSL,,,0.0,0.0,0,0.0,0.0,0.0,0.0,0.0,0.0,0.0,0.0,0.0,0.0,0.0,0.0,0.0,0.0,0.0,0.0,0.0
2023,medium_district,26,NW Quad-International,,,,,,,,,26,NW Quad-International,,,0.0,0.0,0,28949.0,1830.0,15302.0,11817.0,30864.878,1016.0,814.0,7069.0,8233.0,2311.0,2579.0,0.0,6927.0,207.495,0.0,1708.384,0.0
2024,medium_district,26,NW Quad-International,,,,,,,,,26,NW Quad-International,,,0.0,0.0,0,29647.0,1872.0,15566.0,12209.0,30630.279,1031.0,841.0,7294.0,8272.0,2330.0,2772.0,54.0,7053.0,214.19400000000002,0.0,769.083,0.0
2025,medium_district,26,NW Quad-International,,,,,,,,,26,NW Quad-International,,,0.0,0.0,0,30212.0,1902.0,15811.0,12499.0,31622.398,1057.0,845.0,7521.0,8290.0,2356.0,2863.0,132.0,7148.0,213.85500000000002,0.0,1196.541,0.0
2026,medium_district,26,NW Quad-International,,,,,,,,,26,NW Quad-International,,,0.0,0.0,0,30385.0,1933.0,15833.0,12619.0,31835.705,1081.0,852.0,7518.0,8315.0,2336.0,2880.0,188.0,7215.0,214.69,0.0,1236.016,0.0
2027,medium_district,26,NW Quad-International,,,,,,,,,26,NW Quad-International,,,0.0,0.0,0,30657.0,1971.0,15876.0,12810.0,32216.566,1106.0,865.0,7519.0,8357.0,2338.0,2927.0,229.0,7316.0,216.926,0.0,1342.638,0.0
2028,medium_district,26,NW Quad-International,,,,,,,,,26,NW Quad-International,,,0.0,0.0,0,30913.0,1973.0,15880.0,13060.0,32754.093,1112.0,861.0,7519.0,8361.0,2369.0,2995.0,271.0,7425.0,222.632,0.0,1618.458,0.0
2029,medium_district,26,NW Quad-International,,,,,,,,,26,NW Quad-International,,,0.0,0.0,0,31209.0,1987.0,15924.0,13298.0,32759.301,1126.0,861.0,7545.0,8379.0,2402.0,3054.0,297.0,7545.0,224.737,0.0,1325.5610000000001,0.0
2030,medium_district,26,NW Quad-International,,,,,,,,,26,NW Quad-International,,,0.0,0.0,0,31510.0,1997.0,16002.0,13511.0,33151.795,1143.0,854.0,7621.0,8381.0,2437.0,3102.0,352.0,7620.0,222.286,0.0,1419.508,0.0
2031,medium_district,26,NW Quad-International,,,,,,,,,26,NW Quad-International,,,0.0,0.0,0,31781.0,2031.0,16098.0,13652.0,33345.799,1180.0,851.0,7708.0,8390.0,2467.0,3112.0,380.0,7693.0,227.323,0.0,1337.477,0.0
2032,medium_district,26,NW Quad-International,,,,,,,,,26,NW Quad-International,,,0.0,0.0,0,32041.0,2068.0,16110.0,13863.0,33743.503,1217.0,851.0,7709.0,8401.0,2498.0,3128.0,420.0,7817.0,227.713,0.0,1474.792,0.0
2033,medium_district,26,NW Quad-International,,,,,,,,,26,NW Quad-International,,,0.0,0.0,0,32931.0,2142.0,16377.0,14412.0,35322.492,1276.0,866.0,7979.0,8398.0,2678.0,3158.0,480.0,8096.0,234.957,0.0,2156.535,0.0
2034,medium_district,26,NW Quad-International,,,,,,,,,26,NW Quad-International,,,0.0,0.0,0,33593.0,2257.0,16398.0,14938.0,35085.895000000004,1323.0,934.0,7979.0,8419.0,2790.0,3200.0,537.0,8411.0,241.001,0.0,1251.892,0.0
2035,medium_district,26,NW Quad-International,,,,,,,,,26,NW Quad-International,,,0.0,0.0,0,33566.0,2244.0,16322.0,15000.0,35245.085,1338.0,906.0,8004.0,8318.0,2868.0,3212.0,543.0,8377.0,244.851,0.0,1434.232,0.0
2036,medium_district,26,NW Quad-International,,,,,,,,,26,NW Quad-International,,,0.0,0.0,0,33901.0,2292.0,16271.0,15338.0,35554.504,1370.0,922.0,8009.0,8262.0,2977.0,3250.0,578.0,8533.0,245.25900000000001,0.0,1408.244,0.0
2037,medium_district,26,NW Quad-International,,,,,,,,,26,NW Quad-International,,,0.0,0.0,0,34935.0,2389.0,16918.0,15628.0,37257.01700000001,1461.0,928.0,8622.0,8296.0,3141.0,3245.0,589.0,8653.0,250.494,0.0,2071.524,0.0
2038,medium_district,26,NW Quad-International,,,,,,,,,26,NW Quad-International,,,0.0,0.0,0,36579.0,2532.0,17236.0,16811.0,39215.489,1554.0,978.0,8903.0,8333.0,3484.0,3366.0,689.0,9272.0,252.512,0.0,2383.976,0.0
2039,medium_district,26,NW Quad-International,,,,,,,,,26,NW Quad-International,,,0.0,0.0,0,37903.0,2647.0,17434.0,17822.0,40004.361000000004,1627.0,1020.0,9062.0,8372.0,3714.0,3505.0,768.0,9835.0,260.51,0.0,1840.852,0.0
2040,medium_district,26,NW Quad-International,,,,,,,,,26,NW Quad-International,,,0.0,0.0,0,39569.0,2846.0,17634.0,19089.0,42197.474,1745.0,1101.0,9187.0,8447.0,4038.0,3695.0,898.0,10458.0,263.74699999999996,0.0,2364.7300000000005,0.0
2041,medium_district,26,NW Quad-International,,,,,,,,,26,NW Quad-International,,,0.0,0.0,0,41446.0,3156.0,17788.0,20502.0,44226.938,1958.0,1198.0,9266.0,8522.0,4440.0,3871.0,1013.0,11178.0,266.53999999999996,0.0,2514.398,0.0
2042,medium_district,26,NW Quad-International,,,,,,,,,26,NW Quad-International,,,0.0,0.0,0,42998.0,3342.0,17921.0,21735.0,44913.662,2067.0,1275.0,9326.0,8595.0,4786.0,4049.0,1107.0,11793.0,268.996,0.0,1646.667,0.0
2043,medium_district,26,NW Quad-International,,,,,,,,,26,NW Quad-International,,,0.0,0.0,0,44773.0,3548.0,18305.0,22920.0,46843.868,2206.0,1342.0,9636.0,8669.0,5097.0,4243.0,1228.0,12352.0,273.478,0.0,1797.3890000000001,0.0
2044,medium_district,26,NW Quad-International,,,,,,,,,26,NW Quad-International,,,0.0,0.0,0,46538.0,3754.0,18596.0,24188.0,48730.419,2326.0,1428.0,9836.0,8760.0,5467.0,4430.0,1324.0,12967.0,273.45,0.0,1918.969,0.0
2045,medium_district,26,NW Quad-International,,,,,,,,,26,NW Quad-International,,,0.0,0.0,0,49138.0,3992.0,19588.0,25558.0,52230.9,2450.0,1542.0,10751.0,8837.0,5844.0,4683.0,1497.0,13534.0,277.227,0.0,2815.6710000000003,0.0
2046,medium_district,26,NW Quad-International,,,,,,,,,26,NW Quad-International,,,0.0,0.0,0,52326.0,4358.0,20320.0,27648.0,55562.834,2661.0,1697.0,11365.0,8955.0,6406.0,5099.0,1721.0,14422.0,280.30899999999997,0.0,2956.5240000000003,0.0
2047,medium_district,26,NW Quad-International,,,,,,,,,26,NW Quad-International,,,0.0,0.0,0,55994.0,4721.0,21157.0,30116.0,59545.710999999996,2864.0,1857.0,12045.0,9112.0,7210.0,5496.0,2012.0,15398.0,283.23199999999997,0.0,3268.4790000000003,0.0
2048,medium_district,26,NW Quad-International,,,,,,,,,26,NW Quad-International,,,0.0,0.0,0,58700.0,4915.0,21819.0,31966.0,62728.238,2975.0,1940.0,12629.0,9190.0,7862.0,5912.0,2210.0,15982.0,284.0,0.0,3744.238,0.0
2049,medium_district,26,NW Quad-International,,,,,,,,,26,NW Quad-International,,,0.0,0.0,0,61674.0,5133.0,22531.0,34010.0,65333.441,3112.0,2021.0,13292.0,9239.0,8472.0,6289.0,2731.0,16518.0,283.76800000000003,0.0,3375.672,0.0
2050,medium_district,26,NW Quad-International,,,,,,,,,26,NW Quad-International,,,0.0,0.0,0,64461.0,5393.0,23173.0,35895.0,68468.01699999999,3283.0,2110.0,13887.0,9286.0,9104.0,6735.0,2932.0,17124.0,284.0,0.0,3723.017,0.0
2051,medium_district,26,NW Quad-International,,,,,,,,,26,NW Quad-International,,,0.0,0.0,0,67327.0,5676.0,24085.0,37566.0,71544.65,3448.0,2228.0,14756.0,9329.0,9579.0,7197.0,3190.0,17600.0,284.767,0.0,3932.882,0.0
2052,medium_district,26,NW Quad-International,,,,,,,,,26,NW Quad-International,,,0.0,0.0,0,69935.0,5920.0,24858.0,39157.0,73786.473,3605.0,2315.0,15491.0,9367.0,9990.0,7646.0,3445.0,18076.0,285.0,0.0,3566.473,0.0
2053,medium_district,26,NW Quad-International,,,,,,,,,26,NW Quad-International,,,0.0,0.0,0,72661.0,6156.0,25390.0,41115.0,77104.367,3736.0,2420.0,15961.0,9429.0,10432.0,8129.0,3724.0,18830.0,285.0,0.0,4158.367,0.0
2054,medium_district,26,NW Quad-International,,,,,,,,,26,NW Quad-International,,,0.0,0.0,0,76089.0,6717.0,26324.0,43048.0,80967.826,4104.0,2613.0,16834.0,9490.0,10847.0,8612.0,3999.0,19590.0,285.0,0.0,4593.826,0.0
2055,medium_district,26,NW Quad-International,,,,,,,,,26,NW Quad-International,,,0.0,0.0,0,79080.0,7015.0,26995.0,45070.0,84294.843,4291.0,2724.0,17442.0,9553.0,11284.0,9144.0,4286.0,20356.0,285.0,0.0,4929.843,0.0
2056,medium_district,26,NW Quad-International,,,,,,,,,26,NW Quad-International,,,0.0,0.0,0,82017.0,7335.0,27695.0,46987.0,86955.091,4502.0,2833.0,18040.0,9655.0,11628.0,9622.0,4558.0,21179.0,285.233,0.0,4652.858,0.0
2057,medium_district,26,NW Quad-International,,,,,,,,,26,NW Quad-International,,,0.0,0.0,0,84663.0,7546.0,28333.0,48784.0,89398.61,4618.0,2928.0,18602.0,9731.0,12123.0,9976.0,4792.0,21893.0,285.233,0.0,4450.377,0.0
2058,medium_district,26,NW Quad-International,,,,,,,,,26,NW Quad-International,,,0.0,0.0,0,87190.0,7794.0,29289.0,50107.0,91983.533,4766.0,3028.0,19488.0,9801.0,12386.0,10289.0,4993.0,22439.0,285.0,0.0,4508.533,0.0
2059,medium_district,26,NW Quad-International,,,,,,,,,26,NW Quad-International,,,0.0,0.0,0,88770.0,7921.0,29698.0,51151.0,93564.031,4851.0,3070.0,19817.0,9881.0,12635.0,10511.0,5162.0,22843.0,285.0,0.0,4509.031,0.0
2060,medium_district,26,NW Quad-International,,,,,,,,,26,NW Quad-International,,,0.0,0.0,0,90154.0,8042.0,30184.0,51928.0,95049.159,4921.0,3121.0,20245.0,9939.0,12803.0,10692.0,5287.0,23146.0,285.466,0.0,4609.691,0.0
2061,medium_district,26,NW Quad-International,,,,,,,,,26,NW Quad-International,,,0.0,0.0,0,91538.0,8240.0,30611.0,52687.0,96490.793,5015.0,3225.0,20622.0,9989.0,12932.0,10848.0,5390.0,23517.0,285.0,0.0,4667.793,0.0
2062,medium_district,26,NW Quad-International,,,,,,,,,26,NW Quad-International,,,0.0,0.0,0,92617.0,8319.0,31105.0,53193.0,98010.392,5068.0,3251.0,21083.0,10022.0,13022.0,10977.0,5490.0,23704.0,285.466,0.0,5107.9259999999995,0.0
2063,medium_district,26,NW Quad-International,,,,,,,,,26,NW Quad-International,,,0.0,0.0,0,93769.0,8404.0,31618.0,53747.0,98764.283,5123.0,3281.0,21561.0,10057.0,13120.0,11115.0,5584.0,23928.0,285.466,0.0,4709.8189999999995,0.0
2064,medium_district,26,NW Quad-International,,,,,,,,,26,NW Quad-International,,,0.0,0.0,0,94743.0,8470.0,32186.0,54087.0,100099.095,5160.0,3310.0,22111.0,10075.0,13165.0,11229.0,5654.0,24039.0,285.0,0.0,5071.094999999999,0.0
2065,medium_district,26,NW Quad-International,,,,,,,,,26,NW Quad-International,,,0.0,0.0,0,95884.0,8535.0,32801.0,54548.0,101791.831,5201.0,3334.0,22703.0,10098.0,13233.0,11367.0,5743.0,24205.0,285.466,0.0,5622.363,0.0
2023,medium_district,27,MVC to Tailings,,,,,,,,,27,MVC to Tailings,,,3.0,11.998,3.999,5651.0,100.0,4178.0,1373.0,6207.526,55.0,45.0,969.0,3209.0,401.0,406.0,0.0,566.0,4.01,0.0,552.516,0.0
2024,medium_district,27,MVC to Tailings,,,,,,,,,27,MVC to Tailings,,,3.0,11.863,3.954,5771.0,105.0,4205.0,1461.0,5924.808,57.0,48.0,957.0,3248.0,400.0,457.0,6.0,598.0,4.022,0.0,149.786,0.0
2025,medium_district,27,MVC to Tailings,,,,,,,,,27,MVC to Tailings,,,3.0,11.722,3.907,5884.0,109.0,4267.0,1508.0,6121.171,61.0,48.0,1001.0,3266.0,402.0,471.0,18.0,617.0,4.016,0.0,233.155,0.0
2026,medium_district,27,MVC to Tailings,,,,,,,,,27,MVC to Tailings,,,3.0,11.579,3.86,5914.0,107.0,4277.0,1530.0,6158.708,59.0,48.0,1000.0,3277.0,400.0,473.0,26.0,631.0,4.013,0.0,240.695,0.0
2027,medium_district,27,MVC to Tailings,,,,,,,,,27,MVC to Tailings,,,3.0,11.439,3.813,5973.0,112.0,4302.0,1559.0,6238.756,63.0,49.0,1000.0,3302.0,399.0,479.0,36.0,645.0,4.036,0.0,261.71999999999997,0.0
2028,medium_district,27,MVC to Tailings,,,,,,,,,27,MVC to Tailings,,,3.0,11.305,3.768,6002.0,111.0,4305.0,1586.0,6273.255,63.0,48.0,1000.0,3305.0,399.0,481.0,38.0,668.0,5.037,0.0,266.218,0.0
2029,medium_district,27,MVC to Tailings,,,,,,,,,27,MVC to Tailings,,,3.0,11.18,3.727,6038.0,115.0,4316.0,1607.0,6299.599,65.0,50.0,1001.0,3315.0,400.0,484.0,41.0,682.0,5.016,0.0,256.583,0.0
2030,medium_district,27,MVC to Tailings,,,,,,,,,27,MVC to Tailings,,,3.0,11.061,3.687,6064.0,118.0,4319.0,1627.0,6342.344,68.0,50.0,1003.0,3316.0,402.0,491.0,42.0,692.0,5.029,0.0,273.31399999999996,0.0
2031,medium_district,27,MVC to Tailings,,,,,,,,,27,MVC to Tailings,,,3.0,10.947,3.649,6086.0,122.0,4323.0,1641.0,6347.2789999999995,72.0,50.0,1004.0,3319.0,405.0,491.0,43.0,702.0,5.029,0.0,256.249,0.0
2032,medium_district,27,MVC to Tailings,,,,,,,,,27,MVC to Tailings,,,3.0,10.841,3.614,6115.0,125.0,4324.0,1666.0,6373.307,75.0,50.0,1004.0,3320.0,407.0,491.0,45.0,723.0,5.038,0.0,253.269,0.0
2033,medium_district,27,MVC to Tailings,,,,,,,,,27,MVC to Tailings,,,3.0,10.743,3.581,6173.0,138.0,4321.0,1714.0,6463.697,88.0,50.0,1005.0,3316.0,414.0,494.0,50.0,756.0,5.042,0.0,285.656,0.0
2034,medium_district,27,MVC to Tailings,,,,,,,,,27,MVC to Tailings,,,3.0,10.653,3.551,6285.0,158.0,4325.0,1802.0,6581.393,100.0,58.0,1005.0,3320.0,430.0,500.0,59.0,813.0,5.063,0.0,291.33,0.0
2035,medium_district,27,MVC to Tailings,,,,,,,,,27,MVC to Tailings,,,3.0,10.57,3.523,6240.0,159.0,4269.0,1812.0,6511.814,101.0,58.0,1005.0,3264.0,442.0,500.0,60.0,810.0,5.059,0.0,266.754,0.0
2036,medium_district,27,MVC to Tailings,,,,,,,,,27,MVC to Tailings,,,3.0,10.49,3.497,6282.0,170.0,4248.0,1864.0,6548.146000000001,107.0,63.0,1005.0,3243.0,461.0,501.0,66.0,836.0,5.067,0.0,261.079,0.0
2037,medium_district,27,MVC to Tailings,,,,,,,,,27,MVC to Tailings,,,3.0,10.414,3.471,6204.0,159.0,4333.0,1712.0,6503.621,96.0,63.0,1118.0,3215.0,439.0,468.0,43.0,762.0,5.05,0.0,294.57,0.0
2038,medium_district,27,MVC to Tailings,,,,,,,,,27,MVC to Tailings,,,3.0,10.345,3.448,6272.0,173.0,4337.0,1762.0,6557.2429999999995,107.0,66.0,1118.0,3219.0,441.0,472.0,46.0,803.0,6.06,0.0,279.183,0.0
2039,medium_district,27,MVC to Tailings,,,,,,,,,27,MVC to Tailings,,,3.0,10.282,3.427,6323.0,177.0,4347.0,1799.0,6561.669,109.0,68.0,1119.0,3228.0,444.0,480.0,49.0,826.0,6.035,0.0,232.63400000000001,0.0
2040,medium_district,27,MVC to Tailings,,,,,,,,,27,MVC to Tailings,,,3.0,10.224,3.408,6373.0,183.0,4352.0,1838.0,6614.900000000001,113.0,70.0,1119.0,3233.0,449.0,480.0,52.0,857.0,6.04,0.0,235.85899999999998,0.0
2041,medium_district,27,MVC to Tailings,,,,,,,,,27,MVC to Tailings,,,3.0,10.168,3.389,6411.0,187.0,4356.0,1868.0,6634.994000000001,115.0,72.0,1119.0,3237.0,452.0,484.0,53.0,879.0,6.035,0.0,217.959,0.0
2042,medium_district,27,MVC to Tailings,,,,,,,,,27,MVC to Tailings,,,3.0,10.118,3.373,6448.0,195.0,4360.0,1893.0,6663.888000000001,123.0,72.0,1119.0,3241.0,455.0,485.0,57.0,896.0,6.044,0.0,209.84300000000002,0.0
2043,medium_district,27,MVC to Tailings,,,,,,,,,27,MVC to Tailings,,,3.0,10.071,3.357,6469.0,198.0,4362.0,1909.0,6699.021,125.0,73.0,1119.0,3243.0,457.0,487.0,57.0,908.0,6.055000000000001,0.0,223.96499999999997,0.0
2044,medium_district,27,MVC to Tailings,,,,,,,,,27,MVC to Tailings,,,3.0,10.027,3.342,6503.0,206.0,4374.0,1923.0,6725.6939999999995,131.0,75.0,1119.0,3255.0,459.0,489.0,57.0,918.0,6.01,0.0,216.684,0.0
2045,medium_district,27,MVC to Tailings,,,,,,,,,27,MVC to Tailings,,,3.0,9.986,3.329,6523.0,207.0,4379.0,1937.0,6738.003,132.0,75.0,1119.0,3260.0,459.0,489.0,58.0,931.0,6.004999999999999,0.0,208.998,0.0
2046,medium_district,27,MVC to Tailings,,,,,,,,,27,MVC to Tailings,,,3.0,9.948,3.316,6549.0,210.0,4384.0,1955.0,6769.795,135.0,75.0,1119.0,3265.0,460.0,493.0,61.0,941.0,5.986000000000001,0.0,214.81,0.0
2047,medium_district,27,MVC to Tailings,,,,,,,,,27,MVC to Tailings,,,3.0,9.91,3.303,6574.0,214.0,4393.0,1967.0,6793.955,137.0,77.0,1119.0,3274.0,461.0,493.0,62.0,951.0,6.004999999999999,0.0,213.95,0.0
2048,medium_district,27,MVC to Tailings,,,,,,,,,27,MVC to Tailings,,,4.0,10.873,2.718,6587.0,217.0,4394.0,1976.0,6855.317,139.0,78.0,1119.0,3275.0,462.0,495.0,64.0,955.0,6.0,0.0,262.317,0.0
2049,medium_district,27,MVC to Tailings,,,,,,,,,27,MVC to Tailings,,,4.0,10.838,2.709,6594.0,218.0,4394.0,1982.0,6881.432,140.0,78.0,1119.0,3275.0,463.0,495.0,67.0,957.0,5.995,0.0,281.437,0.0
2050,medium_district,27,MVC to Tailings,,,,,,,,,27,MVC to Tailings,,,4.0,10.802,2.7,6611.0,224.0,4397.0,1990.0,6908.443,145.0,79.0,1119.0,3278.0,464.0,495.0,69.0,962.0,6.0,0.0,291.443,0.0
2051,medium_district,27,MVC to Tailings,,,,,,,,,27,MVC to Tailings,,,4.0,10.765,2.691,6625.0,228.0,4399.0,1998.0,6920.358,148.0,80.0,1119.0,3280.0,464.0,496.0,70.0,968.0,5.995,0.0,289.363,0.0
2052,medium_district,27,MVC to Tailings,,,,,,,,,27,MVC to Tailings,,,4.0,10.729,2.682,6678.0,235.0,4407.0,2036.0,7188.994,152.0,83.0,1119.0,3288.0,465.0,503.0,74.0,994.0,6.0,0.0,504.994,0.0
2053,medium_district,27,MVC to Tailings,,,,,,,,,27,MVC to Tailings,,,4.0,10.69,2.672,6730.0,243.0,4414.0,2073.0,7033.248,157.0,86.0,1119.0,3295.0,468.0,510.0,82.0,1013.0,6.0,0.0,297.248,0.0
2054,medium_district,27,MVC to Tailings,,,,,,,,,27,MVC to Tailings,,,4.0,10.652,2.663,6770.0,253.0,4421.0,2096.0,7077.251,166.0,87.0,1119.0,3302.0,470.0,515.0,83.0,1028.0,6.0,0.0,301.251,0.0
2055,medium_district,27,MVC to Tailings,,,,,,,,,27,MVC to Tailings,,,4.0,10.611,2.653,6795.0,254.0,4425.0,2116.0,7113.6810000000005,167.0,87.0,1119.0,3306.0,472.0,519.0,85.0,1040.0,6.0,0.0,312.681,0.0
2056,medium_district,27,MVC to Tailings,,,,,,,,,27,MVC to Tailings,,,4.0,10.571,2.643,6873.0,270.0,4440.0,2163.0,7403.677,180.0,90.0,1119.0,3321.0,476.0,532.0,92.0,1063.0,6.004999999999999,0.0,524.672,0.0
2057,medium_district,27,MVC to Tailings,,,,,,,,,27,MVC to Tailings,,,4.0,10.6,2.65,6956.0,277.0,4456.0,2223.0,7290.541,182.0,95.0,1119.0,3337.0,481.0,535.0,98.0,1109.0,6.004999999999999,0.0,328.536,0.0
2058,medium_district,27,MVC to Tailings,,,,,,,,,27,MVC to Tailings,,,4.0,10.633,2.658,7022.0,285.0,4471.0,2266.0,7354.727,188.0,97.0,1119.0,3352.0,484.0,544.0,103.0,1135.0,6.0,0.0,326.727,0.0
2059,medium_district,27,MVC to Tailings,,,,,,,,,27,MVC to Tailings,,,4.0,10.688,2.672,7072.0,289.0,4481.0,2302.0,7421.001,192.0,97.0,1119.0,3362.0,490.0,549.0,105.0,1158.0,6.0,0.0,343.001,0.0
2060,medium_district,27,MVC to Tailings,,,,,,,,,27,MVC to Tailings,,,4.0,10.748,2.687,7122.0,299.0,4494.0,2329.0,7526.09,199.0,100.0,1119.0,3375.0,494.0,552.0,107.0,1176.0,6.01,0.0,398.08,0.0
2061,medium_district,27,MVC to Tailings,,,,,,,,,27,MVC to Tailings,,,4.0,10.819,2.705,7171.0,304.0,4511.0,2356.0,7527.275,203.0,101.0,1119.0,3392.0,494.0,557.0,107.0,1198.0,6.0,0.0,350.275,0.0
2062,medium_district,27,MVC to Tailings,,,,,,,,,27,MVC to Tailings,,,4.0,10.88,2.72,7210.0,308.0,4517.0,2385.0,7579.987,206.0,102.0,1119.0,3398.0,496.0,564.0,111.0,1214.0,6.01,0.0,363.97700000000003,0.0
2063,medium_district,27,MVC to Tailings,,,,,,,,,27,MVC to Tailings,,,4.0,10.935,2.734,7256.0,313.0,4528.0,2415.0,7626.664999999999,211.0,102.0,1119.0,3409.0,498.0,568.0,114.0,1235.0,6.01,0.0,364.65500000000003,0.0
2064,medium_district,27,MVC to Tailings,,,,,,,,,27,MVC to Tailings,,,4.0,11.006,2.752,7312.0,319.0,4541.0,2452.0,7693.37,217.0,102.0,1119.0,3422.0,500.0,571.0,118.0,1263.0,6.0,0.0,375.37,0.0
2065,medium_district,27,MVC to Tailings,,,,,,,,,27,MVC to Tailings,,,4.0,11.069,2.767,7374.0,327.0,4550.0,2497.0,7834.236999999999,222.0,105.0,1117.0,3433.0,502.0,581.0,125.0,1289.0,6.01,0.0,454.227,0.0
2023,medium_district,28,MVC-Magna-ATK,,,,,,,,,28,MVC-Magna-ATK,,,17747.0,60052.744,3.384,11707.0,1229.0,5596.0,4882.0,14679.724,750.0,479.0,3489.0,2107.0,416.0,1889.0,298.0,2279.0,44.103,1.722,1787.059,1139.838
2024,medium_district,28,MVC-Magna-ATK,,,,,,,,,28,MVC-Magna-ATK,,,17864.0,59815.014,3.348,11985.0,1253.0,5661.0,5071.0,14573.537,760.0,493.0,3446.0,2215.0,423.0,1974.0,323.0,2351.0,44.248999999999995,1.764,1427.326,1115.2
2025,medium_district,28,MVC-Magna-ATK,,,,,,,,,28,MVC-Magna-ATK,,,18042.0,59751.374,3.312,12265.0,1259.0,5800.0,5206.0,15382.659,771.0,488.0,3495.0,2305.0,433.0,2013.0,365.0,2395.0,44.176,1.742,1842.304,1229.441
2026,medium_district,28,MVC-Magna-ATK,,,,,,,,,28,MVC-Magna-ATK,,,18224.0,59618.182,3.271,12131.0,1261.0,5830.0,5040.0,14780.916,770.0,491.0,3495.0,2335.0,429.0,1789.0,387.0,2435.0,44.141,1.779,1360.8,1243.199
2027,medium_district,28,MVC-Magna-ATK,,,,,,,,,28,MVC-Magna-ATK,,,18387.0,59429.11,3.232,12664.0,1311.0,5919.0,5434.0,15702.24,806.0,505.0,3495.0,2424.0,448.0,1885.0,473.0,2628.0,43.387,1.804,1726.894,1266.157
2028,medium_district,28,MVC-Magna-ATK,,,,,,,,,28,MVC-Magna-ATK,,,18495.0,59099.449,3.195,12968.0,1314.0,5931.0,5723.0,15823.937,808.0,506.0,3495.0,2436.0,509.0,1944.0,518.0,2752.0,46.339999999999996,1.717,1529.838,1278.037
2029,medium_district,28,MVC-Magna-ATK,,,,,,,,,28,MVC-Magna-ATK,,,18608.0,58831.447,3.162,13300.0,1337.0,5960.0,6003.0,16202.202,827.0,510.0,3495.0,2465.0,585.0,1982.0,558.0,2878.0,45.147999999999996,1.61,1561.255,1294.193
2030,medium_district,28,MVC-Magna-ATK,,,,,,,,,28,MVC-Magna-ATK,,,18778.0,58758.962,3.129,13630.0,1355.0,5967.0,6308.0,16703.94,850.0,505.0,3496.0,2471.0,678.0,2020.0,630.0,2980.0,43.25,1.576,1714.962,1314.151
2031,medium_district,28,MVC-Magna-ATK,,,,,,,,,28,MVC-Magna-ATK,,,18929.0,58652.351,3.099,13911.0,1403.0,5987.0,6521.0,16909.915,900.0,503.0,3500.0,2487.0,747.0,2025.0,663.0,3086.0,43.253,1.579,1622.045,1332.037
2032,medium_district,28,MVC-Magna-ATK,,,,,,,,,28,MVC-Magna-ATK,,,19197.0,58918.153,3.069,14176.0,1431.0,5999.0,6746.0,17337.098,927.0,504.0,3502.0,2497.0,805.0,2029.0,691.0,3221.0,43.327,1.651,1752.542,1363.581
2033,medium_district,28,MVC-Magna-ATK,,,,,,,,,28,MVC-Magna-ATK,,,19435.0,59067.318,3.039,14437.0,1434.0,6004.0,6999.0,17559.954,927.0,507.0,3502.0,2502.0,892.0,2035.0,732.0,3340.0,44.369,1.728,1684.44,1392.421
2034,medium_district,28,MVC-Magna-ATK,,,,,,,,,28,MVC-Magna-ATK,,,19630.0,59121.506,3.012,14655.0,1427.0,6024.0,7204.0,17635.297,953.0,474.0,3501.0,2523.0,937.0,2039.0,750.0,3478.0,44.557,1.796,1506.681,1427.263
2035,medium_district,28,MVC-Magna-ATK,,,,,,,,,28,MVC-Magna-ATK,,,19786.0,59146.654,2.989,14654.0,1422.0,5989.0,7243.0,17723.955,966.0,456.0,3501.0,2488.0,981.0,2040.0,756.0,3466.0,44.519,1.818,1584.575,1439.037
2036,medium_district,28,MVC-Magna-ATK,,,,,,,,,28,MVC-Magna-ATK,,,19957.0,59186.2,2.966,14790.0,1426.0,5965.0,7399.0,17913.808,976.0,450.0,3500.0,2465.0,1035.0,2045.0,759.0,3560.0,43.576,1.803,1616.386,1462.037
2037,medium_district,28,MVC-Magna-ATK,,,,,,,,,28,MVC-Magna-ATK,,,20074.0,59136.622,2.946,15068.0,1423.0,6021.0,7624.0,18152.842,929.0,494.0,3556.0,2465.0,1019.0,2090.0,818.0,3697.0,45.452,1.786,1551.681,1485.927
2038,medium_district,28,MVC-Magna-ATK,,,,,,,,,28,MVC-Magna-ATK,,,20188.0,59044.135,2.925,15293.0,1460.0,6031.0,7802.0,18612.021,953.0,507.0,3554.0,2477.0,1071.0,2104.0,834.0,3793.0,44.442,1.78,1754.878,1517.9279999999999
2039,medium_district,28,MVC-Magna-ATK,,,,,,,,,28,MVC-Magna-ATK,,,20326.0,59076.727,2.906,15353.0,1403.0,6057.0,7893.0,18683.105,937.0,466.0,3554.0,2503.0,1088.0,2120.0,851.0,3834.0,45.262,1.777,1737.066,1546.0
2040,medium_district,28,MVC-Magna-ATK,,,,,,,,,28,MVC-Magna-ATK,,,20430.0,58994.885,2.888,15550.0,1432.0,6086.0,8032.0,18691.531,958.0,474.0,3554.0,2532.0,1114.0,2134.0,854.0,3930.0,45.301,1.777,1522.966,1571.49
2041,medium_district,28,MVC-Magna-ATK,,,,,,,,,28,MVC-Magna-ATK,,,20570.0,59047.995,2.871,15333.0,1248.0,6106.0,7979.0,18594.518,824.0,424.0,3552.0,2554.0,1135.0,2149.0,879.0,3816.0,45.262,1.784,1613.037,1601.435
2042,medium_district,28,MVC-Magna-ATK,,,,,,,,,28,MVC-Magna-ATK,,,20695.0,59101.367,2.856,15602.0,1299.0,6115.0,8188.0,19134.295,855.0,444.0,3551.0,2564.0,1174.0,2167.0,900.0,3947.0,46.342,1.801,1854.693,1629.458
2043,medium_district,28,MVC-Magna-ATK,,,,,,,,,28,MVC-Magna-ATK,,,20884.0,59264.973,2.838,17547.0,1766.0,6148.0,9633.0,23483.064,1157.0,609.0,3550.0,2598.0,1445.0,2289.0,1027.0,4872.0,48.437,1.815,4222.92,1662.893
2044,medium_district,28,MVC-Magna-ATK,,,,,,,,,28,MVC-Magna-ATK,,,21041.0,59362.052,2.821,19336.0,2164.0,6202.0,10970.0,23036.597,1402.0,762.0,3549.0,2653.0,1692.0,2433.0,1120.0,5725.0,51.085,1.813,1946.773,1700.9289999999999
2045,medium_district,28,MVC-Magna-ATK,,,,,,,,,28,MVC-Magna-ATK,,,21333.0,59713.978,2.799,20755.0,2486.0,6254.0,12015.0,25025.490999999998,1607.0,879.0,3549.0,2705.0,1873.0,2537.0,1216.0,6389.0,50.041999999999994,1.81,2470.892,1747.745
2046,medium_district,28,MVC-Magna-ATK,,,,,,,,,28,MVC-Magna-ATK,,,21578.0,60005.746,2.781,21978.0,2792.0,6303.0,12883.0,25492.647,1807.0,985.0,3546.0,2757.0,2035.0,2636.0,1276.0,6936.0,49.878,1.811,1671.994,1790.964
2047,medium_district,28,MVC-Magna-ATK,,,,,,,,,28,MVC-Magna-ATK,,,21851.0,60311.637,2.76,22993.0,2996.0,6367.0,13630.0,27220.96,1928.0,1068.0,3546.0,2821.0,2166.0,2718.0,1345.0,7401.0,50.041999999999994,1.824,2333.767,1842.324
2048,medium_district,28,MVC-Magna-ATK,,,,,,,,,28,MVC-Magna-ATK,,,22068.0,60552.553,2.744,23556.0,3095.0,6402.0,14059.0,27383.806,1993.0,1102.0,3546.0,2856.0,2267.0,2763.0,1383.0,7646.0,50.0,1.844,1889.82,1886.145
2049,medium_district,28,MVC-Magna-ATK,,,,,,,,,28,MVC-Magna-ATK,,,22244.0,60713.346,2.729,23897.0,3180.0,6422.0,14295.0,27931.186,2049.0,1131.0,3546.0,2876.0,2338.0,2821.0,1396.0,7740.0,49.958,1.865,2052.122,1930.242
2050,medium_district,28,MVC-Magna-ATK,,,,,,,,,28,MVC-Magna-ATK,,,22390.0,60819.999,2.716,24293.0,3252.0,6435.0,14606.0,28416.392,2096.0,1156.0,3546.0,2889.0,2413.0,2864.0,1427.0,7902.0,50.0,1.885,2097.756,1973.745
2051,medium_district,28,MVC-Magna-ATK,,,,,,,,,28,MVC-Magna-ATK,,,22486.0,60836.132,2.706,24718.0,3333.0,6468.0,14917.0,29267.715,2146.0,1187.0,3546.0,2922.0,2481.0,2905.0,1461.0,8070.0,49.958,1.902,2494.498,2003.356
2052,medium_district,28,MVC-Magna-ATK,,,,,,,,,28,MVC-Magna-ATK,,,22533.0,60712.639,2.694,25215.0,3419.0,6504.0,15292.0,29792.137,2211.0,1208.0,3546.0,2958.0,2557.0,2981.0,1499.0,8255.0,50.0,1.922,2488.968,2036.249
2053,medium_district,28,MVC-Magna-ATK,,,,,,,,,28,MVC-Magna-ATK,,,22608.0,60665.307,2.683,25683.0,3492.0,6536.0,15655.0,29990.476,2263.0,1229.0,3543.0,2993.0,2616.0,3046.0,1541.0,8452.0,50.0,1.944,2188.637,2066.896
2054,medium_district,28,MVC-Magna-ATK,,,,,,,,,28,MVC-Magna-ATK,,,22784.0,60852.797999999995,2.671,25930.0,3484.0,6583.0,15863.0,30653.188,2263.0,1221.0,3543.0,3040.0,2667.0,3101.0,1586.0,8509.0,50.0,1.96,2562.406,2108.8269999999998
2055,medium_district,28,MVC-Magna-ATK,,,,,,,,,28,MVC-Magna-ATK,,,22873.0,60807.68,2.658,26345.0,3543.0,6645.0,16157.0,31097.709,2304.0,1239.0,3543.0,3102.0,2708.0,3165.0,1619.0,8665.0,50.0,1.969,2554.505,2146.233
2056,medium_district,28,MVC-Magna-ATK,,,,,,,,,28,MVC-Magna-ATK,,,23000.0,60747.786,2.641,26765.0,3605.0,6711.0,16449.0,31542.994000000002,2352.0,1253.0,3543.0,3168.0,2737.0,3229.0,1655.0,8828.0,50.041999999999994,1.96,2543.099,2182.899
2057,medium_district,28,MVC-Magna-ATK,,,,,,,,,28,MVC-Magna-ATK,,,23066.0,61004.066,2.645,27310.0,3677.0,6789.0,16844.0,32790.234,2409.0,1268.0,3543.0,3246.0,2808.0,3283.0,1704.0,9049.0,50.041999999999994,1.928,3204.9139999999998,2223.348
2058,medium_district,28,MVC-Magna-ATK,,,,,,,,,28,MVC-Magna-ATK,,,23108.0,61260.15,2.651,27760.0,3737.0,6863.0,17160.0,32542.48,2451.0,1286.0,3543.0,3320.0,2847.0,3343.0,1745.0,9225.0,50.0,1.898,2466.478,2264.101
2059,medium_district,28,MVC-Magna-ATK,,,,,,,,,28,MVC-Magna-ATK,,,23056.0,61355.927,2.661,28389.0,3816.0,6963.0,17610.0,33953.965000000004,2504.0,1312.0,3543.0,3420.0,2944.0,3425.0,1814.0,9427.0,50.0,1.879,3209.741,2303.347
2060,medium_district,28,MVC-Magna-ATK,,,,,,,,,28,MVC-Magna-ATK,,,23100.0,61763.485,2.674,28955.0,3889.0,7057.0,18009.0,34217.095,2551.0,1338.0,3543.0,3514.0,3006.0,3509.0,1879.0,9615.0,50.083,1.869,2863.695,2346.453
2061,medium_district,28,MVC-Magna-ATK,,,,,,,,,28,MVC-Magna-ATK,,,23119.0,62174.079,2.689,29633.0,4006.0,7161.0,18466.0,34920.06,2615.0,1391.0,3543.0,3618.0,3080.0,3592.0,1946.0,9848.0,50.0,1.863,2846.297,2388.899
2062,medium_district,28,MVC-Magna-ATK,,,,,,,,,28,MVC-Magna-ATK,,,23153.0,62558.371,2.702,30093.0,4067.0,7246.0,18780.0,35743.324,2658.0,1409.0,3543.0,3703.0,3114.0,3656.0,1988.0,10022.0,50.083,1.86,3164.49,2433.9
2063,medium_district,28,MVC-Magna-ATK,,,,,,,,,28,MVC-Magna-ATK,,,23181.0,62920.554000000004,2.714,30680.0,4124.0,7359.0,19197.0,36375.644,2711.0,1413.0,3543.0,3816.0,3167.0,3732.0,2036.0,10262.0,50.083,1.857,3167.324,2476.379
2064,medium_district,28,MVC-Magna-ATK,,,,,,,,,28,MVC-Magna-ATK,,,23208.0,63341.381,2.729,31158.0,4204.0,7423.0,19531.0,36833.622,2769.0,1435.0,3543.0,3880.0,3199.0,3803.0,2078.0,10451.0,50.0,1.854,3099.424,2524.344
2065,medium_district,28,MVC-Magna-ATK,,,,,,,,,28,MVC-Magna-ATK,,,23235.0,63741.94,2.743,31695.0,4304.0,7512.0,19879.0,37259.947,2851.0,1453.0,3543.0,3969.0,3236.0,3877.0,2128.0,10638.0,50.083,1.852,2939.045,2573.966
2023,medium_district,29,Airport-Rose Park,,,,,,,,,29,Airport-Rose Park,,,13878.0,38508.192,2.775,36661.0,2441.0,14747.0,19473.0,40951.299,1317.0,1124.0,2813.0,11934.0,3840.0,6687.0,572.0,8374.0,17.038999999999998,80.947,3302.438,889.873
2024,medium_district,29,Airport-Rose Park,,,,,,,,,29,Airport-Rose Park,,,13960.0,38429.618,2.753,37639.0,2461.0,14781.0,20397.0,41559.693,1316.0,1145.0,2757.0,12024.0,3841.0,7365.0,705.0,8486.0,18.102,82.886,2947.549,872.156
2025,medium_district,29,Airport-Rose Park,,,,,,,,,29,Airport-Rose Park,,,14077.0,38404.318999999996,2.728,38643.0,2511.0,14874.0,21258.0,42043.272,1355.0,1156.0,2727.0,12147.0,3923.0,7744.0,881.0,8710.0,18.072,81.89,2341.968,958.3430000000001
2026,medium_district,29,Airport-Rose Park,,,,,,,,,29,Airport-Rose Park,,,14470.0,39166.769,2.707,39083.0,2508.0,14926.0,21649.0,43258.305,1345.0,1163.0,2724.0,12202.0,3883.0,7925.0,996.0,8845.0,18.057,83.633,3084.4539999999997,989.158
2027,medium_district,29,Airport-Rose Park,,,,,,,,,29,Airport-Rose Park,,,14896.0,40088.344,2.691,39787.0,2552.0,15001.0,22234.0,43724.926999999996,1365.0,1187.0,2721.0,12280.0,3899.0,8186.0,1111.0,9038.0,18.161,84.771,2810.8669999999997,1024.126
2028,medium_district,29,Airport-Rose Park,,,,,,,,,29,Airport-Rose Park,,,15574.0,41758.332,2.681,39503.0,2513.0,14913.0,22077.0,44008.577,1347.0,1166.0,2714.0,12199.0,3815.0,8338.0,1168.0,8756.0,18.132,80.698,3332.712,1074.031
2029,medium_district,29,Airport-Rose Park,,,,,,,,,29,Airport-Rose Park,,,16236.0,43257.349,2.664,39957.0,2548.0,14819.0,22590.0,44178.622,1372.0,1176.0,2714.0,12105.0,3863.0,8563.0,1269.0,8895.0,18.058,75.666,2998.724,1129.166
2030,medium_district,29,Airport-Rose Park,,,,,,,,,29,Airport-Rose Park,,,16982.0,45082.253,2.655,40470.0,2613.0,14790.0,23067.0,45263.492,1437.0,1176.0,2714.0,12076.0,3941.0,8750.0,1471.0,8905.0,18.105,74.065,3511.186,1190.136
2031,medium_district,29,Airport-Rose Park,,,,,,,,,29,Airport-Rose Park,,,17820.0,47179.203,2.648,41201.0,2720.0,14820.0,23661.0,45543.223000000005,1533.0,1187.0,2714.0,12106.0,4029.0,8937.0,1571.0,9124.0,19.112000000000002,74.226,2995.852,1253.0339999999999
2032,medium_district,29,Airport-Rose Park,,,,,,,,,29,Airport-Rose Park,,,18464.0,48587.012,2.631,41741.0,2689.0,14799.0,24253.0,46536.407999999996,1567.0,1122.0,2675.0,12124.0,4144.0,9107.0,1669.0,9333.0,19.145,77.604,3389.062,1309.599
2033,medium_district,29,Airport-Rose Park,,,,,,,,,29,Airport-Rose Park,,,18869.0,49452.948,2.621,42684.0,2782.0,14804.0,25098.0,48472.449,1655.0,1127.0,2673.0,12131.0,4337.0,9314.0,1775.0,9672.0,19.158,81.232,4333.652,1354.405
2034,medium_district,29,Airport-Rose Park,,,,,,,,,29,Airport-Rose Park,,,19371.0,50487.992,2.606,43920.0,3025.0,14789.0,26106.0,48512.581,1780.0,1245.0,2639.0,12150.0,4511.0,9542.0,1888.0,10165.0,20.253,84.433,3079.634,1408.26
2035,medium_district,29,Airport-Rose Park,,,,,,,,,29,Airport-Rose Park,,,19785.0,51285.973,2.592,44079.0,3027.0,14633.0,26419.0,48588.531,1796.0,1231.0,2639.0,11994.0,4631.0,9724.0,1905.0,10159.0,20.236,85.429,2964.8269999999998,1439.0359999999998
2036,medium_district,29,Airport-Rose Park,,,,,,,,,29,Airport-Rose Park,,,20088.0,51931.243,2.585,44829.0,3134.0,14563.0,27132.0,50602.693,1855.0,1279.0,2633.0,11930.0,4820.0,9944.0,1968.0,10400.0,19.255,84.753,4196.647,1473.0359999999998
2037,medium_district,29,Airport-Rose Park,,,,,,,,,29,Airport-Rose Park,,,20295.0,52044.963,2.564,44344.0,3113.0,14548.0,26683.0,49486.981,1822.0,1291.0,2653.0,11895.0,4789.0,9712.0,1722.0,10460.0,19.191,83.935,3535.93,1503.923
2038,medium_district,29,Airport-Rose Park,,,,,,,,,29,Airport-Rose Park,,,20533.0,52392.567,2.552,45198.0,3216.0,14554.0,27428.0,49687.481,1879.0,1337.0,2644.0,11910.0,4903.0,9961.0,1774.0,10790.0,19.191,83.668,2845.697,1540.922
2039,medium_district,29,Airport-Rose Park,,,,,,,,,29,Airport-Rose Park,,,20697.0,52562.198,2.54,45913.0,3308.0,14578.0,28027.0,50172.165,1933.0,1375.0,2644.0,11934.0,4987.0,10203.0,1805.0,11032.0,20.117,83.526,2584.523,1571.0
2040,medium_district,29,Airport-Rose Park,,,,,,,,,29,Airport-Rose Park,,,21142.0,53505.873999999996,2.531,46595.0,3374.0,14606.0,28615.0,50923.829,1975.0,1399.0,2644.0,11962.0,5078.0,10446.0,1854.0,11237.0,20.134,83.508,2599.716,1625.473
2041,medium_district,29,Airport-Rose Park,,,,,,,,,29,Airport-Rose Park,,,21571.0,54365.303,2.52,47246.0,3393.0,14609.0,29244.0,51943.924,1983.0,1410.0,2621.0,11988.0,5236.0,10713.0,1905.0,11390.0,20.117,83.846,2915.504,1678.458
2042,medium_district,29,Airport-Rose Park,,,,,,,,,29,Airport-Rose Park,,,21899.0,54845.524,2.504,48049.0,3494.0,14642.0,29913.0,52355.533,2033.0,1461.0,2621.0,12021.0,5373.0,10983.0,1950.0,11607.0,20.149,84.646,2479.315,1722.425
2043,medium_district,29,Airport-Rose Park,,,,,,,,,29,Airport-Rose Park,,,22073.0,55038.541,2.493,48828.0,3608.0,14670.0,30550.0,53178.958,2097.0,1511.0,2621.0,12049.0,5464.0,11266.0,1989.0,11831.0,21.192,85.322,2484.558,1759.884
2044,medium_district,29,Airport-Rose Park,,,,,,,,,29,Airport-Rose Park,,,22244.0,55226.916,2.483,49991.0,3637.0,14676.0,31678.0,55492.012,2063.0,1574.0,2618.0,12058.0,5781.0,11621.0,2099.0,12177.0,21.035,85.233,3596.819,1797.923
2045,medium_district,29,Airport-Rose Park,,,,,,,,,29,Airport-Rose Park,,,22389.0,55314.146,2.471,51502.0,3798.0,14718.0,32986.0,56462.208,2163.0,1635.0,2618.0,12100.0,6109.0,12016.0,2225.0,12636.0,21.017999999999997,85.055,3020.401,1833.735
2046,medium_district,29,Airport-Rose Park,,,,,,,,,29,Airport-Rose Park,,,22436.0,55198.393,2.46,53563.0,3978.0,14761.0,34824.0,59053.672,2312.0,1666.0,2617.0,12144.0,6541.0,12489.0,2394.0,13400.0,20.948999999999998,85.109,3525.6479999999997,1858.962
2047,medium_district,29,Airport-Rose Park,,,,,,,,,29,Airport-Rose Park,,,22538.0,55238.372,2.451,55599.0,4206.0,14817.0,36576.0,61116.856,2448.0,1758.0,2617.0,12200.0,7021.0,12954.0,2523.0,14078.0,22.017999999999997,85.713,3509.7889999999998,1900.337
2048,medium_district,29,Airport-Rose Park,,,,,,,,,29,Airport-Rose Park,,,22753.0,55543.602,2.441,57077.0,4285.0,14850.0,37942.0,62958.027,2499.0,1786.0,2617.0,12233.0,7483.0,13389.0,2630.0,14440.0,22.0,86.673,3829.205,1943.147
2049,medium_district,29,Airport-Rose Park,,,,,,,,,29,Airport-Rose Park,,,23087.0,56130.292,2.431,58830.0,4449.0,14876.0,39505.0,64846.978,2595.0,1854.0,2617.0,12259.0,7883.0,13847.0,2918.0,14857.0,21.982000000000003,87.652,3908.125,1999.216
2050,medium_district,29,Airport-Rose Park,,,,,,,,,29,Airport-Rose Park,,,23424.0,56663.287000000004,2.419,60665.0,4651.0,14910.0,41104.0,67156.133,2737.0,1914.0,2617.0,12293.0,8376.0,14364.0,3047.0,15317.0,22.0,88.612,4320.786,2059.736
2051,medium_district,29,Airport-Rose Park,,,,,,,,,29,Airport-Rose Park,,,23928.0,57547.604,2.405,62255.0,4875.0,14913.0,42467.0,69155.735,2885.0,1990.0,2616.0,12297.0,8816.0,14654.0,3213.0,15784.0,21.982000000000003,89.412,4655.963,2133.382
2052,medium_district,29,Airport-Rose Park,,,,,,,,,29,Airport-Rose Park,,,24469.0,58555.241,2.393,64174.0,5134.0,14937.0,44103.0,71283.996,3068.0,2066.0,2616.0,12321.0,9261.0,15059.0,3434.0,16349.0,22.0,90.337,4788.391,2209.27
2053,medium_district,29,Airport-Rose Park,,,,,,,,,29,Airport-Rose Park,,,24897.0,59257.481999999996,2.38,66359.0,5402.0,14966.0,45991.0,73561.43,3250.0,2152.0,2616.0,12350.0,9758.0,15484.0,3652.0,17097.0,22.0,91.368,4813.181,2275.886
2054,medium_district,29,Airport-Rose Park,,,,,,,,,29,Airport-Rose Park,,,25122.0,59548.658,2.37,69163.0,6152.0,14477.0,48534.0,77649.941,3789.0,2363.0,2160.0,12317.0,10356.0,16082.0,3930.0,18166.0,22.0,92.097,6048.0380000000005,2324.806
2055,medium_district,29,Airport-Rose Park,,,,,,,,,29,Airport-Rose Park,,,27042.0,64009.267,2.367,71741.0,6504.0,14507.0,50730.0,79356.605,4029.0,2475.0,2160.0,12347.0,10893.0,16631.0,4174.0,19032.0,22.0,92.542,4965.974,2535.091
2056,medium_district,29,Airport-Rose Park,,,,,,,,,29,Airport-Rose Park,,,26527.0,62748.962,2.365,75457.0,6969.0,14564.0,53924.0,85126.502,4338.0,2631.0,2160.0,12404.0,11505.0,17450.0,4591.0,20378.0,22.017999999999997,92.115,7034.491,2520.882
2057,medium_district,29,Airport-Rose Park,,,,,,,,,29,Airport-Rose Park,,,26542.0,62942.216,2.371,79504.0,7356.0,14613.0,57535.0,88296.746,4568.0,2788.0,2160.0,12453.0,12596.0,18132.0,4967.0,21840.0,22.017999999999997,90.603,6121.723,2558.4
2058,medium_district,29,Airport-Rose Park,,,,,,,,,29,Airport-Rose Park,,,26541.0,63117.538,2.378,82764.0,7798.0,14663.0,60303.0,91523.252,4803.0,2995.0,2160.0,12503.0,13272.0,18684.0,5340.0,23007.0,22.0,89.199,6043.935,2604.117
2059,medium_district,29,Airport-Rose Park,,,,,,,,,29,Airport-Rose Park,,,26541.0,63421.643000000004,2.39,85305.0,8090.0,14464.0,62751.0,94042.305,4999.0,3091.0,1949.0,12515.0,13939.0,19186.0,5668.0,23958.0,22.0,88.292,5978.6179999999995,2648.398
2060,medium_district,29,Airport-Rose Park,,,,,,,,,29,Airport-Rose Park,,,26542.0,63757.015,2.402,87873.0,8449.0,14327.0,65097.0,97663.135,5227.0,3222.0,1822.0,12505.0,14557.0,19718.0,5965.0,24857.0,22.037000000000003,87.829,6984.753,2695.517
2061,medium_district,29,Airport-Rose Park,,,,,,,,,29,Airport-Rose Park,,,26543.0,64151.79,2.417,90928.0,9014.0,14314.0,67600.0,100199.275,5488.0,3526.0,1822.0,12492.0,15147.0,20228.0,6272.0,25953.0,22.0,87.58,6417.814,2743.883
2062,medium_district,29,Airport-Rose Park,,,,,,,,,29,Airport-Rose Park,,,26547.0,64493.880000000005,2.429,93119.0,9283.0,14313.0,69523.0,102427.987,5653.0,3630.0,1822.0,12491.0,15644.0,20657.0,6541.0,26681.0,22.037000000000003,87.403,6410.668,2788.883
2063,medium_district,29,Airport-Rose Park,,,,,,,,,29,Airport-Rose Park,,,26547.0,64799.363,2.441,95332.0,9549.0,14210.0,71573.0,106079.45300000001,5825.0,3724.0,1821.0,12389.0,16213.0,21164.0,6844.0,27352.0,22.037000000000003,87.26,7801.723,2836.435
2064,medium_district,29,Airport-Rose Park,,,,,,,,,29,Airport-Rose Park,,,26548.0,65186.861,2.455,97728.0,9799.0,14236.0,73693.0,107111.912,5990.0,3809.0,1821.0,12415.0,16670.0,21671.0,7182.0,28170.0,22.0,87.136,6379.379,2895.395
2065,medium_district,29,Airport-Rose Park,,,,,,,,,29,Airport-Rose Park,,,26548.0,65535.167,2.469,100147.0,10084.0,14276.0,75787.0,109810.115,6166.0,3918.0,1821.0,12455.0,17117.0,22183.0,7517.0,28970.0,22.037000000000003,87.029,6615.091,2938.959
2023,medium_district,3,"Brigham City, North Perry",,,,,,,,,3,"Brigham City, North Perry",,,8678.0,24838.0,2.862,13778.0,2985.0,3372.0,7421.0,16193.0,1741.0,1244.0,2743.0,629.0,795.0,1998.0,1222.0,3406.0,565.0,10.0,1330.0,510.0
2024,medium_district,3,"Brigham City, North Perry",,,,,,,,,3,"Brigham City, North Perry",,,8816.0,24998.0,2.836,13530.0,2915.0,3197.0,7418.0,16155.0,1765.0,1150.0,2556.0,641.0,830.0,2127.0,1276.0,3185.0,562.0,11.0,1554.0,498.0
2025,medium_district,3,"Brigham City, North Perry",,,,,,,,,3,"Brigham City, North Perry",,,8968.0,25185.0,2.808,13749.0,2927.0,3262.0,7560.0,16459.0,1774.0,1153.0,2597.0,665.0,835.0,2164.0,1329.0,3232.0,562.0,11.0,1590.0,547.0
2026,medium_district,3,"Brigham City, North Perry",,,,,,,,,3,"Brigham City, North Perry",,,9123.0,25416.0,2.786,13872.0,2940.0,3308.0,7624.0,16620.0,1774.0,1166.0,2624.0,684.0,826.0,2177.0,1364.0,3257.0,561.0,12.0,1619.0,556.0
2027,medium_district,3,"Brigham City, North Perry",,,,,,,,,3,"Brigham City, North Perry",,,9301.0,25593.0,2.752,14038.0,2962.0,3345.0,7731.0,16843.0,1792.0,1170.0,2644.0,701.0,818.0,2208.0,1401.0,3304.0,560.0,12.0,1664.0,569.0
2028,medium_district,3,"Brigham City, North Perry",,,,,,,,,3,"Brigham City, North Perry",,,9358.0,25401.0,2.714,14198.0,2984.0,3379.0,7835.0,17063.0,1807.0,1177.0,2665.0,714.0,817.0,2231.0,1429.0,3358.0,559.0,12.0,1714.0,580.0
2029,medium_district,3,"Brigham City, North Perry",,,,,,,,,3,"Brigham City, North Perry",,,9413.0,25213.0,2.679,14360.0,3002.0,3431.0,7927.0,17278.0,1823.0,1179.0,2703.0,728.0,822.0,2249.0,1450.0,3406.0,555.0,11.0,1760.0,592.0
2030,medium_district,3,"Brigham City, North Perry",,,,,,,,,3,"Brigham City, North Perry",,,9518.0,25129.0,2.64,14552.0,3022.0,3500.0,8030.0,17518.0,1847.0,1175.0,2708.0,742.0,778.0,2269.0,1479.0,3454.0,553.0,11.0,1797.0,605.0
2031,medium_district,3,"Brigham City, North Perry",,,,,,,,,3,"Brigham City, North Perry",,,9556.0,24902.0,2.606,14691.0,3039.0,3558.0,8094.0,17689.0,1874.0,1165.0,2805.0,753.0,832.0,2274.0,1500.0,3488.0,552.0,11.0,1817.0,618.0
2032,medium_district,3,"Brigham City, North Perry",,,,,,,,,3,"Brigham City, North Perry",,,9643.0,24733.0,2.565,14855.0,3052.0,3612.0,8191.0,17894.0,1894.0,1158.0,2849.0,763.0,835.0,2291.0,1526.0,3539.0,552.0,12.0,1841.0,634.0
2033,medium_district,3,"Brigham City, North Perry",,,,,,,,,3,"Brigham City, North Perry",,,9709.0,24579.0,2.532,14979.0,3066.0,3656.0,8257.0,18050.0,1908.0,1158.0,2883.0,773.0,842.0,2295.0,1544.0,3576.0,552.0,12.0,1862.0,645.0
2034,medium_district,3,"Brigham City, North Perry",,,,,,,,,3,"Brigham City, North Perry",,,9802.0,24479.0,2.497,15185.0,3130.0,3668.0,8387.0,18296.0,1930.0,1200.0,2901.0,767.0,853.0,2308.0,1565.0,3661.0,551.0,13.0,1887.0,660.0
2035,medium_district,3,"Brigham City, North Perry",,,,,,,,,3,"Brigham City, North Perry",,,9873.0,24329.0,2.464,15091.0,3078.0,3672.0,8341.0,18227.0,1925.0,1153.0,2819.0,753.0,762.0,2312.0,1572.0,3595.0,553.0,13.0,1902.0,668.0
2036,medium_district,3,"Brigham City, North Perry",,,,,,,,,3,"Brigham City, North Perry",,,10062.0,24539.0,2.439,15016.0,3094.0,3595.0,8327.0,18189.0,1935.0,1159.0,2852.0,743.0,770.0,2332.0,1590.0,3635.0,556.0,13.0,1922.0,682.0
2037,medium_district,3,"Brigham City, North Perry",,,,,,,,,3,"Brigham City, North Perry",,,10227.0,24810.0,2.426,15135.0,3115.0,3621.0,8399.0,18325.0,1948.0,1167.0,2886.0,735.0,777.0,2345.0,1605.0,3672.0,557.0,13.0,1926.0,694.0
2038,medium_district,3,"Brigham City, North Perry",,,,,,,,,3,"Brigham City, North Perry",,,10421.0,25046.0,2.403,15277.0,3138.0,3646.0,8493.0,18481.0,1967.0,1171.0,2916.0,730.0,783.0,2363.0,1624.0,3723.0,557.0,13.0,1927.0,707.0
2039,medium_district,3,"Brigham City, North Perry",,,,,,,,,3,"Brigham City, North Perry",,,10601.0,25292.0,2.386,15417.0,3161.0,3669.0,8587.0,18637.0,1985.0,1176.0,2944.0,725.0,790.0,2383.0,1641.0,3773.0,557.0,13.0,1929.0,721.0
2040,medium_district,3,"Brigham City, North Perry",,,,,,,,,3,"Brigham City, North Perry",,,10788.0,25595.0,2.373,15554.0,3188.0,3688.0,8678.0,18784.0,2006.0,1182.0,2968.0,720.0,797.0,2402.0,1659.0,3820.0,558.0,13.0,1927.0,732.0
2041,medium_district,3,"Brigham City, North Perry",,,,,,,,,3,"Brigham City, North Perry",,,10965.0,25846.0,2.357,15677.0,3212.0,3708.0,8757.0,18916.0,2025.0,1187.0,2990.0,718.0,798.0,2421.0,1676.0,3862.0,559.0,13.0,1922.0,745.0
2042,medium_district,3,"Brigham City, North Perry",,,,,,,,,3,"Brigham City, North Perry",,,11153.0,26098.0,2.34,15800.0,3235.0,3722.0,8843.0,19049.0,2042.0,1193.0,3008.0,714.0,809.0,2440.0,1690.0,3904.0,559.0,14.0,1920.0,756.0
2043,medium_district,3,"Brigham City, North Perry",,,,,,,,,3,"Brigham City, North Perry",,,11319.0,26397.0,2.332,15908.0,3260.0,3733.0,8915.0,19170.0,2063.0,1197.0,3022.0,711.0,815.0,2459.0,1700.0,3941.0,559.0,14.0,1918.0,771.0
2044,medium_district,3,"Brigham City, North Perry",,,,,,,,,3,"Brigham City, North Perry",,,11512.0,26658.0,2.316,16009.0,3274.0,3742.0,8993.0,19281.0,2075.0,1199.0,3034.0,708.0,825.0,2477.0,1712.0,3979.0,559.0,14.0,1914.0,785.0
2045,medium_district,3,"Brigham City, North Perry",,,,,,,,,3,"Brigham City, North Perry",,,11682.0,26973.0,2.309,16122.0,3297.0,3760.0,9065.0,19410.0,2095.0,1202.0,3054.0,706.0,831.0,2497.0,1725.0,4012.0,559.0,14.0,1920.0,795.0
2046,medium_district,3,"Brigham City, North Perry",,,,,,,,,3,"Brigham City, North Perry",,,11881.0,27248.0,2.293,16235.0,3319.0,3775.0,9141.0,19554.0,2114.0,1205.0,3073.0,702.0,844.0,2516.0,1736.0,4045.0,559.0,14.0,1938.0,808.0
2047,medium_district,3,"Brigham City, North Perry",,,,,,,,,3,"Brigham City, North Perry",,,12083.0,27579.0,2.282,16337.0,3332.0,3793.0,9212.0,19701.0,2127.0,1205.0,3093.0,700.0,857.0,2535.0,1749.0,4071.0,559.0,14.0,1966.0,825.0
2048,medium_district,3,"Brigham City, North Perry",,,,,,,,,3,"Brigham City, North Perry",,,12263.0,27864.0,2.272,16438.0,3356.0,3810.0,9272.0,19851.0,2148.0,1208.0,3114.0,696.0,869.0,2551.0,1759.0,4093.0,559.0,14.0,2003.0,837.0
2049,medium_district,3,"Brigham City, North Perry",,,,,,,,,3,"Brigham City, North Perry",,,12465.0,28204.0,2.263,16539.0,3373.0,3829.0,9337.0,20012.0,2164.0,1209.0,3135.0,694.0,883.0,2570.0,1769.0,4115.0,559.0,14.0,2045.0,855.0
2050,medium_district,3,"Brigham City, North Perry",,,,,,,,,3,"Brigham City, North Perry",,,12648.0,28485.0,2.252,16633.0,3389.0,3846.0,9398.0,20164.0,2179.0,1210.0,3156.0,690.0,893.0,2590.0,1778.0,4137.0,559.0,15.0,2087.0,870.0
2051,medium_district,3,"Brigham City, North Perry",,,,,,,,,3,"Brigham City, North Perry",,,12856.0,28818.0,2.242,16696.0,3407.0,3867.0,9422.0,20277.0,2196.0,1211.0,3180.0,687.0,905.0,2596.0,1780.0,4141.0,558.0,15.0,2129.0,879.0
2052,medium_district,3,"Brigham City, North Perry",,,,,,,,,3,"Brigham City, North Perry",,,13056.0,29082.0,2.227,16775.0,3419.0,3885.0,9471.0,20420.0,2208.0,1211.0,3201.0,684.0,911.0,2614.0,1787.0,4159.0,558.0,15.0,2177.0,895.0
2053,medium_district,3,"Brigham City, North Perry",,,,,,,,,3,"Brigham City, North Perry",,,13228.0,29395.0,2.222,16846.0,3427.0,3898.0,9521.0,20553.0,2217.0,1210.0,3217.0,681.0,916.0,2630.0,1795.0,4180.0,558.0,15.0,2226.0,908.0
2054,medium_district,3,"Brigham City, North Perry",,,,,,,,,3,"Brigham City, North Perry",,,13430.0,29648.0,2.208,16911.0,3442.0,3909.0,9560.0,20678.0,2232.0,1210.0,3231.0,678.0,921.0,2646.0,1799.0,4194.0,557.0,15.0,2274.0,921.0
2055,medium_district,3,"Brigham City, North Perry",,,,,,,,,3,"Brigham City, North Perry",,,13633.0,29952.0,2.197,16939.0,3450.0,3915.0,9574.0,20762.0,2242.0,1208.0,3241.0,674.0,922.0,2656.0,1797.0,4199.0,555.0,15.0,2317.0,936.0
2056,medium_district,3,"Brigham City, North Perry",,,,,,,,,3,"Brigham City, North Perry",,,13810.0,30198.0,2.187,16991.0,3452.0,3919.0,9620.0,20863.0,2247.0,1205.0,3247.0,672.0,925.0,2673.0,1805.0,4217.0,555.0,15.0,2354.0,948.0
2057,medium_district,3,"Brigham City, North Perry",,,,,,,,,3,"Brigham City, North Perry",,,14013.0,30499.0,2.176,17034.0,3449.0,3924.0,9661.0,20943.0,2250.0,1199.0,3255.0,669.0,929.0,2686.0,1812.0,4234.0,555.0,15.0,2381.0,958.0
2058,medium_district,3,"Brigham City, North Perry",,,,,,,,,3,"Brigham City, North Perry",,,14188.0,30734.0,2.166,17059.0,3448.0,3933.0,9678.0,20983.0,2254.0,1194.0,3267.0,666.0,933.0,2694.0,1813.0,4238.0,553.0,15.0,2394.0,962.0
2059,medium_district,3,"Brigham City, North Perry",,,,,,,,,3,"Brigham City, North Perry",,,14395.0,31031.0,2.156,17089.0,3447.0,3938.0,9704.0,21046.0,2258.0,1189.0,3276.0,662.0,934.0,2704.0,1818.0,4248.0,552.0,15.0,2411.0,979.0
2060,medium_district,3,"Brigham City, North Perry",,,,,,,,,3,"Brigham City, North Perry",,,14601.0,31324.0,2.145,17138.0,3445.0,3947.0,9746.0,21121.0,2261.0,1184.0,3286.0,661.0,936.0,2720.0,1825.0,4265.0,551.0,15.0,2428.0,989.0
2061,medium_district,3,"Brigham City, North Perry",,,,,,,,,3,"Brigham City, North Perry",,,14802.0,31558.0,2.132,17152.0,3444.0,3953.0,9755.0,21152.0,2266.0,1178.0,3295.0,658.0,939.0,2723.0,1827.0,4266.0,549.0,15.0,2440.0,996.0
2062,medium_district,3,"Brigham City, North Perry",,,,,,,,,3,"Brigham City, North Perry",,,14986.0,31854.0,2.126,17201.0,3444.0,3960.0,9797.0,21242.0,2269.0,1175.0,3304.0,656.0,942.0,2737.0,1833.0,4285.0,549.0,15.0,2463.0,1014.0
2063,medium_district,3,"Brigham City, North Perry",,,,,,,,,3,"Brigham City, North Perry",,,15190.0,32087.0,2.112,17253.0,3443.0,3971.0,9839.0,21320.0,2272.0,1171.0,3318.0,653.0,945.0,2751.0,1839.0,4304.0,549.0,14.0,2480.0,1024.0
2064,medium_district,3,"Brigham City, North Perry",,,,,,,,,3,"Brigham City, North Perry",,,15402.0,32384.0,2.103,17280.0,3445.0,3981.0,9854.0,21369.0,2276.0,1169.0,3330.0,651.0,948.0,2757.0,1841.0,4308.0,547.0,14.0,2490.0,1038.0
2065,medium_district,3,"Brigham City, North Perry",,,,,,,,,3,"Brigham City, North Perry",,,15575.0,32614.0,2.094,17329.0,3444.0,3991.0,9894.0,21443.0,2279.0,1165.0,3342.0,649.0,950.0,2770.0,1847.0,4327.0,547.0,14.0,2504.0,1049.0
2023,medium_district,30,"I-15 to MVC, I-80 to 20",,,,,,,,,30,"I-15 to MVC, I-80 to 20",,,6830.0,20317.37,2.975,67797.0,5349.0,35767.0,26681.0,72703.471,3971.0,1378.0,13168.0,22599.0,6855.0,4861.0,1225.0,13740.0,0.0,900.755,3568.78,436.937
2024,medium_district,30,"I-15 to MVC, I-80 to 20",,,,,,,,,30,"I-15 to MVC, I-80 to 20",,,6833.0,20135.836,2.947,68777.0,5507.0,35545.0,27725.0,72961.831,4045.0,1462.0,12670.0,22875.0,6863.0,5337.0,1405.0,14120.0,0.0,922.325,2834.426,428.07800000000003
2025,medium_district,30,"I-15 to MVC, I-80 to 20",,,,,,,,,30,"I-15 to MVC, I-80 to 20",,,6873.0,20035.762,2.915,69984.0,5604.0,35895.0,28485.0,74526.318,4122.0,1482.0,12667.0,23228.0,6937.0,5498.0,1612.0,14438.0,0.0,911.2429999999999,3164.908,466.164
2026,medium_district,30,"I-15 to MVC, I-80 to 20",,,,,,,,,30,"I-15 to MVC, I-80 to 20",,,6887.0,19868.79,2.885,70343.0,5614.0,35995.0,28734.0,75186.308,4118.0,1496.0,12660.0,23335.0,6882.0,5523.0,1750.0,14579.0,0.0,930.635,3446.596,466.07500000000005
2027,medium_district,30,"I-15 to MVC, I-80 to 20",,,,,,,,,30,"I-15 to MVC, I-80 to 20",,,6928.0,19777.334,2.855,71098.0,5747.0,36197.0,29154.0,76159.545,4226.0,1521.0,12658.0,23539.0,6864.0,5596.0,1881.0,14813.0,0.0,943.3,3640.185,478.056
2028,medium_district,30,"I-15 to MVC, I-80 to 20",,,,,,,,,30,"I-15 to MVC, I-80 to 20",,,6962.0,19680.419,2.827,71519.0,5763.0,36225.0,29531.0,76393.275,4245.0,1518.0,12658.0,23567.0,6909.0,5662.0,1942.0,15018.0,0.0,897.985,3494.277,482.015
2029,medium_district,30,"I-15 to MVC, I-80 to 20",,,,,,,,,30,"I-15 to MVC, I-80 to 20",,,6994.0,19580.756,2.8,71941.0,5783.0,36279.0,29879.0,76683.725,4276.0,1507.0,12657.0,23622.0,6956.0,5705.0,2002.0,15216.0,0.0,841.985,3412.665,488.075
2030,medium_district,30,"I-15 to MVC, I-80 to 20",,,,,,,,,30,"I-15 to MVC, I-80 to 20",,,7017.0,19462.907,2.774,72464.0,5848.0,36291.0,30325.0,77374.818,4350.0,1498.0,12657.0,23634.0,7030.0,5756.0,2101.0,15438.0,0.0,824.175,3594.5789999999997,492.057
2031,medium_district,30,"I-15 to MVC, I-80 to 20",,,,,,,,,30,"I-15 to MVC, I-80 to 20",,,7033.0,19319.343,2.747,72802.0,5934.0,36315.0,30553.0,77613.762,4446.0,1488.0,12650.0,23665.0,7069.0,5755.0,2151.0,15578.0,0.0,825.956,3489.7889999999998,496.01300000000003
2032,medium_district,30,"I-15 to MVC, I-80 to 20",,,,,,,,,30,"I-15 to MVC, I-80 to 20",,,7059.0,19237.67,2.725,73249.0,6050.0,36315.0,30884.0,78086.524,4554.0,1496.0,12625.0,23690.0,7123.0,5759.0,2210.0,15792.0,0.0,863.553,3472.1259999999997,501.84499999999997
2033,medium_district,30,"I-15 to MVC, I-80 to 20",,,,,,,,,30,"I-15 to MVC, I-80 to 20",,,7115.0,19256.351,2.706,73595.0,6105.0,36312.0,31178.0,78275.69,4612.0,1493.0,12619.0,23693.0,7195.0,5765.0,2243.0,15975.0,0.0,903.922,3268.617,508.155
2034,medium_district,30,"I-15 to MVC, I-80 to 20",,,,,,,,,30,"I-15 to MVC, I-80 to 20",,,7161.0,19238.055,2.687,73947.0,6213.0,36294.0,31440.0,78728.248,4657.0,1556.0,12597.0,23697.0,7248.0,5784.0,2289.0,16119.0,0.0,939.539,3321.614,520.097
2035,medium_district,30,"I-15 to MVC, I-80 to 20",,,,,,,,,30,"I-15 to MVC, I-80 to 20",,,7190.0,19196.539,2.67,73595.0,6192.0,36000.0,31403.0,78583.474,4680.0,1512.0,12594.0,23406.0,7307.0,5780.0,2294.0,16022.0,0.0,950.621,3514.8450000000003,523.012
2036,medium_district,30,"I-15 to MVC, I-80 to 20",,,,,,,,,30,"I-15 to MVC, I-80 to 20",,,7250.0,19222.321,2.651,73729.0,6260.0,35839.0,31630.0,78670.981,4729.0,1531.0,12589.0,23250.0,7364.0,5796.0,2309.0,16161.0,0.0,943.102,3466.863,532.012
2037,medium_district,30,"I-15 to MVC, I-80 to 20",,,,,,,,,30,"I-15 to MVC, I-80 to 20",,,7093.0,18641.511,2.628,74119.0,6168.0,36153.0,31798.0,78921.919,4648.0,1520.0,12799.0,23354.0,7372.0,5783.0,2328.0,16315.0,0.0,933.9989999999999,3341.944,526.9739999999999
2038,medium_district,30,"I-15 to MVC, I-80 to 20",,,,,,,,,30,"I-15 to MVC, I-80 to 20",,,7122.0,18610.472,2.613,74488.0,6263.0,36156.0,32069.0,79115.652,4716.0,1547.0,12780.0,23376.0,7402.0,5814.0,2365.0,16488.0,0.0,931.0319999999999,3159.649,536.9739999999999
2039,medium_district,30,"I-15 to MVC, I-80 to 20",,,,,,,,,30,"I-15 to MVC, I-80 to 20",,,7145.0,18595.533,2.603,74754.0,6310.0,36171.0,32273.0,79344.215,4752.0,1558.0,12773.0,23398.0,7431.0,5841.0,2384.0,16617.0,0.0,929.448,3116.767,544.0
2040,medium_district,30,"I-15 to MVC, I-80 to 20",,,,,,,,,30,"I-15 to MVC, I-80 to 20",,,7172.0,18583.591,2.591,75016.0,6371.0,36196.0,32449.0,79680.352,4783.0,1588.0,12771.0,23425.0,7452.0,5861.0,2412.0,16724.0,0.0,929.25,3183.282,551.822
2041,medium_district,30,"I-15 to MVC, I-80 to 20",,,,,,,,,30,"I-15 to MVC, I-80 to 20",,,7198.0,18567.765,2.58,75273.0,6451.0,36213.0,32609.0,79786.653,4829.0,1622.0,12762.0,23451.0,7490.0,5881.0,2444.0,16794.0,0.0,933.01,3020.485,560.153
2042,medium_district,30,"I-15 to MVC, I-80 to 20",,,,,,,,,30,"I-15 to MVC, I-80 to 20",,,7248.0,18622.48,2.569,75509.0,6509.0,36203.0,32797.0,79913.693,4872.0,1637.0,12738.0,23465.0,7524.0,5906.0,2464.0,16903.0,0.0,941.915,2891.972,570.81
2043,medium_district,30,"I-15 to MVC, I-80 to 20",,,,,,,,,30,"I-15 to MVC, I-80 to 20",,,7445.0,19024.577,2.555,75222.0,6556.0,35785.0,32881.0,80476.122,4911.0,1645.0,12386.0,23399.0,7542.0,5927.0,2436.0,16976.0,0.0,949.434,3710.729,593.967
2044,medium_district,30,"I-15 to MVC, I-80 to 20",,,,,,,,,30,"I-15 to MVC, I-80 to 20",,,7610.0,19348.901,2.543,74985.0,6523.0,35800.0,32662.0,79699.281,4871.0,1652.0,12371.0,23429.0,7490.0,5881.0,2438.0,16853.0,0.0,948.4440000000001,3148.86,616.975
2045,medium_district,30,"I-15 to MVC, I-80 to 20",,,,,,,,,30,"I-15 to MVC, I-80 to 20",,,7754.0,19656.852,2.535,74571.0,6425.0,35804.0,32342.0,79320.876,4793.0,1632.0,12359.0,23445.0,7463.0,5859.0,2425.0,16595.0,0.0,946.465,3168.506,634.911
2046,medium_district,30,"I-15 to MVC, I-80 to 20",,,,,,,,,30,"I-15 to MVC, I-80 to 20",,,7919.0,20060.249,2.533,74719.0,6475.0,35801.0,32443.0,79379.357,4825.0,1650.0,12335.0,23466.0,7475.0,5882.0,2445.0,16641.0,0.0,947.059,3055.308,657.989
2047,medium_district,30,"I-15 to MVC, I-80 to 20",,,,,,,,,30,"I-15 to MVC, I-80 to 20",,,8016.0,20231.417,2.524,74914.0,6510.0,35772.0,32632.0,79781.611,4842.0,1668.0,12289.0,23483.0,7506.0,5902.0,2471.0,16753.0,0.0,953.787,3236.704,677.119
2048,medium_district,30,"I-15 to MVC, I-80 to 20",,,,,,,,,30,"I-15 to MVC, I-80 to 20",,,8206.0,20696.641,2.522,75190.0,6591.0,35649.0,32950.0,82631.65699999999,4898.0,1693.0,12268.0,23381.0,7565.0,5947.0,2501.0,16937.0,0.0,964.4730000000001,5775.128,702.057
2049,medium_district,30,"I-15 to MVC, I-80 to 20",,,,,,,,,30,"I-15 to MVC, I-80 to 20",,,8477.0,21317.338,2.515,75739.0,6668.0,35706.0,33365.0,81039.258,4948.0,1720.0,12268.0,23438.0,7617.0,5994.0,2608.0,17146.0,0.0,975.3570000000001,3592.191,732.7139999999999
2050,medium_district,30,"I-15 to MVC, I-80 to 20",,,,,,,,,30,"I-15 to MVC, I-80 to 20",,,8945.0,22410.767,2.505,76303.0,6761.0,35776.0,33766.0,81846.791,5016.0,1745.0,12267.0,23509.0,7668.0,6063.0,2659.0,17376.0,0.0,986.0419999999999,3772.846,784.898
2051,medium_district,30,"I-15 to MVC, I-80 to 20",,,,,,,,,30,"I-15 to MVC, I-80 to 20",,,9382.0,23410.463,2.495,76727.0,6846.0,35810.0,34071.0,82368.828,5085.0,1761.0,12248.0,23562.0,7708.0,6116.0,2700.0,17547.0,0.0,994.9469999999999,3807.733,839.146
2052,medium_district,30,"I-15 to MVC, I-80 to 20",,,,,,,,,30,"I-15 to MVC, I-80 to 20",,,9857.0,24491.557,2.485,77144.0,6943.0,35857.0,34344.0,82944.243,5157.0,1786.0,12248.0,23609.0,7739.0,6174.0,2743.0,17688.0,0.0,1005.236,3902.898,892.11
2053,medium_district,30,"I-15 to MVC, I-80 to 20",,,,,,,,,30,"I-15 to MVC, I-80 to 20",,,10188.0,25272.657,2.481,77547.0,7007.0,35923.0,34617.0,83413.423,5198.0,1809.0,12248.0,23675.0,7762.0,6227.0,2788.0,17840.0,0.0,1016.714,3916.759,932.952
2054,medium_district,30,"I-15 to MVC, I-80 to 20",,,,,,,,,30,"I-15 to MVC, I-80 to 20",,,10361.0,25571.814,2.468,77992.0,7118.0,35992.0,34882.0,83911.974,5277.0,1841.0,12245.0,23747.0,7777.0,6287.0,2816.0,18002.0,0.0,1024.828,3937.228,957.922
2055,medium_district,30,"I-15 to MVC, I-80 to 20",,,,,,,,,30,"I-15 to MVC, I-80 to 20",,,10527.0,25830.743,2.454,78115.0,7183.0,36054.0,34878.0,84340.018,5328.0,1855.0,12245.0,23809.0,7727.0,6267.0,2848.0,18036.0,0.0,1029.7740000000001,4207.593,987.645
2056,medium_district,30,"I-15 to MVC, I-80 to 20",,,,,,,,,30,"I-15 to MVC, I-80 to 20",,,10821.0,26537.014,2.452,78487.0,7244.0,36127.0,35116.0,84658.447,5371.0,1873.0,12245.0,23882.0,7745.0,6312.0,2883.0,18176.0,0.0,1025.0240000000001,4118.476,1027.95
2057,medium_district,30,"I-15 to MVC, I-80 to 20",,,,,,,,,30,"I-15 to MVC, I-80 to 20",,,10890.0,26749.597,2.456,78825.0,7292.0,36189.0,35344.0,85127.21399999999,5405.0,1887.0,12245.0,23944.0,7766.0,6348.0,2909.0,18321.0,0.0,1008.205,4244.843,1049.163
2058,medium_district,30,"I-15 to MVC, I-80 to 20",,,,,,,,,30,"I-15 to MVC, I-80 to 20",,,10889.0,26824.175,2.463,79175.0,7372.0,36251.0,35552.0,85635.806,5458.0,1914.0,12245.0,24006.0,7788.0,6367.0,2941.0,18456.0,0.0,992.572,4399.184,1069.051
2059,medium_district,30,"I-15 to MVC, I-80 to 20",,,,,,,,,30,"I-15 to MVC, I-80 to 20",,,11068.0,27255.301,2.463,79447.0,7416.0,36284.0,35747.0,86682.262,5495.0,1921.0,12237.0,24047.0,7809.0,6409.0,2971.0,18558.0,0.0,982.481,5149.617,1103.166
2060,medium_district,30,"I-15 to MVC, I-80 to 20",,,,,,,,,30,"I-15 to MVC, I-80 to 20",,,11059.0,27384.336,2.476,79884.0,7490.0,36366.0,36028.0,86857.784,5549.0,1941.0,12237.0,24129.0,7838.0,6452.0,3031.0,18707.0,0.0,977.336,4870.235,1126.2150000000001
2061,medium_district,30,"I-15 to MVC, I-80 to 20",,,,,,,,,30,"I-15 to MVC, I-80 to 20",,,11219.0,27825.93,2.48,80282.0,7579.0,36418.0,36285.0,87203.499,5607.0,1972.0,12232.0,24186.0,7852.0,6479.0,3067.0,18887.0,0.0,974.565,4786.986,1159.9479999999999
2062,medium_district,30,"I-15 to MVC, I-80 to 20",,,,,,,,,30,"I-15 to MVC, I-80 to 20",,,11220.0,27972.825,2.493,80661.0,7634.0,36473.0,36554.0,87650.332,5647.0,1987.0,12232.0,24241.0,7878.0,6516.0,3110.0,19050.0,0.0,972.5859999999999,4838.789,1177.949
2063,medium_district,30,"I-15 to MVC, I-80 to 20",,,,,,,,,30,"I-15 to MVC, I-80 to 20",,,11391.0,28396.59,2.493,80991.0,7697.0,36503.0,36791.0,88102.336,5696.0,2001.0,12222.0,24281.0,7898.0,6572.0,3145.0,19176.0,0.0,971.003,4922.151,1218.185
2064,medium_district,30,"I-15 to MVC, I-80 to 20",,,,,,,,,30,"I-15 to MVC, I-80 to 20",,,11391.0,28569.448,2.508,81362.0,7762.0,36545.0,37055.0,88530.78,5742.0,2020.0,12222.0,24323.0,7918.0,6619.0,3191.0,19327.0,0.0,969.6179999999999,4958.99,1240.17
2065,medium_district,30,"I-15 to MVC, I-80 to 20",,,,,,,,,30,"I-15 to MVC, I-80 to 20",,,11393.0,28726.304,2.521,81757.0,7826.0,36606.0,37325.0,89123.03,5795.0,2031.0,12222.0,24384.0,7940.0,6675.0,3248.0,19462.0,0.0,968.43,5135.615,1261.984
2023,medium_district,31,WVC-Taylors,,,,,,,,,31,WVC-Taylors,,,67580.0,215595.111,3.19,126789.0,20447.0,25807.0,80535.0,139692.657,12170.0,8277.0,10308.0,15499.0,16766.0,20036.0,6603.0,37130.0,20.047,10.333,8539.893,4333.3859999999995
2024,medium_district,31,WVC-Taylors,,,,,,,,,31,WVC-Taylors,,,67885.0,214268.409,3.156,128456.0,20584.0,25759.0,82113.0,139451.816,12195.0,8389.0,10071.0,15688.0,16797.0,20716.0,6840.0,37760.0,20.113,10.582,6715.366,4249.766
2025,medium_district,31,WVC-Taylors,,,,,,,,,31,WVC-Taylors,,,68428.0,213614.73,3.122,129800.0,20665.0,25909.0,83226.0,143189.98,12286.0,8379.0,10065.0,15844.0,16938.0,20944.0,7176.0,38168.0,20.080000000000002,10.453,8694.792,4664.659
2026,medium_district,31,WVC-Taylors,,,,,,,,,31,WVC-Taylors,,,69016.0,213087.312,3.088,129938.0,20598.0,25969.0,83371.0,143505.634,12212.0,8386.0,10060.0,15909.0,16754.0,20904.0,7330.0,38383.0,20.061999999999998,10.676,8825.151,4711.753
2027,medium_district,31,WVC-Taylors,,,,,,,,,31,WVC-Taylors,,,69474.0,212147.164,3.054,130787.0,20641.0,26093.0,84053.0,144903.118,12284.0,8357.0,10054.0,16039.0,16759.0,21045.0,7517.0,38732.0,20.179999999999996,10.823,9304.522,4780.59
2028,medium_district,31,WVC-Taylors,,,,,,,,,31,WVC-Taylors,,,69838.0,211108.253,3.023,131242.0,20623.0,26113.0,84506.0,145628.017,12315.0,8308.0,10054.0,16059.0,16847.0,20990.0,7609.0,39060.0,20.147000000000002,10.302,9538.424,4817.156
2029,medium_district,31,WVC-Taylors,,,,,,,,,31,WVC-Taylors,,,70359.0,210606.618,2.993,131845.0,20601.0,26138.0,85106.0,145755.823,12358.0,8243.0,10048.0,16090.0,16951.0,21052.0,7707.0,39396.0,21.067999999999998,9.66,8997.367,4882.728
2030,medium_district,31,WVC-Taylors,,,,,,,,,31,WVC-Taylors,,,70638.0,209363.055,2.964,132635.0,20665.0,26149.0,85821.0,146859.493,12485.0,8180.0,10048.0,16101.0,17093.0,21106.0,7891.0,39731.0,20.118,9.455,9243.342,4951.573
2031,medium_district,31,WVC-Taylors,,,,,,,,,31,WVC-Taylors,,,70924.0,208207.03,2.936,132827.0,20692.0,26148.0,85987.0,147370.446,12614.0,8078.0,10036.0,16112.0,17138.0,21058.0,7901.0,39890.0,23.136,9.475,9511.701000000001,4999.149
2032,medium_district,31,WVC-Taylors,,,,,,,,,31,WVC-Taylors,,,71409.0,207786.74,2.91,132360.0,20529.0,26124.0,85707.0,146789.582,12599.0,7930.0,10029.0,16095.0,17073.0,20944.0,7832.0,39858.0,23.177,9.907,9324.066,5072.442
2033,medium_district,31,WVC-Taylors,,,,,,,,,31,WVC-Taylors,,,71894.0,207343.351,2.884,132917.0,20626.0,26110.0,86181.0,146862.99599999998,12717.0,7909.0,10028.0,16082.0,17198.0,20938.0,7866.0,40179.0,23.191,10.369,8762.889,5149.552
2034,medium_district,31,WVC-Taylors,,,,,,,,,31,WVC-Taylors,,,72394.0,207051.189,2.86,133095.0,20587.0,26102.0,86406.0,147358.9,12670.0,7917.0,10019.0,16083.0,17276.0,20902.0,7951.0,40277.0,23.291999999999998,10.778,8968.853,5260.976
2035,medium_district,31,WVC-Taylors,,,,,,,,,31,WVC-Taylors,,,72510.0,205777.197,2.838,132411.0,20311.0,25879.0,86221.0,146864.329,12682.0,7629.0,10019.0,15860.0,17374.0,20866.0,7951.0,40030.0,23.273,10.907,9154.018,5265.142
2036,medium_district,31,WVC-Taylors,,,,,,,,,31,WVC-Taylors,,,72937.0,205612.889,2.819,132347.0,20339.0,25734.0,86274.0,147482.737,12711.0,7628.0,9997.0,15737.0,17433.0,20834.0,7921.0,40086.0,22.293,10.818999999999999,9754.482,5348.144
2037,medium_district,31,WVC-Taylors,,,,,,,,,31,WVC-Taylors,,,73853.0,206908.424,2.802,132781.0,20330.0,25637.0,86814.0,148254.508,12737.0,7593.0,10024.0,15613.0,17485.0,20842.0,8153.0,40334.0,19.19,10.715,9973.872,5469.73
2038,medium_district,31,WVC-Taylors,,,,,,,,,31,WVC-Taylors,,,74931.0,208300.796,2.78,132897.0,20209.0,25631.0,87057.0,147987.124,12682.0,7527.0,10020.0,15611.0,17527.0,20824.0,8176.0,40530.0,20.2,10.681000000000001,9432.515,5626.729
2039,medium_district,31,WVC-Taylors,,,,,,,,,31,WVC-Taylors,,,75739.0,208989.791,2.759,132800.0,20291.0,25597.0,86912.0,147571.626,12749.0,7542.0,10006.0,15591.0,17444.0,20853.0,8210.0,40405.0,20.118,10.663,8981.845,5759.0
2040,medium_district,31,WVC-Taylors,,,,,,,,,31,WVC-Taylors,,,76510.0,209625.434,2.74,132610.0,20048.0,25572.0,86990.0,147564.614,12724.0,7324.0,10000.0,15572.0,17516.0,20905.0,8260.0,40309.0,21.14,10.661,9037.728,5885.085
2041,medium_district,31,WVC-Taylors,,,,,,,,,31,WVC-Taylors,,,77250.0,210307.709,2.722,132777.0,20021.0,25528.0,87228.0,147430.497,12791.0,7230.0,9968.0,15560.0,17626.0,20930.0,8314.0,40358.0,21.124,10.704,8610.034,6011.637
2042,medium_district,31,WVC-Taylors,,,,,,,,,31,WVC-Taylors,,,77805.0,210566.314,2.706,132693.0,19900.0,25483.0,87310.0,147556.135,12787.0,7113.0,9932.0,15551.0,17653.0,20930.0,8290.0,40437.0,21.154,10.806,8706.213,6124.9529999999995
2043,medium_district,31,WVC-Taylors,,,,,,,,,31,WVC-Taylors,,,78561.0,211558.422,2.693,132901.0,19901.0,25479.0,87521.0,147445.41,12813.0,7088.0,9918.0,15561.0,17693.0,20967.0,8323.0,40538.0,21.189999999999998,10.891,8250.731,6261.594
2044,medium_district,31,WVC-Taylors,,,,,,,,,31,WVC-Taylors,,,79200.0,212270.799,2.68,132959.0,19853.0,25488.0,87618.0,147793.695,12776.0,7077.0,9915.0,15573.0,17729.0,20985.0,8330.0,40574.0,22.037,10.879999999999999,8399.053,6402.736
2045,medium_district,31,WVC-Taylors,,,,,,,,,31,WVC-Taylors,,,79778.0,212955.678,2.669,132802.0,19724.0,25476.0,87602.0,147549.921,12727.0,6997.0,9894.0,15582.0,17738.0,20989.0,8322.0,40553.0,22.02,10.859,8181.994,6533.057
2046,medium_district,31,WVC-Taylors,,,,,,,,,31,WVC-Taylors,,,80206.0,213244.896,2.659,132535.0,19254.0,25380.0,87901.0,148759.458,12569.0,6685.0,9781.0,15599.0,17831.0,21034.0,8359.0,40677.0,20.951,10.865,9527.779,6664.859
2047,medium_district,31,WVC-Taylors,,,,,,,,,31,WVC-Taylors,,,80742.0,213695.714,2.647,131551.0,18791.0,25317.0,87443.0,147729.025,12383.0,6408.0,9778.0,15539.0,17745.0,20972.0,8314.0,40412.0,21.019,10.943,9347.858,6798.197
2048,medium_district,31,WVC-Taylors,,,,,,,,,31,WVC-Taylors,,,81531.0,214790.461,2.634,131878.0,18790.0,25341.0,87747.0,147803.196,12416.0,6374.0,9774.0,15567.0,17885.0,21032.0,8341.0,40489.0,21.0,11.064,8929.607,6963.537
2049,medium_district,31,WVC-Taylors,,,,,,,,,31,WVC-Taylors,,,82518.0,216318.542,2.621,132679.0,18941.0,25352.0,88386.0,149172.481,12499.0,6442.0,9770.0,15582.0,18014.0,21119.0,8491.0,40762.0,20.981,11.19,9307.112,7154.191
2050,medium_district,31,WVC-Taylors,,,,,,,,,31,WVC-Taylors,,,83808.0,218659.889,2.609,132895.0,18930.0,25362.0,88603.0,149952.857,12480.0,6450.0,9770.0,15592.0,18090.0,21174.0,8537.0,40802.0,21.0,11.311,9650.477,7375.063
2051,medium_district,31,WVC-Taylors,,,,,,,,,31,WVC-Taylors,,,84844.0,220374.817,2.597,133398.0,19042.0,25352.0,89004.0,150696.199,12573.0,6469.0,9760.0,15592.0,18176.0,21244.0,8604.0,40980.0,20.981,11.414,9703.461,7562.349
2052,medium_district,31,WVC-Taylors,,,,,,,,,31,WVC-Taylors,,,85992.0,222402.764,2.586,133745.0,19178.0,25340.0,89227.0,151733.37099999998,12664.0,6514.0,9743.0,15597.0,18200.0,21351.0,8567.0,41109.0,21.0,11.532,10189.893,7765.949
2053,medium_district,31,WVC-Taylors,,,,,,,,,31,WVC-Taylors,,,86832.0,223658.413,2.576,134405.0,19253.0,25356.0,89796.0,152904.996,12703.0,6550.0,9741.0,15615.0,18336.0,21487.0,8633.0,41340.0,21.0,11.664,10530.736,7936.594
2054,medium_district,31,WVC-Taylors,,,,,,,,,31,WVC-Taylors,,,87452.0,224335.315,2.565,134494.0,19242.0,25356.0,89896.0,153729.453,12788.0,6454.0,9729.0,15627.0,18403.0,21545.0,8727.0,41221.0,21.0,11.758,11106.369,8096.328
2055,medium_district,31,WVC-Taylors,,,,,,,,,31,WVC-Taylors,,,87937.0,224562.958,2.554,135495.0,19404.0,25394.0,90697.0,154667.367,12896.0,6508.0,9727.0,15667.0,18565.0,21720.0,8844.0,41568.0,21.0,11.814,10892.504,8247.043
2056,medium_district,31,WVC-Taylors,,,,,,,,,31,WVC-Taylors,,,88754.0,225529.402,2.541,135956.0,19433.0,25415.0,91108.0,155328.452,12956.0,6477.0,9714.0,15701.0,18616.0,21842.0,8835.0,41815.0,21.019,11.76,10911.077,8428.6
2057,medium_district,31,WVC-Taylors,,,,,,,,,31,WVC-Taylors,,,89065.0,226752.93,2.546,136544.0,19436.0,25475.0,91633.0,156232.426,12960.0,6476.0,9706.0,15769.0,18768.0,21957.0,8930.0,41978.0,21.019,11.567,11063.498,8592.334
2058,medium_district,31,WVC-Taylors,,,,,,,,,31,WVC-Taylors,,,89267.0,227804.182,2.552,137200.0,19521.0,25487.0,92192.0,157360.02,13032.0,6489.0,9690.0,15797.0,18901.0,22079.0,9018.0,42194.0,21.0,11.387,11374.234,8753.399
2059,medium_district,31,WVC-Taylors,,,,,,,,,31,WVC-Taylors,,,89413.0,229206.774,2.563,137432.0,19608.0,25465.0,92359.0,157724.681,13092.0,6516.0,9690.0,15775.0,18936.0,22104.0,9009.0,42310.0,21.0,11.272,11331.069,8929.339
2060,medium_district,31,WVC-Taylors,,,,,,,,,31,WVC-Taylors,,,89495.0,230578.119,2.576,137804.0,19460.0,25486.0,92858.0,158933.709,13003.0,6457.0,9685.0,15801.0,19066.0,22247.0,9101.0,42444.0,21.036,11.213,12007.724,9089.74
2061,medium_district,31,WVC-Taylors,,,,,,,,,31,WVC-Taylors,,,89522.0,232088.57,2.593,138668.0,19553.0,25523.0,93592.0,159496.798,13040.0,6513.0,9672.0,15851.0,19225.0,22409.0,9198.0,42760.0,21.0,11.18,11550.01,9246.599
2062,medium_district,31,WVC-Taylors,,,,,,,,,31,WVC-Taylors,,,89559.0,233431.799,2.606,139339.0,19659.0,25520.0,94160.0,160533.67799999999,13105.0,6554.0,9654.0,15866.0,19348.0,22531.0,9290.0,42991.0,21.036,11.159,11745.894,9416.6
2063,medium_district,31,WVC-Taylors,,,,,,,,,31,WVC-Taylors,,,89643.0,234721.038,2.618,139837.0,19736.0,25520.0,94581.0,161518.93,13152.0,6584.0,9636.0,15884.0,19406.0,22635.0,9382.0,43158.0,20.034,11.14,12072.292,9578.467
2064,medium_district,31,WVC-Taylors,,,,,,,,,31,WVC-Taylors,,,89650.0,236207.403,2.635,140593.0,19834.0,25554.0,95205.0,162217.809,13215.0,6619.0,9636.0,15918.0,19526.0,22785.0,9482.0,43412.0,20.0,11.124,11834.36,9759.328
2065,medium_district,31,WVC-Taylors,,,,,,,,,31,WVC-Taylors,,,89677.0,237565.74599999998,2.649,141328.0,19944.0,25580.0,95804.0,163435.41,13293.0,6651.0,9636.0,15944.0,19634.0,22934.0,9583.0,43653.0,20.034,11.111,12145.394,9930.867
2023,medium_district,32,SL CBD,,,,,,,,,32,SL CBD,,,14371.0,22770.356,1.584,98490.0,15382.0,4443.0,78665.0,104484.279,6356.0,9026.0,918.0,3525.0,27112.0,12154.0,3086.0,36313.0,0.0,74.05799999999999,4996.356,923.8689999999999
2024,medium_district,32,SL CBD,,,,,,,,,32,SL CBD,,,16284.0,27044.057,1.661,98365.0,15407.0,4456.0,78502.0,106897.17,6407.0,9000.0,866.0,3590.0,26924.0,12118.0,3174.0,36286.0,0.0,75.832,7434.156,1022.184
2025,medium_district,32,SL CBD,,,,,,,,,32,SL CBD,,,17917.0,30279.316,1.69,98761.0,15407.0,4554.0,78800.0,105682.367,6505.0,8902.0,863.0,3691.0,26991.0,12056.0,3380.0,36373.0,0.0,74.92,5622.014,1224.436
2026,medium_district,32,SL CBD,,,,,,,,,32,SL CBD,,,19387.0,33109.438,1.708,98488.0,15388.0,4496.0,78604.0,105266.699,6492.0,8896.0,842.0,3654.0,26727.0,11992.0,3489.0,36396.0,0.0,76.515,5377.974,1324.214
2027,medium_district,32,SL CBD,,,,,,,,,32,SL CBD,,,20826.0,35994.101,1.728,97148.0,14904.0,4487.0,77757.0,104851.465,6358.0,8546.0,835.0,3652.0,26573.0,11807.0,3598.0,35779.0,0.0,77.557,6193.728,1432.176
2028,medium_district,32,SL CBD,,,,,,,,,32,SL CBD,,,22479.0,39304.931,1.749,96271.0,14806.0,4401.0,77064.0,103927.386,6347.0,8459.0,831.0,3570.0,26153.0,11690.0,3641.0,35580.0,0.0,73.83099999999999,6030.507,1552.044
2029,medium_district,32,SL CBD,,,,,,,,,32,SL CBD,,,23825.0,41788.943,1.754,96905.0,14749.0,4356.0,77800.0,104841.331,6399.0,8350.0,823.0,3533.0,26423.0,11695.0,3668.0,36014.0,0.0,69.227,6215.854,1651.2440000000001
2030,medium_district,32,SL CBD,,,,,,,,,32,SL CBD,,,24631.0,43168.638,1.753,98663.0,14930.0,4369.0,79364.0,106446.299,6648.0,8282.0,823.0,3546.0,27032.0,11711.0,3914.0,36707.0,0.0,67.762,5986.335,1729.202
2031,medium_district,32,SL CBD,,,,,,,,,32,SL CBD,,,25391.0,44484.062,1.752,99586.0,15057.0,4369.0,80160.0,107773.519,6936.0,8121.0,819.0,3550.0,27382.0,11650.0,3999.0,37129.0,0.0,67.908,6329.555,1790.05
2032,medium_district,32,SL CBD,,,,,,,,,32,SL CBD,,,26070.0,45514.58,1.746,100887.0,15188.0,4371.0,81328.0,108923.813,7124.0,8064.0,818.0,3553.0,27776.0,11681.0,4134.0,37737.0,0.0,70.999,6117.38,1848.43
2033,medium_district,32,SL CBD,,,,,,,,,32,SL CBD,,,26629.0,46330.3,1.74,102582.0,15397.0,4353.0,82832.0,110034.141,7335.0,8062.0,815.0,3538.0,28326.0,11718.0,4312.0,38476.0,0.0,74.318,5471.252,1906.574
2034,medium_district,32,SL CBD,,,,,,,,,32,SL CBD,,,27172.0,47185.623,1.737,104168.0,15599.0,4314.0,84255.0,111851.196,7379.0,8220.0,791.0,3523.0,28741.0,11780.0,4558.0,39176.0,0.0,77.246,5629.583,1976.365
2035,medium_district,32,SL CBD,,,,,,,,,32,SL CBD,,,27492.0,47606.359000000004,1.732,103981.0,15344.0,4250.0,84387.0,111729.886,7418.0,7926.0,787.0,3463.0,29067.0,11773.0,4586.0,38961.0,0.0,78.15899999999999,5671.676,1999.047
2036,medium_district,32,SL CBD,,,,,,,,,32,SL CBD,,,27781.0,47898.265,1.724,105041.0,15565.0,4200.0,85276.0,112832.01,7585.0,7980.0,776.0,3424.0,29493.0,11823.0,4654.0,39306.0,0.0,77.53999999999999,5678.418,2035.049
2037,medium_district,32,SL CBD,,,,,,,,,32,SL CBD,,,28057.0,48190.898,1.718,106421.0,15751.0,4226.0,86444.0,114112.44,7645.0,8106.0,770.0,3456.0,29893.0,11921.0,4664.0,39966.0,0.0,76.792,5533.759,2080.8959999999997
2038,medium_district,32,SL CBD,,,,,,,,,32,SL CBD,,,28221.0,48321.142,1.712,107554.0,15944.0,4236.0,87374.0,114843.361,7790.0,8154.0,770.0,3466.0,30216.0,12031.0,4770.0,40357.0,0.0,76.547,5093.917,2118.8959999999997
2039,medium_district,32,SL CBD,,,,,,,,,32,SL CBD,,,28376.0,48420.096,1.706,108298.0,16051.0,4234.0,88013.0,115756.489,7873.0,8178.0,765.0,3469.0,30464.0,12109.0,4825.0,40615.0,0.0,76.417,5227.072,2155.0
2040,medium_district,32,SL CBD,,,,,,,,,32,SL CBD,,,28544.0,48572.474,1.702,108992.0,16190.0,4200.0,88602.0,116642.397,7976.0,8214.0,744.0,3456.0,30672.0,12201.0,4906.0,40823.0,0.0,76.402,5378.706,2195.285
2041,medium_district,32,SL CBD,,,,,,,,,32,SL CBD,,,28671.0,48689.752,1.698,109647.0,16345.0,4208.0,89094.0,116737.573,8099.0,8246.0,744.0,3464.0,30856.0,12268.0,4948.0,41022.0,0.0,76.71000000000001,4782.257,2231.606
2042,medium_district,32,SL CBD,,,,,,,,,32,SL CBD,,,28769.0,48726.736,1.694,110017.0,16399.0,4194.0,89424.0,117149.206,8136.0,8263.0,738.0,3456.0,31015.0,12318.0,4987.0,41104.0,0.0,77.443,4791.519,2263.247
2043,medium_district,32,SL CBD,,,,,,,,,32,SL CBD,,,29058.0,49110.726,1.69,109703.0,16176.0,4126.0,89401.0,118551.789,8078.0,8098.0,703.0,3423.0,31192.0,12356.0,5063.0,40790.0,0.0,78.06,6452.881,2317.85
2044,medium_district,32,SL CBD,,,,,,,,,32,SL CBD,,,29284.0,49408.386,1.687,110709.0,16332.0,4072.0,90305.0,118380.405,8182.0,8150.0,672.0,3400.0,31524.0,12489.0,5164.0,41128.0,0.0,77.979,5227.525,2365.903
2045,medium_district,32,SL CBD,,,,,,,,,32,SL CBD,,,29463.0,49597.333,1.683,111502.0,16442.0,4080.0,90980.0,118608.955,8257.0,8185.0,666.0,3414.0,31772.0,12603.0,5230.0,41375.0,0.0,77.81700000000001,4615.483,2413.652
2046,medium_district,32,SL CBD,,,,,,,,,32,SL CBD,,,29637.0,49798.829,1.68,111610.0,16413.0,4071.0,91126.0,119055.642,8264.0,8149.0,666.0,3405.0,31951.0,12672.0,5288.0,41215.0,0.0,77.86500000000001,4910.825,2456.952
2047,medium_district,32,SL CBD,,,,,,,,,32,SL CBD,,,29802.0,50002.856,1.678,111957.0,16470.0,4082.0,91405.0,119379.268,8301.0,8169.0,664.0,3418.0,32086.0,12727.0,5317.0,41275.0,0.0,78.41900000000001,4836.407,2507.44
2048,medium_district,32,SL CBD,,,,,,,,,32,SL CBD,,,29927.0,50127.687,1.675,112266.0,16490.0,4087.0,91689.0,120705.73,8320.0,8170.0,664.0,3423.0,32235.0,12795.0,5352.0,41307.0,0.0,79.297,5802.23,2558.199
2049,medium_district,32,SL CBD,,,,,,,,,32,SL CBD,,,29993.0,50138.977,1.672,112634.0,16534.0,4089.0,92011.0,121434.852,8351.0,8183.0,664.0,3425.0,32380.0,12834.0,5435.0,41362.0,0.0,80.19200000000001,6118.682,2601.978
2050,medium_district,32,SL CBD,,,,,,,,,32,SL CBD,,,29856.0,49871.371,1.67,113130.0,16613.0,4096.0,92421.0,122438.402,8399.0,8214.0,664.0,3432.0,32567.0,12911.0,5488.0,41455.0,0.0,81.07,6600.665,2626.663
2051,medium_district,32,SL CBD,,,,,,,,,32,SL CBD,,,29878.0,49802.148,1.667,113461.0,16672.0,4101.0,92688.0,122465.15,8437.0,8235.0,664.0,3437.0,32635.0,12973.0,5527.0,41553.0,0.0,81.80199999999999,6256.878,2665.474
2052,medium_district,32,SL CBD,,,,,,,,,32,SL CBD,,,29893.0,49727.483,1.664,113754.0,16720.0,4106.0,92928.0,122906.668,8469.0,8251.0,664.0,3442.0,32696.0,13049.0,5553.0,41630.0,0.0,82.649,6371.693,2698.327
2053,medium_district,32,SL CBD,,,,,,,,,32,SL CBD,,,29899.0,49626.065,1.66,114025.0,16772.0,4110.0,93143.0,123266.476,8502.0,8270.0,664.0,3446.0,32758.0,13101.0,5584.0,41700.0,0.0,83.592,6419.024,2738.863
2054,medium_district,32,SL CBD,,,,,,,,,32,SL CBD,,,29901.0,49514.461,1.656,114316.0,16859.0,4114.0,93343.0,123590.637,8572.0,8287.0,664.0,3450.0,32795.0,13149.0,5611.0,41788.0,0.0,84.259,6424.612,2765.774
2055,medium_district,32,SL CBD,,,,,,,,,32,SL CBD,,,29911.0,49392.156,1.651,114537.0,16890.0,4117.0,93530.0,124223.737,8592.0,8298.0,664.0,3453.0,32848.0,13193.0,5637.0,41852.0,0.0,84.666,6801.0740000000005,2800.995
2056,medium_district,32,SL CBD,,,,,,,,,32,SL CBD,,,29915.0,49280.59,1.647,114719.0,16928.0,4119.0,93672.0,124283.168,8613.0,8315.0,664.0,3455.0,32874.0,13240.0,5660.0,41898.0,0.0,84.27600000000001,6639.03,2840.863
2057,medium_district,32,SL CBD,,,,,,,,,32,SL CBD,,,29911.0,49361.118,1.65,114906.0,16963.0,4120.0,93823.0,124726.189,8635.0,8328.0,664.0,3456.0,32920.0,13271.0,5677.0,41955.0,0.0,82.893,6850.846,2886.443
2058,medium_district,32,SL CBD,,,,,,,,,32,SL CBD,,,29911.0,49456.515,1.653,115068.0,17006.0,4107.0,93955.0,124917.596,8663.0,8343.0,651.0,3456.0,32945.0,13299.0,5701.0,42010.0,0.0,81.608,6835.857,2932.136
2059,medium_district,32,SL CBD,,,,,,,,,32,SL CBD,,,29915.0,49623.764,1.659,115242.0,17036.0,4100.0,94106.0,125442.556,8686.0,8350.0,646.0,3454.0,32969.0,13343.0,5731.0,42063.0,0.0,80.77799999999999,7134.326,2985.447
2060,medium_district,32,SL CBD,,,,,,,,,32,SL CBD,,,29915.0,49800.042,1.665,115482.0,17075.0,4095.0,94312.0,125924.049,8711.0,8364.0,644.0,3451.0,33013.0,13390.0,5775.0,42134.0,0.0,80.35499999999999,7320.11,3041.583
2061,medium_district,32,SL CBD,,,,,,,,,32,SL CBD,,,29917.0,50018.813,1.672,116218.0,17244.0,4000.0,94974.0,127423.159,8796.0,8448.0,574.0,3426.0,33168.0,13518.0,5875.0,42413.0,0.0,80.12700000000001,8034.164,3090.865
2062,medium_district,32,SL CBD,,,,,,,,,32,SL CBD,,,29916.0,50197.348,1.678,116747.0,17314.0,4011.0,95422.0,127378.608,8843.0,8471.0,574.0,3437.0,33263.0,13627.0,5952.0,42580.0,0.0,79.965,7408.782,3142.866
2063,medium_district,32,SL CBD,,,,,,,,,32,SL CBD,,,29900.0,50367.737,1.685,117266.0,17377.0,4019.0,95870.0,128245.158,8889.0,8488.0,574.0,3445.0,33368.0,13715.0,6035.0,42752.0,0.0,79.834,7705.835,3193.49
2064,medium_district,32,SL CBD,,,,,,,,,32,SL CBD,,,29900.0,50575.789,1.691,117666.0,17439.0,4022.0,96205.0,128572.511,8931.0,8508.0,574.0,3448.0,33444.0,13791.0,6095.0,42875.0,0.0,79.72,7571.352,3255.442
2065,medium_district,32,SL CBD,,,,,,,,,32,SL CBD,,,29893.0,50753.599,1.698,118080.0,17495.0,4031.0,96554.0,129249.652,8967.0,8528.0,574.0,3457.0,33513.0,13872.0,6157.0,43012.0,0.0,79.62299999999999,7782.071,3307.9519999999998
2023,medium_district,33,SLC east of I-15,,,,,,,,,33,SLC east of I-15,,,57336.0,117114.331,2.043,143231.0,20211.0,7503.0,115517.0,155618.232,11879.0,8332.0,2315.0,5188.0,15766.0,43278.0,29513.0,26960.0,6.014,43.058,8653.681,3684.4739999999997
2024,medium_district,33,SLC east of I-15,,,,,,,,,33,SLC east of I-15,,,59424.0,121992.05,2.053,143338.0,19906.0,7150.0,116282.0,156472.725,11574.0,8332.0,2029.0,5121.0,15548.0,43871.0,29863.0,27000.0,6.034,44.089,9361.929,3722.663
2025,medium_district,33,SLC east of I-15,,,,,,,,,33,SLC east of I-15,,,60951.0,125153.258,2.053,145361.0,19971.0,7238.0,118152.0,159117.013,11712.0,8259.0,1967.0,5271.0,15804.0,44281.0,30426.0,27641.0,6.024,43.558,9550.948,4155.4800000000005
2026,medium_district,33,SLC east of I-15,,,,,,,,,33,SLC east of I-15,,,62293.0,127761.505,2.051,145497.0,19636.0,7196.0,118665.0,159567.766,11498.0,8138.0,1931.0,5265.0,15608.0,44313.0,30903.0,27841.0,6.019,44.486,9757.579,4262.68
2027,medium_district,33,SLC east of I-15,,,,,,,,,33,SLC east of I-15,,,63922.0,130817.48,2.047,146965.0,19842.0,7046.0,120077.0,161848.582,11690.0,8152.0,1908.0,5138.0,15619.0,44605.0,31334.0,28519.0,6.054,45.092,10431.895,4400.539
2028,medium_district,33,SLC east of I-15,,,,,,,,,33,SLC east of I-15,,,65640.0,134399.021,2.048,148076.0,19757.0,7035.0,121284.0,163968.723,11694.0,8063.0,1897.0,5138.0,15828.0,44819.0,31578.0,29059.0,7.052,42.925,11308.612000000001,4534.134
2029,medium_district,33,SLC east of I-15,,,,,,,,,33,SLC east of I-15,,,67257.0,137299.467,2.041,149002.0,19564.0,7014.0,122424.0,163853.297,11708.0,7856.0,1877.0,5137.0,16116.0,45009.0,31805.0,29494.0,7.023,40.248000000000005,10126.334,4677.7
2030,medium_district,33,SLC east of I-15,,,,,,,,,33,SLC east of I-15,,,68471.0,139027.064,2.03,147401.0,19481.0,6911.0,121009.0,162334.924,11771.0,7710.0,1856.0,5055.0,16176.0,44804.0,30748.0,29281.0,7.041,39.397,10088.923,4798.558
2031,medium_district,33,SLC east of I-15,,,,,,,,,33,SLC east of I-15,,,69598.0,140609.818,2.02,147699.0,19363.0,6702.0,121634.0,163654.424,11851.0,7512.0,1753.0,4949.0,16364.0,44795.0,31004.0,29471.0,7.041,39.482,11012.777,4896.135
2032,medium_district,33,SLC east of I-15,,,,,,,,,33,SLC east of I-15,,,70551.0,141684.56,2.008,148421.0,19282.0,6575.0,122564.0,163519.883,11952.0,7330.0,1686.0,4889.0,16541.0,44879.0,31259.0,29885.0,7.053,41.278,10041.086,5009.452
2033,medium_district,33,SLC east of I-15,,,,,,,,,33,SLC east of I-15,,,71474.0,142716.67,1.997,149477.0,19293.0,6470.0,123714.0,164630.538,12052.0,7241.0,1642.0,4828.0,16925.0,44967.0,31505.0,30317.0,7.059,43.208,9979.737,5123.549
2034,medium_district,33,SLC east of I-15,,,,,,,,,33,SLC east of I-15,,,72299.0,143662.63,1.987,150839.0,19601.0,6334.0,124904.0,165820.547,12133.0,7468.0,1610.0,4724.0,17222.0,45118.0,31761.0,30803.0,7.088,44.911,9670.57,5258.967
2035,medium_district,33,SLC east of I-15,,,,,,,,,33,SLC east of I-15,,,72953.0,144261.273,1.977,150105.0,18980.0,6222.0,124903.0,166163.655,11895.0,7085.0,1591.0,4631.0,17561.0,45133.0,31811.0,30398.0,7.082,45.44200000000001,10696.988,5309.135
2036,medium_district,33,SLC east of I-15,,,,,,,,,33,SLC east of I-15,,,73599.0,144807.097,1.968,150494.0,18734.0,6131.0,125629.0,166201.112,11708.0,7026.0,1559.0,4572.0,17938.0,45229.0,31997.0,30465.0,7.094,45.082,10260.802,5394.1359999999995
2037,medium_district,33,SLC east of I-15,,,,,,,,,33,SLC east of I-15,,,74246.0,145451.514,1.959,149350.0,18514.0,5877.0,124959.0,164840.65899999999,11619.0,6895.0,1572.0,4305.0,17848.0,45473.0,31825.0,29813.0,7.07,44.647,9934.212,5504.721
2038,medium_district,33,SLC east of I-15,,,,,,,,,33,SLC east of I-15,,,74980.0,146400.006,1.953,149694.0,17940.0,5762.0,125992.0,166155.074,11172.0,6768.0,1519.0,4243.0,18213.0,45706.0,32081.0,29992.0,7.07,44.504999999999995,10785.77,5623.724
2039,medium_district,33,SLC east of I-15,,,,,,,,,33,SLC east of I-15,,,75488.0,146790.058,1.945,151231.0,17880.0,5747.0,127604.0,166443.881,11140.0,6740.0,1513.0,4234.0,18686.0,46037.0,32327.0,30554.0,8.047,44.428,9423.405,5737.0
2040,medium_district,33,SLC east of I-15,,,,,,,,,33,SLC east of I-15,,,75959.0,147127.742,1.937,152410.0,17927.0,5660.0,128823.0,167718.356,11149.0,6778.0,1482.0,4178.0,18991.0,46334.0,32570.0,30928.0,8.053,44.42,9419.782,5836.099999999999
2041,medium_district,33,SLC east of I-15,,,,,,,,,33,SLC east of I-15,,,76429.0,147474.30299999999,1.93,152349.0,17703.0,5605.0,129041.0,169090.493,11019.0,6684.0,1444.0,4161.0,18516.0,46565.0,32860.0,31100.0,8.047,44.6,10739.222,5949.631
2042,medium_district,33,SLC east of I-15,,,,,,,,,33,SLC east of I-15,,,76958.0,148031.688,1.924,153195.0,17326.0,5489.0,130380.0,168398.63199999998,10709.0,6617.0,1374.0,4115.0,19036.0,46843.0,33087.0,31414.0,8.06,45.025,9088.568,6061.979
2043,medium_district,33,SLC east of I-15,,,,,,,,,33,SLC east of I-15,,,77404.0,148459.045,1.918,154607.0,17513.0,5436.0,131658.0,169683.893,10816.0,6697.0,1332.0,4104.0,19373.0,47187.0,33312.0,31786.0,8.073,45.383,8856.835000000001,6166.6
2044,medium_district,33,SLC east of I-15,,,,,,,,,33,SLC east of I-15,,,77839.0,148869.692,1.913,155464.0,17338.0,5270.0,132856.0,171724.342,10690.0,6648.0,1245.0,4025.0,19801.0,47553.0,33518.0,31984.0,8.013,45.336,9917.253,6289.729
2045,medium_district,33,SLC east of I-15,,,,,,,,,33,SLC east of I-15,,,78339.0,149437.104,1.908,156909.0,17428.0,5185.0,134296.0,172172.268,10807.0,6621.0,1226.0,3959.0,20223.0,47910.0,33736.0,32427.0,8.007,45.242,8793.949,6416.08
2046,medium_district,33,SLC east of I-15,,,,,,,,,33,SLC east of I-15,,,78971.0,150326.339,1.904,157021.0,17059.0,5098.0,134864.0,173508.183,10463.0,6596.0,1226.0,3872.0,20490.0,48108.0,33882.0,32384.0,7.98,45.27,9874.067,6559.863
2047,medium_district,33,SLC east of I-15,,,,,,,,,33,SLC east of I-15,,,79335.0,150653.411,1.899,159592.0,17418.0,5041.0,137133.0,176378.049,10691.0,6727.0,1186.0,3855.0,21078.0,48539.0,34173.0,33343.0,8.007,45.592,10050.264,6682.181
2048,medium_district,33,SLC east of I-15,,,,,,,,,33,SLC east of I-15,,,79685.0,151009.039,1.895,161344.0,17667.0,5033.0,138644.0,178182.5,10868.0,6799.0,1180.0,3853.0,21534.0,48913.0,34341.0,33856.0,8.0,46.102000000000004,9972.876,6811.527
2049,medium_district,33,SLC east of I-15,,,,,,,,,33,SLC east of I-15,,,79949.0,151201.805,1.891,163233.0,17868.0,5001.0,140364.0,181120.703,10999.0,6869.0,1162.0,3839.0,21938.0,49295.0,34808.0,34323.0,7.993,46.623999999999995,10908.806,6924.283
2050,medium_district,33,SLC east of I-15,,,,,,,,,33,SLC east of I-15,,,80244.0,151403.888,1.887,164415.0,17937.0,5016.0,141462.0,182731.39,11040.0,6897.0,1162.0,3854.0,22299.0,49669.0,35039.0,34455.0,8.0,47.133,11206.161,7055.104
2051,medium_district,33,SLC east of I-15,,,,,,,,,33,SLC east of I-15,,,80494.0,151575.967,1.883,165418.0,18109.0,4972.0,142337.0,183794.10499999998,11160.0,6949.0,1145.0,3827.0,22592.0,49869.0,35116.0,34760.0,7.993,47.559,11141.275,7179.282
2052,medium_district,33,SLC east of I-15,,,,,,,,,33,SLC east of I-15,,,80653.0,151581.33,1.879,166694.0,18350.0,4983.0,143361.0,185200.749,11326.0,7024.0,1145.0,3838.0,22868.0,50100.0,35255.0,35138.0,8.0,48.051,11170.811,7279.883
2053,medium_district,33,SLC east of I-15,,,,,,,,,33,SLC east of I-15,,,80811.0,151574.032,1.876,167747.0,18585.0,4961.0,144201.0,186766.953,11491.0,7094.0,1132.0,3829.0,23036.0,50321.0,35400.0,35444.0,8.0,48.599999999999994,11571.733,7391.625
2054,medium_district,33,SLC east of I-15,,,,,,,,,33,SLC east of I-15,,,80919.0,151406.403,1.871,169047.0,18989.0,4965.0,145093.0,188053.841,11790.0,7199.0,1132.0,3833.0,23217.0,50534.0,35508.0,35834.0,8.0,48.989,11456.473,7493.381
2055,medium_district,33,SLC east of I-15,,,,,,,,,33,SLC east of I-15,,,81022.0,151242.624,1.867,170131.0,19144.0,4982.0,146005.0,189589.88,11884.0,7260.0,1130.0,3852.0,23405.0,50764.0,35661.0,36175.0,8.0,49.225,11808.377,7593.2789999999995
2056,medium_district,33,SLC east of I-15,,,,,,,,,33,SLC east of I-15,,,80960.0,150724.597,1.862,170603.0,18908.0,4975.0,146720.0,191704.426,11607.0,7301.0,1125.0,3850.0,23612.0,51113.0,35862.0,36133.0,8.007,48.998,13353.785,7690.638
2057,medium_district,33,SLC east of I-15,,,,,,,,,33,SLC east of I-15,,,81134.0,151335.411,1.865,172035.0,18927.0,5001.0,148107.0,192563.84,11659.0,7268.0,1123.0,3878.0,24028.0,51374.0,36054.0,36651.0,8.007,48.193000000000005,12653.422,7819.222
2058,medium_district,33,SLC east of I-15,,,,,,,,,33,SLC east of I-15,,,81093.0,151630.627,1.87,173541.0,19161.0,5015.0,149365.0,193779.873,11811.0,7350.0,1123.0,3892.0,24330.0,51653.0,36257.0,37125.0,8.0,47.447,12232.072,7951.361
2059,medium_district,33,SLC east of I-15,,,,,,,,,33,SLC east of I-15,,,81077.0,152209.997,1.877,174948.0,19327.0,5010.0,150611.0,196752.714,11940.0,7387.0,1115.0,3895.0,24586.0,51970.0,36405.0,37650.0,8.0,46.964000000000006,13654.542,8095.217
2060,medium_district,33,SLC east of I-15,,,,,,,,,33,SLC east of I-15,,,81034.0,152777.749,1.885,176722.0,19577.0,5017.0,152128.0,198179.736,12117.0,7460.0,1113.0,3904.0,24963.0,52298.0,36674.0,38193.0,8.013,46.717,13168.434,8234.579
2061,medium_district,33,SLC east of I-15,,,,,,,,,33,SLC east of I-15,,,81022.0,153524.288,1.895,178492.0,19806.0,5049.0,153637.0,200604.435,12209.0,7597.0,1111.0,3938.0,25368.0,52632.0,36902.0,38735.0,8.0,46.585,13685.209,8372.637999999999
2062,medium_district,33,SLC east of I-15,,,,,,,,,33,SLC east of I-15,,,81025.0,154182.929,1.903,180042.0,20025.0,5067.0,154950.0,201818.097,12345.0,7680.0,1111.0,3956.0,25649.0,52937.0,37132.0,39232.0,8.013,46.492,13201.960000000001,8519.639
2063,medium_district,33,SLC east of I-15,,,,,,,,,33,SLC east of I-15,,,81044.0,154799.362,1.91,181478.0,20210.0,5086.0,156182.0,203448.685,12481.0,7729.0,1111.0,3975.0,25927.0,53215.0,37318.0,39722.0,8.013,46.415,13251.926,8664.333
2064,medium_district,33,SLC east of I-15,,,,,,,,,33,SLC east of I-15,,,80840.0,155250.877,1.92,182850.0,20434.0,5104.0,157312.0,205750.017,12631.0,7803.0,1111.0,3993.0,26161.0,53473.0,37542.0,40136.0,8.0,46.35,14041.467,8804.204
2065,medium_district,33,SLC east of I-15,,,,,,,,,33,SLC east of I-15,,,80843.0,155926.231,1.929,184159.0,20630.0,5113.0,158416.0,207007.66,12770.0,7860.0,1111.0,4002.0,26388.0,53740.0,37757.0,40531.0,8.013,46.292,13848.472,8945.875
2023,medium_district,34,SSL-Murray,,,,,,,,,34,SSL-Murray,,,28467.0,65098.848,2.287,78090.0,14850.0,8117.0,55123.0,84402.47,10355.0,4495.0,3077.0,5040.0,9689.0,8814.0,13482.0,23138.0,0.0,77.50200000000001,4409.226,1825.74
2024,medium_district,34,SSL-Murray,,,,,,,,,34,SSL-Murray,,,28640.0,65231.669,2.278,78273.0,14318.0,8087.0,55868.0,86638.155,9821.0,4497.0,2994.0,5093.0,9618.0,9267.0,13852.0,23131.0,0.0,79.36100000000002,6493.474,1792.3220000000001
2025,medium_district,34,SSL-Murray,,,,,,,,,34,SSL-Murray,,,28990.0,65782.355,2.269,78781.0,14071.0,8185.0,56525.0,86153.362,9693.0,4378.0,2959.0,5226.0,9725.0,9411.0,14374.0,23015.0,0.0,78.404,5319.255,1974.705
2026,medium_district,34,SSL-Murray,,,,,,,,,34,SSL-Murray,,,29347.0,66259.182,2.258,79151.0,13879.0,8201.0,57071.0,86528.926,9544.0,4335.0,2942.0,5259.0,9658.0,9405.0,14740.0,23268.0,0.0,80.072,5295.53,2002.319
2027,medium_district,34,SSL-Murray,,,,,,,,,34,SSL-Murray,,,29660.0,66677.782,2.248,80059.0,14002.0,8237.0,57820.0,87560.61,9655.0,4347.0,2901.0,5336.0,9669.0,9484.0,15082.0,23585.0,0.0,81.165,5380.192,2040.254
2028,medium_district,34,SSL-Murray,,,,,,,,,34,SSL-Murray,,,29904.0,66855.891,2.236,80778.0,13967.0,8240.0,58571.0,88300.154,9655.0,4312.0,2897.0,5343.0,9799.0,9591.0,15342.0,23839.0,0.0,77.265,5382.832,2062.062
2029,medium_district,34,SSL-Murray,,,,,,,,,34,SSL-Murray,,,30285.0,67513.551,2.229,81588.0,13959.0,8224.0,59405.0,89437.428,9682.0,4277.0,2887.0,5337.0,9967.0,9644.0,15619.0,24175.0,0.0,72.446,5671.669,2105.311
2030,medium_district,34,SSL-Murray,,,,,,,,,34,SSL-Murray,,,30539.0,67752.221,2.219,82814.0,14070.0,8234.0,60510.0,90131.66,9837.0,4233.0,2887.0,5347.0,10194.0,9737.0,16032.0,24547.0,0.0,70.914,5106.496,2140.251
2031,medium_district,34,SSL-Murray,,,,,,,,,34,SSL-Murray,,,30773.0,68032.012,2.211,83195.0,14107.0,8214.0,60874.0,90928.381,9931.0,4176.0,2868.0,5346.0,10284.0,9693.0,16285.0,24612.0,0.0,71.066,5496.256,2166.061
2032,medium_district,34,SSL-Murray,,,,,,,,,34,SSL-Murray,,,31033.0,68367.906,2.203,83840.0,14139.0,8168.0,61533.0,91920.491,10029.0,4110.0,2839.0,5329.0,10413.0,9677.0,16625.0,24818.0,0.0,74.30100000000002,5807.863,2198.328
2033,medium_district,34,SSL-Murray,,,,,,,,,34,SSL-Murray,,,31438.0,69152.584,2.2,84480.0,14206.0,8119.0,62155.0,92123.484,10100.0,4106.0,2816.0,5303.0,10580.0,9654.0,16800.0,25121.0,0.0,77.774,5313.03,2252.681
2034,medium_district,34,SSL-Murray,,,,,,,,,34,SSL-Murray,,,31900.0,70020.697,2.195,84522.0,14137.0,8001.0,62384.0,93313.916,9947.0,4190.0,2774.0,5227.0,10709.0,9622.0,17050.0,25003.0,0.0,80.838,6390.642,2320.43
2035,medium_district,34,SSL-Murray,,,,,,,,,34,SSL-Murray,,,32280.0,70660.719,2.189,84223.0,13875.0,7919.0,62429.0,92055.883,9893.0,3982.0,2773.0,5146.0,10893.0,9591.0,17240.0,24705.0,0.0,81.79499999999999,5406.029,2345.06
2036,medium_district,34,SSL-Murray,,,,,,,,,34,SSL-Murray,,,32680.0,71396.552,2.185,84560.0,13907.0,7794.0,62859.0,92926.347,9898.0,4009.0,2728.0,5066.0,11086.0,9579.0,17480.0,24714.0,0.0,81.145,5886.141,2399.0609999999997
2037,medium_district,34,SSL-Murray,,,,,,,,,34,SSL-Murray,,,33073.0,71906.608,2.174,87318.0,14271.0,7719.0,65328.0,96885.938,10132.0,4139.0,2708.0,5011.0,12101.0,9648.0,17959.0,25620.0,0.0,80.364,7034.697,2452.878
2038,medium_district,34,SSL-Murray,,,,,,,,,34,SSL-Murray,,,33569.0,72923.777,2.172,88688.0,14337.0,7625.0,66726.0,98012.177,10148.0,4189.0,2676.0,4949.0,12583.0,9742.0,18329.0,26072.0,0.0,80.107,6727.196,2516.877
2039,medium_district,34,SSL-Murray,,,,,,,,,34,SSL-Murray,,,34017.0,73694.967,2.166,90616.0,14482.0,7565.0,68569.0,99948.25,10259.0,4223.0,2655.0,4910.0,13173.0,9940.0,18705.0,26751.0,0.0,79.971,6667.277,2585.0
2040,medium_district,34,SSL-Murray,,,,,,,,,34,SSL-Murray,,,34462.0,74496.473,2.162,92905.0,14523.0,7542.0,70840.0,102027.639,10255.0,4268.0,2641.0,4901.0,13818.0,10243.0,19125.0,27654.0,1.007,79.956,6393.535,2648.139
2041,medium_district,34,SSL-Murray,,,,,,,,,34,SSL-Murray,,,35038.0,75653.746,2.159,94361.0,14108.0,7467.0,72786.0,103331.201,9919.0,4189.0,2589.0,4878.0,14534.0,10439.0,19490.0,28323.0,1.006,80.27799999999999,6164.174,2724.7400000000002
2042,medium_district,34,SSL-Murray,,,,,,,,,34,SSL-Murray,,,35612.0,76791.397,2.156,95223.0,13952.0,7330.0,73941.0,104387.999,9913.0,4039.0,2540.0,4790.0,15074.0,10635.0,19803.0,28429.0,1.007,81.04400000000001,6273.885,2809.064
2043,medium_district,34,SSL-Murray,,,,,,,,,34,SSL-Murray,,,36081.0,77735.747,2.154,97417.0,14244.0,7259.0,75914.0,106694.26699999999,10108.0,4136.0,2500.0,4759.0,15709.0,10894.0,20167.0,29144.0,1.009,81.69,6319.756,2874.814
2044,medium_district,34,SSL-Murray,,,,,,,,,34,SSL-Murray,,,36685.0,79120.719,2.157,98899.0,14266.0,7137.0,77496.0,108523.167,10156.0,4110.0,2439.0,4698.0,16266.0,11155.0,20471.0,29604.0,1.002,81.60400000000001,6578.687,2962.875
2045,medium_district,34,SSL-Murray,,,,,,,,,34,SSL-Murray,,,37133.0,80050.797,2.156,101042.0,14451.0,7090.0,79501.0,110781.129,10263.0,4188.0,2399.0,4691.0,16938.0,11509.0,20908.0,30146.0,1.001,81.43700000000001,6610.133,3046.561
2046,medium_district,34,SSL-Murray,,,,,,,,,34,SSL-Murray,,,37573.0,80979.831,2.155,103660.0,14887.0,7000.0,81773.0,112941.791,10560.0,4327.0,2340.0,4660.0,17632.0,11851.0,21380.0,30910.0,0.998,81.488,6081.367,3117.943
2047,medium_district,34,SSL-Murray,,,,,,,,,34,SSL-Murray,,,37941.0,81718.865,2.154,105771.0,15197.0,7002.0,83572.0,115972.56199999999,10771.0,4426.0,2324.0,4678.0,18223.0,12159.0,21728.0,31462.0,1.001,82.067,6925.934,3192.565
2048,medium_district,34,SSL-Murray,,,,,,,,,34,SSL-Murray,,,38350.0,82548.352,2.152,108373.0,15433.0,7000.0,85940.0,118737.75899999999,10933.0,4500.0,2297.0,4703.0,19052.0,12586.0,22208.0,32094.0,1.0,82.985,7003.527,3277.253
2049,medium_district,34,SSL-Murray,,,,,,,,,34,SSL-Murray,,,38842.0,83625.529,2.153,110993.0,15617.0,7014.0,88362.0,121417.734,11042.0,4575.0,2293.0,4721.0,19758.0,12939.0,23025.0,32640.0,0.999,83.92200000000001,6976.136,3363.683
2050,medium_district,34,SSL-Murray,,,,,,,,,34,SSL-Murray,,,39383.0,84901.472,2.156,113606.0,15957.0,7034.0,90615.0,124448.774,11287.0,4670.0,2282.0,4752.0,20469.0,13329.0,23490.0,33327.0,1.0,84.83999999999999,7292.373,3464.554
2051,medium_district,34,SSL-Murray,,,,,,,,,34,SSL-Murray,,,39996.0,86372.919,2.16,115482.0,16245.0,7008.0,92229.0,126579.99399999999,11517.0,4728.0,2271.0,4737.0,20965.0,13719.0,23731.0,33814.0,0.999,85.60600000000001,7444.75,3566.6349999999998
2052,medium_district,34,SSL-Murray,,,,,,,,,34,SSL-Murray,,,40598.0,87679.94499999999,2.16,117240.0,16501.0,7030.0,93709.0,128458.134,11708.0,4793.0,2271.0,4759.0,21411.0,14063.0,23952.0,34283.0,1.0,86.49199999999999,7468.192,3662.448
2053,medium_district,34,SSL-Murray,,,,,,,,,34,SSL-Murray,,,41347.0,89358.906,2.161,118343.0,16654.0,7046.0,94643.0,129793.251,11817.0,4837.0,2270.0,4776.0,21663.0,14342.0,24131.0,34507.0,1.0,87.48,7585.96,3775.807
2054,medium_district,34,SSL-Murray,,,,,,,,,34,SSL-Murray,,,42087.0,91007.578,2.162,119867.0,16865.0,7071.0,95931.0,131902.264,11991.0,4874.0,2269.0,4802.0,21978.0,14674.0,24247.0,35032.0,1.0,88.18,8050.406,3895.681
2055,medium_district,34,SSL-Murray,,,,,,,,,34,SSL-Murray,,,42506.0,91823.361,2.16,121669.0,16989.0,7102.0,97578.0,134277.483,12057.0,4932.0,2269.0,4833.0,22364.0,15081.0,24487.0,35646.0,1.0,88.604,8538.307999999999,3980.569
2056,medium_district,34,SSL-Murray,,,,,,,,,34,SSL-Murray,,,43288.0,93661.454,2.164,123224.0,17204.0,7121.0,98899.0,135397.101,12224.0,4980.0,2262.0,4859.0,22624.0,15444.0,24717.0,36114.0,1.001,88.196,7974.097,4109.8009999999995
2057,medium_district,34,SSL-Murray,,,,,,,,,34,SSL-Murray,,,43553.0,94379.096,2.167,124399.0,17399.0,7133.0,99867.0,137406.293,12357.0,5042.0,2255.0,4878.0,22970.0,15680.0,24737.0,36480.0,1.001,86.749,8718.901,4200.654
2058,medium_district,34,SSL-Murray,,,,,,,,,34,SSL-Murray,,,43545.0,94616.699,2.173,125973.0,17658.0,7117.0,101198.0,138828.576,12509.0,5149.0,2211.0,4906.0,23270.0,15993.0,24942.0,36993.0,1.0,85.40400000000001,8500.974,4268.198
2059,medium_district,34,SSL-Murray,,,,,,,,,34,SSL-Murray,,,43607.0,95141.216,2.182,127040.0,17810.0,7142.0,102088.0,139996.118,12622.0,5188.0,2208.0,4934.0,23400.0,16205.0,25096.0,37387.0,1.0,84.53599999999999,8518.935,4351.652
2060,medium_district,34,SSL-Murray,,,,,,,,,34,SSL-Murray,,,43688.0,95728.892,2.191,127908.0,17990.0,7038.0,102880.0,141418.776,12748.0,5242.0,2145.0,4893.0,23630.0,16390.0,25182.0,37678.0,1.002,84.093,8985.836,4439.847
2061,medium_district,34,SSL-Murray,,,,,,,,,34,SSL-Murray,,,43685.0,96258.213,2.203,128821.0,18208.0,7051.0,103562.0,142322.227,12841.0,5367.0,2145.0,4906.0,23781.0,16568.0,25296.0,37917.0,1.0,83.852,8901.568,4514.802
2062,medium_district,34,SSL-Murray,,,,,,,,,34,SSL-Murray,,,43745.0,96822.625,2.213,129733.0,18337.0,7076.0,104320.0,143331.201,12931.0,5406.0,2145.0,4931.0,23942.0,16768.0,25422.0,38188.0,1.002,83.685,8917.715,4595.802
2063,medium_district,34,SSL-Murray,,,,,,,,,34,SSL-Murray,,,43781.0,97316.742,2.223,130636.0,18438.0,7099.0,105099.0,144241.862,12997.0,5441.0,2145.0,4954.0,24113.0,16976.0,25538.0,38472.0,1.002,83.54899999999999,8842.591,4678.718
2064,medium_district,34,SSL-Murray,,,,,,,,,34,SSL-Murray,,,43807.0,97900.158,2.235,131283.0,18520.0,7107.0,105656.0,145186.638,13061.0,5459.0,2145.0,4962.0,24223.0,17114.0,25659.0,38660.0,1.0,83.428,9054.557,4764.647
2065,medium_district,34,SSL-Murray,,,,,,,,,34,SSL-Murray,,,43807.0,98387.777,2.246,131946.0,18620.0,7113.0,106213.0,146058.803,13138.0,5482.0,2145.0,4968.0,24329.0,17250.0,25775.0,38859.0,1.002,83.32699999999998,9176.537,4851.94
2023,medium_district,35,Millcreek-Holladay,,,,,,,,,35,Millcreek-Holladay,,,37400.0,92920.166,2.484,44013.0,7922.0,1662.0,34429.0,49971.197,5143.0,2779.0,613.0,1049.0,5417.0,8380.0,7435.0,13197.0,3.0069999999999997,6.888999999999999,3548.647,2399.657
2024,medium_district,35,Millcreek-Holladay,,,,,,,,,35,Millcreek-Holladay,,,37748.0,93350.477,2.473,44445.0,7771.0,1719.0,34955.0,50887.693,5024.0,2747.0,614.0,1105.0,5396.0,8756.0,7513.0,13290.0,3.0170000000000003,7.055000000000001,4070.206,2362.422
2025,medium_district,35,Millcreek-Holladay,,,,,,,,,35,Millcreek-Holladay,,,38116.0,93733.343,2.459,44892.0,7734.0,1767.0,35391.0,51429.424,5034.0,2700.0,638.0,1129.0,5468.0,8898.0,7687.0,13338.0,3.012,6.969,3931.522,2595.918
2026,medium_district,35,Millcreek-Holladay,,,,,,,,,35,Millcreek-Holladay,,,38467.0,94016.379,2.444,45179.0,7756.0,1783.0,35640.0,51696.134,5035.0,2721.0,636.0,1147.0,5420.0,8881.0,7838.0,13501.0,3.0089999999999995,7.117,3880.587,2626.418
2027,medium_district,35,Millcreek-Holladay,,,,,,,,,35,Millcreek-Holladay,,,38782.0,94209.283,2.429,45601.0,7785.0,1816.0,36000.0,52345.168,5069.0,2716.0,630.0,1186.0,5396.0,8979.0,7978.0,13647.0,3.0269999999999997,7.215,4065.595,2668.324
2028,medium_district,35,Millcreek-Holladay,,,,,,,,,35,Millcreek-Holladay,,,39029.0,94083.099,2.411,45956.0,7780.0,1817.0,36359.0,52665.58,5079.0,2701.0,630.0,1187.0,5465.0,9063.0,7996.0,13835.0,3.0220000000000002,6.868,4006.612,2693.085
2029,medium_district,35,Millcreek-Holladay,,,,,,,,,35,Millcreek-Holladay,,,39302.0,94106.382,2.394,46034.0,7712.0,1824.0,36498.0,52942.394,5070.0,2642.0,633.0,1191.0,5503.0,9080.0,8007.0,13908.0,3.01,6.44,4166.537,2732.406
2030,medium_district,35,Millcreek-Holladay,,,,,,,,,35,Millcreek-Holladay,,,39524.0,93922.33,2.376,46675.0,7763.0,1828.0,37084.0,53721.867,5140.0,2623.0,634.0,1194.0,5636.0,9119.0,8173.0,14156.0,3.018,6.304,4265.219,2772.322
2031,medium_district,35,Millcreek-Holladay,,,,,,,,,35,Millcreek-Holladay,,,39724.0,93773.328,2.361,46913.0,7780.0,1839.0,37294.0,53834.46,5191.0,2589.0,640.0,1199.0,5707.0,9095.0,8231.0,14261.0,3.018,6.317,4115.05,2797.082
2032,medium_district,35,Millcreek-Holladay,,,,,,,,,35,Millcreek-Holladay,,,39912.0,93656.183,2.347,47307.0,7752.0,1830.0,37725.0,54616.543,5220.0,2532.0,640.0,1190.0,5847.0,9083.0,8359.0,14436.0,3.023,6.604,4468.7880000000005,2831.132
2033,medium_district,35,Millcreek-Holladay,,,,,,,,,35,Millcreek-Holladay,,,40360.0,94284.552,2.336,47452.0,7711.0,1654.0,38087.0,54702.415,5224.0,2487.0,482.0,1172.0,5988.0,9054.0,8425.0,14620.0,3.025,6.912999999999999,4348.605,2891.873
2034,medium_district,35,Millcreek-Holladay,,,,,,,,,35,Millcreek-Holladay,,,40842.0,95090.94499999999,2.328,47955.0,7845.0,1644.0,38466.0,54958.928,5245.0,2600.0,478.0,1166.0,6093.0,9075.0,8458.0,14840.0,3.038,7.1850000000000005,4021.154,2972.549
2035,medium_district,35,Millcreek-Holladay,,,,,,,,,35,Millcreek-Holladay,,,41259.0,95704.794,2.32,47858.0,7758.0,1634.0,38466.0,54886.244,5264.0,2494.0,478.0,1156.0,6187.0,9064.0,8471.0,14744.0,3.036,7.271,4020.86,2997.078
2036,medium_district,35,Millcreek-Holladay,,,,,,,,,35,Millcreek-Holladay,,,41774.0,96641.451,2.313,48033.0,7764.0,1605.0,38664.0,55621.906,5287.0,2477.0,469.0,1136.0,6276.0,9067.0,8475.0,14846.0,3.04,7.213,4518.578,3060.0789999999997
2037,medium_district,35,Millcreek-Holladay,,,,,,,,,35,Millcreek-Holladay,,,42331.0,97879.842,2.312,48098.0,7944.0,1916.0,38238.0,55477.134,5351.0,2593.0,821.0,1095.0,6127.0,8934.0,8373.0,14804.0,3.0300000000000002,7.143999999999999,4227.121,3141.842
2038,medium_district,35,Millcreek-Holladay,,,,,,,,,35,Millcreek-Holladay,,,42733.0,98583.133,2.307,47565.0,7727.0,1907.0,37931.0,54889.95,5303.0,2424.0,820.0,1087.0,6141.0,8909.0,8376.0,14505.0,3.0300000000000002,7.121,4105.96,3208.842
2039,medium_district,35,Millcreek-Holladay,,,,,,,,,35,Millcreek-Holladay,,,43060.0,99031.025,2.3,47668.0,7767.0,1904.0,37997.0,54805.574,5336.0,2431.0,820.0,1084.0,6156.0,8912.0,8383.0,14546.0,3.018,7.1080000000000005,3858.449,3269.0
2040,medium_district,35,Millcreek-Holladay,,,,,,,,,35,Millcreek-Holladay,,,43371.0,99505.942,2.294,47099.0,7641.0,1828.0,37630.0,54577.699,5273.0,2368.0,760.0,1068.0,6106.0,8831.0,8354.0,14339.0,4.027,7.107,4133.647,3333.917
2041,medium_district,35,Millcreek-Holladay,,,,,,,,,35,Millcreek-Holladay,,,43659.0,99936.75,2.289,47036.0,7571.0,1821.0,37644.0,54463.034999999996,5223.0,2348.0,757.0,1064.0,6152.0,8844.0,8319.0,14329.0,4.023,7.136,4019.951,3395.924
2042,medium_district,35,Millcreek-Holladay,,,,,,,,,35,Millcreek-Holladay,,,43924.0,100311.548,2.284,47060.0,7521.0,1822.0,37717.0,54251.668,5193.0,2328.0,757.0,1065.0,6193.0,8855.0,8323.0,14346.0,4.029,7.204,3718.5860000000002,3461.849
2043,medium_district,35,Millcreek-Holladay,,,,,,,,,35,Millcreek-Holladay,,,44217.0,100754.158,2.279,45851.0,7143.0,1624.0,37084.0,53609.915,4866.0,2277.0,575.0,1049.0,6094.0,8790.0,8157.0,14043.0,4.036,7.260999999999999,4221.839,3525.766
2044,medium_district,35,Millcreek-Holladay,,,,,,,,,35,Millcreek-Holladay,,,44585.0,101386.135,2.274,45280.0,6927.0,1582.0,36771.0,53138.101,4757.0,2170.0,549.0,1033.0,6028.0,8772.0,8108.0,13863.0,4.007,7.253,4243.993,3602.848
2045,medium_district,35,Millcreek-Holladay,,,,,,,,,35,Millcreek-Holladay,,,44928.0,101970.88799999999,2.27,44857.0,6800.0,1573.0,36484.0,52347.129,4675.0,2125.0,547.0,1026.0,5968.0,8751.0,8022.0,13743.0,4.003,7.239000000000001,3799.413,3679.47
2046,medium_district,35,Millcreek-Holladay,,,,,,,,,35,Millcreek-Holladay,,,45276.0,102570.23700000001,2.265,44365.0,6654.0,1547.0,36164.0,52006.062,4585.0,2069.0,539.0,1008.0,5945.0,8749.0,7966.0,13504.0,3.9909999999999997,7.243,3868.909,3760.919
2047,medium_district,35,Millcreek-Holladay,,,,,,,,,35,Millcreek-Holladay,,,45572.0,102946.61,2.259,43886.0,6422.0,1545.0,35919.0,51286.033,4415.0,2007.0,537.0,1008.0,5928.0,8730.0,7933.0,13328.0,4.003,7.295,3549.062,3839.683
2048,medium_district,35,Millcreek-Holladay,,,,,,,,,35,Millcreek-Holladay,,,45984.0,103687.154,2.255,43971.0,6439.0,1549.0,35983.0,51592.855,4426.0,2013.0,537.0,1012.0,5956.0,8740.0,7939.0,13348.0,4.0,7.376,3683.176,3927.304
2049,medium_district,35,Millcreek-Holladay,,,,,,,,,35,Millcreek-Holladay,,,46340.0,104294.353,2.251,42726.0,6586.0,1563.0,34577.0,52561.942,4531.0,2055.0,537.0,1026.0,6337.0,8923.0,5761.0,13556.0,3.9970000000000003,7.46,5807.065,4017.422
2050,medium_district,35,Millcreek-Holladay,,,,,,,,,35,Millcreek-Holladay,,,46708.0,104881.285,2.245,43807.0,6716.0,1570.0,35521.0,52059.915,4612.0,2104.0,537.0,1033.0,6688.0,9112.0,5853.0,13868.0,4.0,7.5409999999999995,4130.901,4110.479
2051,medium_district,35,Millcreek-Holladay,,,,,,,,,35,Millcreek-Holladay,,,47152.0,105713.435,2.242,44568.0,6829.0,1578.0,36161.0,52933.012,4691.0,2138.0,536.0,1042.0,6895.0,9239.0,5949.0,14078.0,3.9970000000000003,7.609,4153.657,4199.746
2052,medium_district,35,Millcreek-Holladay,,,,,,,,,35,Millcreek-Holladay,,,47576.0,106466.375,2.238,45221.0,6923.0,1591.0,36707.0,53837.987,4758.0,2165.0,536.0,1055.0,7056.0,9371.0,6029.0,14251.0,4.0,7.688,4307.781,4297.524
2053,medium_district,35,Millcreek-Holladay,,,,,,,,,35,Millcreek-Holladay,,,47995.0,107218.553,2.234,45665.0,6896.0,1598.0,37171.0,54356.851,4743.0,2153.0,536.0,1062.0,7164.0,9486.0,6092.0,14429.0,4.0,7.776,4290.291,4389.776
2054,medium_district,35,Millcreek-Holladay,,,,,,,,,35,Millcreek-Holladay,,,48382.0,107893.459,2.23,46193.0,7057.0,1604.0,37532.0,55077.399,4862.0,2195.0,536.0,1068.0,7230.0,9583.0,6116.0,14603.0,4.0,7.8389999999999995,4396.936,4475.63
2055,medium_district,35,Millcreek-Holladay,,,,,,,,,35,Millcreek-Holladay,,,48806.0,108659.833,2.226,46568.0,7121.0,1615.0,37832.0,55686.425,4900.0,2221.0,536.0,1079.0,7311.0,9658.0,6160.0,14703.0,4.0,7.876,4530.194,4576.361
2056,medium_district,35,Millcreek-Holladay,,,,,,,,,35,Millcreek-Holladay,,,49533.0,110215.636,2.225,46900.0,7137.0,1618.0,38145.0,56309.112,4929.0,2208.0,536.0,1082.0,7363.0,9748.0,6207.0,14827.0,4.003,7.84,4689.49,4707.777
2057,medium_district,35,Millcreek-Holladay,,,,,,,,,35,Millcreek-Holladay,,,49859.0,111194.114,2.23,47080.0,7062.0,1616.0,38402.0,56577.313,4870.0,2192.0,532.0,1084.0,7438.0,9801.0,6243.0,14920.0,4.003,7.711,4676.848,4808.751
2058,medium_district,35,Millcreek-Holladay,,,,,,,,,35,Millcreek-Holladay,,,49871.0,111518.009,2.236,47301.0,7111.0,1627.0,38563.0,56966.538,4900.0,2211.0,532.0,1095.0,7502.0,9852.0,6172.0,15037.0,4.0,7.592,4765.72,4888.222
2059,medium_district,35,Millcreek-Holladay,,,,,,,,,35,Millcreek-Holladay,,,49910.0,112090.356,2.246,47546.0,7151.0,1631.0,38764.0,57471.338,4927.0,2224.0,529.0,1102.0,7534.0,9911.0,6188.0,15131.0,4.0,7.515,4930.077,4983.752
2060,medium_district,35,Millcreek-Holladay,,,,,,,,,35,Millcreek-Holladay,,,49802.0,112422.308,2.257,48113.0,7211.0,1633.0,39269.0,58713.239,4966.0,2245.0,528.0,1105.0,7684.0,9991.0,6291.0,15303.0,4.007,7.475,5527.789,5060.969
2061,medium_district,35,Millcreek-Holladay,,,,,,,,,35,Millcreek-Holladay,,,49814.0,113099.135,2.27,48820.0,7357.0,1650.0,39813.0,58854.443999999996,5045.0,2312.0,528.0,1122.0,7793.0,10096.0,6366.0,15558.0,4.0,7.452999999999999,4871.21,5151.7789999999995
2062,medium_district,35,Millcreek-Holladay,,,,,,,,,35,Millcreek-Holladay,,,49825.0,113683.108,2.282,49225.0,7410.0,1658.0,40157.0,59496.722,5078.0,2332.0,528.0,1130.0,7872.0,10157.0,6417.0,15711.0,4.007,7.439,5025.497,5234.7789999999995
2063,medium_district,35,Millcreek-Holladay,,,,,,,,,35,Millcreek-Holladay,,,49842.0,114241.158,2.292,49650.0,7477.0,1665.0,40508.0,60024.518,5121.0,2356.0,528.0,1137.0,7945.0,10237.0,6475.0,15851.0,4.007,7.4270000000000005,5036.271,5326.821
2064,medium_district,35,Millcreek-Holladay,,,,,,,,,35,Millcreek-Holladay,,,49880.0,114942.33,2.304,49930.0,7531.0,1668.0,40731.0,60598.233,5155.0,2376.0,528.0,1140.0,7992.0,10291.0,6519.0,15929.0,4.0,7.416,5223.074,5433.743
2065,medium_district,35,Millcreek-Holladay,,,,,,,,,35,Millcreek-Holladay,,,49899.0,115552.544,2.316,50246.0,7584.0,1670.0,40992.0,61058.18,5189.0,2395.0,528.0,1142.0,8042.0,10350.0,6570.0,16030.0,4.007,7.407,5275.843,5524.924
2023,medium_district,36,"Emigration Canyon, Northeast Mountains",,,,,,,,,36,"Emigration Canyon, Northeast Mountains",,,580.1,1490.1,2.569,177.0,0.0,0.0,177.0,193.633,0.0,0.0,0.0,0.0,0.0,177.0,0.0,0.0,0.0,0.0,16.633,0.0
2024,medium_district,36,"Emigration Canyon, Northeast Mountains",,,,,,,,,36,"Emigration Canyon, Northeast Mountains",,,583.9000000000001,1496.4,2.563,177.0,0.0,0.0,177.0,191.203,0.0,0.0,0.0,0.0,0.0,177.0,0.0,0.0,0.0,0.0,14.203,0.0
2025,medium_district,36,"Emigration Canyon, Northeast Mountains",,,,,,,,,36,"Emigration Canyon, Northeast Mountains",,,587.6,1502.7,2.557,177.0,0.0,0.0,177.0,193.416,0.0,0.0,0.0,0.0,0.0,177.0,0.0,0.0,0.0,0.0,16.416,0.0
2026,medium_district,36,"Emigration Canyon, Northeast Mountains",,,,,,,,,36,"Emigration Canyon, Northeast Mountains",,,591.3,1509.0,2.552,177.0,0.0,0.0,177.0,193.59,0.0,0.0,0.0,0.0,0.0,177.0,0.0,0.0,0.0,0.0,16.59,0.0
2027,medium_district,36,"Emigration Canyon, Northeast Mountains",,,,,,,,,36,"Emigration Canyon, Northeast Mountains",,,595.0,1515.3,2.547,177.0,0.0,0.0,177.0,194.095,0.0,0.0,0.0,0.0,0.0,177.0,0.0,0.0,0.0,0.0,17.095,0.0
2028,medium_district,36,"Emigration Canyon, Northeast Mountains",,,,,,,,,36,"Emigration Canyon, Northeast Mountains",,,599.8,1524.546,2.542,177.0,0.0,0.0,177.0,194.226,0.0,0.0,0.0,0.0,0.0,177.0,0.0,0.0,0.0,0.0,17.226,0.0
2029,medium_district,36,"Emigration Canyon, Northeast Mountains",,,,,,,,,36,"Emigration Canyon, Northeast Mountains",,,603.6,1530.9180000000001,2.536,177.0,0.0,0.0,177.0,193.923,0.0,0.0,0.0,0.0,0.0,177.0,0.0,0.0,0.0,0.0,16.923000000000002,0.0
2030,medium_district,36,"Emigration Canyon, Northeast Mountains",,,,,,,,,36,"Emigration Canyon, Northeast Mountains",,,607.4,1537.291,2.531,177.0,0.0,0.0,177.0,194.343,0.0,0.0,0.0,0.0,0.0,177.0,0.0,0.0,0.0,0.0,17.343,0.0
2031,medium_district,36,"Emigration Canyon, Northeast Mountains",,,,,,,,,36,"Emigration Canyon, Northeast Mountains",,,611.4,1543.666,2.525,177.0,0.0,0.0,177.0,193.86,0.0,0.0,0.0,0.0,0.0,177.0,0.0,0.0,0.0,0.0,16.86,0.0
2032,medium_district,36,"Emigration Canyon, Northeast Mountains",,,,,,,,,36,"Emigration Canyon, Northeast Mountains",,,615.5,1549.9419999999998,2.518,177.0,0.0,0.0,177.0,193.455,0.0,0.0,0.0,0.0,0.0,177.0,0.0,0.0,0.0,0.0,16.455,0.0
2033,medium_district,36,"Emigration Canyon, Northeast Mountains",,,,,,,,,36,"Emigration Canyon, Northeast Mountains",,,619.6,1556.221,2.512,177.0,0.0,0.0,177.0,193.22,0.0,0.0,0.0,0.0,0.0,177.0,0.0,0.0,0.0,0.0,16.22,0.0
2034,medium_district,36,"Emigration Canyon, Northeast Mountains",,,,,,,,,36,"Emigration Canyon, Northeast Mountains",,,623.7,1562.4009999999998,2.505,177.0,0.0,0.0,177.0,193.074,0.0,0.0,0.0,0.0,0.0,177.0,0.0,0.0,0.0,0.0,16.073999999999998,0.0
2035,medium_district,36,"Emigration Canyon, Northeast Mountains",,,,,,,,,36,"Emigration Canyon, Northeast Mountains",,,627.7,1568.482,2.499,177.0,0.0,0.0,177.0,193.965,0.0,0.0,0.0,0.0,0.0,177.0,0.0,0.0,0.0,0.0,16.965,0.0
2036,medium_district,36,"Emigration Canyon, Northeast Mountains",,,,,,,,,36,"Emigration Canyon, Northeast Mountains",,,631.5,1574.564,2.493,177.0,0.0,0.0,177.0,193.771,0.0,0.0,0.0,0.0,0.0,177.0,0.0,0.0,0.0,0.0,16.771,0.0
2037,medium_district,36,"Emigration Canyon, Northeast Mountains",,,,,,,,,36,"Emigration Canyon, Northeast Mountains",,,635.3,1583.0189999999998,2.492,177.0,0.0,0.0,177.0,193.423,0.0,0.0,0.0,0.0,0.0,177.0,0.0,0.0,0.0,0.0,16.423000000000002,0.0
2038,medium_district,36,"Emigration Canyon, Northeast Mountains",,,,,,,,,36,"Emigration Canyon, Northeast Mountains",,,639.1,1588.981,2.486,177.0,0.0,0.0,177.0,192.953,0.0,0.0,0.0,0.0,0.0,177.0,0.0,0.0,0.0,0.0,15.953,0.0
2039,medium_district,36,"Emigration Canyon, Northeast Mountains",,,,,,,,,36,"Emigration Canyon, Northeast Mountains",,,642.8,1594.846,2.481,177.0,0.0,0.0,177.0,192.994,0.0,0.0,0.0,0.0,0.0,177.0,0.0,0.0,0.0,0.0,15.994,0.0
2040,medium_district,36,"Emigration Canyon, Northeast Mountains",,,,,,,,,36,"Emigration Canyon, Northeast Mountains",,,646.3,1600.613,2.477,177.0,0.0,0.0,177.0,193.03,0.0,0.0,0.0,0.0,0.0,177.0,0.0,0.0,0.0,0.0,16.03,0.0
2041,medium_district,36,"Emigration Canyon, Northeast Mountains",,,,,,,,,36,"Emigration Canyon, Northeast Mountains",,,650.4,1606.2820000000002,2.47,177.0,0.0,0.0,177.0,192.539,0.0,0.0,0.0,0.0,0.0,177.0,0.0,0.0,0.0,0.0,15.539,0.0
2042,medium_district,36,"Emigration Canyon, Northeast Mountains",,,,,,,,,36,"Emigration Canyon, Northeast Mountains",,,654.3,1611.8549999999998,2.463,177.0,0.0,0.0,177.0,192.302,0.0,0.0,0.0,0.0,0.0,177.0,0.0,0.0,0.0,0.0,15.302,0.0
2043,medium_district,36,"Emigration Canyon, Northeast Mountains",,,,,,,,,36,"Emigration Canyon, Northeast Mountains",,,658.0,1617.228,2.458,177.0,0.0,0.0,177.0,192.641,0.0,0.0,0.0,0.0,0.0,177.0,0.0,0.0,0.0,0.0,15.641,0.0
2044,medium_district,36,"Emigration Canyon, Northeast Mountains",,,,,,,,,36,"Emigration Canyon, Northeast Mountains",,,661.7,1622.5040000000001,2.452,177.0,0.0,0.0,177.0,192.429,0.0,0.0,0.0,0.0,0.0,177.0,0.0,0.0,0.0,0.0,15.429,0.0
2045,medium_district,36,"Emigration Canyon, Northeast Mountains",,,,,,,,,36,"Emigration Canyon, Northeast Mountains",,,665.2,1627.581,2.447,177.0,0.0,0.0,177.0,192.22,0.0,0.0,0.0,0.0,0.0,177.0,0.0,0.0,0.0,0.0,15.219999999999999,0.0
2046,medium_district,36,"Emigration Canyon, Northeast Mountains",,,,,,,,,36,"Emigration Canyon, Northeast Mountains",,,668.6,1632.66,2.442,177.0,0.0,0.0,177.0,192.344,0.0,0.0,0.0,0.0,0.0,177.0,0.0,0.0,0.0,0.0,15.344000000000001,0.0
2047,medium_district,36,"Emigration Canyon, Northeast Mountains",,,,,,,,,36,"Emigration Canyon, Northeast Mountains",,,671.8,1637.639,2.438,177.0,0.0,0.0,177.0,192.302,0.0,0.0,0.0,0.0,0.0,177.0,0.0,0.0,0.0,0.0,15.302,0.0
2048,medium_district,36,"Emigration Canyon, Northeast Mountains",,,,,,,,,36,"Emigration Canyon, Northeast Mountains",,,674.9,1642.418,2.434,177.0,0.0,0.0,177.0,193.487,0.0,0.0,0.0,0.0,0.0,177.0,0.0,0.0,0.0,0.0,16.487000000000002,0.0
2049,medium_district,36,"Emigration Canyon, Northeast Mountains",,,,,,,,,36,"Emigration Canyon, Northeast Mountains",,,677.9,1647.099,2.43,177.0,0.0,0.0,177.0,193.953,0.0,0.0,0.0,0.0,0.0,177.0,0.0,0.0,0.0,0.0,16.953,0.0
2050,medium_district,36,"Emigration Canyon, Northeast Mountains",,,,,,,,,36,"Emigration Canyon, Northeast Mountains",,,680.9000000000001,1651.579,2.426,177.0,0.0,0.0,177.0,194.181,0.0,0.0,0.0,0.0,0.0,177.0,0.0,0.0,0.0,0.0,17.181,0.0
2051,medium_district,36,"Emigration Canyon, Northeast Mountains",,,,,,,,,36,"Emigration Canyon, Northeast Mountains",,,683.9,1656.059,2.421,177.0,0.0,0.0,177.0,194.115,0.0,0.0,0.0,0.0,0.0,177.0,0.0,0.0,0.0,0.0,17.115000000000002,0.0
2052,medium_district,36,"Emigration Canyon, Northeast Mountains",,,,,,,,,36,"Emigration Canyon, Northeast Mountains",,,686.9000000000001,1660.338,2.417,177.0,0.0,0.0,177.0,194.196,0.0,0.0,0.0,0.0,0.0,177.0,0.0,0.0,0.0,0.0,17.195999999999998,0.0
2053,medium_district,36,"Emigration Canyon, Northeast Mountains",,,,,,,,,36,"Emigration Canyon, Northeast Mountains",,,689.9,1664.5169999999998,2.413,177.0,0.0,0.0,177.0,194.195,0.0,0.0,0.0,0.0,0.0,177.0,0.0,0.0,0.0,0.0,17.195,0.0
2054,medium_district,36,"Emigration Canyon, Northeast Mountains",,,,,,,,,36,"Emigration Canyon, Northeast Mountains",,,692.9,1668.595,2.408,177.0,0.0,0.0,177.0,194.249,0.0,0.0,0.0,0.0,0.0,177.0,0.0,0.0,0.0,0.0,17.249,0.0
2055,medium_district,36,"Emigration Canyon, Northeast Mountains",,,,,,,,,36,"Emigration Canyon, Northeast Mountains",,,696.0,1672.5729999999999,2.403,177.0,0.0,0.0,177.0,194.496,0.0,0.0,0.0,0.0,0.0,177.0,0.0,0.0,0.0,0.0,17.496000000000002,0.0
2056,medium_district,36,"Emigration Canyon, Northeast Mountains",,,,,,,,,36,"Emigration Canyon, Northeast Mountains",,,699.1,1676.4500000000003,2.398,177.0,0.0,0.0,177.0,194.458,0.0,0.0,0.0,0.0,0.0,177.0,0.0,0.0,0.0,0.0,17.458,0.0
2057,medium_district,36,"Emigration Canyon, Northeast Mountains",,,,,,,,,36,"Emigration Canyon, Northeast Mountains",,,702.1,1680.367,2.393,177.0,0.0,0.0,177.0,194.694,0.0,0.0,0.0,0.0,0.0,177.0,0.0,0.0,0.0,0.0,17.694,0.0
2058,medium_district,36,"Emigration Canyon, Northeast Mountains",,,,,,,,,36,"Emigration Canyon, Northeast Mountains",,,705.0999999999999,1684.0849999999998,2.388,177.0,0.0,0.0,177.0,194.58,0.0,0.0,0.0,0.0,0.0,177.0,0.0,0.0,0.0,0.0,17.58,0.0
2059,medium_district,36,"Emigration Canyon, Northeast Mountains",,,,,,,,,36,"Emigration Canyon, Northeast Mountains",,,708.2,1687.815,2.383,177.0,0.0,0.0,177.0,194.901,0.0,0.0,0.0,0.0,0.0,177.0,0.0,0.0,0.0,0.0,17.901,0.0
2060,medium_district,36,"Emigration Canyon, Northeast Mountains",,,,,,,,,36,"Emigration Canyon, Northeast Mountains",,,711.4,1691.449,2.378,177.0,0.0,0.0,177.0,194.962,0.0,0.0,0.0,0.0,0.0,177.0,0.0,0.0,0.0,0.0,17.962,0.0
2061,medium_district,36,"Emigration Canyon, Northeast Mountains",,,,,,,,,36,"Emigration Canyon, Northeast Mountains",,,1.0,4.788,4.788,162.0,0.0,0.0,162.0,169.957,0.0,0.0,0.0,0.0,0.0,162.0,0.0,0.0,0.0,0.0,7.957,0.0
2062,medium_district,36,"Emigration Canyon, Northeast Mountains",,,,,,,,,36,"Emigration Canyon, Northeast Mountains",,,1.0,4.822,4.822,162.0,0.0,0.0,162.0,170.224,0.0,0.0,0.0,0.0,0.0,162.0,0.0,0.0,0.0,0.0,8.224,0.0
2063,medium_district,36,"Emigration Canyon, Northeast Mountains",,,,,,,,,36,"Emigration Canyon, Northeast Mountains",,,1.0,4.853,4.853,162.0,0.0,0.0,162.0,170.187,0.0,0.0,0.0,0.0,0.0,162.0,0.0,0.0,0.0,0.0,8.187,0.0
2064,medium_district,36,"Emigration Canyon, Northeast Mountains",,,,,,,,,36,"Emigration Canyon, Northeast Mountains",,,1.0,4.892,4.892,162.0,0.0,0.0,162.0,170.363,0.0,0.0,0.0,0.0,0.0,162.0,0.0,0.0,0.0,0.0,8.363,0.0
2065,medium_district,36,"Emigration Canyon, Northeast Mountains",,,,,,,,,36,"Emigration Canyon, Northeast Mountains",,,1.0,4.927,4.927,162.0,0.0,0.0,162.0,170.511,0.0,0.0,0.0,0.0,0.0,162.0,0.0,0.0,0.0,0.0,8.511,0.0
2023,medium_district,37,SL - West Mountains,,,,,,,,,37,SL - West Mountains,,,0.0,0.0,0,0.0,0.0,0.0,0.0,2006.462,0.0,0.0,0.0,0.0,0.0,0.0,0.0,0.0,0.0,2006.462,0.0,0.0
2024,medium_district,37,SL - West Mountains,,,,,,,,,37,SL - West Mountains,,,0.0,0.0,0,0.0,0.0,0.0,0.0,2054.508,0.0,0.0,0.0,0.0,0.0,0.0,0.0,0.0,0.0,2054.508,0.0,0.0
2025,medium_district,37,SL - West Mountains,,,,,,,,,37,SL - West Mountains,,,0.0,0.0,0,0.0,0.0,0.0,0.0,2029.824,0.0,0.0,0.0,0.0,0.0,0.0,0.0,0.0,0.0,2029.824,0.0,0.0
2026,medium_district,37,SL - West Mountains,,,,,,,,,37,SL - West Mountains,,,0.0,0.0,0,0.0,0.0,0.0,0.0,2073.021,0.0,0.0,0.0,0.0,0.0,0.0,0.0,0.0,0.0,2073.021,0.0,0.0
2027,medium_district,37,SL - West Mountains,,,,,,,,,37,SL - West Mountains,,,0.0,0.0,0,0.0,0.0,0.0,0.0,2101.232,0.0,0.0,0.0,0.0,0.0,0.0,0.0,0.0,0.0,2101.232,0.0,0.0
2028,medium_district,37,SL - West Mountains,,,,,,,,,37,SL - West Mountains,,,0.0,0.0,0,0.0,0.0,0.0,0.0,2000.291,0.0,0.0,0.0,0.0,0.0,0.0,0.0,0.0,0.0,2000.291,0.0,0.0
2029,medium_district,37,SL - West Mountains,,,,,,,,,37,SL - West Mountains,,,0.0,0.0,0,0.0,0.0,0.0,0.0,1875.549,0.0,0.0,0.0,0.0,0.0,0.0,0.0,0.0,0.0,1875.549,0.0,0.0
2030,medium_district,37,SL - West Mountains,,,,,,,,,37,SL - West Mountains,,,0.0,0.0,0,0.0,0.0,0.0,0.0,1835.878,0.0,0.0,0.0,0.0,0.0,0.0,0.0,0.0,0.0,1835.878,0.0,0.0
2031,medium_district,37,SL - West Mountains,,,,,,,,,37,SL - West Mountains,,,0.0,0.0,0,0.0,0.0,0.0,0.0,1839.845,0.0,0.0,0.0,0.0,0.0,0.0,0.0,0.0,0.0,1839.845,0.0,0.0
2032,medium_district,37,SL - West Mountains,,,,,,,,,37,SL - West Mountains,,,0.0,0.0,0,0.0,0.0,0.0,0.0,1923.594,0.0,0.0,0.0,0.0,0.0,0.0,0.0,0.0,0.0,1923.594,0.0,0.0
2033,medium_district,37,SL - West Mountains,,,,,,,,,37,SL - West Mountains,,,0.0,0.0,0,0.0,0.0,0.0,0.0,2013.515,0.0,0.0,0.0,0.0,0.0,0.0,0.0,0.0,0.0,2013.515,0.0,0.0
2034,medium_district,37,SL - West Mountains,,,,,,,,,37,SL - West Mountains,,,0.0,0.0,0,0.0,0.0,0.0,0.0,2092.857,0.0,0.0,0.0,0.0,0.0,0.0,0.0,0.0,0.0,2092.857,0.0,0.0
2035,medium_district,37,SL - West Mountains,,,,,,,,,37,SL - West Mountains,,,0.0,0.0,0,0.0,0.0,0.0,0.0,2117.541,0.0,0.0,0.0,0.0,0.0,0.0,0.0,0.0,0.0,2117.541,0.0,0.0
2036,medium_district,37,SL - West Mountains,,,,,,,,,37,SL - West Mountains,,,0.0,0.0,0,0.0,0.0,0.0,0.0,2100.791,0.0,0.0,0.0,0.0,0.0,0.0,0.0,0.0,0.0,2100.791,0.0,0.0
2037,medium_district,37,SL - West Mountains,,,,,,,,,37,SL - West Mountains,,,0.0,0.0,0,0.0,0.0,0.0,0.0,2080.515,0.0,0.0,0.0,0.0,0.0,0.0,0.0,0.0,0.0,2080.515,0.0,0.0
2038,medium_district,37,SL - West Mountains,,,,,,,,,37,SL - West Mountains,,,0.0,0.0,0,0.0,0.0,0.0,0.0,2073.903,0.0,0.0,0.0,0.0,0.0,0.0,0.0,0.0,0.0,2073.903,0.0,0.0
2039,medium_district,37,SL - West Mountains,,,,,,,,,37,SL - West Mountains,,,0.0,0.0,0,0.0,0.0,0.0,0.0,2070.376,0.0,0.0,0.0,0.0,0.0,0.0,0.0,0.0,0.0,2070.376,0.0,0.0
2040,medium_district,37,SL - West Mountains,,,,,,,,,37,SL - West Mountains,,,0.0,0.0,0,0.0,0.0,0.0,0.0,2069.936,0.0,0.0,0.0,0.0,0.0,0.0,0.0,0.0,0.0,2069.936,0.0,0.0
2041,medium_district,37,SL - West Mountains,,,,,,,,,37,SL - West Mountains,,,0.0,0.0,0,0.0,0.0,0.0,0.0,2078.311,0.0,0.0,0.0,0.0,0.0,0.0,0.0,0.0,0.0,2078.311,0.0,0.0
2042,medium_district,37,SL - West Mountains,,,,,,,,,37,SL - West Mountains,,,0.0,0.0,0,0.0,0.0,0.0,0.0,2098.146,0.0,0.0,0.0,0.0,0.0,0.0,0.0,0.0,0.0,2098.146,0.0,0.0
2043,medium_district,37,SL - West Mountains,,,,,,,,,37,SL - West Mountains,,,0.0,0.0,0,0.0,0.0,0.0,0.0,2114.896,0.0,0.0,0.0,0.0,0.0,0.0,0.0,0.0,0.0,2114.896,0.0,0.0
2044,medium_district,37,SL - West Mountains,,,,,,,,,37,SL - West Mountains,,,0.0,0.0,0,0.0,0.0,0.0,0.0,2112.692,0.0,0.0,0.0,0.0,0.0,0.0,0.0,0.0,0.0,2112.692,0.0,0.0
2045,medium_district,37,SL - West Mountains,,,,,,,,,37,SL - West Mountains,,,0.0,0.0,0,0.0,0.0,0.0,0.0,2108.284,0.0,0.0,0.0,0.0,0.0,0.0,0.0,0.0,0.0,2108.284,0.0,0.0
2046,medium_district,37,SL - West Mountains,,,,,,,,,37,SL - West Mountains,,,0.0,0.0,0,0.0,0.0,0.0,0.0,2109.607,0.0,0.0,0.0,0.0,0.0,0.0,0.0,0.0,0.0,2109.607,0.0,0.0
2047,medium_district,37,SL - West Mountains,,,,,,,,,37,SL - West Mountains,,,0.0,0.0,0,0.0,0.0,0.0,0.0,2124.593,0.0,0.0,0.0,0.0,0.0,0.0,0.0,0.0,0.0,2124.593,0.0,0.0
2048,medium_district,37,SL - West Mountains,,,,,,,,,37,SL - West Mountains,,,0.0,0.0,0,0.0,0.0,0.0,0.0,2148.396,0.0,0.0,0.0,0.0,0.0,0.0,0.0,0.0,0.0,2148.396,0.0,0.0
2049,medium_district,37,SL - West Mountains,,,,,,,,,37,SL - West Mountains,,,0.0,0.0,0,0.0,0.0,0.0,0.0,2172.639,0.0,0.0,0.0,0.0,0.0,0.0,0.0,0.0,0.0,2172.639,0.0,0.0
2050,medium_district,37,SL - West Mountains,,,,,,,,,37,SL - West Mountains,,,0.0,0.0,0,0.0,0.0,0.0,0.0,2196.442,0.0,0.0,0.0,0.0,0.0,0.0,0.0,0.0,0.0,2196.442,0.0,0.0
2051,medium_district,37,SL - West Mountains,,,,,,,,,37,SL - West Mountains,,,0.0,0.0,0,0.0,0.0,0.0,0.0,2216.277,0.0,0.0,0.0,0.0,0.0,0.0,0.0,0.0,0.0,2216.277,0.0,0.0
2052,medium_district,37,SL - West Mountains,,,,,,,,,37,SL - West Mountains,,,0.0,0.0,0,0.0,0.0,0.0,0.0,2239.198,0.0,0.0,0.0,0.0,0.0,0.0,0.0,0.0,0.0,2239.198,0.0,0.0
2053,medium_district,37,SL - West Mountains,,,,,,,,,37,SL - West Mountains,,,0.0,0.0,0,0.0,0.0,0.0,0.0,2264.764,0.0,0.0,0.0,0.0,0.0,0.0,0.0,0.0,0.0,2264.764,0.0,0.0
2054,medium_district,37,SL - West Mountains,,,,,,,,,37,SL - West Mountains,,,0.0,0.0,0,0.0,0.0,0.0,0.0,2282.836,0.0,0.0,0.0,0.0,0.0,0.0,0.0,0.0,0.0,2282.836,0.0,0.0
2055,medium_district,37,SL - West Mountains,,,,,,,,,37,SL - West Mountains,,,0.0,0.0,0,0.0,0.0,0.0,0.0,2293.855,0.0,0.0,0.0,0.0,0.0,0.0,0.0,0.0,0.0,2293.855,0.0,0.0
2056,medium_district,37,SL - West Mountains,,,,,,,,,37,SL - West Mountains,,,0.0,0.0,0,0.0,0.0,0.0,0.0,2283.277,0.0,0.0,0.0,0.0,0.0,0.0,0.0,0.0,0.0,2283.277,0.0,0.0
2057,medium_district,37,SL - West Mountains,,,,,,,,,37,SL - West Mountains,,,0.0,0.0,0,0.0,0.0,0.0,0.0,2245.81,0.0,0.0,0.0,0.0,0.0,0.0,0.0,0.0,0.0,2245.81,0.0,0.0
2058,medium_district,37,SL - West Mountains,,,,,,,,,37,SL - West Mountains,,,0.0,0.0,0,0.0,0.0,0.0,0.0,2210.988,0.0,0.0,0.0,0.0,0.0,0.0,0.0,0.0,0.0,2210.988,0.0,0.0
2059,medium_district,37,SL - West Mountains,,,,,,,,,37,SL - West Mountains,,,0.0,0.0,0,0.0,0.0,0.0,0.0,2188.507,0.0,0.0,0.0,0.0,0.0,0.0,0.0,0.0,0.0,2188.507,0.0,0.0
2060,medium_district,37,SL - West Mountains,,,,,,,,,37,SL - West Mountains,,,0.0,0.0,0,0.0,0.0,0.0,0.0,2177.047,0.0,0.0,0.0,0.0,0.0,0.0,0.0,0.0,0.0,2177.047,0.0,0.0
2061,medium_district,37,SL - West Mountains,,,,,,,,,37,SL - West Mountains,,,0.0,0.0,0,0.0,0.0,0.0,0.0,2170.876,0.0,0.0,0.0,0.0,0.0,0.0,0.0,0.0,0.0,2170.876,0.0,0.0
2062,medium_district,37,SL - West Mountains,,,,,,,,,37,SL - West Mountains,,,0.0,0.0,0,0.0,0.0,0.0,0.0,2166.468,0.0,0.0,0.0,0.0,0.0,0.0,0.0,0.0,0.0,2166.468,0.0,0.0
2063,medium_district,37,SL - West Mountains,,,,,,,,,37,SL - West Mountains,,,0.0,0.0,0,0.0,0.0,0.0,0.0,2162.942,0.0,0.0,0.0,0.0,0.0,0.0,0.0,0.0,0.0,2162.942,0.0,0.0
2064,medium_district,37,SL - West Mountains,,,,,,,,,37,SL - West Mountains,,,0.0,0.0,0,0.0,0.0,0.0,0.0,2159.856,0.0,0.0,0.0,0.0,0.0,0.0,0.0,0.0,0.0,2159.856,0.0,0.0
2065,medium_district,37,SL - West Mountains,,,,,,,,,37,SL - West Mountains,,,0.0,0.0,0,0.0,0.0,0.0,0.0,2157.212,0.0,0.0,0.0,0.0,0.0,0.0,0.0,0.0,0.0,2157.212,0.0,0.0
2023,medium_district,38,"S.Flat, U-111@62nd",,,,,,,,,38,"S.Flat, U-111@62nd",,,647.0,2351.668,3.635,1424.0,69.0,611.0,744.0,1907.165,61.0,8.0,18.0,593.0,54.0,159.0,0.0,531.0,59.142,172.229,210.802,40.994
2024,medium_district,38,"S.Flat, U-111@62nd",,,,,,,,,38,"S.Flat, U-111@62nd",,,666.0,2378.588,3.571,1600.0,77.0,711.0,812.0,2019.49,64.0,13.0,69.0,642.0,55.0,196.0,5.0,556.0,62.348000000000006,176.353,139.783,41.007
2025,medium_district,38,"S.Flat, U-111@62nd",,,,,,,,,38,"S.Flat, U-111@62nd",,,716.0,2476.784,3.459,1730.0,83.0,797.0,850.0,2170.3689999999997,69.0,14.0,99.0,698.0,57.0,210.0,11.0,572.0,61.244,174.234,156.872,48.017
2026,medium_district,38,"S.Flat, U-111@62nd",,,,,,,,,38,"S.Flat, U-111@62nd",,,782.0,2613.119,3.342,1804.0,86.0,820.0,898.0,2321.342,72.0,14.0,99.0,721.0,56.0,217.0,27.0,598.0,61.197,177.942,225.195,53.009
2027,medium_district,38,"S.Flat, U-111@62nd",,,,,,,,,38,"S.Flat, U-111@62nd",,,930.0,2934.66,3.156,1892.0,92.0,863.0,937.0,2428.498,76.0,16.0,99.0,764.0,56.0,229.0,36.0,616.0,60.537,180.363,232.59,63.007000000000005
2028,medium_district,38,"S.Flat, U-111@62nd",,,,,,,,,38,"S.Flat, U-111@62nd",,,1017.0,3129.3540000000003,3.077,1921.0,92.0,868.0,961.0,2414.401,76.0,16.0,99.0,769.0,57.0,234.0,38.0,632.0,61.451,171.699,191.25,69.002
2029,medium_district,38,"S.Flat, U-111@62nd",,,,,,,,,38,"S.Flat, U-111@62nd",,,1100.0,3304.136,3.004,1959.0,93.0,883.0,983.0,2439.1330000000003,77.0,16.0,100.0,783.0,57.0,238.0,40.0,648.0,62.204,160.991,180.927,76.011
2030,medium_district,38,"S.Flat, U-111@62nd",,,,,,,,,38,"S.Flat, U-111@62nd",,,1153.0,3394.965,2.944,2003.0,97.0,902.0,1004.0,2444.126,81.0,16.0,117.0,785.0,58.0,243.0,44.0,659.0,61.355,157.586,142.17700000000002,80.01
2031,medium_district,38,"S.Flat, U-111@62nd",,,,,,,,,38,"S.Flat, U-111@62nd",,,1183.0,3434.541,2.903,2073.0,106.0,931.0,1036.0,2720.323,89.0,17.0,129.0,802.0,60.0,243.0,48.0,685.0,63.368,157.927,343.02500000000003,83.002
2032,medium_district,38,"S.Flat, U-111@62nd",,,,,,,,,38,"S.Flat, U-111@62nd",,,1210.0,3455.9829999999997,2.856,2192.0,121.0,949.0,1122.0,2866.281,102.0,19.0,129.0,820.0,69.0,244.0,60.0,749.0,63.478,165.115,359.716,85.973
2033,medium_district,38,"S.Flat, U-111@62nd",,,,,,,,,38,"S.Flat, U-111@62nd",,,1233.0,3473.368,2.817,2310.0,136.0,968.0,1206.0,2820.5860000000002,116.0,20.0,134.0,834.0,79.0,246.0,66.0,815.0,64.538,172.834,186.189,87.02600000000001
2034,medium_district,38,"S.Flat, U-111@62nd",,,,,,,,,38,"S.Flat, U-111@62nd",,,1350.0,3657.924,2.71,2526.0,172.0,997.0,1357.0,3488.928,140.0,32.0,134.0,863.0,94.0,250.0,74.0,939.0,65.82,179.644,620.445,97.018
2035,medium_district,38,"S.Flat, U-111@62nd",,,,,,,,,38,"S.Flat, U-111@62nd",,,1508.0,3920.41,2.6,2551.0,180.0,995.0,1376.0,3292.968,147.0,33.0,134.0,861.0,100.0,250.0,76.0,950.0,65.766,181.763,384.436,110.00299999999999
2036,medium_district,38,"S.Flat, U-111@62nd",,,,,,,,,38,"S.Flat, U-111@62nd",,,1681.0,4199.299,2.498,2653.0,199.0,998.0,1456.0,3383.223,164.0,35.0,134.0,864.0,120.0,254.0,83.0,999.0,64.861,180.325,362.034,123.00299999999999
2037,medium_district,38,"S.Flat, U-111@62nd",,,,,,,,,38,"S.Flat, U-111@62nd",,,1710.0,4199.45,2.456,2558.0,186.0,997.0,1375.0,3372.423,155.0,31.0,136.0,861.0,111.0,263.0,83.0,918.0,67.674,178.585,442.169,125.994
2038,medium_district,38,"S.Flat, U-111@62nd",,,,,,,,,38,"S.Flat, U-111@62nd",,,1915.0,4539.63,2.371,2635.0,200.0,1004.0,1431.0,3423.853,165.0,35.0,136.0,868.0,119.0,269.0,92.0,951.0,66.663,178.017,400.18100000000004,143.993
2039,medium_district,38,"S.Flat, U-111@62nd",,,,,,,,,38,"S.Flat, U-111@62nd",,,2117.0,4893.867,2.312,2688.0,205.0,1013.0,1470.0,3528.805,169.0,36.0,136.0,877.0,125.0,272.0,98.0,975.0,67.391,177.715,435.699,160.0
2040,medium_district,38,"S.Flat, U-111@62nd",,,,,,,,,38,"S.Flat, U-111@62nd",,,2272.0,5147.773,2.266,2810.0,226.0,1025.0,1559.0,3739.0589999999997,186.0,40.0,136.0,889.0,132.0,279.0,108.0,1040.0,67.447,177.677,508.991,174.94299999999998
2041,medium_district,38,"S.Flat, U-111@62nd",,,,,,,,,38,"S.Flat, U-111@62nd",,,2395.0,5342.776,2.231,2956.0,258.0,1044.0,1654.0,3717.676,204.0,54.0,136.0,908.0,142.0,286.0,116.0,1110.0,68.395,178.396,328.835,186.05100000000002
2042,medium_district,38,"S.Flat, U-111@62nd",,,,,,,,,38,"S.Flat, U-111@62nd",,,2496.0,5507.101,2.206,4297.0,458.0,1341.0,2498.0,7564.514999999999,363.0,95.0,136.0,1205.0,255.0,374.0,147.0,1722.0,69.51599999999999,180.098,2821.967,195.934
2043,medium_district,38,"S.Flat, U-111@62nd",,,,,,,,,38,"S.Flat, U-111@62nd",,,2594.0,5665.860999999999,2.184,5573.0,668.0,1627.0,3278.0,6449.775,528.0,140.0,136.0,1491.0,319.0,457.0,194.0,2308.0,69.631,181.536,418.623,206.98700000000002
2044,medium_district,38,"S.Flat, U-111@62nd",,,,,,,,,38,"S.Flat, U-111@62nd",,,2679.0,5801.3060000000005,2.165,6875.0,849.0,1966.0,4060.0,7775.652000000001,677.0,172.0,136.0,1830.0,414.0,551.0,234.0,2861.0,69.114,181.347,434.202,215.99099999999999
2045,medium_district,38,"S.Flat, U-111@62nd",,,,,,,,,38,"S.Flat, U-111@62nd",,,2775.0,5972.121000000001,2.152,8958.0,1254.0,2255.0,5449.0,11900.75,964.0,290.0,136.0,2119.0,650.0,705.0,314.0,3780.0,71.059,180.969,2464.7560000000003,225.968
2046,medium_district,38,"S.Flat, U-111@62nd",,,,,,,,,38,"S.Flat, U-111@62nd",,,2839.0,6072.706,2.139,10866.0,1661.0,2572.0,6633.0,11829.222,1274.0,387.0,136.0,2436.0,835.0,831.0,410.0,4557.0,71.823,181.082,474.323,235.996
2047,medium_district,38,"S.Flat, U-111@62nd",,,,,,,,,38,"S.Flat, U-111@62nd",,,2888.0,6158.957,2.133,12444.0,1909.0,2914.0,7621.0,13467.22,1442.0,467.0,136.0,2778.0,998.0,935.0,485.0,5203.0,73.06,182.369,524.748,243.043
2048,medium_district,38,"S.Flat, U-111@62nd",,,,,,,,,38,"S.Flat, U-111@62nd",,,2918.0,6197.214,2.124,13278.0,2037.0,3078.0,8163.0,14639.026,1534.0,503.0,137.0,2941.0,1100.0,1022.0,517.0,5524.0,73.0,184.412,854.595,249.019
2049,medium_district,38,"S.Flat, U-111@62nd",,,,,,,,,38,"S.Flat, U-111@62nd",,,2942.0,6231.666000000001,2.118,14069.0,2151.0,3192.0,8726.0,15307.928999999998,1610.0,541.0,138.0,3054.0,1178.0,1090.0,627.0,5831.0,72.94,186.493,725.596,253.901
2050,medium_district,38,"S.Flat, U-111@62nd",,,,,,,,,38,"S.Flat, U-111@62nd",,,2949.0,6229.093000000001,2.112,14817.0,2288.0,3311.0,9218.0,16120.234999999999,1718.0,570.0,138.0,3173.0,1265.0,1178.0,658.0,6117.0,73.0,188.536,782.732,258.967
2051,medium_district,38,"S.Flat, U-111@62nd",,,,,,,,,38,"S.Flat, U-111@62nd",,,2953.0,6216.185000000001,2.105,15376.0,2397.0,3407.0,9572.0,16701.302,1802.0,595.0,139.0,3268.0,1310.0,1237.0,693.0,6332.0,72.94,190.238,800.0780000000001,262.047
2052,medium_district,38,"S.Flat, U-111@62nd",,,,,,,,,38,"S.Flat, U-111@62nd",,,2956.0,6202.309,2.098,15914.0,2491.0,3489.0,9934.0,17278.307,1876.0,615.0,140.0,3349.0,1352.0,1305.0,732.0,6545.0,73.0,192.206,833.068,266.033
2053,medium_district,38,"S.Flat, U-111@62nd",,,,,,,,,38,"S.Flat, U-111@62nd",,,2959.0,6187.497000000001,2.091,16443.0,2581.0,3596.0,10266.0,17836.82,1943.0,638.0,140.0,3456.0,1386.0,1377.0,760.0,6743.0,73.0,194.4,856.4340000000001,269.986
2054,medium_district,38,"S.Flat, U-111@62nd",,,,,,,,,38,"S.Flat, U-111@62nd",,,2960.0,6169.785,2.084,17014.0,2737.0,3703.0,10574.0,18444.212,2077.0,660.0,140.0,3563.0,1418.0,1437.0,777.0,6942.0,73.0,195.952,888.2829999999999,272.978
2055,medium_district,38,"S.Flat, U-111@62nd",,,,,,,,,38,"S.Flat, U-111@62nd",,,2968.0,6162.585,2.076,17465.0,2812.0,3795.0,10858.0,18967.499,2140.0,672.0,140.0,3655.0,1445.0,1500.0,816.0,7097.0,73.0,196.897,954.701,277.9
2056,medium_district,38,"S.Flat, U-111@62nd",,,,,,,,,38,"S.Flat, U-111@62nd",,,2976.0,6162.716,2.071,17901.0,2875.0,3909.0,11117.0,19422.305,2189.0,686.0,140.0,3769.0,1463.0,1564.0,842.0,7248.0,73.06,195.989,970.27,281.986
2057,medium_district,38,"S.Flat, U-111@62nd",,,,,,,,,38,"S.Flat, U-111@62nd",,,2976.0,6177.107,2.076,18313.0,2936.0,4007.0,11370.0,20068.788,2233.0,703.0,140.0,3867.0,1493.0,1603.0,862.0,7412.0,73.06,192.773,1203.911,286.044
2058,medium_district,38,"S.Flat, U-111@62nd",,,,,,,,,38,"S.Flat, U-111@62nd",,,2976.0,6192.807999999999,2.081,18714.0,3009.0,4118.0,11587.0,20476.432,2286.0,723.0,140.0,3978.0,1510.0,1640.0,883.0,7554.0,74.0,189.784,1207.635,291.014
2059,medium_district,38,"S.Flat, U-111@62nd",,,,,,,,,38,"S.Flat, U-111@62nd",,,2976.0,6219.553,2.09,19066.0,3054.0,4216.0,11796.0,20693.361999999997,2320.0,734.0,140.0,4076.0,1528.0,1677.0,910.0,7681.0,74.0,187.855,1068.461,297.04499999999996
2060,medium_district,38,"S.Flat, U-111@62nd",,,,,,,,,38,"S.Flat, U-111@62nd",,,2976.0,6248.563999999999,2.1,19368.0,3095.0,4311.0,11962.0,21020.47,2352.0,743.0,140.0,4171.0,1543.0,1712.0,924.0,7783.0,73.12,186.871,1091.423,301.05699999999996
2061,medium_district,38,"S.Flat, U-111@62nd",,,,,,,,,38,"S.Flat, U-111@62nd",,,2976.0,6282.991,2.111,19677.0,3147.0,4400.0,12130.0,21351.224000000002,2387.0,760.0,140.0,4260.0,1560.0,1739.0,937.0,7894.0,74.0,186.341,1105.896,307.986
2062,medium_district,38,"S.Flat, U-111@62nd",,,,,,,,,38,"S.Flat, U-111@62nd",,,2976.0,6312.652,2.121,19912.0,3184.0,4456.0,12272.0,21637.866,2415.0,769.0,140.0,4316.0,1570.0,1762.0,957.0,7983.0,73.12,185.963,1154.798,311.986
2063,medium_district,38,"S.Flat, U-111@62nd",,,,,,,,,38,"S.Flat, U-111@62nd",,,2976.0,6339.513999999999,2.13,20186.0,3214.0,4541.0,12431.0,22136.208,2436.0,778.0,140.0,4401.0,1586.0,1791.0,976.0,8078.0,74.122,185.66,1373.378,317.049
2064,medium_district,38,"S.Flat, U-111@62nd",,,,,,,,,38,"S.Flat, U-111@62nd",,,2976.0,6373.704,2.142,20427.0,3253.0,4597.0,12577.0,22410.206,2468.0,785.0,140.0,4457.0,1604.0,1820.0,992.0,8161.0,74.0,185.395,1399.7649999999999,324.04499999999996
2065,medium_district,38,"S.Flat, U-111@62nd",,,,,,,,,38,"S.Flat, U-111@62nd",,,2976.0,6404.332,2.152,20715.0,3305.0,4650.0,12760.0,22540.257,2512.0,793.0,140.0,4510.0,1625.0,1845.0,1011.0,8279.0,74.122,185.168,1236.971,328.996
2023,medium_district,39,"WJ, WB, west of MVC",,,,,,,,,39,"WJ, WB, west of MVC",,,4738.0,16523.701,3.487,1317.0,26.0,584.0,707.0,2660.384,20.0,6.0,571.0,13.0,43.0,402.0,201.0,61.0,198.47299999999998,496.018,344.935,303.958
2024,medium_district,39,"WJ, WB, west of MVC",,,,,,,,,39,"WJ, WB, west of MVC",,,4875.0,16738.043,3.433,1317.0,26.0,577.0,714.0,2864.708,20.0,6.0,564.0,13.0,43.0,405.0,202.0,64.0,202.127,507.896,531.629,306.056
2025,medium_district,39,"WJ, WB, west of MVC",,,,,,,,,39,"WJ, WB, west of MVC",,,4961.0,16776.766,3.382,1324.0,27.0,581.0,716.0,2771.6330000000003,20.0,7.0,565.0,16.0,43.0,406.0,203.0,64.0,200.802,501.793,406.918,338.12
2026,medium_district,39,"WJ, WB, west of MVC",,,,,,,,,39,"WJ, WB, west of MVC",,,5162.0,17059.991,3.305,1340.0,27.0,589.0,724.0,3373.6549999999997,20.0,7.0,566.0,23.0,44.0,406.0,203.0,71.0,197.63400000000001,512.472,971.489,352.057
2027,medium_district,39,"WJ, WB, west of MVC",,,,,,,,,39,"WJ, WB, west of MVC",,,5449.0,17529.474,3.217,1354.0,28.0,595.0,731.0,3210.174,21.0,7.0,566.0,29.0,44.0,406.0,205.0,76.0,195.739,519.446,765.94,375.044
2028,medium_district,39,"WJ, WB, west of MVC",,,,,,,,,39,"WJ, WB, west of MVC",,,5819.0,18253.189,3.137,1378.0,29.0,595.0,754.0,3138.059,21.0,8.0,566.0,29.0,48.0,412.0,206.0,88.0,203.493,494.493,660.063,402.01300000000003
2029,medium_district,39,"WJ, WB, west of MVC",,,,,,,,,39,"WJ, WB, west of MVC",,,6295.0,19203.515,3.051,1399.0,33.0,601.0,765.0,3765.1679999999997,24.0,9.0,568.0,33.0,49.0,415.0,206.0,95.0,198.652,463.655,1265.7939999999999,438.06600000000003
2030,medium_district,39,"WJ, WB, west of MVC",,,,,,,,,39,"WJ, WB, west of MVC",,,6695.0,19895.992,2.972,1432.0,34.0,624.0,774.0,3172.161,25.0,9.0,587.0,37.0,50.0,419.0,207.0,98.0,197.141,453.848,621.117,468.054
2031,medium_district,39,"WJ, WB, west of MVC",,,,,,,,,39,"WJ, WB, west of MVC",,,7222.0,20829.25,2.884,1471.0,37.0,654.0,780.0,3812.828,27.0,10.0,615.0,39.0,50.0,415.0,212.0,103.0,197.147,454.829,1181.838,508.015
2032,medium_district,39,"WJ, WB, west of MVC",,,,,,,,,39,"WJ, WB, west of MVC",,,7824.0,21931.53,2.803,1598.0,62.0,659.0,877.0,4495.9349999999995,43.0,19.0,617.0,42.0,71.0,416.0,219.0,171.0,195.47,475.532,1671.102,555.829
2033,medium_district,39,"WJ, WB, west of MVC",,,,,,,,,39,"WJ, WB, west of MVC",,,8410.0,23030.036,2.738,2048.0,97.0,840.0,1111.0,5132.639,74.0,23.0,797.0,43.0,109.0,420.0,242.0,340.0,198.654,497.762,1786.042,602.179
2034,medium_district,39,"WJ, WB, west of MVC",,,,,,,,,39,"WJ, WB, west of MVC",,,8805.0,23676.391,2.689,3129.0,310.0,860.0,1959.0,5937.769,191.0,119.0,797.0,63.0,290.0,464.0,282.0,923.0,203.536,517.376,1449.74,638.12
2035,medium_district,39,"WJ, WB, west of MVC",,,,,,,,,39,"WJ, WB, west of MVC",,,9117.0,24187.838,2.653,3290.0,328.0,862.0,2100.0,5462.962,209.0,119.0,797.0,65.0,381.0,465.0,293.0,961.0,200.333,523.478,786.136,663.0169999999999
2036,medium_district,39,"WJ, WB, west of MVC",,,,,,,,,39,"WJ, WB, west of MVC",,,9393.0,24627.625,2.622,3782.0,407.0,871.0,2504.0,6093.323,256.0,151.0,798.0,73.0,519.0,476.0,319.0,1190.0,201.679,519.337,901.288,689.0169999999999
2037,medium_district,39,"WJ, WB, west of MVC",,,,,,,,,39,"WJ, WB, west of MVC",,,9684.0,25148.739999999998,2.597,7550.0,926.0,1602.0,5022.0,10051.33,627.0,299.0,1460.0,142.0,1003.0,697.0,576.0,2746.0,198.98,514.325,1070.06,717.9649999999999
2038,medium_district,39,"WJ, WB, west of MVC",,,,,,,,,39,"WJ, WB, west of MVC",,,9859.0,25374.197,2.574,8191.0,1058.0,1626.0,5507.0,10668.874,722.0,336.0,1474.0,152.0,1100.0,752.0,596.0,3059.0,198.98,512.69,1027.239,738.9649999999999
2039,medium_district,39,"WJ, WB, west of MVC",,,,,,,,,39,"WJ, WB, west of MVC",,,10603.0,26954.315,2.542,8715.0,1143.0,1682.0,5890.0,13562.218,784.0,359.0,1520.0,162.0,1181.0,786.0,618.0,3305.0,171.99699999999999,511.818,3357.4020000000005,806.0
2040,medium_district,39,"WJ, WB, west of MVC",,,,,,,,,39,"WJ, WB, west of MVC",,,11075.0,27836.025,2.513,9247.0,1240.0,1719.0,6288.0,11679.313,850.0,390.0,1551.0,168.0,1282.0,828.0,633.0,3545.0,171.132,511.709,899.748,849.7239999999999
2041,medium_district,39,"WJ, WB, west of MVC",,,,,,,,,39,"WJ, WB, west of MVC",,,11484.0,28594.001,2.49,9909.0,1404.0,1743.0,6762.0,12838.978,964.0,440.0,1551.0,192.0,1426.0,871.0,665.0,3800.0,170.989,513.78,1350.967,894.245
2042,medium_district,39,"WJ, WB, west of MVC",,,,,,,,,39,"WJ, WB, west of MVC",,,11817.0,29223.963,2.473,10441.0,1504.0,1752.0,7185.0,13468.652999999998,1036.0,468.0,1551.0,201.0,1525.0,916.0,682.0,4062.0,169.255,518.683,1411.021,928.69
2043,medium_district,39,"WJ, WB, west of MVC",,,,,,,,,39,"WJ, WB, west of MVC",,,12176.0,29862.374,2.453,10991.0,1583.0,1904.0,7504.0,13859.993,1084.0,499.0,1694.0,210.0,1591.0,967.0,714.0,4232.0,168.525,522.824,1208.706,968.938
2044,medium_district,39,"WJ, WB, west of MVC",,,,,,,,,39,"WJ, WB, west of MVC",,,12473.0,30350.326,2.433,11666.0,1724.0,1992.0,7950.0,14842.47,1181.0,543.0,1772.0,220.0,1693.0,1032.0,741.0,4484.0,165.272,522.279,1481.9589999999998,1006.958
2045,medium_district,39,"WJ, WB, west of MVC",,,,,,,,,39,"WJ, WB, west of MVC",,,12789.0,30888.168,2.415,11644.0,1807.0,1610.0,8227.0,14669.65,1239.0,568.0,1373.0,237.0,1772.0,1042.0,765.0,4648.0,158.13,521.19,1299.48,1046.849
2046,medium_district,39,"WJ, WB, west of MVC",,,,,,,,,39,"WJ, WB, west of MVC",,,13039.0,31338.112,2.403,12130.0,1905.0,1726.0,8499.0,14938.278,1307.0,598.0,1474.0,252.0,1837.0,1091.0,786.0,4785.0,158.611,521.516,1045.172,1082.979
2047,medium_district,39,"WJ, WB, west of MVC",,,,,,,,,39,"WJ, WB, west of MVC",,,13228.0,31643.649,2.392,12284.0,1993.0,1792.0,8499.0,15351.45,1363.0,630.0,1535.0,257.0,1867.0,1107.0,607.0,4918.0,158.129,525.221,1270.901,1113.197
2048,medium_district,39,"WJ, WB, west of MVC",,,,,,,,,39,"WJ, WB, west of MVC",,,13364.0,31809.001,2.38,12640.0,2047.0,1821.0,8772.0,15714.144,1404.0,643.0,1553.0,268.0,1970.0,1147.0,631.0,5024.0,159.0,531.106,1242.952,1141.088
2049,medium_district,39,"WJ, WB, west of MVC",,,,,,,,,39,"WJ, WB, west of MVC",,,13434.0,31878.166,2.373,12998.0,2090.0,1858.0,9050.0,16085.955999999998,1434.0,656.0,1582.0,276.0,2051.0,1192.0,677.0,5130.0,159.869,537.099,1228.443,1162.545
2050,medium_district,39,"WJ, WB, west of MVC",,,,,,,,,39,"WJ, WB, west of MVC",,,13475.0,31860.905,2.364,13500.0,2134.0,2041.0,9325.0,16774.295,1459.0,675.0,1759.0,282.0,2132.0,1265.0,709.0,5219.0,160.0,542.983,1387.461,1183.849
2051,medium_district,39,"WJ, WB, west of MVC",,,,,,,,,39,"WJ, WB, west of MVC",,,13504.0,31816.477,2.356,14031.0,2197.0,2160.0,9674.0,17443.897,1501.0,696.0,1868.0,292.0,2219.0,1343.0,749.0,5363.0,159.869,547.886,1502.9270000000001,1202.216
2052,medium_district,39,"WJ, WB, west of MVC",,,,,,,,,39,"WJ, WB, west of MVC",,,13519.0,31744.533,2.348,14529.0,2243.0,2331.0,9955.0,17799.958,1534.0,709.0,2025.0,306.0,2292.0,1427.0,777.0,5459.0,160.0,553.553,1337.2549999999999,1220.1480000000001
2053,medium_district,39,"WJ, WB, west of MVC",,,,,,,,,39,"WJ, WB, west of MVC",,,13534.0,31670.972,2.34,15441.0,2336.0,2578.0,10527.0,19287.811,1593.0,743.0,2249.0,329.0,2409.0,1611.0,838.0,5669.0,160.0,559.873,1889.0010000000002,1237.938
2054,medium_district,39,"WJ, WB, west of MVC",,,,,,,,,39,"WJ, WB, west of MVC",,,13563.0,31630.326,2.332,16330.0,2481.0,2793.0,11056.0,19885.636,1703.0,778.0,2441.0,352.0,2506.0,1758.0,888.0,5904.0,160.0,564.341,1577.3999999999999,1253.896
2055,medium_district,39,"WJ, WB, west of MVC",,,,,,,,,39,"WJ, WB, west of MVC",,,13567.0,31527.629,2.324,17186.0,2595.0,2851.0,11740.0,21013.921000000002,1791.0,804.0,2456.0,395.0,2695.0,1924.0,947.0,6174.0,160.0,567.065,1828.313,1272.541
2056,medium_district,39,"WJ, WB, west of MVC",,,,,,,,,39,"WJ, WB, west of MVC",,,13567.0,31417.713,2.316,18000.0,2716.0,2931.0,12353.0,21560.932,1883.0,833.0,2469.0,462.0,2822.0,2112.0,999.0,6420.0,160.131,564.449,1545.412,1290.94
2057,medium_district,39,"WJ, WB, west of MVC",,,,,,,,,39,"WJ, WB, west of MVC",,,13571.0,31508.199,2.322,18896.0,2795.0,3143.0,12958.0,22762.072,1939.0,856.0,2646.0,497.0,2980.0,2239.0,1053.0,6686.0,160.131,555.187,1841.552,1309.203
2058,medium_district,39,"WJ, WB, west of MVC",,,,,,,,,39,"WJ, WB, west of MVC",,,13571.0,31596.175,2.328,19800.0,2895.0,3392.0,13513.0,23691.469,2000.0,895.0,2853.0,539.0,3107.0,2370.0,1113.0,6923.0,161.0,546.579,1852.83,1331.059
2059,medium_district,39,"WJ, WB, west of MVC",,,,,,,,,39,"WJ, WB, west of MVC",,,13571.0,31746.041,2.339,20546.0,2945.0,3532.0,14069.0,24475.010000000002,2040.0,905.0,2952.0,580.0,3268.0,2485.0,1175.0,7141.0,161.0,541.022,1871.784,1355.203
2060,medium_district,39,"WJ, WB, west of MVC",,,,,,,,,39,"WJ, WB, west of MVC",,,13571.0,31908.605,2.351,21128.0,3017.0,3642.0,14469.0,24899.634,2088.0,929.0,3029.0,613.0,3359.0,2590.0,1227.0,7293.0,160.262,538.188,1694.917,1378.266
2061,medium_district,39,"WJ, WB, west of MVC",,,,,,,,,39,"WJ, WB, west of MVC",,,13571.0,32101.517,2.365,21686.0,3104.0,3738.0,14844.0,25507.814000000002,2138.0,966.0,3091.0,647.0,3457.0,2666.0,1265.0,7456.0,161.0,536.663,1721.212,1402.941
2062,medium_district,39,"WJ, WB, west of MVC",,,,,,,,,39,"WJ, WB, west of MVC",,,13571.0,32267.722999999998,2.378,22021.0,3141.0,3804.0,15076.0,25939.546,2164.0,977.0,3140.0,664.0,3513.0,2725.0,1287.0,7551.0,160.262,535.573,1795.77,1426.941
2063,medium_district,39,"WJ, WB, west of MVC",,,,,,,,,39,"WJ, WB, west of MVC",,,13576.0,32417.843,2.388,22352.0,3179.0,3856.0,15317.0,26316.771999999997,2187.0,992.0,3182.0,674.0,3570.0,2787.0,1312.0,7648.0,160.262,534.701,1820.589,1449.221
2064,medium_district,39,"WJ, WB, west of MVC",,,,,,,,,39,"WJ, WB, west of MVC",,,13579.0,32610.812,2.402,22578.0,3201.0,3897.0,15480.0,26616.294,2206.0,995.0,3216.0,681.0,3604.0,2832.0,1327.0,7717.0,161.0,533.939,1864.153,1479.202
2065,medium_district,39,"WJ, WB, west of MVC",,,,,,,,,39,"WJ, WB, west of MVC",,,13592.0,32782.808,2.412,22784.0,3226.0,3915.0,15643.0,26921.815000000002,2223.0,1003.0,3228.0,687.0,3640.0,2869.0,1351.0,7783.0,160.262,533.285,1940.29,1503.982
2023,medium_district,4,"South Perry, Willard",,,,,,,,,4,"South Perry, Willard",,,1476.0,4110.0,2.785,520.0,130.0,217.0,173.0,976.0,129.0,1.0,81.0,136.0,60.0,67.0,3.0,43.0,152.0,42.0,182.0,80.0
2024,medium_district,4,"South Perry, Willard",,,,,,,,,4,"South Perry, Willard",,,1499.0,4135.0,2.759,524.0,131.0,214.0,179.0,1016.0,130.0,1.0,76.0,138.0,63.0,71.0,4.0,41.0,151.0,46.0,215.0,80.0
2025,medium_district,4,"South Perry, Willard",,,,,,,,,4,"South Perry, Willard",,,1526.0,4167.0,2.731,533.0,132.0,219.0,182.0,1034.0,131.0,1.0,76.0,143.0,63.0,73.0,4.0,42.0,151.0,47.0,219.0,84.0
2026,medium_district,4,"South Perry, Willard",,,,,,,,,4,"South Perry, Willard",,,1552.0,4203.0,2.708,537.0,132.0,223.0,182.0,1043.0,131.0,1.0,77.0,146.0,63.0,73.0,4.0,42.0,151.0,47.0,223.0,85.0
2027,medium_district,4,"South Perry, Willard",,,,,,,,,4,"South Perry, Willard",,,1584.0,4236.0,2.674,547.0,134.0,230.0,183.0,1060.0,133.0,1.0,78.0,152.0,63.0,74.0,4.0,42.0,151.0,49.0,226.0,87.0
2028,medium_district,4,"South Perry, Willard",,,,,,,,,4,"South Perry, Willard",,,1711.0,4599.0,2.688,551.0,134.0,233.0,184.0,1071.0,133.0,1.0,79.0,154.0,63.0,75.0,4.0,42.0,151.0,47.0,232.0,90.0
2029,medium_district,4,"South Perry, Willard",,,,,,,,,4,"South Perry, Willard",,,1839.0,4961.0,2.698,557.0,136.0,236.0,185.0,1084.0,135.0,1.0,80.0,156.0,63.0,75.0,4.0,43.0,150.0,45.0,241.0,91.0
2030,medium_district,4,"South Perry, Willard",,,,,,,,,4,"South Perry, Willard",,,1947.0,5241.0,2.692,565.0,138.0,241.0,186.0,1100.0,137.0,1.0,132.0,159.0,113.0,75.0,4.0,44.0,149.0,44.0,247.0,95.0
2031,medium_district,4,"South Perry, Willard",,,,,,,,,4,"South Perry, Willard",,,2098.0,5702.0,2.718,573.0,140.0,246.0,187.0,1110.0,139.0,1.0,83.0,163.0,63.0,76.0,4.0,44.0,149.0,44.0,249.0,95.0
2032,medium_district,4,"South Perry, Willard",,,,,,,,,4,"South Perry, Willard",,,2229.0,6068.0,2.722,576.0,140.0,249.0,187.0,1120.0,139.0,1.0,84.0,165.0,63.0,76.0,4.0,44.0,149.0,47.0,252.0,96.0
2033,medium_district,4,"South Perry, Willard",,,,,,,,,4,"South Perry, Willard",,,2362.0,6437.0,2.725,583.0,142.0,253.0,188.0,1136.0,141.0,1.0,86.0,167.0,64.0,76.0,4.0,44.0,149.0,50.0,253.0,101.0
2034,medium_district,4,"South Perry, Willard",,,,,,,,,4,"South Perry, Willard",,,2495.0,6814.0,2.731,586.0,144.0,251.0,191.0,1147.0,143.0,1.0,86.0,165.0,65.0,76.0,4.0,46.0,149.0,52.0,256.0,104.0
2035,medium_district,4,"South Perry, Willard",,,,,,,,,4,"South Perry, Willard",,,2625.0,7189.0,2.739,586.0,144.0,250.0,192.0,1150.0,143.0,1.0,187.0,163.0,165.0,78.0,4.0,45.0,149.0,53.0,258.0,104.0
2036,medium_district,4,"South Perry, Willard",,,,,,,,,4,"South Perry, Willard",,,2672.0,7252.0,2.714,790.0,144.0,351.0,295.0,1356.0,143.0,1.0,190.0,161.0,167.0,79.0,4.0,45.0,150.0,53.0,259.0,104.0
2037,medium_district,4,"South Perry, Willard",,,,,,,,,4,"South Perry, Willard",,,2718.0,7329.0,2.696,791.0,146.0,349.0,296.0,1358.0,145.0,1.0,190.0,159.0,168.0,79.0,4.0,45.0,150.0,52.0,260.0,105.0
2038,medium_district,4,"South Perry, Willard",,,,,,,,,4,"South Perry, Willard",,,2770.0,7400.0,2.671,796.0,147.0,350.0,299.0,1367.0,146.0,1.0,193.0,157.0,170.0,79.0,4.0,46.0,150.0,53.0,260.0,108.0
2039,medium_district,4,"South Perry, Willard",,,,,,,,,4,"South Perry, Willard",,,2815.0,7475.0,2.655,802.0,148.0,352.0,302.0,1374.0,147.0,1.0,195.0,157.0,171.0,80.0,4.0,47.0,150.0,53.0,260.0,109.0
2040,medium_district,4,"South Perry, Willard",,,,,,,,,4,"South Perry, Willard",,,2870.0,7562.0,2.635,805.0,150.0,352.0,303.0,1382.0,149.0,1.0,197.0,155.0,171.0,81.0,4.0,47.0,150.0,53.0,260.0,114.0
2041,medium_district,4,"South Perry, Willard",,,,,,,,,4,"South Perry, Willard",,,2913.0,7636.0,2.621,810.0,150.0,352.0,308.0,1389.0,149.0,1.0,198.0,154.0,175.0,82.0,4.0,47.0,151.0,54.0,259.0,115.0
2042,medium_district,4,"South Perry, Willard",,,,,,,,,4,"South Perry, Willard",,,2966.0,7709.0,2.599,816.0,154.0,353.0,309.0,1398.0,153.0,1.0,199.0,154.0,175.0,82.0,4.0,48.0,151.0,54.0,259.0,118.0
2043,medium_district,4,"South Perry, Willard",,,,,,,,,4,"South Perry, Willard",,,3012.0,7802.0,2.59,821.0,155.0,354.0,312.0,1405.0,154.0,1.0,200.0,154.0,177.0,83.0,4.0,48.0,151.0,55.0,259.0,119.0
2044,medium_district,4,"South Perry, Willard",,,,,,,,,4,"South Perry, Willard",,,3060.0,7877.0,2.574,824.0,155.0,354.0,315.0,1408.0,154.0,1.0,201.0,153.0,178.0,84.0,4.0,49.0,151.0,55.0,259.0,119.0
2045,medium_district,4,"South Perry, Willard",,,,,,,,,4,"South Perry, Willard",,,3106.0,7971.0,2.566,829.0,157.0,355.0,317.0,1418.0,156.0,1.0,202.0,153.0,180.0,84.0,4.0,49.0,151.0,55.0,259.0,124.0
2046,medium_district,4,"South Perry, Willard",,,,,,,,,4,"South Perry, Willard",,,3158.0,8051.0,2.549,833.0,157.0,356.0,320.0,1427.0,156.0,1.0,204.0,152.0,182.0,85.0,4.0,49.0,151.0,56.0,262.0,125.0
2047,medium_district,4,"South Perry, Willard",,,,,,,,,4,"South Perry, Willard",,,3211.0,8150.0,2.538,839.0,160.0,356.0,323.0,1440.0,159.0,1.0,205.0,151.0,184.0,85.0,4.0,50.0,151.0,56.0,266.0,128.0
2048,medium_district,4,"South Perry, Willard",,,,,,,,,4,"South Perry, Willard",,,3259.0,8234.0,2.527,845.0,160.0,357.0,328.0,1450.0,159.0,1.0,206.0,151.0,188.0,85.0,4.0,51.0,151.0,57.0,268.0,129.0
2049,medium_district,4,"South Perry, Willard",,,,,,,,,4,"South Perry, Willard",,,3317.0,8334.0,2.513,850.0,161.0,357.0,332.0,1464.0,160.0,1.0,208.0,149.0,190.0,87.0,4.0,51.0,151.0,59.0,275.0,129.0
2050,medium_district,4,"South Perry, Willard",,,,,,,,,4,"South Perry, Willard",,,3363.0,8419.0,2.503,857.0,162.0,359.0,336.0,1483.0,161.0,1.0,210.0,149.0,194.0,87.0,4.0,51.0,151.0,59.0,284.0,132.0
2051,medium_district,4,"South Perry, Willard",,,,,,,,,4,"South Perry, Willard",,,3416.0,8513.0,2.492,861.0,163.0,360.0,338.0,1497.0,162.0,1.0,211.0,149.0,195.0,88.0,4.0,51.0,150.0,59.0,289.0,138.0
2052,medium_district,4,"South Perry, Willard",,,,,,,,,4,"South Perry, Willard",,,3472.0,8592.0,2.475,865.0,164.0,360.0,341.0,1510.0,163.0,1.0,213.0,147.0,198.0,88.0,4.0,51.0,150.0,60.0,296.0,139.0
2053,medium_district,4,"South Perry, Willard",,,,,,,,,4,"South Perry, Willard",,,3521.0,8687.0,2.467,869.0,167.0,360.0,342.0,1519.0,166.0,1.0,213.0,147.0,198.0,89.0,4.0,51.0,150.0,61.0,300.0,139.0
2054,medium_district,4,"South Perry, Willard",,,,,,,,,4,"South Perry, Willard",,,3573.0,8760.0,2.452,869.0,167.0,360.0,342.0,1531.0,166.0,1.0,213.0,147.0,198.0,89.0,4.0,51.0,150.0,62.0,307.0,143.0
2055,medium_district,4,"South Perry, Willard",,,,,,,,,4,"South Perry, Willard",,,3623.0,8849.0,2.442,871.0,167.0,360.0,344.0,1538.0,166.0,1.0,214.0,146.0,200.0,89.0,4.0,51.0,149.0,62.0,313.0,143.0
2056,medium_district,4,"South Perry, Willard",,,,,,,,,4,"South Perry, Willard",,,3669.0,8921.0,2.431,875.0,168.0,362.0,345.0,1547.0,167.0,1.0,216.0,146.0,200.0,90.0,4.0,51.0,149.0,63.0,316.0,144.0
2057,medium_district,4,"South Perry, Willard",,,,,,,,,4,"South Perry, Willard",,,3725.0,9010.0,2.419,875.0,168.0,361.0,346.0,1553.0,167.0,1.0,216.0,145.0,201.0,90.0,4.0,51.0,149.0,62.0,322.0,145.0
2058,medium_district,4,"South Perry, Willard",,,,,,,,,4,"South Perry, Willard",,,3775.0,9081.0,2.406,875.0,168.0,361.0,346.0,1559.0,167.0,1.0,216.0,145.0,201.0,90.0,4.0,51.0,149.0,60.0,325.0,150.0
2059,medium_district,4,"South Perry, Willard",,,,,,,,,4,"South Perry, Willard",,,3825.0,9168.0,2.397,881.0,169.0,362.0,350.0,1566.0,168.0,1.0,217.0,145.0,202.0,92.0,4.0,52.0,149.0,60.0,327.0,149.0
2060,medium_district,4,"South Perry, Willard",,,,,,,,,4,"South Perry, Willard",,,3879.0,9256.0,2.386,883.0,169.0,361.0,353.0,1574.0,168.0,1.0,217.0,144.0,204.0,92.0,5.0,52.0,149.0,59.0,330.0,153.0
2061,medium_district,4,"South Perry, Willard",,,,,,,,,4,"South Perry, Willard",,,3937.0,9327.0,2.369,884.0,169.0,362.0,353.0,1580.0,168.0,1.0,219.0,143.0,205.0,92.0,4.0,52.0,148.0,59.0,331.0,158.0
2062,medium_district,4,"South Perry, Willard",,,,,,,,,4,"South Perry, Willard",,,3988.0,9413.0,2.36,885.0,169.0,361.0,355.0,1582.0,168.0,1.0,220.0,141.0,205.0,93.0,5.0,52.0,148.0,59.0,332.0,158.0
2063,medium_district,4,"South Perry, Willard",,,,,,,,,4,"South Perry, Willard",,,4043.0,9482.0,2.345,885.0,169.0,361.0,355.0,1584.0,168.0,1.0,220.0,141.0,205.0,93.0,5.0,52.0,148.0,59.0,333.0,159.0
2064,medium_district,4,"South Perry, Willard",,,,,,,,,4,"South Perry, Willard",,,4094.0,9566.0,2.337,887.0,170.0,360.0,357.0,1589.0,169.0,1.0,220.0,140.0,206.0,93.0,5.0,53.0,147.0,59.0,335.0,161.0
2065,medium_district,4,"South Perry, Willard",,,,,,,,,4,"South Perry, Willard",,,4143.0,9638.0,2.326,889.0,171.0,361.0,357.0,1595.0,170.0,1.0,221.0,140.0,206.0,93.0,5.0,53.0,147.0,58.0,339.0,162.0
2023,medium_district,40,"W.Daybreak, Herriman",,,,,,,,,40,"W.Daybreak, Herriman",,,20268.0,68193.646,3.365,12756.0,2144.0,5010.0,5602.0,16988.287,1051.0,1093.0,3012.0,1998.0,647.0,2409.0,371.0,2175.0,350.836,22.389000000000003,2555.245,1303.815
2024,medium_district,40,"W.Daybreak, Herriman",,,,,,,,,40,"W.Daybreak, Herriman",,,21216.0,69827.291,3.291,12990.0,2144.0,5116.0,5730.0,17920.38,1045.0,1099.0,3066.0,2050.0,646.0,2491.0,392.0,2201.0,333.86,22.927,3243.354,1330.239
2025,medium_district,40,"W.Daybreak, Herriman",,,,,,,,,40,"W.Daybreak, Herriman",,,22164.0,71321.578,3.218,13255.0,2138.0,5306.0,5811.0,18314.279,1044.0,1094.0,3265.0,2041.0,628.0,2551.0,440.0,2192.0,332.327,22.650000000000002,3195.762,1508.536
2026,medium_district,40,"W.Daybreak, Herriman",,,,,,,,,40,"W.Daybreak, Herriman",,,22968.0,72460.665,3.155,13669.0,2145.0,5432.0,6092.0,18589.783,1049.0,1096.0,3338.0,2094.0,649.0,2593.0,520.0,2330.0,332.068,23.132,2999.342,1566.253
2027,medium_district,40,"W.Daybreak, Herriman",,,,,,,,,40,"W.Daybreak, Herriman",,,23769.0,73593.919,3.096,14420.0,2186.0,5742.0,6492.0,19044.088,1069.0,1117.0,3568.0,2174.0,661.0,2738.0,621.0,2472.0,329.936,23.447999999999997,2636.507,1634.199
2028,medium_district,40,"W.Daybreak, Herriman",,,,,,,,,40,"W.Daybreak, Herriman",,,24477.0,74404.782,3.04,14828.0,2190.0,5811.0,6827.0,19435.081000000002,1074.0,1116.0,3616.0,2195.0,723.0,2827.0,657.0,2620.0,301.208,22.320999999999998,2592.502,1691.051
2029,medium_district,40,"W.Daybreak, Herriman",,,,,,,,,40,"W.Daybreak, Herriman",,,25329.0,75659.666,2.987,16167.0,2268.0,6366.0,7533.0,23947.659,1116.0,1152.0,4146.0,2220.0,824.0,2953.0,777.0,2979.0,297.979,20.929,5696.492,1765.261
2030,medium_district,40,"W.Daybreak, Herriman",,,,,,,,,40,"W.Daybreak, Herriman",,,26628.0,77901.198,2.926,18032.0,2385.0,7034.0,8613.0,24284.337,1235.0,1150.0,4797.0,2237.0,971.0,3094.0,1084.0,3464.0,297.724,20.486,4069.911,1864.217
2031,medium_district,40,"W.Daybreak, Herriman",,,,,,,,,40,"W.Daybreak, Herriman",,,27841.0,79913.385,2.87,19422.0,2514.0,7757.0,9151.0,24681.336,1337.0,1177.0,5486.0,2271.0,1056.0,3119.0,1214.0,3762.0,296.729,20.53,2983.027,1959.054
2032,medium_district,40,"W.Daybreak, Herriman",,,,,,,,,40,"W.Daybreak, Herriman",,,28951.0,81735.976,2.823,21724.0,2745.0,8753.0,10226.0,28033.726,1521.0,1224.0,6444.0,2309.0,1233.0,3170.0,1421.0,4402.0,293.20799999999997,21.465,3943.682,2051.368
2033,medium_district,40,"W.Daybreak, Herriman",,,,,,,,,40,"W.Daybreak, Herriman",,,29905.0,83131.806,2.78,24591.0,2906.0,10516.0,11169.0,31025.815000000002,1635.0,1271.0,8181.0,2335.0,1413.0,3237.0,1577.0,4942.0,278.31600000000003,22.468000000000004,3990.383,2143.642
2034,medium_district,40,"W.Daybreak, Herriman",,,,,,,,,40,"W.Daybreak, Herriman",,,31066.0,85129.567,2.74,28340.0,3540.0,11549.0,13251.0,36972.135,1869.0,1671.0,9149.0,2400.0,1810.0,3357.0,1800.0,6284.0,281.509,23.352999999999998,6067.852,2259.419
2035,medium_district,40,"W.Daybreak, Herriman",,,,,,,,,40,"W.Daybreak, Herriman",,,32350.0,87389.64199999999,2.701,29174.0,3561.0,12083.0,13530.0,37101.799,1918.0,1643.0,9696.0,2387.0,2000.0,3363.0,1841.0,6326.0,280.264,23.630000000000003,5272.838,2351.058
2036,medium_district,40,"W.Daybreak, Herriman",,,,,,,,,40,"W.Daybreak, Herriman",,,33560.0,89481.875,2.666,31809.0,3835.0,13239.0,14735.0,38801.676999999996,2091.0,1744.0,10828.0,2411.0,2353.0,3481.0,1938.0,6963.0,281.74,23.442,4227.428,2460.061
2037,medium_district,40,"W.Daybreak, Herriman",,,,,,,,,40,"W.Daybreak, Herriman",,,34540.0,91191.876,2.64,26630.0,3004.0,12117.0,11509.0,33850.139,1606.0,1398.0,9797.0,2320.0,1695.0,3414.0,1547.0,4853.0,281.805,23.216,4355.243,2559.874
2038,medium_district,40,"W.Daybreak, Herriman",,,,,,,,,40,"W.Daybreak, Herriman",,,35620.0,92992.192,2.611,28639.0,3233.0,12962.0,12444.0,35560.708,1745.0,1488.0,10597.0,2365.0,1861.0,3514.0,1638.0,5431.0,277.762,23.142000000000003,3949.937,2670.866
2039,medium_district,40,"W.Daybreak, Herriman",,,,,,,,,40,"W.Daybreak, Herriman",,,36550.0,94486.356,2.585,30183.0,3382.0,13761.0,13040.0,37044.824,1835.0,1547.0,11363.0,2398.0,1963.0,3597.0,1710.0,5770.0,288.671,23.103,3773.049,2777.0
2040,medium_district,40,"W.Daybreak, Herriman",,,,,,,,,40,"W.Daybreak, Herriman",,,37711.0,96546.75,2.56,32975.0,3754.0,14955.0,14266.0,43292.832,2058.0,1696.0,12488.0,2467.0,2164.0,3772.0,1827.0,6503.0,283.878,23.098000000000003,7114.802,2896.057
2041,medium_district,40,"W.Daybreak, Herriman",,,,,,,,,40,"W.Daybreak, Herriman",,,38783.0,98461.722,2.539,35985.0,4272.0,16124.0,15589.0,44100.378,2390.0,1882.0,13590.0,2534.0,2443.0,3952.0,1946.0,7248.0,282.632,23.191999999999997,4793.732,3015.819
2042,medium_district,40,"W.Daybreak, Herriman",,,,,,,,,40,"W.Daybreak, Herriman",,,39982.0,100582.872,2.516,38235.0,4603.0,17089.0,16543.0,47041.772,2599.0,2004.0,14499.0,2590.0,2621.0,4108.0,2000.0,7814.0,285.115,23.412999999999997,5354.29,3143.949
2043,medium_district,40,"W.Daybreak, Herriman",,,,,,,,,40,"W.Daybreak, Herriman",,,40866.0,102097.376,2.498,40050.0,4687.0,18157.0,17206.0,47138.053,2637.0,2050.0,15532.0,2625.0,2731.0,4227.0,2065.0,8183.0,279.53000000000003,23.599000000000004,3527.133,3257.79
2044,medium_district,40,"W.Daybreak, Herriman",,,,,,,,,40,"W.Daybreak, Herriman",,,41558.0,103174.156,2.483,41833.0,4878.0,18883.0,18072.0,49405.263999999996,2762.0,2116.0,16217.0,2666.0,2893.0,4365.0,2119.0,8695.0,278.46,23.573999999999998,3910.373,3359.8559999999998
2045,medium_district,40,"W.Daybreak, Herriman",,,,,,,,,40,"W.Daybreak, Herriman",,,42021.0,103828.904,2.471,43265.0,5070.0,19519.0,18676.0,50152.588,2874.0,2196.0,16806.0,2713.0,2991.0,4476.0,2169.0,9040.0,279.22999999999996,23.526999999999997,3145.333,3439.505
2046,medium_district,40,"W.Daybreak, Herriman",,,,,,,,,40,"W.Daybreak, Herriman",,,42425.0,104333.194,2.459,44501.0,5243.0,20004.0,19254.0,52026.674,2990.0,2253.0,17268.0,2736.0,3118.0,4570.0,2215.0,9351.0,280.31,23.541,3698.8889999999997,3522.929
2047,medium_district,40,"W.Daybreak, Herriman",,,,,,,,,40,"W.Daybreak, Herriman",,,42681.0,104524.378,2.449,45539.0,5377.0,20484.0,19678.0,52462.359000000004,3072.0,2305.0,17708.0,2776.0,3206.0,4635.0,2268.0,9569.0,282.231,23.709000000000003,3023.785,3593.634
2048,medium_district,40,"W.Daybreak, Herriman",,,,,,,,,40,"W.Daybreak, Herriman",,,42868.0,104539.966,2.439,46098.0,5401.0,20807.0,19890.0,53814.064,3110.0,2291.0,18009.0,2798.0,3254.0,4689.0,2307.0,9640.0,282.0,23.973000000000003,3747.811,3662.282
2049,medium_district,40,"W.Daybreak, Herriman",,,,,,,,,40,"W.Daybreak, Herriman",,,43010.0,104483.455,2.429,46579.0,5443.0,21023.0,20113.0,54488.922,3134.0,2309.0,18213.0,2810.0,3292.0,4725.0,2373.0,9723.0,281.769,24.243999999999996,3879.371,3724.541
2050,medium_district,40,"W.Daybreak, Herriman",,,,,,,,,40,"W.Daybreak, Herriman",,,43092.0,104316.37700000001,2.421,46943.0,5489.0,21178.0,20276.0,55024.78,3165.0,2324.0,18358.0,2820.0,3329.0,4768.0,2397.0,9782.0,282.0,24.509000000000004,3984.753,3790.52
2051,medium_district,40,"W.Daybreak, Herriman",,,,,,,,,40,"W.Daybreak, Herriman",,,43150.0,104084.597,2.412,47181.0,5515.0,21280.0,20386.0,55372.211,3187.0,2328.0,18447.0,2833.0,3342.0,4794.0,2413.0,9837.0,282.76800000000003,24.73,4037.0280000000002,3846.685
2052,medium_district,40,"W.Daybreak, Herriman",,,,,,,,,40,"W.Daybreak, Herriman",,,43224.0,103896.031,2.404,47382.0,5557.0,21346.0,20479.0,55672.511,3221.0,2336.0,18505.0,2841.0,3357.0,4810.0,2426.0,9886.0,283.0,24.987000000000002,4082.053,3900.476
2053,medium_district,40,"W.Daybreak, Herriman",,,,,,,,,40,"W.Daybreak, Herriman",,,43303.0,103693.658,2.395,47711.0,5545.0,21578.0,20588.0,56383.568,3207.0,2338.0,18725.0,2853.0,3370.0,4855.0,2450.0,9913.0,282.0,25.272,4405.499,3959.796
2054,medium_district,40,"W.Daybreak, Herriman",,,,,,,,,40,"W.Daybreak, Herriman",,,43520.0,103744.66100000001,2.384,47896.0,5425.0,21794.0,20677.0,56699.584,3143.0,2282.0,18932.0,2862.0,3380.0,4895.0,2468.0,9934.0,283.0,25.475,4467.445,4027.666
2055,medium_district,40,"W.Daybreak, Herriman",,,,,,,,,40,"W.Daybreak, Herriman",,,43624.0,103516.025,2.373,48133.0,5439.0,21931.0,20763.0,56888.979999999996,3148.0,2291.0,19058.0,2873.0,3386.0,4925.0,2483.0,9969.0,283.0,25.597,4363.847,4083.538
2056,medium_district,40,"W.Daybreak, Herriman",,,,,,,,,40,"W.Daybreak, Herriman",,,43714.0,103287.68,2.363,48292.0,5433.0,22036.0,20823.0,57151.433,3148.0,2285.0,19149.0,2887.0,3394.0,4949.0,2492.0,9988.0,283.23199999999997,25.479000000000003,4402.928,4147.803
2057,medium_district,40,"W.Daybreak, Herriman",,,,,,,,,40,"W.Daybreak, Herriman",,,43874.0,103796.667,2.366,48341.0,5417.0,22059.0,20865.0,57551.807,3141.0,2276.0,19163.0,2896.0,3398.0,4961.0,2501.0,10005.0,283.23199999999997,25.061,4667.855,4234.66
2058,medium_district,40,"W.Daybreak, Herriman",,,,,,,,,40,"W.Daybreak, Herriman",,,44005.0,104269.476,2.369,48315.0,5386.0,22047.0,20882.0,57529.966,3129.0,2257.0,19145.0,2902.0,3401.0,4962.0,2508.0,10011.0,283.0,24.672,4593.092,4314.197
2059,medium_district,40,"W.Daybreak, Herriman",,,,,,,,,40,"W.Daybreak, Herriman",,,44102.0,104870.50200000001,2.378,49136.0,5409.0,22612.0,21115.0,59692.699,3132.0,2277.0,19704.0,2908.0,3406.0,5093.0,2583.0,10033.0,283.0,24.422000000000004,5844.613,4404.659
2060,medium_district,40,"W.Daybreak, Herriman",,,,,,,,,40,"W.Daybreak, Herriman",,,44312.0,105689.254,2.385,49617.0,5364.0,23054.0,21199.0,59476.704,3119.0,2245.0,20149.0,2905.0,3411.0,5170.0,2632.0,9986.0,283.464,24.294,5052.09,4499.861
2061,medium_district,40,"W.Daybreak, Herriman",,,,,,,,,40,"W.Daybreak, Herriman",,,44426.0,106401.219,2.395,50311.0,5408.0,23568.0,21335.0,60371.992,3124.0,2284.0,20626.0,2942.0,3414.0,5238.0,2667.0,10016.0,283.0,24.224,5162.965,4590.801
2062,medium_district,40,"W.Daybreak, Herriman",,,,,,,,,40,"W.Daybreak, Herriman",,,44698.0,107217.626,2.399,50638.0,5409.0,23830.0,21399.0,61099.549,3124.0,2285.0,20869.0,2961.0,3408.0,5283.0,2688.0,10020.0,283.464,24.176,5454.113,4699.8
2063,medium_district,40,"W.Daybreak, Herriman",,,,,,,,,40,"W.Daybreak, Herriman",,,44928.0,107882.35,2.401,51011.0,5431.0,24077.0,21503.0,61552.15,3133.0,2298.0,21095.0,2982.0,3411.0,5333.0,2709.0,10050.0,283.464,24.136999999999997,5432.812,4800.733
2064,medium_district,40,"W.Daybreak, Herriman",,,,,,,,,40,"W.Daybreak, Herriman",,,45112.0,108478.203,2.405,51239.0,5441.0,24222.0,21576.0,62069.372,3139.0,2302.0,21223.0,2999.0,3414.0,5367.0,2725.0,10070.0,284.0,24.101,5612.5960000000005,4909.6720000000005
2065,medium_district,40,"W.Daybreak, Herriman",,,,,,,,,40,"W.Daybreak, Herriman",,,45379.0,109140.48300000001,2.405,51470.0,5457.0,24363.0,21650.0,62730.22,3148.0,2309.0,21345.0,3018.0,3415.0,5397.0,2748.0,10090.0,283.464,24.073,5927.751,5024.931
2023,medium_district,41,"WJ, I-15 to MVC",,,,,,,,,41,"WJ, I-15 to MVC",,,36948.0,110504.645,2.991,51852.0,10937.0,6354.0,34561.0,58395.972,6875.0,4062.0,1841.0,4513.0,7746.0,7284.0,4070.0,15461.0,80.19,0.0,4090.121,2373.66
2024,medium_district,41,"WJ, I-15 to MVC",,,,,,,,,41,"WJ, I-15 to MVC",,,37223.0,110219.216,2.961,52800.0,11024.0,6454.0,35322.0,59020.189,6899.0,4125.0,1804.0,4650.0,7774.0,7648.0,4180.0,15720.0,80.45,0.0,3807.33,2332.4210000000003
2025,medium_district,41,"WJ, I-15 to MVC",,,,,,,,,41,"WJ, I-15 to MVC",,,37513.0,109867.005,2.929,53528.0,11078.0,6586.0,35864.0,60173.892,6948.0,4130.0,1816.0,4770.0,7838.0,7780.0,4297.0,15949.0,80.32,0.0,4007.663,2557.9120000000003
2026,medium_district,41,"WJ, I-15 to MVC",,,,,,,,,41,"WJ, I-15 to MVC",,,37824.0,109556.057,2.896,53521.0,10964.0,6602.0,35955.0,60562.441,6851.0,4113.0,1809.0,4793.0,7779.0,7786.0,4404.0,15986.0,79.251,0.0,4377.775,2584.413
2027,medium_district,41,"WJ, I-15 to MVC",,,,,,,,,41,"WJ, I-15 to MVC",,,38043.0,108994.685,2.865,54036.0,11033.0,6686.0,36317.0,61093.668999999994,6912.0,4121.0,1809.0,4877.0,7786.0,7865.0,4495.0,16171.0,78.701,0.0,4359.642,2619.322
2028,medium_district,41,"WJ, I-15 to MVC",,,,,,,,,41,"WJ, I-15 to MVC",,,38296.0,108557.382,2.835,54294.0,11011.0,6679.0,36604.0,61483.411,6919.0,4092.0,1805.0,4874.0,7848.0,7920.0,4548.0,16288.0,77.56700000000001,0.0,4468.765,2643.078
2029,medium_district,41,"WJ, I-15 to MVC",,,,,,,,,41,"WJ, I-15 to MVC",,,38453.0,107902.847,2.806,54611.0,10987.0,6700.0,36924.0,62043.418000000005,6929.0,4058.0,1800.0,4900.0,7919.0,7962.0,4597.0,16446.0,75.24499999999999,0.0,4683.777,2673.396
2030,medium_district,41,"WJ, I-15 to MVC",,,,,,,,,41,"WJ, I-15 to MVC",,,38565.0,107190.805,2.779,54995.0,10982.0,6714.0,37299.0,61989.578,6970.0,4012.0,1800.0,4914.0,7999.0,8013.0,4689.0,16598.0,74.432,0.0,4214.834,2705.317
2031,medium_district,41,"WJ, I-15 to MVC",,,,,,,,,41,"WJ, I-15 to MVC",,,38820.0,106898.624,2.754,54965.0,10928.0,6689.0,37348.0,62537.379,6992.0,3936.0,1801.0,4888.0,8039.0,7986.0,4727.0,16596.0,74.435,0.0,4761.866,2736.074
2032,medium_district,41,"WJ, I-15 to MVC",,,,,,,,,41,"WJ, I-15 to MVC",,,39142.0,106875.224,2.73,55292.0,10960.0,6672.0,37660.0,62559.203,7070.0,3890.0,1781.0,4891.0,8128.0,7986.0,4785.0,16761.0,73.555,0.0,4416.494,2777.149
2033,medium_district,41,"WJ, I-15 to MVC",,,,,,,,,41,"WJ, I-15 to MVC",,,39582.0,107258.494,2.71,55668.0,10998.0,6666.0,38004.0,62726.908,7116.0,3882.0,1780.0,4886.0,8236.0,7994.0,4820.0,16954.0,77.645,0.0,4145.417,2835.855
2034,medium_district,41,"WJ, I-15 to MVC",,,,,,,,,41,"WJ, I-15 to MVC",,,39928.0,107459.835,2.691,56216.0,11166.0,6677.0,38373.0,63583.472,7176.0,3990.0,1776.0,4901.0,8314.0,8005.0,4831.0,17223.0,78.98599999999999,0.0,4384.947,2903.538
2035,medium_district,41,"WJ, I-15 to MVC",,,,,,,,,41,"WJ, I-15 to MVC",,,40213.0,107487.13,2.673,55947.0,11002.0,6576.0,38369.0,63409.803,7167.0,3835.0,1756.0,4820.0,8400.0,8001.0,4844.0,17124.0,79.934,0.0,4460.801,2922.073
2036,medium_district,41,"WJ, I-15 to MVC",,,,,,,,,41,"WJ, I-15 to MVC",,,40526.0,107733.618,2.658,56327.0,11057.0,6523.0,38747.0,64085.407999999996,7205.0,3852.0,1731.0,4792.0,8530.0,8022.0,4879.0,17316.0,80.06,0.0,4712.266,2966.072
2037,medium_district,41,"WJ, I-15 to MVC",,,,,,,,,41,"WJ, I-15 to MVC",,,40573.0,107143.136,2.641,58179.0,11573.0,6439.0,40167.0,65825.732,7548.0,4025.0,1725.0,4714.0,8723.0,8001.0,5132.0,18311.0,81.813,0.0,4558.063,3006.845
2038,medium_district,41,"WJ, I-15 to MVC",,,,,,,,,41,"WJ, I-15 to MVC",,,40900.0,107406.989,2.626,58783.0,11701.0,6398.0,40684.0,66497.411,7639.0,4062.0,1705.0,4693.0,8857.0,8041.0,5171.0,18615.0,83.833,0.0,4556.723,3073.8469999999998
2039,medium_district,41,"WJ, I-15 to MVC",,,,,,,,,41,"WJ, I-15 to MVC",,,41150.0,107511.628,2.613,58891.0,11603.0,6357.0,40931.0,66278.414,7604.0,3999.0,1691.0,4666.0,8935.0,8060.0,5201.0,18735.0,84.49,0.0,4180.9259999999995,3122.0
2040,medium_district,41,"WJ, I-15 to MVC",,,,,,,,,41,"WJ, I-15 to MVC",,,41373.0,107580.775,2.6,59412.0,11707.0,6287.0,41418.0,67045.747,7670.0,4037.0,1665.0,4622.0,9054.0,8117.0,5243.0,19004.0,84.561,0.0,4367.223,3181.966
2041,medium_district,41,"WJ, I-15 to MVC",,,,,,,,,41,"WJ, I-15 to MVC",,,41429.0,107049.469,2.584,60451.0,12025.0,6251.0,42175.0,68998.404,7895.0,4130.0,1627.0,4624.0,9286.0,8190.0,5257.0,19442.0,84.49,0.0,5239.032,3223.875
2042,medium_district,41,"WJ, I-15 to MVC",,,,,,,,,41,"WJ, I-15 to MVC",,,41690.0,107270.623,2.573,61424.0,12157.0,6217.0,43050.0,69206.706,7963.0,4194.0,1619.0,4598.0,9576.0,8298.0,5325.0,19851.0,85.632,0.0,4418.156,3278.907
2043,medium_district,41,"WJ, I-15 to MVC",,,,,,,,,41,"WJ, I-15 to MVC",,,41954.0,107490.689,2.562,62340.0,12398.0,6161.0,43781.0,69992.703,8112.0,4286.0,1585.0,4576.0,9762.0,8393.0,5389.0,20237.0,85.775,0.0,4218.138,3348.782
2044,medium_district,41,"WJ, I-15 to MVC",,,,,,,,,41,"WJ, I-15 to MVC",,,42205.0,107716.422,2.552,63273.0,12598.0,6094.0,44581.0,71416.988,8230.0,4368.0,1567.0,4527.0,10020.0,8489.0,5450.0,20622.0,86.142,0.0,4647.995,3409.855
2045,medium_district,41,"WJ, I-15 to MVC",,,,,,,,,41,"WJ, I-15 to MVC",,,42419.0,107864.122,2.543,64239.0,12806.0,5978.0,45455.0,72458.344,8364.0,4442.0,1511.0,4467.0,10290.0,8630.0,5496.0,21039.0,86.071,0.0,4663.781,3469.5
2046,medium_district,41,"WJ, I-15 to MVC",,,,,,,,,41,"WJ, I-15 to MVC",,,42714.0,108190.926,2.533,64570.0,12619.0,5698.0,46253.0,73683.064,8166.0,4453.0,1395.0,4303.0,10538.0,8747.0,5561.0,21407.0,82.799,0.0,5481.331,3548.931
2047,medium_district,41,"WJ, I-15 to MVC",,,,,,,,,41,"WJ, I-15 to MVC",,,43105.0,108712.284,2.522,66579.0,13004.0,5678.0,47897.0,76202.713,8430.0,4574.0,1346.0,4332.0,11017.0,8967.0,5739.0,22174.0,73.06,0.0,5923.0109999999995,3627.639
2048,medium_district,41,"WJ, I-15 to MVC",,,,,,,,,41,"WJ, I-15 to MVC",,,43614.0,109565.59,2.512,67691.0,13172.0,5717.0,48802.0,76145.188,8549.0,4623.0,1346.0,4371.0,11334.0,9113.0,5835.0,22520.0,73.0,0.0,4653.899,3727.286
2049,medium_district,41,"WJ, I-15 to MVC",,,,,,,,,41,"WJ, I-15 to MVC",,,44138.0,110410.73,2.501,68234.0,13143.0,5726.0,49365.0,77152.605,8580.0,4563.0,1346.0,4380.0,11523.0,9193.0,6040.0,22609.0,72.94,0.0,5022.173,3823.5009999999997
2050,medium_district,41,"WJ, I-15 to MVC",,,,,,,,,41,"WJ, I-15 to MVC",,,44628.0,111139.831,2.49,68952.0,13252.0,5741.0,49959.0,78052.591,8661.0,4591.0,1346.0,4395.0,11723.0,9278.0,6111.0,22847.0,73.0,0.0,5103.101,3924.497
2051,medium_district,41,"WJ, I-15 to MVC",,,,,,,,,41,"WJ, I-15 to MVC",,,45032.0,111713.441,2.481,69579.0,13378.0,5755.0,50446.0,78728.527,8754.0,4624.0,1346.0,4409.0,11845.0,9369.0,6180.0,23052.0,72.94,0.0,5066.87,4009.712
2052,medium_district,41,"WJ, I-15 to MVC",,,,,,,,,41,"WJ, I-15 to MVC",,,45415.0,112281.335,2.472,70116.0,13504.0,5764.0,50848.0,79410.932,8854.0,4650.0,1346.0,4418.0,11959.0,9453.0,6228.0,23208.0,73.0,0.0,5120.431,4101.502
2053,medium_district,41,"WJ, I-15 to MVC",,,,,,,,,41,"WJ, I-15 to MVC",,,45733.0,112657.218,2.463,70293.0,13580.0,5708.0,51005.0,79923.352,8910.0,4670.0,1298.0,4410.0,11990.0,9500.0,6223.0,23292.0,73.0,0.0,5375.567,4181.789
2054,medium_district,41,"WJ, I-15 to MVC",,,,,,,,,41,"WJ, I-15 to MVC",,,46107.0,113123.731,2.454,70174.0,13345.0,5688.0,51141.0,80015.885,8809.0,4536.0,1297.0,4391.0,12040.0,9538.0,6222.0,23341.0,73.0,0.0,5502.243,4266.648
2055,medium_district,41,"WJ, I-15 to MVC",,,,,,,,,41,"WJ, I-15 to MVC",,,46447.0,113445.123,2.442,70250.0,13346.0,5696.0,51208.0,80454.259,8818.0,4528.0,1297.0,4399.0,12056.0,9591.0,6176.0,23385.0,73.0,0.0,5773.822,4357.439
2056,medium_district,41,"WJ, I-15 to MVC",,,,,,,,,41,"WJ, I-15 to MVC",,,46926.0,114036.823,2.43,70594.0,13389.0,5701.0,51504.0,80834.221,8863.0,4526.0,1297.0,4404.0,12112.0,9675.0,6228.0,23489.0,73.06,0.0,5707.371,4459.788
2057,medium_district,41,"WJ, I-15 to MVC",,,,,,,,,41,"WJ, I-15 to MVC",,,47080.0,114638.389,2.435,70958.0,13425.0,5720.0,51813.0,81203.552,8885.0,4540.0,1297.0,4423.0,12188.0,9733.0,6260.0,23632.0,73.06,0.0,5631.787,4540.708
2058,medium_district,41,"WJ, I-15 to MVC",,,,,,,,,41,"WJ, I-15 to MVC",,,47132.0,115071.857,2.441,71130.0,13398.0,5727.0,52005.0,81686.67,8900.0,4498.0,1295.0,4432.0,12263.0,9776.0,6318.0,23648.0,73.0,0.0,5862.454,4621.212
2059,medium_district,41,"WJ, I-15 to MVC",,,,,,,,,41,"WJ, I-15 to MVC",,,47133.0,115628.809,2.453,71475.0,13436.0,5755.0,52284.0,82183.101,8927.0,4509.0,1295.0,4460.0,12330.0,9827.0,6357.0,23770.0,73.0,0.0,5933.401,4701.703
2060,medium_district,41,"WJ, I-15 to MVC",,,,,,,,,41,"WJ, I-15 to MVC",,,47207.0,116352.192,2.465,71616.0,13447.0,5743.0,52426.0,82512.107,8950.0,4497.0,1282.0,4461.0,12275.0,9871.0,6405.0,23875.0,73.12100000000001,0.0,6026.063,4796.917
2061,medium_district,41,"WJ, I-15 to MVC",,,,,,,,,41,"WJ, I-15 to MVC",,,47481.0,117566.499,2.476,70945.0,13424.0,5705.0,51816.0,82329.224,8964.0,4460.0,1278.0,4427.0,12112.0,9638.0,6407.0,23659.0,73.0,0.0,6401.44,4909.785
2062,medium_district,41,"WJ, I-15 to MVC",,,,,,,,,41,"WJ, I-15 to MVC",,,47544.0,118302.446,2.488,71125.0,13412.0,5709.0,52004.0,82379.271,8987.0,4425.0,1268.0,4441.0,12146.0,9679.0,6448.0,23731.0,73.12100000000001,0.0,6184.366,4996.786
2063,medium_district,41,"WJ, I-15 to MVC",,,,,,,,,41,"WJ, I-15 to MVC",,,47660.0,119075.152,2.498,71018.0,13397.0,5714.0,51907.0,82335.84,8971.0,4426.0,1268.0,4446.0,12141.0,9676.0,6483.0,23607.0,73.12100000000001,0.0,6153.946,5090.78
2064,medium_district,41,"WJ, I-15 to MVC",,,,,,,,,41,"WJ, I-15 to MVC",,,47668.0,119809.077,2.513,71256.0,13439.0,5716.0,52101.0,82638.48700000001,9000.0,4439.0,1268.0,4448.0,12192.0,9718.0,6513.0,23678.0,73.0,0.0,6119.778,5189.711
2065,medium_district,41,"WJ, I-15 to MVC",,,,,,,,,41,"WJ, I-15 to MVC",,,47680.0,120480.031,2.527,71519.0,13470.0,5723.0,52326.0,83114.751,9023.0,4447.0,1268.0,4455.0,12236.0,9771.0,6558.0,23761.0,73.12100000000001,0.0,6247.7029999999995,5274.928
2023,medium_district,42,"SJ, I-15 to MVC",,,,,,,,,42,"SJ, I-15 to MVC",,,30948.0,93165.86,3.01,57889.0,9529.0,9104.0,39256.0,64000.424,5582.0,3947.0,5828.0,3276.0,10430.0,6844.0,3242.0,18740.0,75.176,6.888999999999999,4040.633,1988.719
2024,medium_district,42,"SJ, I-15 to MVC",,,,,,,,,42,"SJ, I-15 to MVC",,,31015.0,92422.939,2.98,58667.0,9572.0,9199.0,39896.0,63295.308,5567.0,4005.0,5756.0,3443.0,10421.0,7148.0,3329.0,18998.0,76.429,7.055,2600.477,1944.349
2025,medium_district,42,"SJ, I-15 to MVC",,,,,,,,,42,"SJ, I-15 to MVC",,,31112.0,91768.461,2.95,59543.0,9625.0,9381.0,40537.0,65648.406,5625.0,4000.0,5793.0,3588.0,10523.0,7261.0,3506.0,19247.0,76.304,6.968999999999999,3903.374,2118.754
2026,medium_district,42,"SJ, I-15 to MVC",,,,,,,,,42,"SJ, I-15 to MVC",,,31223.0,91158.109,2.92,59777.0,9622.0,9447.0,40708.0,65917.444,5613.0,4009.0,5825.0,3622.0,10450.0,7271.0,3601.0,19386.0,76.244,7.117,3923.738,2133.337
2027,medium_district,42,"SJ, I-15 to MVC",,,,,,,,,42,"SJ, I-15 to MVC",,,31325.0,90482.187,2.888,60291.0,9683.0,9561.0,41047.0,66682.522,5668.0,4015.0,5863.0,3698.0,10448.0,7331.0,3679.0,19589.0,75.675,7.215,4155.366,2153.263
2028,medium_district,42,"SJ, I-15 to MVC",,,,,,,,,42,"SJ, I-15 to MVC",,,31381.0,89712.978,2.859,60582.0,9665.0,9611.0,41306.0,66910.481,5673.0,3992.0,5901.0,3710.0,10489.0,7371.0,3728.0,19718.0,78.574,6.868,4076.969,2166.069
2029,medium_district,42,"SJ, I-15 to MVC",,,,,,,,,42,"SJ, I-15 to MVC",,,31421.0,88954.873,2.831,60890.0,9641.0,9674.0,41575.0,67239.818,5683.0,3958.0,5939.0,3735.0,10558.0,7398.0,3759.0,19860.0,78.255,6.44,4076.8,2188.326
2030,medium_district,42,"SJ, I-15 to MVC",,,,,,,,,42,"SJ, I-15 to MVC",,,32505.0,91292.317,2.809,62066.0,9719.0,9727.0,42620.0,71251.403,5784.0,3935.0,5978.0,3749.0,10824.0,7502.0,4026.0,20268.0,78.453,6.304,6822.374,2278.263
2031,medium_district,42,"SJ, I-15 to MVC",,,,,,,,,42,"SJ, I-15 to MVC",,,33271.0,92596.0,2.783,62865.0,9816.0,9812.0,43237.0,69482.649,5905.0,3911.0,6017.0,3795.0,10974.0,7507.0,4134.0,20622.0,79.465,6.317,4184.809,2347.071
2032,medium_district,42,"SJ, I-15 to MVC",,,,,,,,,42,"SJ, I-15 to MVC",,,33788.0,93322.25,2.762,63936.0,9931.0,9873.0,44132.0,70631.243,6022.0,3909.0,6056.0,3817.0,11190.0,7521.0,4274.0,21147.0,79.602,6.604,4208.777,2400.261
2033,medium_district,42,"SJ, I-15 to MVC",,,,,,,,,42,"SJ, I-15 to MVC",,,34158.0,93575.071,2.739,64772.0,10072.0,9908.0,44792.0,71498.144,6153.0,3919.0,6096.0,3812.0,11366.0,7492.0,4322.0,21612.0,79.66,6.913,4193.831,2445.739
2034,medium_district,42,"SJ, I-15 to MVC",,,,,,,,,42,"SJ, I-15 to MVC",,,34397.0,93527.963,2.719,66240.0,10375.0,9974.0,45891.0,73400.045,6287.0,4088.0,6136.0,3838.0,11609.0,7553.0,4461.0,22268.0,81.013,7.1850000000000005,4568.387,2503.464
2035,medium_district,42,"SJ, I-15 to MVC",,,,,,,,,42,"SJ, I-15 to MVC",,,35601.0,95944.917,2.695,66850.0,10344.0,9966.0,46540.0,76865.868,6362.0,3982.0,6163.0,3803.0,12206.0,7567.0,4524.0,22243.0,79.932,7.271,7337.607,2591.069
2036,medium_district,42,"SJ, I-15 to MVC",,,,,,,,,42,"SJ, I-15 to MVC",,,36462.0,97137.515,2.664,69049.0,10556.0,10008.0,48485.0,76938.262,6521.0,4035.0,6204.0,3804.0,13024.0,7652.0,4708.0,23101.0,80.059,7.213,5133.916,2668.069
2037,medium_district,42,"SJ, I-15 to MVC",,,,,,,,,42,"SJ, I-15 to MVC",,,37013.0,97815.06,2.643,71708.0,11181.0,10081.0,50446.0,80031.676,6983.0,4198.0,6221.0,3860.0,13617.0,7858.0,4907.0,24064.0,80.803,7.144,5488.863,2746.861
2038,medium_district,42,"SJ, I-15 to MVC",,,,,,,,,42,"SJ, I-15 to MVC",,,37435.0,98171.227,2.622,73908.0,11538.0,10168.0,52202.0,81709.368,7230.0,4308.0,6263.0,3905.0,14122.0,7981.0,5048.0,25051.0,80.802,7.12,4899.585,2813.861
2039,medium_district,42,"SJ, I-15 to MVC",,,,,,,,,42,"SJ, I-15 to MVC",,,37699.0,98267.396,2.607,75636.0,11808.0,10255.0,53573.0,83469.39,7437.0,4371.0,6305.0,3950.0,14492.0,8133.0,5162.0,25786.0,82.478,7.108,4880.802,2863.0
2040,medium_district,42,"SJ, I-15 to MVC",,,,,,,,,42,"SJ, I-15 to MVC",,,37887.0,98246.115,2.593,77215.0,12111.0,10120.0,54984.0,85459.549,7651.0,4460.0,6116.0,4004.0,14872.0,8334.0,5264.0,26514.0,84.562,7.108,5238.829,2914.053
2041,medium_district,42,"SJ, I-15 to MVC",,,,,,,,,42,"SJ, I-15 to MVC",,,38083.0,98286.593,2.581,78564.0,12472.0,10208.0,55884.0,87283.274,7884.0,4588.0,6159.0,4049.0,15137.0,8420.0,5330.0,26997.0,84.49,7.136,5661.836,2965.8070000000002
2042,medium_district,42,"SJ, I-15 to MVC",,,,,,,,,42,"SJ, I-15 to MVC",,,38252.0,98318.997,2.57,79697.0,12632.0,10309.0,56756.0,89066.545,8020.0,4612.0,6203.0,4106.0,15495.0,8556.0,5459.0,27246.0,84.624,7.204,6264.7119999999995,3012.995
2043,medium_district,42,"SJ, I-15 to MVC",,,,,,,,,42,"SJ, I-15 to MVC",,,38463.0,98490.77,2.561,80458.0,12565.0,10320.0,57573.0,89245.145,8026.0,4539.0,6162.0,4158.0,15756.0,8666.0,5570.0,27581.0,84.76599999999999,7.260999999999999,5627.312,3067.802
2044,medium_district,42,"SJ, I-15 to MVC",,,,,,,,,42,"SJ, I-15 to MVC",,,38804.0,99039.75,2.552,81541.0,12661.0,10431.0,58449.0,90257.407,8083.0,4578.0,6205.0,4226.0,16011.0,8762.0,5682.0,27994.0,88.147,7.253,5484.142,3136.865
2045,medium_district,42,"SJ, I-15 to MVC",,,,,,,,,42,"SJ, I-15 to MVC",,,39272.0,99948.999,2.545,81955.0,12545.0,10532.0,58878.0,91824.211,7936.0,4609.0,6250.0,4282.0,16124.0,8842.0,5782.0,28130.0,87.073,7.239000000000001,6561.359,3213.54
2046,medium_district,42,"SJ, I-15 to MVC",,,,,,,,,42,"SJ, I-15 to MVC",,,40097.0,101801.408,2.539,83273.0,12865.0,10625.0,59783.0,93294.679,8132.0,4733.0,6282.0,4343.0,16334.0,8960.0,5838.0,28651.0,89.784,7.244,6595.725,3328.934
2047,medium_district,42,"SJ, I-15 to MVC",,,,,,,,,42,"SJ, I-15 to MVC",,,40868.0,103621.262,2.536,84189.0,13072.0,10748.0,60369.0,93607.068,8280.0,4792.0,6325.0,4423.0,16466.0,9066.0,5958.0,28879.0,91.077,7.295,5882.0869999999995,3437.6059999999998
2048,medium_district,42,"SJ, I-15 to MVC",,,,,,,,,42,"SJ, I-15 to MVC",,,41581.0,105143.817,2.529,85104.0,13172.0,10800.0,61132.0,95010.666,8336.0,4836.0,6371.0,4429.0,16730.0,9175.0,6046.0,29181.0,91.0,7.376,6258.016,3550.2709999999997
2049,medium_district,42,"SJ, I-15 to MVC",,,,,,,,,42,"SJ, I-15 to MVC",,,42453.0,106946.415,2.519,85898.0,13221.0,10856.0,61821.0,95889.69,8390.0,4831.0,6418.0,4438.0,16913.0,9277.0,6213.0,29418.0,91.922,7.46,6210.747,3681.557
2050,medium_district,42,"SJ, I-15 to MVC",,,,,,,,,42,"SJ, I-15 to MVC",,,43374.0,108508.036,2.502,86817.0,13412.0,10885.0,62520.0,97281.0,8522.0,4890.0,6465.0,4420.0,17130.0,9419.0,6250.0,29721.0,92.0,7.541,6551.942,3812.514
2051,medium_district,42,"SJ, I-15 to MVC",,,,,,,,,42,"SJ, I-15 to MVC",,,44550.0,110693.965,2.485,87493.0,13630.0,10913.0,62950.0,98330.033,8677.0,4953.0,6465.0,4448.0,17230.0,9548.0,6343.0,29829.0,91.922,7.609,6768.796,3968.708
2052,medium_district,42,"SJ, I-15 to MVC",,,,,,,,,42,"SJ, I-15 to MVC",,,45671.0,112665.186,2.467,87701.0,13481.0,10923.0,63297.0,99960.27,8570.0,4911.0,6459.0,4464.0,17358.0,9699.0,6431.0,29809.0,92.0,7.688,8036.075,4123.5
2053,medium_district,42,"SJ, I-15 to MVC",,,,,,,,,42,"SJ, I-15 to MVC",,,47171.0,115434.041,2.447,88867.0,13690.0,10980.0,64197.0,101209.481,8707.0,4983.0,6459.0,4521.0,17543.0,9884.0,6519.0,30251.0,92.0,7.776,7926.924,4315.782999999999
2054,medium_district,42,"SJ, I-15 to MVC",,,,,,,,,42,"SJ, I-15 to MVC",,,48456.0,117852.537,2.432,89863.0,13966.0,11022.0,64875.0,102546.778,8915.0,5051.0,6457.0,4565.0,17656.0,10054.0,6614.0,30551.0,92.0,7.839,8096.311,4487.632
2055,medium_district,42,"SJ, I-15 to MVC",,,,,,,,,42,"SJ, I-15 to MVC",,,49653.0,119909.616,2.415,90347.0,13975.0,11064.0,65308.0,102767.721,8972.0,5003.0,6457.0,4607.0,17756.0,10185.0,6708.0,30659.0,92.0,7.876,7664.517,4656.334
2056,medium_district,42,"SJ, I-15 to MVC",,,,,,,,,42,"SJ, I-15 to MVC",,,50990.0,122169.451,2.396,90935.0,14080.0,11105.0,65750.0,103631.753,9056.0,5024.0,6457.0,4648.0,17834.0,10297.0,6774.0,30845.0,92.078,7.84,7759.071,4837.772
2057,medium_district,42,"SJ, I-15 to MVC",,,,,,,,,42,"SJ, I-15 to MVC",,,51824.0,123972.474,2.392,90855.0,14030.0,11121.0,65704.0,103651.49,9075.0,4955.0,6457.0,4664.0,17822.0,10362.0,6830.0,30690.0,92.078,7.711,7700.924,4995.785
2058,medium_district,42,"SJ, I-15 to MVC",,,,,,,,,42,"SJ, I-15 to MVC",,,52179.0,124825.059,2.392,91183.0,14001.0,11181.0,66001.0,104429.48700000001,9082.0,4919.0,6457.0,4724.0,17885.0,10463.0,6829.0,30824.0,92.0,7.592,8031.662,5115.231
2059,medium_district,42,"SJ, I-15 to MVC",,,,,,,,,42,"SJ, I-15 to MVC",,,52564.0,125914.36,2.395,91376.0,13993.0,11158.0,66225.0,104675.641,9098.0,4895.0,6453.0,4705.0,17946.0,10522.0,6837.0,30920.0,92.0,7.515000000000001,7956.341,5243.791
2060,medium_district,42,"SJ, I-15 to MVC",,,,,,,,,42,"SJ, I-15 to MVC",,,52867.0,126931.155,2.401,91575.0,13930.0,11174.0,66471.0,105223.117,9066.0,4864.0,6453.0,4721.0,17987.0,10621.0,6924.0,30939.0,92.153,7.475,8176.463,5372.026
2061,medium_district,42,"SJ, I-15 to MVC",,,,,,,,,42,"SJ, I-15 to MVC",,,53054.0,127908.686,2.411,92109.0,14024.0,11232.0,66853.0,105373.928,9116.0,4908.0,6453.0,4779.0,18079.0,10685.0,6966.0,31123.0,92.0,7.452999999999999,7681.717,5483.764
2062,medium_district,42,"SJ, I-15 to MVC",,,,,,,,,42,"SJ, I-15 to MVC",,,53279.0,128778.317,2.417,92674.0,14116.0,11223.0,67335.0,106831.308,9173.0,4943.0,6453.0,4770.0,18210.0,10805.0,7037.0,31283.0,92.153,7.439,8459.958,5597.766
2063,medium_district,42,"SJ, I-15 to MVC",,,,,,,,,42,"SJ, I-15 to MVC",,,53508.0,129634.383,2.423,93386.0,14226.0,11273.0,67887.0,107200.626,9254.0,4972.0,6453.0,4820.0,18319.0,10927.0,7123.0,31518.0,92.153,7.427,7994.169,5720.876
2064,medium_district,42,"SJ, I-15 to MVC",,,,,,,,,42,"SJ, I-15 to MVC",,,53740.0,130634.745,2.431,93925.0,14313.0,11305.0,68307.0,108064.644,9312.0,5001.0,6453.0,4852.0,18394.0,11023.0,7197.0,31693.0,92.0,7.416,8189.432,5850.803
2065,medium_district,42,"SJ, I-15 to MVC",,,,,,,,,42,"SJ, I-15 to MVC",,,53849.0,131422.773,2.441,94451.0,14387.0,11333.0,68731.0,108535.627,9364.0,5023.0,6453.0,4880.0,18479.0,11124.0,7265.0,31863.0,92.153,7.407,8025.142,5959.919
2023,medium_district,43,"Riv, I-15 to MVC",,,,,,,,,43,"Riv, I-15 to MVC",,,25160.0,76462.99,3.039,54483.0,9586.0,9341.0,35556.0,61040.485,6698.0,2888.0,3134.0,6207.0,9962.0,6816.0,2691.0,16087.0,176.418,427.12600000000003,4338.166,1615.771
2024,medium_district,43,"Riv, I-15 to MVC",,,,,,,,,43,"Riv, I-15 to MVC",,,25459.0,76497.855,3.005,53804.0,9475.0,9372.0,34957.0,59402.815,6588.0,2887.0,3142.0,6230.0,9626.0,6784.0,2777.0,15770.0,175.984,437.354,3392.191,1593.284
2025,medium_district,43,"Riv, I-15 to MVC",,,,,,,,,43,"Riv, I-15 to MVC",,,25898.0,76860.939,2.968,54386.0,9502.0,9570.0,35314.0,61296.064,6612.0,2890.0,3223.0,6347.0,9673.0,6873.0,2899.0,15869.0,174.696,432.099,4536.632,1766.629
2026,medium_district,43,"Riv, I-15 to MVC",,,,,,,,,43,"Riv, I-15 to MVC",,,26491.0,77614.611,2.93,54487.0,9482.0,9599.0,35406.0,61121.203,6586.0,2896.0,3220.0,6379.0,9579.0,6881.0,2969.0,15977.0,174.554,441.296,4212.06,1806.288
2027,medium_district,43,"Riv, I-15 to MVC",,,,,,,,,43,"Riv, I-15 to MVC",,,27099.0,78357.562,2.892,55083.0,9541.0,9705.0,35837.0,62084.258,6636.0,2905.0,3220.0,6485.0,9589.0,6980.0,3088.0,16180.0,171.528,447.302,4521.2,1861.231
2028,medium_district,43,"Riv, I-15 to MVC",,,,,,,,,43,"Riv, I-15 to MVC",,,27645.0,78957.95,2.856,55592.0,9522.0,9733.0,36337.0,62664.227999999996,6644.0,2878.0,3220.0,6513.0,9695.0,7070.0,3176.0,16396.0,168.233,425.813,4577.123,1901.0539999999999
2029,medium_district,43,"Riv, I-15 to MVC",,,,,,,,,43,"Riv, I-15 to MVC",,,28125.0,79550.912,2.828,56243.0,9494.0,9781.0,36968.0,62924.529,6643.0,2851.0,3222.0,6559.0,9848.0,7154.0,3285.0,16681.0,168.555,399.259,4164.429,1949.291
2030,medium_district,43,"Riv, I-15 to MVC",,,,,,,,,43,"Riv, I-15 to MVC",,,28529.0,79983.125,2.804,57226.0,9555.0,9825.0,37846.0,64059.235,6724.0,2831.0,3250.0,6575.0,10073.0,7257.0,3507.0,17009.0,167.977,390.813,4275.22,1999.232
2031,medium_district,43,"Riv, I-15 to MVC",,,,,,,,,43,"Riv, I-15 to MVC",,,29082.0,80999.866,2.785,58247.0,9655.0,9920.0,38672.0,65412.749,6855.0,2800.0,3288.0,6632.0,10323.0,7294.0,3662.0,17393.0,148.871,391.658,4580.172,2045.057
2032,medium_district,43,"Riv, I-15 to MVC",,,,,,,,,43,"Riv, I-15 to MVC",,,29715.0,82188.94900000001,2.766,59644.0,9834.0,9955.0,39855.0,66708.486,7019.0,2815.0,3288.0,6667.0,10665.0,7333.0,3885.0,17972.0,148.115,409.48699999999997,4402.533,2104.3559999999998
2033,medium_district,43,"Riv, I-15 to MVC",,,,,,,,,43,"Riv, I-15 to MVC",,,30368.0,83399.505,2.746,61338.0,10012.0,9991.0,41335.0,68862.723,7176.0,2836.0,3298.0,6693.0,11179.0,7387.0,4019.0,18750.0,150.249,428.627,4768.19,2177.656
2034,medium_district,43,"Riv, I-15 to MVC",,,,,,,,,43,"Riv, I-15 to MVC",,,31031.0,84610.69499999999,2.727,63623.0,10436.0,10042.0,43145.0,71460.026,7385.0,3051.0,3295.0,6747.0,11635.0,7487.0,4240.0,19783.0,133.667,445.51800000000003,5001.423,2256.415
2035,medium_district,43,"Riv, I-15 to MVC",,,,,,,,,43,"Riv, I-15 to MVC",,,31647.0,85758.859,2.71,63862.0,10370.0,9970.0,43522.0,71932.359,7438.0,2932.0,3295.0,6675.0,12005.0,7495.0,4291.0,19731.0,132.55,450.774,5184.982,2302.057
2036,medium_district,43,"Riv, I-15 to MVC",,,,,,,,,43,"Riv, I-15 to MVC",,,32226.0,86807.164,2.694,65558.0,10611.0,9946.0,45001.0,73262.0,7603.0,3008.0,3295.0,6651.0,12605.0,7570.0,4429.0,20397.0,134.785,447.207,4760.938,2361.058
2037,medium_district,43,"Riv, I-15 to MVC",,,,,,,,,43,"Riv, I-15 to MVC",,,33367.0,89304.659,2.676,65268.0,10484.0,10021.0,44763.0,73490.513,7446.0,3038.0,3375.0,6646.0,12514.0,7551.0,4350.0,20348.0,130.293,442.89,5173.45,2475.874
2038,medium_district,43,"Riv, I-15 to MVC",,,,,,,,,43,"Riv, I-15 to MVC",,,34049.0,90712.798,2.664,69101.0,11189.0,10104.0,47808.0,79288.01699999999,7942.0,3247.0,3375.0,6729.0,13220.0,7801.0,4650.0,22137.0,131.303,441.48400000000004,7057.349999999999,2556.872
2039,medium_district,43,"Riv, I-15 to MVC",,,,,,,,,43,"Riv, I-15 to MVC",,,35261.0,93648.846,2.656,71981.0,11707.0,10137.0,50137.0,82296.251,8302.0,3405.0,3365.0,6772.0,13729.0,8034.0,4885.0,23489.0,135.786,440.733,7061.733,2677.0
2040,medium_district,43,"Riv, I-15 to MVC",,,,,,,,,43,"Riv, I-15 to MVC",,,36295.0,96052.951,2.646,74846.0,12198.0,10212.0,52436.0,83506.918,8618.0,3580.0,3365.0,6847.0,14279.0,8288.0,5132.0,24737.0,132.883,440.639,5300.31,2787.089
2041,medium_district,43,"Riv, I-15 to MVC",,,,,,,,,43,"Riv, I-15 to MVC",,,37262.0,98314.652,2.638,77747.0,12967.0,10252.0,54528.0,87062.15699999999,9136.0,3831.0,3362.0,6890.0,14816.0,8514.0,5337.0,25861.0,132.768,442.42199999999997,5835.18,2904.794
2042,medium_district,43,"Riv, I-15 to MVC",,,,,,,,,43,"Riv, I-15 to MVC",,,38147.0,100328.17,2.63,80554.0,13541.0,10320.0,56693.0,90306.775,9478.0,4063.0,3353.0,6967.0,15347.0,8725.0,5541.0,27080.0,127.941,446.644,6174.182,3004.0
2043,medium_district,43,"Riv, I-15 to MVC",,,,,,,,,43,"Riv, I-15 to MVC",,,38943.0,102037.13,2.62,82739.0,14088.0,10354.0,58297.0,91798.004,9841.0,4247.0,3350.0,7004.0,15679.0,8936.0,5733.0,27949.0,126.136,450.209,5380.852,3101.795
2044,medium_district,43,"Riv, I-15 to MVC",,,,,,,,,43,"Riv, I-15 to MVC",,,39830.0,103957.109,2.61,85017.0,14617.0,10381.0,60019.0,95467.89600000001,10190.0,4427.0,3334.0,7047.0,15905.0,9175.0,5949.0,28990.0,126.211,449.741,6659.084,3215.863
2045,medium_district,43,"Riv, I-15 to MVC",,,,,,,,,43,"Riv, I-15 to MVC",,,40778.0,106086.511,2.602,86859.0,15054.0,10417.0,61388.0,96939.074,10470.0,4584.0,3306.0,7111.0,16220.0,9422.0,6126.0,29620.0,129.107,448.803,6161.64,3340.523
2046,medium_district,43,"Riv, I-15 to MVC",,,,,,,,,43,"Riv, I-15 to MVC",,,41645.0,107927.067,2.592,89144.0,15554.0,10551.0,63039.0,98806.654,10796.0,4758.0,3316.0,7235.0,16646.0,9657.0,6311.0,30425.0,127.691,449.08299999999997,5627.955,3457.934
2047,medium_district,43,"Riv, I-15 to MVC",,,,,,,,,43,"Riv, I-15 to MVC",,,42825.0,110695.85399999999,2.585,90298.0,15855.0,10079.0,64364.0,101132.492,10976.0,4879.0,3151.0,6928.0,17073.0,9848.0,6492.0,30951.0,129.106,452.274,6650.474,3602.635
2048,medium_district,43,"Riv, I-15 to MVC",,,,,,,,,43,"Riv, I-15 to MVC",,,43595.0,112349.27,2.577,91630.0,16053.0,10160.0,65417.0,101718.53600000001,11110.0,4943.0,3154.0,7006.0,17451.0,10030.0,6623.0,31313.0,129.0,457.34000000000003,5776.911,3725.283
2049,medium_district,43,"Riv, I-15 to MVC",,,,,,,,,43,"Riv, I-15 to MVC",,,44298.0,113785.177,2.569,92990.0,16234.0,10221.0,66535.0,103565.842,11238.0,4996.0,3159.0,7062.0,17772.0,10199.0,6906.0,31658.0,128.894,462.502,6147.9529999999995,3836.497
2050,medium_district,43,"Riv, I-15 to MVC",,,,,,,,,43,"Riv, I-15 to MVC",,,44760.0,114499.018,2.558,94341.0,16438.0,10284.0,67619.0,105433.563,11387.0,5051.0,3161.0,7123.0,18164.0,10399.0,7031.0,32025.0,129.0,467.568,6554.499,3941.502
2051,medium_district,43,"Riv, I-15 to MVC",,,,,,,,,43,"Riv, I-15 to MVC",,,45115.0,114882.971,2.546,95490.0,16615.0,10337.0,68538.0,106745.928,11512.0,5103.0,3164.0,7173.0,18442.0,10591.0,7157.0,32348.0,128.894,471.79200000000003,6634.532,4020.717
2052,medium_district,43,"Riv, I-15 to MVC",,,,,,,,,43,"Riv, I-15 to MVC",,,45560.0,115462.55,2.534,95871.0,16798.0,10351.0,68722.0,107958.034,11636.0,5162.0,3164.0,7187.0,18214.0,10750.0,7269.0,32489.0,129.0,476.66999999999996,7366.863,4114.495
2053,medium_district,43,"Riv, I-15 to MVC",,,,,,,,,43,"Riv, I-15 to MVC",,,45961.0,115882.522,2.521,96650.0,16905.0,10378.0,69367.0,108512.963,11711.0,5194.0,3160.0,7218.0,18349.0,10902.0,7356.0,32760.0,129.0,482.113,7054.068,4197.784
2054,medium_district,43,"Riv, I-15 to MVC",,,,,,,,,43,"Riv, I-15 to MVC",,,46617.0,116793.254,2.505,95375.0,15901.0,10431.0,69043.0,107727.261,10695.0,5206.0,3156.0,7275.0,18248.0,11047.0,7458.0,32290.0,129.0,485.96,7424.659,4312.643
2055,medium_district,43,"Riv, I-15 to MVC",,,,,,,,,43,"Riv, I-15 to MVC",,,47048.0,117273.766,2.493,94593.0,15984.0,10427.0,68182.0,106845.712,10753.0,5231.0,3156.0,7271.0,17746.0,10983.0,7527.0,31926.0,129.0,488.306,7222.987,4412.42
2056,medium_district,43,"Riv, I-15 to MVC",,,,,,,,,43,"Riv, I-15 to MVC",,,47287.0,117224.621,2.479,95199.0,16094.0,10465.0,68640.0,107480.688,10821.0,5273.0,3154.0,7311.0,17824.0,11110.0,7597.0,32109.0,129.106,486.055,7180.745,4485.785
2057,medium_district,43,"Riv, I-15 to MVC",,,,,,,,,43,"Riv, I-15 to MVC",,,47502.0,117859.618,2.481,95411.0,16187.0,10474.0,68750.0,108204.87,10887.0,5300.0,3151.0,7323.0,17699.0,11172.0,7663.0,32216.0,129.106,478.07800000000003,7601.969,4584.715
2058,medium_district,43,"Riv, I-15 to MVC",,,,,,,,,43,"Riv, I-15 to MVC",,,49282.0,121411.451,2.464,94632.0,15719.0,10207.0,68706.0,109895.219,10609.0,5110.0,2921.0,7286.0,17769.0,11170.0,7706.0,32061.0,129.0,470.66400000000004,9833.332,4830.224
2059,medium_district,43,"Riv, I-15 to MVC",,,,,,,,,43,"Riv, I-15 to MVC",,,49457.0,122232.96,2.471,94587.0,15688.0,10215.0,68684.0,107788.99799999999,10568.0,5120.0,2914.0,7301.0,17789.0,11196.0,7778.0,31921.0,129.0,465.879,7672.38,4934.745
2060,medium_district,43,"Riv, I-15 to MVC",,,,,,,,,43,"Riv, I-15 to MVC",,,49541.0,122979.134,2.482,95041.0,15758.0,10269.0,69014.0,107972.913,10605.0,5153.0,2914.0,7355.0,17861.0,11280.0,7822.0,32051.0,128.213,463.44,7306.295,5033.964
2061,medium_district,43,"Riv, I-15 to MVC",,,,,,,,,43,"Riv, I-15 to MVC",,,50106.0,124630.36200000001,2.487,94546.0,15572.0,10071.0,68903.0,108473.667,10466.0,5106.0,2828.0,7243.0,17836.0,11290.0,7836.0,31941.0,129.0,462.127,8156.764999999999,5179.773
2062,medium_district,43,"Riv, I-15 to MVC",,,,,,,,,43,"Riv, I-15 to MVC",,,50020.0,125011.74799999999,2.499,94942.0,15625.0,10101.0,69216.0,109618.131,10512.0,5113.0,2828.0,7273.0,17925.0,11378.0,7939.0,31974.0,128.213,461.18899999999996,8823.953,5262.775
2063,medium_district,43,"Riv, I-15 to MVC",,,,,,,,,43,"Riv, I-15 to MVC",,,50055.0,125672.039,2.511,96011.0,15752.0,10170.0,70089.0,109940.052,10595.0,5157.0,2827.0,7343.0,18130.0,11590.0,8082.0,32287.0,128.213,460.43699999999995,7989.585,5350.823
2064,medium_district,43,"Riv, I-15 to MVC",,,,,,,,,43,"Riv, I-15 to MVC",,,50089.0,126445.099,2.524,96897.0,15878.0,10210.0,70809.0,110585.113,10686.0,5192.0,2827.0,7383.0,18286.0,11772.0,8202.0,32549.0,129.0,459.781,7643.589,5455.749
2065,medium_district,43,"Riv, I-15 to MVC",,,,,,,,,43,"Riv, I-15 to MVC",,,50127.0,127160.409,2.537,97691.0,15996.0,10231.0,71464.0,111687.334,10762.0,5234.0,2827.0,7404.0,18440.0,11927.0,8312.0,32785.0,128.213,459.218,7860.978,5547.926
2023,medium_district,44,"Midvale, Cot, N.Sandy",,,,,,,,,44,"Midvale, Cot, N.Sandy",,,39601.0,100762.06,2.544,60317.0,11332.0,4958.0,44027.0,67150.023,6508.0,4824.0,1694.0,3264.0,11709.0,5995.0,4106.0,22217.0,5.011,0.0,4285.374,2542.64
2024,medium_district,44,"Midvale, Cot, N.Sandy",,,,,,,,,44,"Midvale, Cot, N.Sandy",,,40973.0,103581.425,2.528,61052.0,11349.0,5068.0,44635.0,70357.165,6459.0,4890.0,1720.0,3348.0,11627.0,6392.0,4198.0,22418.0,5.029,0.0,6730.667,2569.459
2025,medium_district,44,"Midvale, Cot, N.Sandy",,,,,,,,,44,"Midvale, Cot, N.Sandy",,,41751.0,104685.724,2.507,62017.0,11414.0,5292.0,45311.0,69274.74799999999,6518.0,4896.0,1878.0,3414.0,11702.0,6531.0,4420.0,22658.0,5.02,0.0,4411.714,2841.017
2026,medium_district,44,"Midvale, Cot, N.Sandy",,,,,,,,,44,"Midvale, Cot, N.Sandy",,,42352.0,105207.748,2.484,62360.0,11406.0,5340.0,45614.0,70081.998,6505.0,4901.0,1878.0,3462.0,11636.0,6555.0,4565.0,22858.0,5.016,0.0,4824.522,2892.4610000000002
2027,medium_district,44,"Midvale, Cot, N.Sandy",,,,,,,,,44,"Midvale, Cot, N.Sandy",,,42769.0,105326.987,2.463,62918.0,11486.0,5389.0,46043.0,70824.023,6573.0,4913.0,1874.0,3515.0,11640.0,6638.0,4648.0,23117.0,5.045,0.0,4952.612,2948.361
2028,medium_district,44,"Midvale, Cot, N.Sandy",,,,,,,,,44,"Midvale, Cot, N.Sandy",,,43070.0,105063.76,2.439,63282.0,11474.0,5400.0,46408.0,71038.998,6584.0,4890.0,1875.0,3525.0,11691.0,6700.0,4712.0,23305.0,5.036,0.0,4777.867,2974.089
2029,medium_district,44,"Midvale, Cot, N.Sandy",,,,,,,,,44,"Midvale, Cot, N.Sandy",,,43307.0,104701.065,2.418,63550.0,11430.0,5421.0,46699.0,71417.078,6593.0,4837.0,1881.0,3540.0,11755.0,6739.0,4757.0,23448.0,5.016,0.0,4847.618,3014.447
2030,medium_district,44,"Midvale, Cot, N.Sandy",,,,,,,,,44,"Midvale, Cot, N.Sandy",,,43480.0,104219.966,2.397,64056.0,11452.0,5465.0,47139.0,71950.829,6661.0,4791.0,1920.0,3545.0,11855.0,6792.0,4868.0,23624.0,5.029,0.0,4844.438,3045.3559999999998
2031,medium_district,44,"Midvale, Cot, N.Sandy",,,,,,,,,44,"Midvale, Cot, N.Sandy",,,43691.0,103818.607,2.376,64066.0,11414.0,5424.0,47228.0,72318.993,6722.0,4692.0,1972.0,3452.0,11892.0,6785.0,4913.0,23638.0,6.036,0.0,5172.864,3074.089
2032,medium_district,44,"Midvale, Cot, N.Sandy",,,,,,,,,44,"Midvale, Cot, N.Sandy",,,43935.0,103598.189,2.358,64124.0,11339.0,5396.0,47389.0,72105.12299999999,6740.0,4599.0,1970.0,3426.0,11928.0,6782.0,4952.0,23727.0,6.047000000000001,0.0,4856.037,3119.041
2033,medium_district,44,"Midvale, Cot, N.Sandy",,,,,,,,,44,"Midvale, Cot, N.Sandy",,,44184.0,103456.534,2.341,64558.0,11354.0,5395.0,47809.0,72326.223,6789.0,4565.0,1967.0,3428.0,12040.0,6790.0,4997.0,23982.0,6.0489999999999995,0.0,4597.219,3164.954
2034,medium_district,44,"Midvale, Cot, N.Sandy",,,,,,,,,44,"Midvale, Cot, N.Sandy",,,44417.0,103310.703,2.326,64296.0,11090.0,5360.0,47846.0,72688.024,6591.0,4499.0,1958.0,3402.0,12090.0,6767.0,5030.0,23959.0,6.077,0.0,5155.352,3230.601
2035,medium_district,44,"Midvale, Cot, N.Sandy",,,,,,,,,44,"Midvale, Cot, N.Sandy",,,44665.0,103287.088,2.312,63891.0,10896.0,5294.0,47701.0,72302.616,6589.0,4307.0,1941.0,3353.0,12183.0,6753.0,5040.0,23725.0,6.071,0.0,5162.467000000001,3243.084
2036,medium_district,44,"Midvale, Cot, N.Sandy",,,,,,,,,44,"Midvale, Cot, N.Sandy",,,45019.0,103606.475,2.301,63135.0,10457.0,5241.0,47437.0,71780.87700000001,6256.0,4201.0,1931.0,3310.0,12171.0,6739.0,5004.0,23523.0,6.079,0.0,5341.711,3298.085
2037,medium_district,44,"Midvale, Cot, N.Sandy",,,,,,,,,44,"Midvale, Cot, N.Sandy",,,45564.0,104285.198,2.289,62755.0,10412.0,5146.0,47197.0,71171.924,6274.0,4138.0,1891.0,3255.0,12295.0,6690.0,4803.0,23409.0,6.06,0.0,5038.031,3372.826
2038,medium_district,44,"Midvale, Cot, N.Sandy",,,,,,,,,44,"Midvale, Cot, N.Sandy",,,45903.0,104561.391,2.278,62904.0,10427.0,5118.0,47359.0,71001.852,6275.0,4152.0,1862.0,3256.0,12337.0,6711.0,4769.0,23542.0,6.06,0.0,4652.961,3438.8289999999997
2039,medium_district,44,"Midvale, Cot, N.Sandy",,,,,,,,,44,"Midvale, Cot, N.Sandy",,,46174.0,104678.353,2.267,63709.0,10309.0,5108.0,48292.0,73434.895,6166.0,4143.0,1847.0,3261.0,12664.0,6851.0,4836.0,23941.0,6.035,0.0,6214.8589999999995,3505.0
2040,medium_district,44,"Midvale, Cot, N.Sandy",,,,,,,,,44,"Midvale, Cot, N.Sandy",,,46446.0,104868.406,2.258,64639.0,10120.0,5104.0,49415.0,74284.12,6022.0,4098.0,1823.0,3281.0,13102.0,6989.0,4977.0,24347.0,7.048,0.0,6066.238,3571.842
2041,medium_district,44,"Midvale, Cot, N.Sandy",,,,,,,,,44,"Midvale, Cot, N.Sandy",,,46793.0,105218.061,2.249,65763.0,10280.0,5105.0,50378.0,74075.856,6160.0,4120.0,1808.0,3297.0,13393.0,7115.0,5058.0,24812.0,7.041,0.0,4662.8189999999995,3642.991
2042,medium_district,44,"Midvale, Cot, N.Sandy",,,,,,,,,44,"Midvale, Cot, N.Sandy",,,47149.0,105646.779,2.241,66881.0,10328.0,5091.0,51462.0,75688.061,6185.0,4143.0,1796.0,3295.0,13732.0,7281.0,5167.0,25282.0,7.049999999999999,0.0,5091.239,3708.766
2043,medium_district,44,"Midvale, Cot, N.Sandy",,,,,,,,,44,"Midvale, Cot, N.Sandy",,,47474.0,106037.336,2.234,67645.0,10521.0,5036.0,52088.0,76219.564,6315.0,4206.0,1729.0,3307.0,13952.0,7391.0,5112.0,25633.0,8.073,0.0,4777.745,3788.761
2044,medium_district,44,"Midvale, Cot, N.Sandy",,,,,,,,,44,"Midvale, Cot, N.Sandy",,,47845.0,106494.999,2.226,67330.0,10515.0,4950.0,51865.0,76583.803,6364.0,4151.0,1685.0,3265.0,13832.0,7453.0,5125.0,25455.0,8.014999999999999,0.0,5384.954,3860.839
2045,medium_district,44,"Midvale, Cot, N.Sandy",,,,,,,,,44,"Midvale, Cot, N.Sandy",,,48254.0,107044.084,2.218,67334.0,10397.0,4853.0,52084.0,76784.202,6415.0,3982.0,1624.0,3229.0,13962.0,7556.0,5221.0,25345.0,8.007,0.0,5485.7699999999995,3956.428
2046,medium_district,44,"Midvale, Cot, N.Sandy",,,,,,,,,44,"Midvale, Cot, N.Sandy",,,48611.0,107563.396,2.213,68371.0,10584.0,4840.0,52947.0,77915.184,6568.0,4016.0,1609.0,3231.0,14204.0,7652.0,5279.0,25812.0,7.982,0.0,5502.286,4033.9210000000003
2047,medium_district,44,"Midvale, Cot, N.Sandy",,,,,,,,,44,"Midvale, Cot, N.Sandy",,,49046.0,108191.223,2.206,68385.0,10576.0,4814.0,52995.0,78606.751,6612.0,3964.0,1577.0,3237.0,14506.0,7898.0,5443.0,25148.0,8.007,0.0,6081.017,4132.727
2048,medium_district,44,"Midvale, Cot, N.Sandy",,,,,,,,,44,"Midvale, Cot, N.Sandy",,,49462.0,108774.216,2.199,69260.0,10753.0,4805.0,53702.0,79011.421,6735.0,4018.0,1567.0,3238.0,14764.0,8085.0,5554.0,25299.0,8.0,0.0,5514.09,4229.325
2049,medium_district,44,"Midvale, Cot, N.Sandy",,,,,,,,,44,"Midvale, Cot, N.Sandy",,,49786.0,109141.311,2.192,70828.0,10926.0,4838.0,55064.0,80376.026,6850.0,4076.0,1568.0,3270.0,15182.0,8312.0,5890.0,25680.0,7.993,0.0,5228.725,4311.3099999999995
2050,medium_district,44,"Midvale, Cot, N.Sandy",,,,,,,,,44,"Midvale, Cot, N.Sandy",,,50035.0,109348.006,2.185,72076.0,10998.0,4871.0,56207.0,82298.393,6897.0,4101.0,1568.0,3303.0,15593.0,8533.0,6024.0,26057.0,8.0,0.0,5814.957,4399.441
2051,medium_district,44,"Midvale, Cot, N.Sandy",,,,,,,,,44,"Midvale, Cot, N.Sandy",,,50277.0,109543.541,2.179,72540.0,11195.0,4844.0,56501.0,83256.859,7038.0,4157.0,1559.0,3285.0,15571.0,8774.0,6116.0,26040.0,7.993,0.0,6229.0740000000005,4479.796
2052,medium_district,44,"Midvale, Cot, N.Sandy",,,,,,,,,44,"Midvale, Cot, N.Sandy",,,50436.0,109560.389,2.172,73771.0,11345.0,4848.0,57578.0,83987.015,7139.0,4206.0,1548.0,3300.0,15855.0,9034.0,6258.0,26431.0,8.0,0.0,5653.459,4554.554
2053,medium_district,44,"Midvale, Cot, N.Sandy",,,,,,,,,44,"Midvale, Cot, N.Sandy",,,50575.0,109543.576,2.166,74425.0,11475.0,4844.0,58106.0,85588.456,7270.0,4205.0,1525.0,3319.0,15918.0,9308.0,6399.0,26481.0,8.0,0.0,6532.689,4622.763
2054,medium_district,44,"Midvale, Cot, N.Sandy",,,,,,,,,44,"Midvale, Cot, N.Sandy",,,50716.0,109449.958,2.158,75806.0,11873.0,4849.0,59084.0,86581.289,7547.0,4326.0,1517.0,3332.0,16039.0,9578.0,6555.0,26912.0,8.0,0.0,6069.684,4697.61
2055,medium_district,44,"Midvale, Cot, N.Sandy",,,,,,,,,44,"Midvale, Cot, N.Sandy",,,50827.0,109293.25,2.15,76838.0,12083.0,4834.0,59921.0,88032.528,7687.0,4396.0,1510.0,3324.0,16197.0,9816.0,6719.0,27189.0,8.0,0.0,6420.229,4766.294
2056,medium_district,44,"Midvale, Cot, N.Sandy",,,,,,,,,44,"Midvale, Cot, N.Sandy",,,51027.0,109429.66100000001,2.145,78072.0,12286.0,4826.0,60960.0,89249.968,7837.0,4449.0,1490.0,3336.0,16380.0,10092.0,6876.0,27612.0,8.007,0.0,6321.1939999999995,4848.769
2057,medium_district,44,"Midvale, Cot, N.Sandy",,,,,,,,,44,"Midvale, Cot, N.Sandy",,,51038.0,109699.289,2.149,79244.0,12421.0,4841.0,61982.0,90555.516,7931.0,4490.0,1480.0,3361.0,16629.0,10320.0,7036.0,27997.0,8.007,0.0,6377.743,4925.769
2058,medium_district,44,"Midvale, Cot, N.Sandy",,,,,,,,,44,"Midvale, Cot, N.Sandy",,,51074.0,110070.177,2.155,78651.0,12510.0,4703.0,61438.0,91283.73700000001,8064.0,4446.0,1436.0,3267.0,16318.0,10497.0,7152.0,27471.0,8.0,0.0,7618.509,5006.232
2059,medium_district,44,"Midvale, Cot, N.Sandy",,,,,,,,,44,"Midvale, Cot, N.Sandy",,,51090.0,110593.773,2.165,80012.0,12659.0,4747.0,62606.0,91541.799,8180.0,4479.0,1433.0,3314.0,16624.0,10746.0,7344.0,27892.0,8.0,0.0,6423.032,5098.765
2060,medium_district,44,"Midvale, Cot, N.Sandy",,,,,,,,,44,"Midvale, Cot, N.Sandy",,,51091.0,111110.502,2.175,80842.0,12763.0,4782.0,63297.0,92863.451,8276.0,4487.0,1430.0,3352.0,16783.0,10953.0,7480.0,28081.0,8.014999999999999,0.0,6824.443,5188.998
2061,medium_district,44,"Midvale, Cot, N.Sandy",,,,,,,,,44,"Midvale, Cot, N.Sandy",,,51081.0,111709.18,2.187,81705.0,12911.0,4760.0,64034.0,94535.252,8337.0,4574.0,1414.0,3346.0,16815.0,11191.0,7646.0,28382.0,8.0,0.0,7545.481,5276.769
2062,medium_district,44,"Midvale, Cot, N.Sandy",,,,,,,,,44,"Midvale, Cot, N.Sandy",,,51098.0,112274.556,2.197,82967.0,13072.0,4797.0,65098.0,95149.944,8442.0,4630.0,1414.0,3383.0,17030.0,11440.0,7837.0,28791.0,8.014999999999999,0.0,6805.156,5369.771
2063,medium_district,44,"Midvale, Cot, N.Sandy",,,,,,,,,44,"Midvale, Cot, N.Sandy",,,51124.0,112803.84,2.206,84162.0,13210.0,4832.0,66120.0,96511.972,8536.0,4674.0,1414.0,3418.0,17243.0,11680.0,7995.0,29202.0,8.014999999999999,0.0,6885.123,5456.841
2064,medium_district,44,"Midvale, Cot, N.Sandy",,,,,,,,,44,"Midvale, Cot, N.Sandy",,,51144.0,113447.686,2.218,85007.0,13321.0,4861.0,66825.0,97624.429,8616.0,4705.0,1426.0,3435.0,17392.0,11849.0,8124.0,29460.0,8.0,0.0,7038.666,5570.757
2065,medium_district,44,"Midvale, Cot, N.Sandy",,,,,,,,,44,"Midvale, Cot, N.Sandy",,,51159.0,114029.823,2.229,85859.0,13448.0,4883.0,67528.0,98721.016,8709.0,4739.0,1426.0,3457.0,17528.0,12032.0,8254.0,29714.0,8.014999999999999,0.0,7190.082,5663.92
2023,medium_district,45,Sandy,,,,,,,,,45,Sandy,,,24390.0,69209.251,2.838,55585.0,11868.0,4400.0,39317.0,60929.718,6768.0,5100.0,2109.0,2291.0,8237.0,6114.0,4695.0,20271.0,4.0089999999999995,222.175,3551.758,1566.774
2024,medium_district,45,Sandy,,,,,,,,,45,Sandy,,,24672.0,69396.244,2.813,56357.0,11914.0,4423.0,40020.0,61313.798,6747.0,5167.0,2069.0,2354.0,8261.0,6431.0,4833.0,20495.0,4.023000000000001,227.495,3185.006,1540.277
2025,medium_district,45,Sandy,,,,,,,,,45,Sandy,,,24947.0,69538.362,2.787,57406.0,11999.0,4537.0,40870.0,63974.958,6827.0,5172.0,2073.0,2464.0,8364.0,6611.0,5065.0,20830.0,4.016,224.762,4637.574,1702.601
2026,medium_district,45,Sandy,,,,,,,,,45,Sandy,,,25162.0,69498.749,2.762,57770.0,11984.0,4567.0,41219.0,63280.379,6801.0,5183.0,2071.0,2496.0,8315.0,6628.0,5224.0,21052.0,4.012,229.545,3559.545,1717.27
2027,medium_district,45,Sandy,,,,,,,,,45,Sandy,,,25375.0,69453.164,2.737,58455.0,12083.0,4622.0,41750.0,64525.284,6876.0,5207.0,2065.0,2557.0,8318.0,6724.0,5370.0,21338.0,3.0269999999999997,232.668,4085.378,1749.213
2028,medium_district,45,Sandy,,,,,,,,,45,Sandy,,,25513.0,69137.866,2.71,58877.0,12063.0,4636.0,42178.0,64697.804,6892.0,5171.0,2065.0,2571.0,8402.0,6794.0,5439.0,21543.0,3.021,221.49200000000002,3833.236,1763.052
2029,medium_district,45,Sandy,,,,,,,,,45,Sandy,,,25654.0,68897.796,2.686,59323.0,12066.0,4643.0,42614.0,65219.247,6918.0,5148.0,2049.0,2594.0,8508.0,6841.0,5490.0,21775.0,3.0089999999999995,207.679,3902.289,1783.26
2030,medium_district,45,Sandy,,,,,,,,,45,Sandy,,,25750.0,68557.826,2.662,59878.0,12074.0,4650.0,43154.0,65745.006,6979.0,5095.0,2050.0,2600.0,8666.0,6880.0,5633.0,21975.0,3.018,203.28600000000003,3857.498,1803.206
2031,medium_district,45,Sandy,,,,,,,,,45,Sandy,,,25815.0,68144.842,2.64,60062.0,12002.0,4642.0,43418.0,66153.857,7017.0,4985.0,2034.0,2608.0,8750.0,6870.0,5685.0,22113.0,3.018,203.726,4071.064,1814.051
2032,medium_district,45,Sandy,,,,,,,,,45,Sandy,,,25982.0,68084.176,2.62,60139.0,11946.0,4612.0,43581.0,66345.771,7016.0,4930.0,2030.0,2582.0,8793.0,6867.0,5737.0,22184.0,3.024,212.999,4145.313,1845.43
2033,medium_district,45,Sandy,,,,,,,,,45,Sandy,,,26231.0,68291.241,2.603,58734.0,11778.0,3243.0,43713.0,65682.518,6974.0,4804.0,702.0,2541.0,8904.0,6846.0,5771.0,22192.0,3.024,222.95600000000002,4844.978,1877.568
2034,medium_district,45,Sandy,,,,,,,,,45,Sandy,,,26438.0,68393.902,2.587,59260.0,11839.0,3196.0,44225.0,65799.798,7007.0,4832.0,665.0,2531.0,9052.0,6862.0,5875.0,22436.0,3.0389999999999997,231.74099999999999,4377.662,1927.354
2035,medium_district,45,Sandy,,,,,,,,,45,Sandy,,,26664.0,68551.464,2.571,58926.0,11613.0,3156.0,44157.0,65167.719000000005,6998.0,4615.0,664.0,2492.0,9190.0,6849.0,5892.0,22226.0,3.036,234.47400000000002,4060.151,1944.051
2036,medium_district,45,Sandy,,,,,,,,,45,Sandy,,,26859.0,68636.458,2.555,59298.0,11638.0,3131.0,44529.0,65852.667,7032.0,4606.0,661.0,2470.0,9381.0,6873.0,5890.0,22385.0,3.0389999999999997,232.619,4351.956,1967.051
2037,medium_district,45,Sandy,,,,,,,,,45,Sandy,,,27295.0,69311.682,2.539,63051.0,11775.0,3232.0,48044.0,69835.142,7162.0,4613.0,659.0,2573.0,9901.0,7666.0,6723.0,23754.0,2.02,230.375,4526.849,2024.897
2038,medium_district,45,Sandy,,,,,,,,,45,Sandy,,,27661.0,69842.811,2.525,62689.0,11456.0,3201.0,48032.0,70182.42,7005.0,4451.0,649.0,2552.0,9985.0,7662.0,6663.0,23722.0,2.02,229.643,5190.857,2070.897
2039,medium_district,45,Sandy,,,,,,,,,45,Sandy,,,28056.0,70505.173,2.513,62459.0,11353.0,3160.0,47946.0,69296.875,6945.0,4408.0,637.0,2523.0,9946.0,7633.0,6657.0,23710.0,2.012,229.25199999999998,4474.611,2132.0
2040,medium_district,45,Sandy,,,,,,,,,45,Sandy,,,28529.0,71407.942,2.503,61923.0,11202.0,3107.0,47614.0,68967.485,6887.0,4315.0,631.0,2476.0,9997.0,7604.0,6670.0,23343.0,2.014,229.203,4619.983,2193.285
2041,medium_district,45,Sandy,,,,,,,,,45,Sandy,,,29141.0,72647.175,2.493,60999.0,10721.0,2914.0,47364.0,69473.853,6569.0,4152.0,466.0,2448.0,10077.0,7588.0,6699.0,23000.0,2.012,230.13,5973.095,2269.617
2042,medium_district,45,Sandy,,,,,,,,,45,Sandy,,,29763.0,73888.634,2.483,59877.0,10567.0,2834.0,46476.0,67335.43000000001,6471.0,4096.0,454.0,2380.0,9684.0,7538.0,6719.0,22535.0,2.014,232.327,4878.863,2345.218
2043,medium_district,45,Sandy,,,,,,,,,45,Sandy,,,30325.0,74877.981,2.469,59905.0,10026.0,2847.0,47032.0,68747.492,6106.0,3920.0,443.0,2404.0,10036.0,7626.0,6850.0,22520.0,2.018,234.182,6189.445,2416.843
2044,medium_district,45,Sandy,,,,,,,,,45,Sandy,,,31022.0,76106.095,2.453,59988.0,9774.0,2865.0,47349.0,67466.964,6001.0,3773.0,435.0,2430.0,10316.0,7692.0,6964.0,22377.0,2.004,233.938,4736.13,2506.893
2045,medium_district,45,Sandy,,,,,,,,,45,Sandy,,,31667.0,77216.852,2.438,60461.0,9602.0,2869.0,47990.0,68518.531,5895.0,3707.0,429.0,2440.0,10552.0,7796.0,7049.0,22593.0,3.0029999999999997,233.44899999999998,5229.447,2591.628
2046,medium_district,45,Sandy,,,,,,,,,45,Sandy,,,32342.0,78316.342,2.422,58836.0,9319.0,2850.0,46667.0,67468.834,5737.0,3582.0,418.0,2432.0,10425.0,7878.0,7070.0,21294.0,2.9939999999999998,233.59599999999998,5709.296,2686.946
2047,medium_district,45,Sandy,,,,,,,,,45,Sandy,,,33094.0,79678.285,2.408,58062.0,8806.0,2855.0,46401.0,65665.045,5454.0,3352.0,403.0,2452.0,10519.0,7920.0,7090.0,20872.0,3.0029999999999997,235.255,4575.292,2789.494
2048,medium_district,45,Sandy,,,,,,,,,45,Sandy,,,33881.0,81144.739,2.395,58172.0,8794.0,2858.0,46520.0,65568.787,5450.0,3344.0,397.0,2461.0,10560.0,7999.0,7134.0,20827.0,3.0,237.891,4263.673,2892.22
2049,medium_district,45,Sandy,,,,,,,,,45,Sandy,,,34533.0,82299.261,2.383,58448.0,8811.0,2856.0,46781.0,66310.454,5488.0,3323.0,394.0,2462.0,10714.0,8087.0,7313.0,20667.0,2.997,240.57500000000002,4624.06,2994.825
2050,medium_district,45,Sandy,,,,,,,,,45,Sandy,,,35246.0,83746.789,2.376,59054.0,8876.0,2878.0,47300.0,66905.478,5534.0,3342.0,394.0,2484.0,10895.0,8191.0,7365.0,20849.0,3.0,243.21200000000002,4503.663,3101.603
2051,medium_district,45,Sandy,,,,,,,,,45,Sandy,,,35819.0,84805.872,2.368,58965.0,8329.0,2861.0,47775.0,67682.376,5142.0,3187.0,356.0,2505.0,11056.0,8335.0,7456.0,20928.0,2.997,245.40699999999998,5274.402,3194.5660000000003
2052,medium_district,45,Sandy,,,,,,,,,45,Sandy,,,36360.0,85706.581,2.357,59772.0,8279.0,2888.0,48605.0,68763.359,5098.0,3181.0,356.0,2532.0,11340.0,8525.0,7594.0,21146.0,3.0,247.945,5457.0109999999995,3283.404
2053,medium_district,45,Sandy,,,,,,,,,45,Sandy,,,36972.0,86808.156,2.348,60466.0,8380.0,2910.0,49176.0,69454.67,5171.0,3209.0,349.0,2561.0,11372.0,8730.0,7662.0,21412.0,3.0,250.776,5355.063,3379.83
2054,medium_district,45,Sandy,,,,,,,,,45,Sandy,,,37937.0,88864.154,2.342,61278.0,8445.0,2935.0,49898.0,70098.767,5245.0,3200.0,338.0,2597.0,11568.0,8889.0,7776.0,21665.0,3.0,252.778,5054.282,3510.709
2055,medium_district,45,Sandy,,,,,,,,,45,Sandy,,,38280.0,89494.72,2.338,62617.0,8637.0,2990.0,50990.0,73373.903,5377.0,3260.0,332.0,2658.0,11883.0,9264.0,7733.0,22110.0,3.0,253.997,6910.186,3589.715
2056,medium_district,45,Sandy,,,,,,,,,45,Sandy,,,39830.0,92712.673,2.328,63631.0,8795.0,3056.0,51780.0,74065.72,5488.0,3307.0,331.0,2725.0,12007.0,9532.0,7907.0,22334.0,3.0029999999999997,252.82700000000003,6397.074,3781.824
2057,medium_district,45,Sandy,,,,,,,,,45,Sandy,,,40034.0,93321.247,2.331,63088.0,9087.0,2989.0,51012.0,74623.984,5684.0,3403.0,309.0,2680.0,11149.0,9899.0,8152.0,21812.0,3.0029999999999997,248.677,7422.698,3861.602
2058,medium_district,45,Sandy,,,,,,,,,45,Sandy,,,40097.0,93689.825,2.337,65367.0,9370.0,3093.0,52904.0,75199.321,5850.0,3520.0,306.0,2787.0,11584.0,10321.0,8441.0,22558.0,3.0,244.822,5653.315,3931.177
2059,medium_district,45,Sandy,,,,,,,,,45,Sandy,,,40188.0,94291.054,2.346,67018.0,9565.0,3179.0,54274.0,76975.632,5983.0,3582.0,300.0,2879.0,11845.0,10686.0,8731.0,23012.0,3.0,242.33200000000002,5698.694,4013.602
2060,medium_district,45,Sandy,,,,,,,,,45,Sandy,,,40268.0,94887.957,2.356,68437.0,9811.0,3261.0,55365.0,78584.692,6149.0,3662.0,299.0,2962.0,12026.0,10983.0,8903.0,23453.0,3.0060000000000002,241.064,5816.839,4086.782
2061,medium_district,45,Sandy,,,,,,,,,45,Sandy,,,40337.0,95558.078,2.369,69870.0,10175.0,3355.0,56340.0,80155.396,6349.0,3826.0,299.0,3056.0,12353.0,11265.0,9121.0,23601.0,3.0,240.381,5873.196,4168.82
2062,medium_district,45,Sandy,,,,,,,,,45,Sandy,,,40483.0,96265.871,2.378,71024.0,10298.0,3406.0,57320.0,81436.727,6436.0,3862.0,299.0,3107.0,12535.0,11511.0,9291.0,23983.0,3.0060000000000002,239.892,5912.009,4257.823
2063,medium_district,45,Sandy,,,,,,,,,45,Sandy,,,40522.0,96770.897,2.388,72256.0,10455.0,3448.0,58353.0,82585.767,6554.0,3901.0,299.0,3149.0,12766.0,11738.0,9473.0,24376.0,3.0060000000000002,239.502,5758.599,4328.664
2064,medium_district,45,Sandy,,,,,,,,,45,Sandy,,,40547.0,97366.881,2.401,73116.0,10574.0,3481.0,59061.0,83829.61099999999,6640.0,3934.0,299.0,3182.0,12911.0,11904.0,9627.0,24619.0,3.0,239.16,6055.846,4415.6050000000005
2065,medium_district,45,Sandy,,,,,,,,,45,Sandy,,,40595.0,97943.577,2.413,73953.0,10673.0,3503.0,59777.0,84791.677,6696.0,3977.0,299.0,3204.0,13066.0,12064.0,9754.0,24893.0,3.0060000000000002,238.867,6103.864,4492.943
2023,medium_district,46,Draper,,,,,,,,,46,Draper,,,9988.0,30200.053,3.024,18715.0,2500.0,1681.0,14534.0,20663.678,1553.0,947.0,267.0,1414.0,4076.0,2989.0,983.0,6486.0,6.013999999999999,3.445,1297.309,641.907
2024,medium_district,46,Draper,,,,,,,,,46,Draper,,,10107.0,30306.474,2.999,19112.0,2528.0,1759.0,14825.0,20895.655,1556.0,972.0,263.0,1496.0,4070.0,3133.0,1022.0,6600.0,6.034000000000001,3.527,1139.984,634.113
2025,medium_district,46,Draper,,,,,,,,,46,Draper,,,10206.0,30304.336,2.969,19375.0,2533.0,1811.0,15031.0,21348.308,1555.0,978.0,263.0,1548.0,4095.0,3182.0,1076.0,6678.0,6.024,3.485,1266.552,697.247
2026,medium_district,46,Draper,,,,,,,,,46,Draper,,,10298.0,30243.005,2.937,19404.0,2527.0,1825.0,15052.0,21402.920000000002,1550.0,977.0,263.0,1562.0,4063.0,3177.0,1100.0,6712.0,6.018,3.559,1288.23,701.113
2027,medium_district,46,Draper,,,,,,,,,46,Draper,,,10358.0,30134.57,2.909,19538.0,2542.0,1846.0,15150.0,21633.058,1561.0,981.0,263.0,1583.0,4067.0,3190.0,1117.0,6776.0,6.053999999999999,3.607,1373.31,712.087
2028,medium_district,46,Draper,,,,,,,,,46,Draper,,,10402.0,29959.5,2.88,19607.0,2536.0,1852.0,15219.0,21675.88,1565.0,971.0,263.0,1589.0,4083.0,3199.0,1125.0,6812.0,6.044,3.434,1340.381,719.0219999999999
2029,medium_district,46,Draper,,,,,,,,,46,Draper,,,10453.0,29823.046,2.853,19643.0,2532.0,1857.0,15254.0,21730.638,1567.0,965.0,263.0,1594.0,4087.0,3208.0,1125.0,6834.0,6.0200000000000005,3.22,1352.29,726.107
2030,medium_district,46,Draper,,,,,,,,,46,Draper,,,10478.0,29622.932,2.827,19735.0,2532.0,1862.0,15341.0,21838.349000000002,1574.0,958.0,263.0,1599.0,4113.0,3223.0,1143.0,6862.0,6.0360000000000005,3.152,1361.079,733.087
2031,medium_district,46,Draper,,,,,,,,,46,Draper,,,10523.0,29484.501,2.802,19764.0,2527.0,1862.0,15375.0,21913.818,1585.0,942.0,263.0,1599.0,4123.0,3215.0,1143.0,6894.0,6.0360000000000005,3.159,1397.604,743.0219999999999
2032,medium_district,46,Draper,,,,,,,,,46,Draper,,,10594.0,29427.855,2.778,19831.0,2510.0,1870.0,15451.0,22002.918,1577.0,933.0,263.0,1607.0,4139.0,3221.0,1163.0,6928.0,6.046,3.302,1411.803,750.769
2033,medium_district,46,Draper,,,,,,,,,46,Draper,,,10664.0,29393.956000000002,2.756,19737.0,2517.0,1847.0,15373.0,21772.734,1583.0,934.0,263.0,1584.0,4133.0,3200.0,1112.0,6928.0,6.05,3.457,1262.999,763.23
2034,medium_district,46,Draper,,,,,,,,,46,Draper,,,10760.0,29443.632,2.736,19805.0,2529.0,1847.0,15429.0,21944.865,1587.0,942.0,263.0,1584.0,4145.0,3206.0,1116.0,6962.0,6.076,3.593,1347.052,783.146
2035,medium_district,46,Draper,,,,,,,,,46,Draper,,,10852.0,29514.538,2.72,19729.0,2496.0,1823.0,15410.0,21934.413,1589.0,907.0,263.0,1560.0,4160.0,3203.0,1117.0,6930.0,6.072,3.635,1407.685,788.0219999999999
2036,medium_district,46,Draper,,,,,,,,,46,Draper,,,10937.0,29525.47,2.7,19755.0,2507.0,1798.0,15450.0,21911.652000000002,1598.0,909.0,257.0,1541.0,4176.0,3205.0,1112.0,6957.0,6.08,3.607,1344.943,802.023
2037,medium_district,46,Draper,,,,,,,,,46,Draper,,,10811.0,29013.146,2.684,21076.0,2731.0,1823.0,16522.0,23491.017,1762.0,969.0,262.0,1561.0,4566.0,3193.0,1261.0,7502.0,6.06,3.572,1605.425,799.959
2038,medium_district,46,Draper,,,,,,,,,46,Draper,,,10844.0,28933.225,2.668,21584.0,2809.0,1838.0,16937.0,23662.951,1811.0,998.0,262.0,1576.0,4665.0,3231.0,1285.0,7756.0,6.06,3.56,1255.371,813.9599999999999
2039,medium_district,46,Draper,,,,,,,,,46,Draper,,,10871.0,28854.288,2.654,21976.0,2882.0,1842.0,17252.0,24454.509,1858.0,1024.0,262.0,1580.0,4724.0,3271.0,1301.0,7956.0,6.0360000000000005,3.554,1642.922,826.0
2040,medium_district,46,Draper,,,,,,,,,46,Draper,,,10910.0,28823.578999999998,2.642,22443.0,2978.0,1861.0,17604.0,24612.108,1920.0,1058.0,262.0,1599.0,4806.0,3300.0,1331.0,8167.0,6.039999999999999,3.554,1323.787,835.726
2041,medium_district,46,Draper,,,,,,,,,46,Draper,,,10952.0,28813.085,2.631,22767.0,3054.0,1859.0,17854.0,24914.658,1962.0,1092.0,257.0,1602.0,4876.0,3325.0,1351.0,8302.0,6.0360000000000005,3.568,1287.823,850.231
2042,medium_district,46,Draper,,,,,,,,,46,Draper,,,10997.0,28786.778000000002,2.618,23001.0,3088.0,1870.0,18043.0,25202.271,1972.0,1116.0,257.0,1613.0,4919.0,3344.0,1373.0,8407.0,6.044,3.602,1324.9089999999999,866.712
2043,medium_district,46,Draper,,,,,,,,,46,Draper,,,11057.0,28820.372,2.607,23264.0,3149.0,1878.0,18237.0,25558.323,2012.0,1137.0,257.0,1621.0,4966.0,3361.0,1395.0,8515.0,6.053999999999999,3.631,1401.69,882.944
2044,medium_district,46,Draper,,,,,,,,,46,Draper,,,10989.0,28595.399,2.602,23540.0,3182.0,1890.0,18468.0,25960.601000000002,2025.0,1157.0,257.0,1633.0,5027.0,3380.0,1418.0,8643.0,6.01,3.627,1521.006,889.963
2045,medium_district,46,Draper,,,,,,,,,46,Draper,,,11091.0,28754.726,2.593,23590.0,3216.0,1819.0,18555.0,25882.172,2039.0,1177.0,210.0,1609.0,5031.0,3402.0,1431.0,8691.0,6.005999999999999,3.619,1374.678,907.866
2046,medium_district,46,Draper,,,,,,,,,46,Draper,,,11171.0,28838.652000000002,2.582,23794.0,3274.0,1826.0,18694.0,26124.925,2081.0,1193.0,210.0,1616.0,5064.0,3418.0,1444.0,8768.0,5.986000000000001,3.622,1392.341,928.98
2047,medium_district,46,Draper,,,,,,,,,46,Draper,,,11279.0,28983.637,2.57,23522.0,3314.0,1810.0,18398.0,26049.892,2105.0,1209.0,210.0,1600.0,4996.0,3407.0,1425.0,8570.0,6.005999999999999,3.647,1569.072,949.168
2048,medium_district,46,Draper,,,,,,,,,46,Draper,,,11362.0,29063.181,2.558,23596.0,3320.0,1814.0,18462.0,26052.078999999998,2102.0,1218.0,210.0,1604.0,5038.0,3422.0,1426.0,8576.0,6.0,3.688,1478.316,968.074
2049,medium_district,46,Draper,,,,,,,,,46,Draper,,,11437.0,29144.217,2.548,23718.0,3346.0,1817.0,18555.0,26241.854,2119.0,1227.0,210.0,1607.0,5058.0,3433.0,1453.0,8611.0,5.994,3.73,1523.517,990.6129999999999
2050,medium_district,46,Draper,,,,,,,,,46,Draper,,,11496.0,29192.634,2.539,23802.0,3365.0,1822.0,18615.0,26426.793,2134.0,1231.0,210.0,1612.0,5077.0,3447.0,1459.0,8632.0,6.0,3.771,1600.158,1014.871
2051,medium_district,46,Draper,,,,,,,,,46,Draper,,,11524.0,29156.176,2.53,23907.0,3393.0,1823.0,18691.0,26571.577,2152.0,1241.0,210.0,1613.0,5098.0,3462.0,1470.0,8661.0,5.994,3.805,1628.595,1026.182
2052,medium_district,46,Draper,,,,,,,,,46,Draper,,,11574.0,29159.543999999998,2.519,23974.0,3408.0,1827.0,18739.0,26715.336,2157.0,1251.0,210.0,1617.0,5113.0,3478.0,1479.0,8669.0,6.0,3.844,1687.365,1044.126
2053,medium_district,46,Draper,,,,,,,,,46,Draper,,,11666.0,29255.843,2.508,23573.0,3413.0,1810.0,18350.0,26394.338,2160.0,1253.0,210.0,1600.0,5033.0,3444.0,1477.0,8396.0,6.0,3.888,1744.501,1066.9479999999999
2054,medium_district,46,Draper,,,,,,,,,46,Draper,,,11731.0,29292.063,2.497,23657.0,3441.0,1813.0,18403.0,26423.601,2180.0,1261.0,210.0,1603.0,5046.0,3453.0,1486.0,8418.0,6.0,3.919,1670.773,1085.909
2055,medium_district,46,Draper,,,,,,,,,46,Draper,,,11767.0,29259.719,2.487,23800.0,3471.0,1818.0,18511.0,26728.247,2197.0,1274.0,210.0,1608.0,5067.0,3486.0,1498.0,8460.0,6.0,3.938,1812.7040000000002,1105.605
2056,medium_district,46,Draper,,,,,,,,,46,Draper,,,11900.0,29370.35,2.468,23554.0,3484.0,1821.0,18249.0,26741.142,2201.0,1283.0,210.0,1611.0,4974.0,3490.0,1476.0,8309.0,6.005999999999999,3.92,2046.269,1130.9479999999999
2057,medium_district,46,Draper,,,,,,,,,46,Draper,,,11923.0,29493.522,2.474,23791.0,3507.0,1829.0,18455.0,26737.86,2215.0,1292.0,210.0,1619.0,5026.0,3525.0,1511.0,8393.0,6.005999999999999,3.855,1787.819,1149.176
2058,medium_district,46,Draper,,,,,,,,,46,Draper,,,11954.0,29634.284,2.479,23996.0,3548.0,1844.0,18604.0,27122.605,2237.0,1311.0,210.0,1634.0,5077.0,3566.0,1540.0,8421.0,6.0,3.796,1943.759,1173.0520000000001
2059,medium_district,46,Draper,,,,,,,,,46,Draper,,,12034.0,29908.839,2.485,23785.0,3573.0,1841.0,18371.0,27133.225,2255.0,1318.0,210.0,1631.0,5011.0,3567.0,1571.0,8222.0,6.0,3.757,2135.29,1203.179
2060,medium_district,46,Draper,,,,,,,,,46,Draper,,,12053.0,30085.465,2.496,24040.0,3608.0,1859.0,18573.0,27093.993,2274.0,1334.0,210.0,1649.0,5065.0,3605.0,1609.0,8294.0,6.01,3.737,1817.013,1227.234
2061,medium_district,46,Draper,,,,,,,,,46,Draper,,,12076.0,30282.26,2.508,24260.0,3619.0,1876.0,18765.0,27375.561,2266.0,1353.0,210.0,1666.0,5107.0,3640.0,1642.0,8376.0,6.0,3.727,1859.887,1245.947
2062,medium_district,46,Draper,,,,,,,,,46,Draper,,,12087.0,30462.668,2.52,24457.0,3648.0,1883.0,18926.0,27614.477,2289.0,1359.0,210.0,1673.0,5138.0,3667.0,1671.0,8450.0,6.01,3.719,1876.801,1270.947
2063,medium_district,46,Draper,,,,,,,,,46,Draper,,,12142.0,30701.819,2.529,24130.0,3677.0,1879.0,18574.0,27805.785,2314.0,1363.0,210.0,1669.0,4939.0,3564.0,1708.0,8363.0,6.01,3.713,2368.866,1297.198
2064,medium_district,46,Draper,,,,,,,,,46,Draper,,,11912.0,30325.765,2.546,25111.0,3785.0,1937.0,19389.0,29501.469,2384.0,1401.0,210.0,1727.0,5133.0,3755.0,1831.0,8670.0,6.0,3.708,3083.5840000000003,1297.175
2065,medium_district,46,Draper,,,,,,,,,46,Draper,,,11926.0,30506.54,2.558,26032.0,3889.0,1980.0,20163.0,29379.588,2454.0,1435.0,210.0,1770.0,5309.0,3944.0,1963.0,8947.0,6.01,3.703,2020.893,1316.982
2023,medium_district,47,Millcreek Canyon,,,,,,,,,47,Millcreek Canyon,,,37.6,84.5,2.247,70.0,58.4,0.0,11.6,70.0,0.0,58.4,0.0,0.0,0.0,1.1,0.0,10.5,0.0,0.0,0.0,0.0
2024,medium_district,47,Millcreek Canyon,,,,,,,,,47,Millcreek Canyon,,,37.8,84.9,2.246,70.0,58.4,0.0,11.6,70.0,0.0,58.4,0.0,0.0,0.0,1.1,0.0,10.5,0.0,0.0,0.0,0.0
2025,medium_district,47,Millcreek Canyon,,,,,,,,,47,Millcreek Canyon,,,38.0,85.3,2.245,70.0,58.4,0.0,11.6,70.0,0.0,58.4,0.0,0.0,0.0,1.1,0.0,10.5,0.0,0.0,0.0,0.0
2026,medium_district,47,Millcreek Canyon,,,,,,,,,47,Millcreek Canyon,,,38.2,85.7,2.243,70.0,58.4,0.0,11.6,70.0,0.0,58.4,0.0,0.0,0.0,1.1,0.0,10.5,0.0,0.0,0.0,0.0
2027,medium_district,47,Millcreek Canyon,,,,,,,,,47,Millcreek Canyon,,,38.4,86.1,2.242,70.0,58.4,0.0,11.6,70.0,0.0,58.4,0.0,0.0,0.0,1.1,0.0,10.5,0.0,0.0,0.0,0.0
2028,medium_district,47,Millcreek Canyon,,,,,,,,,47,Millcreek Canyon,,,38.6,86.5,2.241,70.0,58.4,0.0,11.6,70.0,0.0,58.4,0.0,0.0,0.0,1.1,0.0,10.5,0.0,0.0,0.0,0.0
2029,medium_district,47,Millcreek Canyon,,,,,,,,,47,Millcreek Canyon,,,38.8,86.9,2.24,70.0,58.4,0.0,11.6,70.0,0.0,58.4,0.0,0.0,0.0,1.1,0.0,10.5,0.0,0.0,0.0,0.0
2030,medium_district,47,Millcreek Canyon,,,,,,,,,47,Millcreek Canyon,,,39.0,87.3,2.238,70.0,58.4,0.0,11.6,70.0,0.0,58.4,0.0,0.0,0.0,1.1,0.0,10.5,0.0,0.0,0.0,0.0
2031,medium_district,47,Millcreek Canyon,,,,,,,,,47,Millcreek Canyon,,,39.2,87.7,2.237,70.0,58.4,0.0,11.6,70.0,0.0,58.4,0.0,0.0,0.0,1.1,0.0,10.5,0.0,0.0,0.0,0.0
2032,medium_district,47,Millcreek Canyon,,,,,,,,,47,Millcreek Canyon,,,39.4,88.1,2.236,70.0,58.4,0.0,11.6,70.0,0.0,58.4,0.0,0.0,0.0,1.1,0.0,10.5,0.0,0.0,0.0,0.0
2033,medium_district,47,Millcreek Canyon,,,,,,,,,47,Millcreek Canyon,,,39.6,88.5,2.235,70.0,58.4,0.0,11.6,70.0,0.0,58.4,0.0,0.0,0.0,1.1,0.0,10.5,0.0,0.0,0.0,0.0
2034,medium_district,47,Millcreek Canyon,,,,,,,,,47,Millcreek Canyon,,,39.8,88.9,2.234,70.0,58.4,0.0,11.6,70.0,0.0,58.4,0.0,0.0,0.0,1.1,0.0,10.5,0.0,0.0,0.0,0.0
2035,medium_district,47,Millcreek Canyon,,,,,,,,,47,Millcreek Canyon,,,40.0,89.3,2.232,70.0,58.4,0.0,11.6,70.0,0.0,58.4,0.0,0.0,0.0,1.1,0.0,10.5,0.0,0.0,0.0,0.0
2036,medium_district,47,Millcreek Canyon,,,,,,,,,47,Millcreek Canyon,,,40.2,89.7,2.231,70.0,58.4,0.0,11.6,70.0,0.0,58.4,0.0,0.0,0.0,1.1,0.0,10.5,0.0,0.0,0.0,0.0
2037,medium_district,47,Millcreek Canyon,,,,,,,,,47,Millcreek Canyon,,,40.4,90.1,2.23,70.0,58.4,0.0,11.6,70.0,0.0,58.4,0.0,0.0,0.0,1.1,0.0,10.5,0.0,0.0,0.0,0.0
2038,medium_district,47,Millcreek Canyon,,,,,,,,,47,Millcreek Canyon,,,40.6,90.5,2.229,70.0,58.4,0.0,11.6,70.0,0.0,58.4,0.0,0.0,0.0,1.1,0.0,10.5,0.0,0.0,0.0,0.0
2039,medium_district,47,Millcreek Canyon,,,,,,,,,47,Millcreek Canyon,,,40.8,90.9,2.228,70.0,58.4,0.0,11.6,70.0,0.0,58.4,0.0,0.0,0.0,1.1,0.0,10.5,0.0,0.0,0.0,0.0
2040,medium_district,47,Millcreek Canyon,,,,,,,,,47,Millcreek Canyon,,,41.0,91.3,2.227,70.0,58.4,0.0,11.6,70.0,0.0,58.4,0.0,0.0,0.0,1.1,0.0,10.5,0.0,0.0,0.0,0.0
2041,medium_district,47,Millcreek Canyon,,,,,,,,,47,Millcreek Canyon,,,41.2,91.7,2.226,70.0,58.4,0.0,11.6,70.0,0.0,58.4,0.0,0.0,0.0,1.1,0.0,10.5,0.0,0.0,0.0,0.0
2042,medium_district,47,Millcreek Canyon,,,,,,,,,47,Millcreek Canyon,,,41.4,92.0,2.222,70.0,58.4,0.0,11.6,70.0,0.0,58.4,0.0,0.0,0.0,1.1,0.0,10.5,0.0,0.0,0.0,0.0
2043,medium_district,47,Millcreek Canyon,,,,,,,,,47,Millcreek Canyon,,,41.6,92.30000000000001,2.219,70.0,58.4,0.0,11.6,70.0,0.0,58.4,0.0,0.0,0.0,1.1,0.0,10.5,0.0,0.0,0.0,0.0
2044,medium_district,47,Millcreek Canyon,,,,,,,,,47,Millcreek Canyon,,,41.8,92.6,2.215,70.0,58.4,0.0,11.6,70.0,0.0,58.4,0.0,0.0,0.0,1.1,0.0,10.5,0.0,0.0,0.0,0.0
2045,medium_district,47,Millcreek Canyon,,,,,,,,,47,Millcreek Canyon,,,42.0,92.9,2.212,70.0,58.4,0.0,11.6,70.0,0.0,58.4,0.0,0.0,0.0,1.1,0.0,10.5,0.0,0.0,0.0,0.0
2046,medium_district,47,Millcreek Canyon,,,,,,,,,47,Millcreek Canyon,,,42.2,93.2,2.209,70.0,58.4,0.0,11.6,70.0,0.0,58.4,0.0,0.0,0.0,1.1,0.0,10.5,0.0,0.0,0.0,0.0
2047,medium_district,47,Millcreek Canyon,,,,,,,,,47,Millcreek Canyon,,,42.4,93.5,2.205,70.0,58.4,0.0,11.6,70.0,0.0,58.4,0.0,0.0,0.0,1.1,0.0,10.5,0.0,0.0,0.0,0.0
2048,medium_district,47,Millcreek Canyon,,,,,,,,,47,Millcreek Canyon,,,42.5,93.80000000000001,2.207,70.0,58.4,0.0,11.6,70.0,0.0,58.4,0.0,0.0,0.0,1.1,0.0,10.5,0.0,0.0,0.0,0.0
2049,medium_district,47,Millcreek Canyon,,,,,,,,,47,Millcreek Canyon,,,42.6,94.1,2.209,70.0,58.4,0.0,11.6,70.0,0.0,58.4,0.0,0.0,0.0,1.1,0.0,10.5,0.0,0.0,0.0,0.0
2050,medium_district,47,Millcreek Canyon,,,,,,,,,47,Millcreek Canyon,,,42.7,94.3,2.208,70.0,58.4,0.0,11.6,70.0,0.0,58.4,0.0,0.0,0.0,1.1,0.0,10.5,0.0,0.0,0.0,0.0
2051,medium_district,47,Millcreek Canyon,,,,,,,,,47,Millcreek Canyon,,,42.8,94.5,2.208,70.0,58.4,0.0,11.6,70.0,0.0,58.4,0.0,0.0,0.0,1.1,0.0,10.5,0.0,0.0,0.0,0.0
2052,medium_district,47,Millcreek Canyon,,,,,,,,,47,Millcreek Canyon,,,42.9,94.7,2.207,70.0,58.4,0.0,11.6,70.0,0.0,58.4,0.0,0.0,0.0,1.1,0.0,10.5,0.0,0.0,0.0,0.0
2053,medium_district,47,Millcreek Canyon,,,,,,,,,47,Millcreek Canyon,,,43.0,94.9,2.207,70.0,58.4,0.0,11.6,70.0,0.0,58.4,0.0,0.0,0.0,1.1,0.0,10.5,0.0,0.0,0.0,0.0
2054,medium_district,47,Millcreek Canyon,,,,,,,,,47,Millcreek Canyon,,,43.1,95.1,2.206,70.0,58.4,0.0,11.6,70.0,0.0,58.4,0.0,0.0,0.0,1.1,0.0,10.5,0.0,0.0,0.0,0.0
2055,medium_district,47,Millcreek Canyon,,,,,,,,,47,Millcreek Canyon,,,43.2,95.3,2.206,70.0,58.4,0.0,11.6,70.0,0.0,58.4,0.0,0.0,0.0,1.1,0.0,10.5,0.0,0.0,0.0,0.0
2056,medium_district,47,Millcreek Canyon,,,,,,,,,47,Millcreek Canyon,,,43.3,95.4,2.203,70.0,58.4,0.0,11.6,70.0,0.0,58.4,0.0,0.0,0.0,1.1,0.0,10.5,0.0,0.0,0.0,0.0
2057,medium_district,47,Millcreek Canyon,,,,,,,,,47,Millcreek Canyon,,,43.4,95.5,2.2,70.0,58.4,0.0,11.6,70.0,0.0,58.4,0.0,0.0,0.0,1.1,0.0,10.5,0.0,0.0,0.0,0.0
2058,medium_district,47,Millcreek Canyon,,,,,,,,,47,Millcreek Canyon,,,43.5,95.6,2.198,70.0,58.4,0.0,11.6,70.0,0.0,58.4,0.0,0.0,0.0,1.1,0.0,10.5,0.0,0.0,0.0,0.0
2059,medium_district,47,Millcreek Canyon,,,,,,,,,47,Millcreek Canyon,,,43.6,95.7,2.195,70.0,58.4,0.0,11.6,70.0,0.0,58.4,0.0,0.0,0.0,1.1,0.0,10.5,0.0,0.0,0.0,0.0
2060,medium_district,47,Millcreek Canyon,,,,,,,,,47,Millcreek Canyon,,,43.7,95.8,2.192,70.0,58.4,0.0,11.6,70.0,0.0,58.4,0.0,0.0,0.0,1.1,0.0,10.5,0.0,0.0,0.0,0.0
2061,medium_district,47,Millcreek Canyon,,,,,,,,,47,Millcreek Canyon,,,0.0,0.0,0,0.0,0.0,0.0,0.0,0.0,0.0,0.0,0.0,0.0,0.0,0.0,0.0,0.0,0.0,0.0,0.0,0.0
2062,medium_district,47,Millcreek Canyon,,,,,,,,,47,Millcreek Canyon,,,0.0,0.0,0,0.0,0.0,0.0,0.0,0.0,0.0,0.0,0.0,0.0,0.0,0.0,0.0,0.0,0.0,0.0,0.0,0.0
2063,medium_district,47,Millcreek Canyon,,,,,,,,,47,Millcreek Canyon,,,0.0,0.0,0,0.0,0.0,0.0,0.0,0.0,0.0,0.0,0.0,0.0,0.0,0.0,0.0,0.0,0.0,0.0,0.0,0.0
2064,medium_district,47,Millcreek Canyon,,,,,,,,,47,Millcreek Canyon,,,0.0,0.0,0,0.0,0.0,0.0,0.0,0.0,0.0,0.0,0.0,0.0,0.0,0.0,0.0,0.0,0.0,0.0,0.0,0.0
2065,medium_district,47,Millcreek Canyon,,,,,,,,,47,Millcreek Canyon,,,0.0,0.0,0,0.0,0.0,0.0,0.0,0.0,0.0,0.0,0.0,0.0,0.0,0.0,0.0,0.0,0.0,0.0,0.0,0.0
2023,medium_district,48,Big Cottonwood Canyon,,,,,,,,,48,Big Cottonwood Canyon,,,164.0,285.79999999999995,1.743,216.0,143.3,0.0,72.69999999999999,216.0,38.5,104.8,0.0,0.0,0.0,9.4,0.0,63.3,0.0,0.0,0.0,0.0
2024,medium_district,48,Big Cottonwood Canyon,,,,,,,,,48,Big Cottonwood Canyon,,,166.1,289.08500000000004,1.74,217.0,143.9,0.0,73.1,217.026,38.1,105.8,0.0,0.0,0.0,9.4,0.0,63.7,0.0,0.0,0.026,0.0
2025,medium_district,48,Big Cottonwood Canyon,,,,,,,,,48,Big Cottonwood Canyon,,,167.10000000000002,290.369,1.738,217.39999999999998,143.9,0.0,73.5,217.44,38.0,105.9,0.0,0.0,0.0,9.4,0.0,64.1,0.0,0.0,0.04,0.0
2026,medium_district,48,Big Cottonwood Canyon,,,,,,,,,48,Big Cottonwood Canyon,,,168.1,291.65299999999996,1.735,217.7,144.0,0.0,73.69999999999999,217.74099999999999,38.0,106.0,0.0,0.0,0.0,9.4,0.0,64.3,0.0,0.0,0.041,0.0
2027,medium_district,48,Big Cottonwood Canyon,,,,,,,,,48,Big Cottonwood Canyon,,,169.1,292.938,1.732,218.1,144.1,0.0,74.0,218.144,38.0,106.1,0.0,0.0,0.0,9.5,0.0,64.5,0.0,0.0,0.044,0.0
2028,medium_district,48,Big Cottonwood Canyon,,,,,,,,,48,Big Cottonwood Canyon,,,170.2,294.22299999999996,1.729,218.5,144.3,0.0,74.2,218.544,38.0,106.3,0.0,0.0,0.0,9.5,0.0,64.7,0.0,0.0,0.044,0.0
2029,medium_district,48,Big Cottonwood Canyon,,,,,,,,,48,Big Cottonwood Canyon,,,171.3,295.509,1.725,219.4,144.79999999999998,0.0,74.6,219.442,38.1,106.7,0.0,0.0,0.0,9.5,0.0,65.1,0.0,0.0,0.042,0.0
2030,medium_district,48,Big Cottonwood Canyon,,,,,,,,,48,Big Cottonwood Canyon,,,172.4,296.796,1.722,220.2,145.6,0.0,74.6,220.245,38.2,107.4,0.0,0.0,0.0,9.5,0.0,65.1,0.0,0.0,0.045,0.0
2031,medium_district,48,Big Cottonwood Canyon,,,,,,,,,48,Big Cottonwood Canyon,,,173.5,298.08299999999997,1.718,220.2,145.5,0.0,74.69999999999999,220.242,38.5,107.0,0.0,0.0,0.0,9.6,0.0,65.1,0.0,0.0,0.042,0.0
2032,medium_district,48,Big Cottonwood Canyon,,,,,,,,,48,Big Cottonwood Canyon,,,174.6,299.371,1.715,220.7,145.8,0.0,74.9,220.74,38.8,107.0,0.0,0.0,0.0,9.6,0.0,65.3,0.0,0.0,0.04,0.0
2033,medium_district,48,Big Cottonwood Canyon,,,,,,,,,48,Big Cottonwood Canyon,,,175.7,300.65999999999997,1.711,221.0,146.1,0.0,74.9,221.038,39.099999999999994,107.0,0.0,0.0,0.0,9.6,0.0,65.3,0.0,0.0,0.038,0.0
2034,medium_district,48,Big Cottonwood Canyon,,,,,,,,,48,Big Cottonwood Canyon,,,176.8,301.85,1.707,221.7,146.5,0.0,75.2,221.737,39.400000000000006,107.10000000000001,0.0,0.0,0.0,9.7,0.0,65.5,0.0,0.0,0.037,0.0
2035,medium_district,48,Big Cottonwood Canyon,,,,,,,,,48,Big Cottonwood Canyon,,,177.9,303.041,1.703,222.3,146.9,0.0,75.4,222.343,39.7,107.2,0.0,0.0,0.0,9.7,0.0,65.7,0.0,0.0,0.043,0.0
2036,medium_district,48,Big Cottonwood Canyon,,,,,,,,,48,Big Cottonwood Canyon,,,179.0,304.23199999999997,1.7,222.8,147.2,0.0,75.6,222.84199999999998,40.0,107.2,0.0,0.0,0.0,9.7,0.0,65.9,0.0,0.0,0.042,0.0
2037,medium_district,48,Big Cottonwood Canyon,,,,,,,,,48,Big Cottonwood Canyon,,,180.1,305.424,1.696,223.4,147.6,0.0,75.8,223.439,40.3,107.3,0.0,0.0,0.0,9.7,0.0,66.1,0.0,0.0,0.039,0.0
2038,medium_district,48,Big Cottonwood Canyon,,,,,,,,,48,Big Cottonwood Canyon,,,181.2,306.616,1.692,223.9,147.9,0.0,76.0,223.937,40.599999999999994,107.3,0.0,0.0,0.0,9.7,0.0,66.3,0.0,0.0,0.037,0.0
2039,medium_district,48,Big Cottonwood Canyon,,,,,,,,,48,Big Cottonwood Canyon,,,182.2,307.809,1.689,224.4,148.2,0.0,76.2,224.437,40.900000000000006,107.3,0.0,0.0,0.0,9.7,0.0,66.5,0.0,0.0,0.037,0.0
2040,medium_district,48,Big Cottonwood Canyon,,,,,,,,,48,Big Cottonwood Canyon,,,183.2,309.003,1.687,224.89999999999998,148.5,0.0,76.4,224.93699999999998,41.2,107.3,0.0,0.0,0.0,9.7,0.0,66.7,0.0,0.0,0.037,0.0
2041,medium_district,48,Big Cottonwood Canyon,,,,,,,,,48,Big Cottonwood Canyon,,,184.29999999999998,310.19599999999997,1.683,225.6,149.0,0.0,76.6,225.634,41.5,107.5,0.0,0.0,0.0,9.7,0.0,66.9,0.0,0.0,0.034,0.0
2042,medium_district,48,Big Cottonwood Canyon,,,,,,,,,48,Big Cottonwood Canyon,,,185.4,311.191,1.678,226.3,149.5,0.0,76.8,226.333,41.8,107.7,0.0,0.0,0.0,9.7,0.0,67.1,0.0,0.0,0.033,0.0
2043,medium_district,48,Big Cottonwood Canyon,,,,,,,,,48,Big Cottonwood Canyon,,,186.5,312.186,1.674,227.1,150.1,0.0,77.0,227.135,42.099999999999994,108.0,0.0,0.0,0.0,9.7,0.0,67.3,0.0,0.0,0.035,0.0
2044,medium_district,48,Big Cottonwood Canyon,,,,,,,,,48,Big Cottonwood Canyon,,,187.5,313.181,1.67,227.89999999999998,150.7,0.0,77.2,227.933,42.400000000000006,108.3,0.0,0.0,0.0,9.7,0.0,67.5,0.0,0.0,0.033,0.0
2045,medium_district,48,Big Cottonwood Canyon,,,,,,,,,48,Big Cottonwood Canyon,,,188.5,314.176,1.667,228.7,151.3,0.0,77.4,228.732,42.699999999999996,108.6,0.0,0.0,0.0,9.7,0.0,67.7,0.0,0.0,0.032,0.0
2046,medium_district,48,Big Cottonwood Canyon,,,,,,,,,48,Big Cottonwood Canyon,,,189.4,315.17199999999997,1.664,229.5,151.9,0.0,77.6,229.533,43.0,108.9,0.0,0.0,0.0,9.7,0.0,67.9,0.0,0.0,0.033,0.0
2047,medium_district,48,Big Cottonwood Canyon,,,,,,,,,48,Big Cottonwood Canyon,,,190.3,316.068,1.661,230.4,152.6,0.0,77.8,230.433,43.300000000000004,109.3,0.0,0.0,0.0,9.7,0.0,68.1,0.0,0.0,0.033,0.0
2048,medium_district,48,Big Cottonwood Canyon,,,,,,,,,48,Big Cottonwood Canyon,,,191.2,316.964,1.658,231.3,153.29999999999998,0.0,78.0,231.34,43.599999999999994,109.7,0.0,0.0,0.0,9.7,0.0,68.3,0.0,0.0,0.04,0.0
2049,medium_district,48,Big Cottonwood Canyon,,,,,,,,,48,Big Cottonwood Canyon,,,192.10000000000002,317.86,1.655,232.1,153.9,0.0,78.2,232.143,43.900000000000006,110.0,0.0,0.0,0.0,9.7,0.0,68.5,0.0,0.0,0.043,0.0
2050,medium_district,48,Big Cottonwood Canyon,,,,,,,,,48,Big Cottonwood Canyon,,,193.0,318.75600000000003,1.652,232.5,154.3,0.0,78.2,232.544,44.199999999999996,110.1,0.0,0.0,0.0,9.7,0.0,68.5,0.0,0.0,0.044,0.0
2051,medium_district,48,Big Cottonwood Canyon,,,,,,,,,48,Big Cottonwood Canyon,,,193.9,319.652,1.649,233.10000000000002,154.7,0.0,78.4,233.144,44.5,110.2,0.0,0.0,0.0,9.7,0.0,68.7,0.0,0.0,0.044,0.0
2052,medium_district,48,Big Cottonwood Canyon,,,,,,,,,48,Big Cottonwood Canyon,,,194.8,320.548,1.646,233.7,155.1,0.0,78.6,233.744,44.800000000000004,110.3,0.0,0.0,0.0,9.7,0.0,68.9,0.0,0.0,0.044,0.0
2053,medium_district,48,Big Cottonwood Canyon,,,,,,,,,48,Big Cottonwood Canyon,,,195.7,321.443,1.643,234.3,155.5,0.0,78.8,234.344,45.099999999999994,110.39999999999999,0.0,0.0,0.0,9.7,0.0,69.1,0.0,0.0,0.044,0.0
2054,medium_district,48,Big Cottonwood Canyon,,,,,,,,,48,Big Cottonwood Canyon,,,196.60000000000002,322.339,1.64,234.9,155.9,0.0,79.0,234.94400000000002,45.400000000000006,110.5,0.0,0.0,0.0,9.7,0.0,69.3,0.0,0.0,0.044,0.0
2055,medium_district,48,Big Cottonwood Canyon,,,,,,,,,48,Big Cottonwood Canyon,,,197.5,323.135,1.636,235.3,156.1,0.0,79.2,235.346,45.5,110.6,0.0,0.0,0.0,9.7,0.0,69.5,0.0,0.0,0.046,0.0
2056,medium_district,48,Big Cottonwood Canyon,,,,,,,,,48,Big Cottonwood Canyon,,,198.4,323.83,1.632,235.60000000000002,156.3,0.0,79.3,235.64600000000002,45.599999999999994,110.7,0.0,0.0,0.0,9.7,0.0,69.6,0.0,0.0,0.046,0.0
2057,medium_district,48,Big Cottonwood Canyon,,,,,,,,,48,Big Cottonwood Canyon,,,199.3,324.533,1.628,235.8,156.5,0.0,79.3,235.847,45.7,110.8,0.0,0.0,0.0,9.7,0.0,69.6,0.0,0.0,0.047,0.0
2058,medium_district,48,Big Cottonwood Canyon,,,,,,,,,48,Big Cottonwood Canyon,,,200.2,325.237,1.625,236.0,156.7,0.0,79.3,236.047,45.8,110.89999999999999,0.0,0.0,0.0,9.7,0.0,69.6,0.0,0.0,0.047,0.0
2059,medium_district,48,Big Cottonwood Canyon,,,,,,,,,48,Big Cottonwood Canyon,,,201.10000000000002,325.943,1.621,236.2,156.9,0.0,79.3,236.248,45.900000000000006,111.0,0.0,0.0,0.0,9.7,0.0,69.6,0.0,0.0,0.048,0.0
2060,medium_district,48,Big Cottonwood Canyon,,,,,,,,,48,Big Cottonwood Canyon,,,202.0,326.65,1.617,236.4,157.1,0.0,79.3,236.449,46.0,111.1,0.0,0.0,0.0,9.7,0.0,69.6,0.0,0.0,0.049,0.0
2061,medium_district,48,Big Cottonwood Canyon,,,,,,,,,48,Big Cottonwood Canyon,,,1.0,1.758,1.758,0.0,0.0,0.0,0.0,0.049,0.0,0.0,0.0,0.0,0.0,0.0,0.0,0.0,0.0,0.0,0.049,0.0
2062,medium_district,48,Big Cottonwood Canyon,,,,,,,,,48,Big Cottonwood Canyon,,,1.0,1.764,1.764,0.0,0.0,0.0,0.0,0.05,0.0,0.0,0.0,0.0,0.0,0.0,0.0,0.0,0.0,0.0,0.05,0.0
2063,medium_district,48,Big Cottonwood Canyon,,,,,,,,,48,Big Cottonwood Canyon,,,1.0,1.771,1.771,0.0,0.0,0.0,0.0,0.05,0.0,0.0,0.0,0.0,0.0,0.0,0.0,0.0,0.0,0.0,0.05,0.0
2064,medium_district,48,Big Cottonwood Canyon,,,,,,,,,48,Big Cottonwood Canyon,,,1.0,1.778,1.778,0.0,0.0,0.0,0.0,0.051,0.0,0.0,0.0,0.0,0.0,0.0,0.0,0.0,0.0,0.0,0.051,0.0
2065,medium_district,48,Big Cottonwood Canyon,,,,,,,,,48,Big Cottonwood Canyon,,,1.0,1.785,1.785,0.0,0.0,0.0,0.0,0.052,0.0,0.0,0.0,0.0,0.0,0.0,0.0,0.0,0.0,0.0,0.052,0.0
2023,medium_district,49,Little Cottonwood Canyon,,,,,,,,,49,Little Cottonwood Canyon,,,221.5,346.7,1.565,929.6,591.2,0.0,338.4,929.641,31.1,560.1,0.0,0.0,9.1,69.4,0.0,259.9,0.0,0.0,0.041,0.0
2024,medium_district,49,Little Cottonwood Canyon,,,,,,,,,49,Little Cottonwood Canyon,,,223.9,351.154,1.568,942.8,602.0999999999999,0.0,340.7,942.852,30.8,571.3,0.0,0.0,9.2,69.6,0.0,261.9,0.0,0.0,0.052,0.0
2025,medium_district,49,Little Cottonwood Canyon,,,,,,,,,49,Little Cottonwood Canyon,,,225.3,352.607,1.565,945.9999999999999,603.8,0.0,342.2,946.079,30.7,573.0999999999999,0.0,0.0,9.3,69.6,0.0,263.3,0.0,0.0,0.079,0.0
2026,medium_district,49,Little Cottonwood Canyon,,,,,,,,,49,Little Cottonwood Canyon,,,226.7,354.06,1.562,948.0000000000001,604.9,0.0,343.1,948.0810000000001,30.7,574.2,0.0,0.0,9.4,69.8,0.0,263.90000000000003,0.0,0.0,0.081,0.0
2027,medium_district,49,Little Cottonwood Canyon,,,,,,,,,49,Little Cottonwood Canyon,,,228.1,355.51300000000003,1.559,950.8,606.5,0.0,344.29999999999995,950.888,30.7,575.8,0.0,0.0,9.5,70.30000000000001,0.0,264.5,0.0,0.0,0.088,0.0
2028,medium_district,49,Little Cottonwood Canyon,,,,,,,,,49,Little Cottonwood Canyon,,,229.5,356.96799999999996,1.555,954.5,608.7,0.0,345.8,954.589,30.7,578.0,0.0,0.0,9.6,70.69999999999999,0.0,265.5,0.0,0.0,0.089,0.0
2029,medium_district,49,Little Cottonwood Canyon,,,,,,,,,49,Little Cottonwood Canyon,,,230.9,358.427,1.552,960.1999999999999,612.3,0.0,347.9,960.285,30.8,581.5,0.0,0.0,9.7,71.1,0.0,267.1,0.0,0.0,0.085,0.0
2030,medium_district,49,Little Cottonwood Canyon,,,,,,,,,49,Little Cottonwood Canyon,,,232.4,359.887,1.549,967.6999999999999,619.4,0.0,348.3,967.79,30.9,588.5,0.0,0.0,9.7,71.4,0.0,267.2,0.0,0.0,0.09,0.0
2031,medium_district,49,Little Cottonwood Canyon,,,,,,,,,49,Little Cottonwood Canyon,,,233.9,361.349,1.545,965.2,616.0999999999999,0.0,349.1,965.284,31.1,585.0,0.0,0.0,9.7,71.8,0.0,267.59999999999997,0.0,0.0,0.084,0.0
2032,medium_district,49,Little Cottonwood Canyon,,,,,,,,,49,Little Cottonwood Canyon,,,235.4,362.814,1.541,965.9000000000001,616.0,0.0,349.90000000000003,965.979,31.4,584.6,0.0,0.0,9.7,72.0,0.0,268.2,0.0,0.0,0.079,0.0
2033,medium_district,49,Little Cottonwood Canyon,,,,,,,,,49,Little Cottonwood Canyon,,,236.89999999999998,364.281,1.538,966.5,616.0,0.0,350.5,966.576,31.7,584.3,0.0,0.0,9.7,72.2,0.0,268.6,0.0,0.0,0.076,0.0
2034,medium_district,49,Little Cottonwood Canyon,,,,,,,,,49,Little Cottonwood Canyon,,,238.4,365.651,1.534,968.9000000000001,617.2,0.0,351.70000000000005,968.975,31.9,585.3,0.0,0.0,9.8,72.6,0.0,269.3,0.0,0.0,0.075,0.0
2035,medium_district,49,Little Cottonwood Canyon,,,,,,,,,49,Little Cottonwood Canyon,,,239.9,367.02299999999997,1.53,971.0,618.4000000000001,0.0,352.6,971.085,32.1,586.3,0.0,0.0,9.9,72.8,0.0,269.9,0.0,0.0,0.085,0.0
2036,medium_district,49,Little Cottonwood Canyon,,,,,,,,,49,Little Cottonwood Canyon,,,241.4,368.397,1.526,972.6999999999999,618.9,0.0,353.8,972.783,32.3,586.5999999999999,0.0,0.0,10.0,73.0,0.0,270.8,0.0,0.0,0.083,0.0
2037,medium_district,49,Little Cottonwood Canyon,,,,,,,,,49,Little Cottonwood Canyon,,,242.8,370.59499999999997,1.526,975.8000000000001,620.6,0.0,355.2,975.879,32.6,588.0,0.0,0.0,10.1,73.4,0.0,271.7,0.0,0.0,0.079,0.0
2038,medium_district,49,Little Cottonwood Canyon,,,,,,,,,49,Little Cottonwood Canyon,,,244.2,371.964,1.523,976.8,620.4,0.0,356.4,976.8729999999999,32.8,587.5999999999999,0.0,0.0,10.2,73.6,0.0,272.6,0.0,0.0,0.073,0.0
2039,medium_district,49,Little Cottonwood Canyon,,,,,,,,,49,Little Cottonwood Canyon,,,245.6,373.336,1.52,978.3,620.9,0.0,357.4,978.374,33.1,587.8,0.0,0.0,10.3,73.8,0.0,273.29999999999995,0.0,0.0,0.074,0.0
2040,medium_district,49,Little Cottonwood Canyon,,,,,,,,,49,Little Cottonwood Canyon,,,247.0,374.71,1.517,979.9999999999999,621.3,0.0,358.7,980.074,33.3,588.0,0.0,0.0,10.4,74.0,0.0,274.3,0.0,0.0,0.074,0.0
2041,medium_district,49,Little Cottonwood Canyon,,,,,,,,,49,Little Cottonwood Canyon,,,248.5,376.086,1.513,983.7,623.6999999999999,0.0,360.0,983.768,33.5,590.2,0.0,0.0,10.5,74.2,0.0,275.3,0.0,0.0,0.068,0.0
2042,medium_district,49,Little Cottonwood Canyon,,,,,,,,,49,Little Cottonwood Canyon,,,250.0,377.36400000000003,1.509,987.4,626.1,0.0,361.29999999999995,987.4649999999999,33.7,592.4,0.0,0.0,10.6,74.4,0.0,276.3,0.0,0.0,0.065,0.0
2043,medium_district,49,Little Cottonwood Canyon,,,,,,,,,49,Little Cottonwood Canyon,,,251.39999999999998,378.643,1.506,991.8000000000001,629.2,0.0,362.6,991.869,33.9,595.3,0.0,0.0,10.7,74.6,0.0,277.3,0.0,0.0,0.069,0.0
2044,medium_district,49,Little Cottonwood Canyon,,,,,,,,,49,Little Cottonwood Canyon,,,252.8,379.823,1.502,996.0,632.1,0.0,363.9,996.067,34.1,598.0,0.0,0.0,10.8,74.8,0.0,278.29999999999995,0.0,0.0,0.067,0.0
2045,medium_district,49,Little Cottonwood Canyon,,,,,,,,,49,Little Cottonwood Canyon,,,254.10000000000002,381.005,1.499,1000.5000000000001,635.5999999999999,0.0,364.90000000000003,1000.5640000000001,34.3,601.3,0.0,0.0,10.9,75.0,0.0,279.0,0.0,0.0,0.064,0.0
2046,medium_district,49,Little Cottonwood Canyon,,,,,,,,,49,Little Cottonwood Canyon,,,255.4,382.188,1.496,1004.4,638.5,0.0,365.9,1004.466,34.5,604.0,0.0,0.0,11.0,75.2,0.0,279.70000000000005,0.0,0.0,0.066,0.0
2047,medium_district,49,Little Cottonwood Canyon,,,,,,,,,49,Little Cottonwood Canyon,,,256.7,383.271,1.493,1009.0,642.3,0.0,366.7,1009.0649999999999,34.7,607.6,0.0,0.0,11.0,75.4,0.0,280.3,0.0,0.0,0.065,0.0
2048,medium_district,49,Little Cottonwood Canyon,,,,,,,,,49,Little Cottonwood Canyon,,,257.9,384.355,1.49,1014.0,646.4000000000001,0.0,367.6,1014.08,34.9,611.5,0.0,0.0,11.0,75.6,0.0,281.0,0.0,0.0,0.08,0.0
2049,medium_district,49,Little Cottonwood Canyon,,,,,,,,,49,Little Cottonwood Canyon,,,259.0,385.439,1.488,1018.2,649.9,0.0,368.29999999999995,1018.285,35.1,614.8,0.0,0.0,11.0,75.8,0.0,281.5,0.0,0.0,0.085,0.0
2050,medium_district,49,Little Cottonwood Canyon,,,,,,,,,49,Little Cottonwood Canyon,,,260.1,386.52299999999997,1.486,1021.1000000000001,652.1,0.0,369.0,1021.1880000000001,35.3,616.8,0.0,0.0,11.0,76.1,0.0,281.90000000000003,0.0,0.0,0.088,0.0
2051,medium_district,49,Little Cottonwood Canyon,,,,,,,,,49,Little Cottonwood Canyon,,,261.2,387.507,1.484,1023.9,654.1,0.0,369.79999999999995,1023.987,35.5,618.6,0.0,0.0,11.0,76.3,0.0,282.5,0.0,0.0,0.087,0.0
2052,medium_district,49,Little Cottonwood Canyon,,,,,,,,,49,Little Cottonwood Canyon,,,262.3,388.39099999999996,1.481,1025.9,655.5,0.0,370.4,1025.988,35.7,619.8,0.0,0.0,11.0,76.5,0.0,282.9,0.0,0.0,0.088,0.0
2053,medium_district,49,Little Cottonwood Canyon,,,,,,,,,49,Little Cottonwood Canyon,,,263.4,389.274,1.478,1027.8999999999999,656.9,0.0,371.0,1027.988,35.9,621.0,0.0,0.0,11.0,76.7,0.0,283.29999999999995,0.0,0.0,0.088,0.0
2054,medium_district,49,Little Cottonwood Canyon,,,,,,,,,49,Little Cottonwood Canyon,,,264.6,390.156,1.475,1029.8999999999999,658.3000000000001,0.0,371.6,1029.989,36.1,622.2,0.0,0.0,11.0,76.9,0.0,283.7,0.0,0.0,0.089,0.0
2055,medium_district,49,Little Cottonwood Canyon,,,,,,,,,49,Little Cottonwood Canyon,,,265.8,391.038,1.471,1031.8,659.5999999999999,0.0,372.2,1031.892,36.3,623.3,0.0,0.0,11.0,77.1,0.0,284.1,0.0,0.0,0.092,0.0
2056,medium_district,49,Little Cottonwood Canyon,,,,,,,,,49,Little Cottonwood Canyon,,,267.0,391.91999999999996,1.468,1033.9,661.1,0.0,372.79999999999995,1033.992,36.5,624.6,0.0,0.0,11.0,77.3,0.0,284.5,0.0,0.0,0.092,0.0
2057,medium_district,49,Little Cottonwood Canyon,,,,,,,,,49,Little Cottonwood Canyon,,,268.1,392.83299999999997,1.465,1035.8000000000002,662.4000000000001,0.0,373.4,1035.894,36.6,625.8,0.0,0.0,11.0,77.5,0.0,284.9,0.0,0.0,0.094,0.0
2058,medium_district,49,Little Cottonwood Canyon,,,,,,,,,49,Little Cottonwood Canyon,,,269.3,393.648,1.462,1037.7,663.6999999999999,0.0,374.0,1037.7930000000001,36.7,627.0,0.0,0.0,11.0,77.7,0.0,285.29999999999995,0.0,0.0,0.093,0.0
2059,medium_district,49,Little Cottonwood Canyon,,,,,,,,,49,Little Cottonwood Canyon,,,270.5,394.47200000000004,1.458,1039.3999999999999,665.0,0.0,374.4,1039.4969999999998,36.8,628.2,0.0,0.0,11.0,77.9,0.0,285.5,0.0,0.0,0.097,0.0
2060,medium_district,49,Little Cottonwood Canyon,,,,,,,,,49,Little Cottonwood Canyon,,,271.8,395.299,1.454,1041.2,666.3,0.0,374.9,1041.298,36.9,629.4,0.0,0.0,11.0,78.19999999999999,0.0,285.7,0.0,0.0,0.098,0.0
2061,medium_district,49,Little Cottonwood Canyon,,,,,,,,,49,Little Cottonwood Canyon,,,2.0,5.03,2.515,0.0,0.0,0.0,0.0,0.098,0.0,0.0,0.0,0.0,0.0,0.0,0.0,0.0,0.0,0.0,0.098,0.0
2062,medium_district,49,Little Cottonwood Canyon,,,,,,,,,49,Little Cottonwood Canyon,,,2.0,5.058,2.529,0.0,0.0,0.0,0.0,0.101,0.0,0.0,0.0,0.0,0.0,0.0,0.0,0.0,0.0,0.0,0.101,0.0
2063,medium_district,49,Little Cottonwood Canyon,,,,,,,,,49,Little Cottonwood Canyon,,,2.0,5.082,2.541,0.0,0.0,0.0,0.0,0.1,0.0,0.0,0.0,0.0,0.0,0.0,0.0,0.0,0.0,0.0,0.1,0.0
2064,medium_district,49,Little Cottonwood Canyon,,,,,,,,,49,Little Cottonwood Canyon,,,2.0,5.114,2.557,0.0,0.0,0.0,0.0,0.103,0.0,0.0,0.0,0.0,0.0,0.0,0.0,0.0,0.0,0.0,0.103,0.0
2065,medium_district,49,Little Cottonwood Canyon,,,,,,,,,49,Little Cottonwood Canyon,,,2.0,5.142,2.571,0.0,0.0,0.0,0.0,0.104,0.0,0.0,0.0,0.0,0.0,0.0,0.0,0.0,0.0,0.0,0.104,0.0
2023,medium_district,5,"Mantua, East Mountains",,,,,,,,,5,"Mantua, East Mountains",,,515.0,1898.0,3.685,180.0,59.0,28.0,93.0,234.0,28.0,31.0,25.0,3.0,11.0,46.0,9.0,27.0,0.0,0.0,31.0,23.0
2024,medium_district,5,"Mantua, East Mountains",,,,,,,,,5,"Mantua, East Mountains",,,522.0,1910.0,3.659,177.0,56.0,26.0,95.0,234.0,28.0,28.0,23.0,3.0,12.0,49.0,9.0,25.0,0.0,0.0,35.0,22.0
2025,medium_district,5,"Mantua, East Mountains",,,,,,,,,5,"Mantua, East Mountains",,,531.0,1925.0,3.625,181.0,56.0,28.0,97.0,241.0,28.0,28.0,24.0,4.0,12.0,50.0,9.0,26.0,0.0,0.0,36.0,24.0
2026,medium_district,5,"Mantua, East Mountains",,,,,,,,,5,"Mantua, East Mountains",,,541.0,1942.0,3.59,185.0,58.0,28.0,99.0,247.0,29.0,29.0,24.0,4.0,12.0,51.0,10.0,26.0,0.0,0.0,37.0,25.0
2027,medium_district,5,"Mantua, East Mountains",,,,,,,,,5,"Mantua, East Mountains",,,551.0,1955.0,3.548,185.0,58.0,28.0,99.0,248.0,29.0,29.0,24.0,4.0,12.0,51.0,10.0,26.0,0.0,0.0,38.0,25.0
2028,medium_district,5,"Mantua, East Mountains",,,,,,,,,5,"Mantua, East Mountains",,,561.0,1970.0,3.512,187.0,58.0,28.0,101.0,253.0,29.0,29.0,24.0,4.0,12.0,52.0,10.0,27.0,0.0,0.0,40.0,26.0
2029,medium_district,5,"Mantua, East Mountains",,,,,,,,,5,"Mantua, East Mountains",,,572.0,1984.0,3.469,187.0,58.0,28.0,101.0,254.0,29.0,29.0,24.0,4.0,12.0,52.0,10.0,27.0,0.0,0.0,41.0,26.0
2030,medium_district,5,"Mantua, East Mountains",,,,,,,,,5,"Mantua, East Mountains",,,583.0,1999.0,3.429,191.0,59.0,29.0,103.0,259.0,30.0,29.0,25.0,4.0,12.0,53.0,10.0,28.0,0.0,0.0,41.0,27.0
2031,medium_district,5,"Mantua, East Mountains",,,,,,,,,5,"Mantua, East Mountains",,,593.0,2017.0,3.401,192.0,59.0,29.0,104.0,261.0,30.0,29.0,25.0,4.0,12.0,53.0,11.0,28.0,0.0,0.0,42.0,27.0
2032,medium_district,5,"Mantua, East Mountains",,,,,,,,,5,"Mantua, East Mountains",,,605.0,2034.0,3.362,194.0,60.0,30.0,104.0,265.0,31.0,29.0,26.0,4.0,12.0,53.0,11.0,28.0,0.0,0.0,43.0,28.0
2033,medium_district,5,"Mantua, East Mountains",,,,,,,,,5,"Mantua, East Mountains",,,615.0,2050.0,3.333,195.0,60.0,30.0,105.0,267.0,31.0,29.0,26.0,4.0,12.0,53.0,11.0,29.0,0.0,0.0,44.0,28.0
2034,medium_district,5,"Mantua, East Mountains",,,,,,,,,5,"Mantua, East Mountains",,,627.0,2070.0,3.301,197.0,61.0,30.0,106.0,270.0,31.0,30.0,26.0,4.0,12.0,54.0,11.0,29.0,0.0,0.0,44.0,29.0
2035,medium_district,5,"Mantua, East Mountains",,,,,,,,,5,"Mantua, East Mountains",,,638.0,2089.0,3.274,196.0,60.0,30.0,106.0,269.0,31.0,29.0,26.0,4.0,12.0,54.0,11.0,29.0,0.0,0.0,44.0,29.0
2036,medium_district,5,"Mantua, East Mountains",,,,,,,,,5,"Mantua, East Mountains",,,650.0,2106.0,3.24,196.0,60.0,30.0,106.0,271.0,31.0,29.0,26.0,4.0,12.0,54.0,11.0,29.0,0.0,0.0,45.0,30.0
2037,medium_district,5,"Mantua, East Mountains",,,,,,,,,5,"Mantua, East Mountains",,,662.0,2130.0,3.218,199.0,60.0,31.0,108.0,274.0,31.0,29.0,27.0,4.0,12.0,55.0,11.0,30.0,0.0,0.0,45.0,30.0
2038,medium_district,5,"Mantua, East Mountains",,,,,,,,,5,"Mantua, East Mountains",,,673.0,2150.0,3.195,201.0,62.0,31.0,108.0,277.0,32.0,30.0,27.0,4.0,12.0,55.0,11.0,30.0,0.0,0.0,45.0,31.0
2039,medium_district,5,"Mantua, East Mountains",,,,,,,,,5,"Mantua, East Mountains",,,684.0,2171.0,3.174,203.0,62.0,31.0,110.0,279.0,32.0,30.0,27.0,4.0,12.0,56.0,12.0,30.0,0.0,0.0,45.0,31.0
2040,medium_district,5,"Mantua, East Mountains",,,,,,,,,5,"Mantua, East Mountains",,,697.0,2198.0,3.154,204.0,62.0,31.0,111.0,281.0,32.0,30.0,27.0,4.0,12.0,56.0,12.0,31.0,0.0,0.0,45.0,32.0
2041,medium_district,5,"Mantua, East Mountains",,,,,,,,,5,"Mantua, East Mountains",,,708.0,2220.0,3.136,208.0,63.0,32.0,113.0,285.0,33.0,30.0,28.0,4.0,13.0,57.0,12.0,31.0,0.0,0.0,45.0,32.0
2042,medium_district,5,"Mantua, East Mountains",,,,,,,,,5,"Mantua, East Mountains",,,720.0,2241.0,3.112,209.0,63.0,32.0,114.0,287.0,33.0,30.0,28.0,4.0,13.0,57.0,12.0,32.0,0.0,0.0,45.0,33.0
2043,medium_district,5,"Mantua, East Mountains",,,,,,,,,5,"Mantua, East Mountains",,,732.0,2266.0,3.096,209.0,63.0,32.0,114.0,287.0,33.0,30.0,28.0,4.0,13.0,57.0,12.0,32.0,0.0,0.0,45.0,33.0
2044,medium_district,5,"Mantua, East Mountains",,,,,,,,,5,"Mantua, East Mountains",,,744.0,2289.0,3.077,211.0,64.0,32.0,115.0,290.0,34.0,30.0,28.0,4.0,13.0,58.0,12.0,32.0,0.0,0.0,45.0,34.0
2045,medium_district,5,"Mantua, East Mountains",,,,,,,,,5,"Mantua, East Mountains",,,755.0,2315.0,3.066,211.0,64.0,32.0,115.0,290.0,34.0,30.0,28.0,4.0,13.0,58.0,12.0,32.0,0.0,0.0,45.0,34.0
2046,medium_district,5,"Mantua, East Mountains",,,,,,,,,5,"Mantua, East Mountains",,,768.0,2339.0,3.046,213.0,64.0,32.0,117.0,293.0,34.0,30.0,28.0,4.0,13.0,59.0,12.0,33.0,0.0,0.0,45.0,35.0
2047,medium_district,5,"Mantua, East Mountains",,,,,,,,,5,"Mantua, East Mountains",,,780.0,2368.0,3.036,213.0,64.0,32.0,117.0,293.0,34.0,30.0,28.0,4.0,13.0,59.0,12.0,33.0,0.0,0.0,45.0,35.0
2048,medium_district,5,"Mantua, East Mountains",,,,,,,,,5,"Mantua, East Mountains",,,792.0,2393.0,3.021,217.0,65.0,33.0,119.0,299.0,35.0,30.0,29.0,4.0,14.0,60.0,12.0,33.0,0.0,0.0,46.0,36.0
2049,medium_district,5,"Mantua, East Mountains",,,,,,,,,5,"Mantua, East Mountains",,,806.0,2422.0,3.005,218.0,66.0,33.0,119.0,301.0,35.0,31.0,29.0,4.0,14.0,60.0,12.0,33.0,0.0,0.0,47.0,36.0
2050,medium_district,5,"Mantua, East Mountains",,,,,,,,,5,"Mantua, East Mountains",,,817.0,2446.0,2.994,219.0,66.0,33.0,120.0,304.0,35.0,31.0,29.0,4.0,14.0,60.0,13.0,33.0,0.0,0.0,48.0,37.0
2051,medium_district,5,"Mantua, East Mountains",,,,,,,,,5,"Mantua, East Mountains",,,830.0,2475.0,2.982,221.0,66.0,33.0,122.0,308.0,35.0,31.0,29.0,4.0,14.0,61.0,13.0,34.0,0.0,0.0,49.0,38.0
2052,medium_district,5,"Mantua, East Mountains",,,,,,,,,5,"Mantua, East Mountains",,,844.0,2497.0,2.959,222.0,67.0,33.0,122.0,310.0,36.0,31.0,29.0,4.0,14.0,61.0,13.0,34.0,0.0,0.0,50.0,38.0
2053,medium_district,5,"Mantua, East Mountains",,,,,,,,,5,"Mantua, East Mountains",,,854.0,2525.0,2.957,223.0,67.0,34.0,122.0,312.0,36.0,31.0,30.0,4.0,14.0,61.0,13.0,34.0,0.0,0.0,50.0,39.0
2054,medium_district,5,"Mantua, East Mountains",,,,,,,,,5,"Mantua, East Mountains",,,868.0,2546.0,2.933,223.0,67.0,33.0,123.0,314.0,36.0,31.0,30.0,3.0,14.0,62.0,13.0,34.0,0.0,0.0,52.0,39.0
2055,medium_district,5,"Mantua, East Mountains",,,,,,,,,5,"Mantua, East Mountains",,,882.0,2572.0,2.916,222.0,66.0,33.0,123.0,315.0,36.0,30.0,30.0,3.0,14.0,62.0,13.0,34.0,0.0,0.0,53.0,40.0
2056,medium_district,5,"Mantua, East Mountains",,,,,,,,,5,"Mantua, East Mountains",,,893.0,2593.0,2.904,222.0,66.0,33.0,123.0,316.0,36.0,30.0,30.0,3.0,14.0,62.0,13.0,34.0,0.0,0.0,54.0,40.0
2057,medium_district,5,"Mantua, East Mountains",,,,,,,,,5,"Mantua, East Mountains",,,907.0,2618.0,2.886,223.0,66.0,33.0,124.0,319.0,36.0,30.0,30.0,3.0,14.0,63.0,13.0,34.0,0.0,0.0,55.0,41.0
2058,medium_district,5,"Mantua, East Mountains",,,,,,,,,5,"Mantua, East Mountains",,,917.0,2639.0,2.878,223.0,66.0,33.0,124.0,319.0,36.0,30.0,30.0,3.0,14.0,63.0,13.0,34.0,0.0,0.0,55.0,41.0
2059,medium_district,5,"Mantua, East Mountains",,,,,,,,,5,"Mantua, East Mountains",,,930.0,2663.0,2.863,224.0,66.0,33.0,125.0,321.0,36.0,30.0,30.0,3.0,15.0,63.0,13.0,34.0,0.0,0.0,55.0,42.0
2060,medium_district,5,"Mantua, East Mountains",,,,,,,,,5,"Mantua, East Mountains",,,944.0,2690.0,2.85,225.0,66.0,33.0,126.0,324.0,36.0,30.0,30.0,3.0,15.0,64.0,13.0,34.0,0.0,0.0,57.0,42.0
2061,medium_district,5,"Mantua, East Mountains",,,,,,,,,5,"Mantua, East Mountains",,,957.0,2710.0,2.832,226.0,66.0,33.0,127.0,327.0,36.0,30.0,30.0,3.0,15.0,64.0,13.0,35.0,0.0,0.0,57.0,44.0
2062,medium_district,5,"Mantua, East Mountains",,,,,,,,,5,"Mantua, East Mountains",,,968.0,2736.0,2.826,227.0,67.0,33.0,127.0,327.0,37.0,30.0,30.0,3.0,15.0,64.0,13.0,35.0,0.0,0.0,57.0,43.0
2063,medium_district,5,"Mantua, East Mountains",,,,,,,,,5,"Mantua, East Mountains",,,982.0,2755.0,2.805,227.0,67.0,33.0,127.0,328.0,37.0,30.0,30.0,3.0,15.0,64.0,13.0,35.0,0.0,0.0,58.0,43.0
2064,medium_district,5,"Mantua, East Mountains",,,,,,,,,5,"Mantua, East Mountains",,,994.0,2781.0,2.798,227.0,66.0,34.0,127.0,329.0,37.0,29.0,31.0,3.0,15.0,64.0,13.0,35.0,0.0,0.0,58.0,44.0
2065,medium_district,5,"Mantua, East Mountains",,,,,,,,,5,"Mantua, East Mountains",,,1006.0,2800.0,2.783,228.0,66.0,34.0,128.0,330.0,37.0,29.0,31.0,3.0,15.0,65.0,13.0,35.0,0.0,0.0,58.0,44.0
2023,medium_district,50,CV - South,,,,,,,,,50,CV - South,,,8.0,23.65,2.956,0.0,0.0,0.0,0.0,723.996,0.0,0.0,0.0,0.0,0.0,0.0,0.0,0.0,722.703,0.0,0.292,1.001
2024,medium_district,50,CV - South,,,,,,,,,50,CV - South,,,8.0,23.452,2.932,0.0,0.0,0.0,0.0,730.903,0.0,0.0,0.0,0.0,0.0,0.0,0.0,0.0,730.751,0.0,0.152,0.0
2025,medium_district,50,CV - South,,,,,,,,,50,CV - South,,,9.0,25.183,2.798,0.0,0.0,0.0,0.0,733.084,0.0,0.0,0.0,0.0,0.0,0.0,0.0,0.0,731.5830000000001,0.0,0.499,1.002
2026,medium_district,50,CV - South,,,,,,,,,50,CV - South,,,9.0,24.936,2.771,0.0,0.0,0.0,0.0,739.111,0.0,0.0,0.0,0.0,0.0,0.0,0.0,0.0,737.625,0.0,0.485,1.0
2027,medium_district,50,CV - South,,,,,,,,,50,CV - South,,,9.0,24.689999999999998,2.743,0.0,0.0,0.0,0.0,740.379,0.0,0.0,0.0,0.0,0.0,0.0,0.0,0.0,739.0459999999999,0.0,0.33099999999999996,1.001
2028,medium_district,50,CV - South,,,,,,,,,50,CV - South,,,9.0,24.443,2.716,0.0,0.0,0.0,0.0,739.6189999999999,0.0,0.0,0.0,0.0,0.0,0.0,0.0,0.0,738.291,0.0,0.32499999999999996,1.001
2029,medium_district,50,CV - South,,,,,,,,,50,CV - South,,,9.0,24.212,2.69,0.0,0.0,0.0,0.0,741.4369999999999,0.0,0.0,0.0,0.0,0.0,0.0,0.0,0.0,740.1229999999999,0.0,0.31300000000000006,1.001
2030,medium_district,50,CV - South,,,,,,,,,50,CV - South,,,9.0,23.996000000000002,2.666,0.0,0.0,0.0,0.0,746.304,0.0,0.0,0.0,0.0,0.0,0.0,0.0,0.0,744.989,0.0,0.31400000000000006,1.001
2031,medium_district,50,CV - South,,,,,,,,,50,CV - South,,,9.0,23.791,2.643,0.0,0.0,0.0,0.0,745.754,0.0,0.0,0.0,0.0,0.0,0.0,0.0,0.0,744.4179999999999,0.0,0.33499999999999996,1.001
2032,medium_district,50,CV - South,,,,,,,,,50,CV - South,,,9.0,23.604,2.623,0.0,0.0,0.0,0.0,748.021,0.0,0.0,0.0,0.0,0.0,0.0,0.0,0.0,746.666,0.0,0.354,1.0
2033,medium_district,50,CV - South,,,,,,,,,50,CV - South,,,9.0,23.446,2.605,0.0,0.0,0.0,0.0,751.0120000000001,0.0,0.0,0.0,0.0,0.0,0.0,0.0,0.0,749.649,0.0,0.361,1.001
2034,medium_district,50,CV - South,,,,,,,,,50,CV - South,,,9.0,23.304000000000002,2.589,0.0,0.0,0.0,0.0,760.561,0.0,0.0,0.0,0.0,0.0,0.0,0.0,0.0,759.1740000000001,0.0,0.386,1.001
2035,medium_district,50,CV - South,,,,,,,,,50,CV - South,,,9.0,23.179,2.575,0.0,0.0,0.0,0.0,762.746,0.0,0.0,0.0,0.0,0.0,0.0,0.0,0.0,761.384,0.0,0.361,1.001
2036,medium_district,50,CV - South,,,,,,,,,50,CV - South,,,9.0,23.066000000000003,2.563,0.0,0.0,0.0,0.0,766.982,0.0,0.0,0.0,0.0,0.0,0.0,0.0,0.0,765.5930000000001,0.0,0.38799999999999996,1.001
2037,medium_district,50,CV - South,,,,,,,,,50,CV - South,,,9.0,22.962,2.551,0.0,0.0,0.0,0.0,768.926,0.0,0.0,0.0,0.0,0.0,0.0,0.0,0.0,767.576,0.0,0.35,1.001
2038,medium_district,50,CV - South,,,,,,,,,50,CV - South,,,9.0,22.862000000000002,2.54,0.0,0.0,0.0,0.0,776.693,0.0,0.0,0.0,0.0,0.0,0.0,0.0,0.0,775.3430000000001,0.0,0.349,1.0
2039,medium_district,50,CV - South,,,,,,,,,50,CV - South,,,9.0,22.770999999999997,2.53,0.0,0.0,0.0,0.0,780.876,0.0,0.0,0.0,0.0,0.0,0.0,0.0,0.0,779.5459999999999,0.0,0.32999999999999996,1.0
2040,medium_district,50,CV - South,,,,,,,,,50,CV - South,,,9.0,22.682,2.52,0.0,0.0,0.0,0.0,786.086,0.0,0.0,0.0,0.0,0.0,0.0,0.0,0.0,784.754,0.0,0.33099999999999996,1.0
2041,medium_district,50,CV - South,,,,,,,,,50,CV - South,,,9.0,22.599,2.511,0.0,0.0,0.0,0.0,791.317,0.0,0.0,0.0,0.0,0.0,0.0,0.0,0.0,790.018,0.0,0.29900000000000004,1.001
2042,medium_district,50,CV - South,,,,,,,,,50,CV - South,,,9.0,22.515,2.502,0.0,0.0,0.0,0.0,800.818,0.0,0.0,0.0,0.0,0.0,0.0,0.0,0.0,799.536,0.0,0.281,1.001
2043,medium_district,50,CV - South,,,,,,,,,50,CV - South,,,9.0,22.436999999999998,2.493,0.0,0.0,0.0,0.0,806.808,0.0,0.0,0.0,0.0,0.0,0.0,0.0,0.0,805.514,0.0,0.29500000000000004,1.0
2044,medium_district,50,CV - South,,,,,,,,,50,CV - South,,,9.0,22.366,2.485,0.0,0.0,0.0,0.0,816.6659999999999,0.0,0.0,0.0,0.0,0.0,0.0,0.0,0.0,815.3770000000001,0.0,0.28800000000000003,1.001
2045,medium_district,50,CV - South,,,,,,,,,50,CV - South,,,9.0,22.294,2.477,0.0,0.0,0.0,0.0,824.615,0.0,0.0,0.0,0.0,0.0,0.0,0.0,0.0,823.337,0.0,0.278,1.0
2046,medium_district,50,CV - South,,,,,,,,,50,CV - South,,,9.0,22.223,2.469,0.0,0.0,0.0,0.0,836.5930000000001,0.0,0.0,0.0,0.0,0.0,0.0,0.0,0.0,835.322,0.0,0.271,1.0
2047,medium_district,50,CV - South,,,,,,,,,50,CV - South,,,9.0,22.149,2.461,0.0,0.0,0.0,0.0,849.781,0.0,0.0,0.0,0.0,0.0,0.0,0.0,0.0,848.512,0.0,0.27,1.0
2048,medium_district,50,CV - South,,,,,,,,,50,CV - South,,,9.0,22.078999999999997,2.453,0.0,0.0,0.0,0.0,868.5,0.0,0.0,0.0,0.0,0.0,0.0,0.0,0.0,867.23,0.0,0.269,1.0
2049,medium_district,50,CV - South,,,,,,,,,50,CV - South,,,9.0,22.007,2.445,0.0,0.0,0.0,0.0,889.128,0.0,0.0,0.0,0.0,0.0,0.0,0.0,0.0,887.856,0.0,0.272,1.0
2050,medium_district,50,CV - South,,,,,,,,,50,CV - South,,,9.0,21.931,2.437,0.0,0.0,0.0,0.0,920.0169999999999,0.0,0.0,0.0,0.0,0.0,0.0,0.0,0.0,918.741,0.0,0.276,1.0
2051,medium_district,50,CV - South,,,,,,,,,50,CV - South,,,9.0,21.852,2.428,0.0,0.0,0.0,0.0,962.977,0.0,0.0,0.0,0.0,0.0,0.0,0.0,0.0,961.69,0.0,0.28700000000000003,1.0
2052,medium_district,50,CV - South,,,,,,,,,50,CV - South,,,9.0,21.771,2.419,0.0,0.0,0.0,0.0,1036.8680000000002,0.0,0.0,0.0,0.0,0.0,0.0,0.0,0.0,1035.57,0.0,0.29800000000000004,1.0
2053,medium_district,50,CV - South,,,,,,,,,50,CV - South,,,9.0,21.688,2.41,39.0,0.0,1.0,38.0,1127.228,0.0,0.0,1.0,0.0,37.0,1.0,0.0,0.0,1044.1370000000002,0.0,43.09,1.001
2054,medium_district,50,CV - South,,,,,,,,,50,CV - South,,,9.0,21.606,2.401,65.0,0.0,3.0,62.0,1110.844,0.0,0.0,3.0,0.0,61.0,1.0,0.0,0.0,1041.278,0.0,3.567,1.0
2055,medium_district,50,CV - South,,,,,,,,,50,CV - South,,,9.0,21.526000000000003,2.392,82.0,0.0,4.0,78.0,1126.312,0.0,0.0,4.0,0.0,77.0,1.0,0.0,0.0,1038.8539999999998,0.0,4.458,1.0
2056,medium_district,50,CV - South,,,,,,,,,50,CV - South,,,9.0,21.442,2.382,90.0,0.0,5.0,85.0,1132.563,0.0,0.0,5.0,0.0,84.0,1.0,0.0,0.0,1036.8609999999999,0.0,4.701,1.0
2057,medium_district,50,CV - South,,,,,,,,,50,CV - South,,,9.0,21.499,2.389,93.0,0.0,5.0,88.0,1134.4969999999998,0.0,0.0,5.0,0.0,87.0,1.0,0.0,0.0,1035.443,0.0,5.053999999999999,1.0
2058,medium_district,50,CV - South,,,,,,,,,50,CV - South,,,9.0,21.747,2.416,94.0,0.0,5.0,89.0,1132.855,0.0,0.0,5.0,0.0,88.0,1.0,0.0,0.0,1032.735,0.0,5.121,1.0
2059,medium_district,50,CV - South,,,,,,,,,50,CV - South,,,9.0,21.96,2.44,94.0,0.0,5.0,89.0,1129.713,0.0,0.0,5.0,0.0,88.0,1.0,0.0,0.0,1029.731,0.0,4.981999999999999,1.0
2060,medium_district,50,CV - South,,,,,,,,,50,CV - South,,,9.0,22.201,2.467,94.0,0.0,5.0,89.0,1126.138,0.0,0.0,5.0,0.0,88.0,1.0,0.0,0.0,1026.008,0.0,5.130000000000001,1.0
2061,medium_district,50,CV - South,,,,,,,,,50,CV - South,,,9.0,22.474999999999998,2.497,94.0,0.0,5.0,89.0,1122.377,0.0,0.0,5.0,0.0,88.0,1.0,0.0,0.0,1022.133,0.0,5.244,1.0
2062,medium_district,50,CV - South,,,,,,,,,50,CV - South,,,9.0,22.715,2.524,95.0,0.0,5.0,90.0,1119.508,0.0,0.0,5.0,0.0,89.0,1.0,0.0,0.0,1018.264,0.0,5.242,1.0
2063,medium_district,50,CV - South,,,,,,,,,50,CV - South,,,9.0,22.958000000000002,2.551,96.0,0.0,5.0,91.0,1118.459,0.0,0.0,5.0,0.0,90.0,1.0,0.0,0.0,1015.987,0.0,5.472,1.0
2064,medium_district,50,CV - South,,,,,,,,,50,CV - South,,,9.0,23.215999999999998,2.58,96.0,0.0,5.0,91.0,1117.142,0.0,0.0,5.0,0.0,90.0,1.0,0.0,0.0,1014.564,0.0,5.577,1.0
2065,medium_district,50,CV - South,,,,,,,,,50,CV - South,,,9.0,23.452,2.606,96.0,0.0,5.0,91.0,1114.934,0.0,0.0,5.0,0.0,90.0,1.0,0.0,0.0,1012.4300000000001,0.0,5.503,1.0
2023,medium_district,51,CV - Central,,,,,,,,,51,CV - Central,,,4710.0,17291.958,3.671,2932.0,153.0,812.0,1967.0,4197.158,41.0,112.0,804.0,8.0,1452.0,482.0,15.0,18.0,318.523,0.0,643.253,303.385
2024,medium_district,51,CV - Central,,,,,,,,,51,CV - Central,,,5436.0,19216.118,3.535,3023.0,158.0,870.0,1995.0,4220.874,40.0,118.0,807.0,63.0,1444.0,509.0,21.0,21.0,320.538,0.0,545.657,331.681
2025,medium_district,51,CV - Central,,,,,,,,,51,CV - Central,,,6205.0,21258.989,3.426,3255.0,169.0,885.0,2201.0,4512.845,40.0,129.0,822.0,63.0,1594.0,556.0,30.0,21.0,318.419,0.0,527.719,411.706
2026,medium_district,51,CV - Central,,,,,,,,,51,CV - Central,,,7249.0,24059.909,3.319,3561.0,192.0,966.0,2403.0,5799.879,52.0,140.0,838.0,128.0,1690.0,603.0,44.0,66.0,316.404,0.0,1443.2649999999999,479.2
2027,medium_district,51,CV - Central,,,,,,,,,51,CV - Central,,,7965.0,25811.684,3.241,3929.0,228.0,1143.0,2558.0,5601.518,79.0,149.0,851.0,292.0,1708.0,653.0,61.0,136.0,314.558,0.0,836.302,521.644
2028,medium_district,51,CV - Central,,,,,,,,,51,CV - Central,,,8775.0,27758.341,3.163,4113.0,232.0,1148.0,2733.0,5799.704,79.0,153.0,856.0,292.0,1855.0,676.0,66.0,136.0,312.231,0.0,805.651,568.818
2029,medium_district,51,CV - Central,,,,,,,,,51,CV - Central,,,9381.0,29105.915,3.103,4469.0,241.0,1157.0,3071.0,6987.555,79.0,162.0,865.0,292.0,2141.0,708.0,86.0,136.0,310.57099999999997,0.0,1603.2350000000001,604.7429999999999
2030,medium_district,51,CV - Central,,,,,,,,,51,CV - Central,,,9958.0,30393.666,3.052,4966.0,244.0,1174.0,3548.0,7587.072,79.0,165.0,882.0,292.0,2562.0,740.0,110.0,136.0,310.334,0.0,1670.184,640.559
2031,medium_district,51,CV - Central,,,,,,,,,51,CV - Central,,,10367.0,31220.097,3.011,5365.0,244.0,1193.0,3928.0,7525.08,79.0,165.0,901.0,292.0,2902.0,756.0,134.0,136.0,309.065,0.0,1190.48,660.529
2032,medium_district,51,CV - Central,,,,,,,,,51,CV - Central,,,10711.0,31885.815,2.977,5906.0,247.0,1210.0,4449.0,8258.476,79.0,168.0,918.0,292.0,3386.0,760.0,167.0,136.0,309.173,0.0,1359.404,683.9
2033,medium_district,51,CV - Central,,,,,,,,,51,CV - Central,,,11220.0,32998.569,2.941,6706.0,262.0,1234.0,5210.0,9873.246000000001,79.0,183.0,942.0,292.0,4097.0,771.0,206.0,136.0,306.891,0.0,2143.814,716.54
2034,medium_district,51,CV - Central,,,,,,,,,51,CV - Central,,,11668.0,34082.111,2.921,7706.0,337.0,1249.0,6120.0,10424.298999999999,79.0,258.0,957.0,292.0,4950.0,783.0,251.0,136.0,306.303,0.0,1659.416,752.584
2035,medium_district,51,CV - Central,,,,,,,,,51,CV - Central,,,12061.0,34919.744,2.895,7878.0,330.0,1261.0,6287.0,10573.777,79.0,251.0,971.0,290.0,5100.0,782.0,269.0,136.0,303.955,0.0,1620.117,771.704
2036,medium_district,51,CV - Central,,,,,,,,,51,CV - Central,,,12448.0,35734.753,2.871,8429.0,346.0,1273.0,6810.0,11230.0,79.0,267.0,985.0,288.0,5578.0,787.0,309.0,136.0,307.64,0.0,1696.6490000000001,796.712
2037,medium_district,51,CV - Central,,,,,,,,,51,CV - Central,,,13136.0,37060.634,2.821,9490.0,373.0,1421.0,7696.0,12463.512,101.0,272.0,997.0,424.0,6280.0,792.0,381.0,243.0,307.24,0.0,1823.771,842.504
2038,medium_district,51,CV - Central,,,,,,,,,51,CV - Central,,,13505.0,37869.19,2.804,10483.0,395.0,1475.0,8613.0,13449.67,104.0,291.0,1020.0,455.0,7108.0,822.0,427.0,256.0,309.33299999999997,0.0,1788.953,868.383
2039,medium_district,51,CV - Central,,,,,,,,,51,CV - Central,,,13881.0,38656.587,2.785,11272.0,406.0,1497.0,9369.0,14335.275,104.0,302.0,1042.0,455.0,7802.0,853.0,458.0,256.0,311.015,0.0,1862.032,890.232
2040,medium_district,51,CV - Central,,,,,,,,,51,CV - Central,,,14300.0,39590.129,2.769,12107.0,415.0,1516.0,10176.0,15238.248,104.0,311.0,1061.0,455.0,8546.0,884.0,490.0,256.0,314.704,0.0,1896.7,919.846
2041,medium_district,51,CV - Central,,,,,,,,,51,CV - Central,,,14721.0,40447.667,2.748,12804.0,421.0,1538.0,10845.0,15798.176,105.0,316.0,1074.0,464.0,9165.0,906.0,517.0,257.0,313.796,0.0,1734.8,945.588
2042,medium_district,51,CV - Central,,,,,,,,,51,CV - Central,,,15449.0,42100.009,2.725,13325.0,428.0,1551.0,11346.0,17188.804,105.0,323.0,1087.0,464.0,9617.0,936.0,536.0,257.0,313.976,0.0,2555.871,993.9730000000001
2043,medium_district,51,CV - Central,,,,,,,,,51,CV - Central,,,16118.0,43626.247,2.707,13753.0,438.0,1563.0,11752.0,17302.213,105.0,333.0,1099.0,464.0,9982.0,971.0,542.0,257.0,312.524,0.0,2199.192,1037.491
2044,medium_district,51,CV - Central,,,,,,,,,51,CV - Central,,,16946.0,45582.822,2.69,14074.0,441.0,1572.0,12061.0,18005.788,105.0,336.0,1108.0,464.0,10260.0,995.0,549.0,257.0,309.429,0.0,2531.092,1091.275
2045,medium_district,51,CV - Central,,,,,,,,,51,CV - Central,,,17695.0,47327.151,2.675,14575.0,447.0,1580.0,12548.0,18639.746,105.0,342.0,1116.0,464.0,10689.0,1033.0,569.0,257.0,310.022,0.0,2616.299,1138.434
2046,medium_district,51,CV - Central,,,,,,,,,51,CV - Central,,,18682.0,49586.951,2.654,15577.0,463.0,1599.0,13515.0,20331.099,111.0,352.0,1135.0,464.0,11533.0,1108.0,608.0,266.0,309.347,0.0,3237.808,1206.9569999999999
2047,medium_district,51,CV - Central,,,,,,,,,51,CV - Central,,,19740.0,52091.137,2.639,16426.0,473.0,1635.0,14318.0,21100.442,113.0,360.0,1147.0,488.0,12253.0,1162.0,635.0,268.0,312.042,0.0,3083.832,1278.577
2048,medium_district,51,CV - Central,,,,,,,,,51,CV - Central,,,20998.0,55000.143,2.619,17128.0,481.0,1642.0,15005.0,22513.721,113.0,368.0,1154.0,488.0,12866.0,1206.0,665.0,268.0,312.537,0.0,3715.248,1357.954
2049,medium_district,51,CV - Central,,,,,,,,,51,CV - Central,,,22557.0,58710.915,2.603,17882.0,491.0,1661.0,15730.0,23725.363,113.0,378.0,1173.0,488.0,13504.0,1264.0,694.0,268.0,307.33,0.0,4074.291,1461.748
2050,medium_district,51,CV - Central,,,,,,,,,51,CV - Central,,,24016.0,62229.131,2.591,18560.0,503.0,1674.0,16383.0,24187.667,113.0,390.0,1186.0,488.0,14090.0,1315.0,710.0,268.0,307.573,0.0,3760.185,1559.901
2051,medium_district,51,CV - Central,,,,,,,,,51,CV - Central,,,25439.0,65613.391,2.579,19286.0,512.0,1686.0,17088.0,25502.851,113.0,399.0,1198.0,488.0,14723.0,1363.0,734.0,268.0,305.073,0.0,4259.721,1652.052
2052,medium_district,51,CV - Central,,,,,,,,,51,CV - Central,,,26794.0,68788.634,2.567,20013.0,524.0,1701.0,17788.0,26097.857,113.0,411.0,1213.0,488.0,15353.0,1406.0,761.0,268.0,285.744,0.0,4058.8810000000003,1740.223
2053,medium_district,51,CV - Central,,,,,,,,,51,CV - Central,,,27567.0,70382.313,2.553,20875.0,541.0,1802.0,18532.0,25453.255,123.0,418.0,1227.0,575.0,15976.0,1462.0,795.0,299.0,285.59,0.0,2497.575,1795.088
2054,medium_district,51,CV - Central,,,,,,,,,51,CV - Central,,,27591.0,70159.92,2.543,21582.0,552.0,1814.0,19216.0,26158.339,124.0,428.0,1235.0,579.0,16587.0,1502.0,826.0,301.0,285.372,0.0,2488.349,1802.618
2055,medium_district,51,CV - Central,,,,,,,,,51,CV - Central,,,27591.0,69889.28600000001,2.533,22207.0,554.0,1824.0,19829.0,27000.558,124.0,430.0,1245.0,579.0,17143.0,1537.0,848.0,301.0,284.531,0.0,2702.706,1806.332
2056,medium_district,51,CV - Central,,,,,,,,,51,CV - Central,,,27600.0,69634.882,2.523,22806.0,561.0,1833.0,20412.0,27477.892,124.0,437.0,1253.0,580.0,17663.0,1575.0,873.0,301.0,284.533,0.0,2577.465,1809.894
2057,medium_district,51,CV - Central,,,,,,,,,51,CV - Central,,,27618.0,69864.509,2.53,23338.0,566.0,1840.0,20932.0,28175.911,124.0,442.0,1260.0,580.0,18131.0,1604.0,896.0,301.0,282.663,0.0,2725.727,1829.509
2058,medium_district,51,CV - Central,,,,,,,,,51,CV - Central,,,27634.0,70730.887,2.56,23819.0,572.0,1851.0,21396.0,28754.423,124.0,448.0,1271.0,580.0,18550.0,1629.0,916.0,301.0,281.737,0.0,2794.109,1859.576
2059,medium_district,51,CV - Central,,,,,,,,,51,CV - Central,,,27633.0,71448.48,2.586,24275.0,576.0,1859.0,21840.0,29146.124,124.0,452.0,1279.0,580.0,18949.0,1654.0,936.0,301.0,281.769,0.0,2703.994,1885.376
2060,medium_district,51,CV - Central,,,,,,,,,51,CV - Central,,,27657.0,72303.849,2.614,24682.0,581.0,1868.0,22233.0,29627.397,124.0,457.0,1288.0,580.0,19299.0,1685.0,948.0,301.0,280.842,0.0,2745.046,1919.507
2061,medium_district,51,CV - Central,,,,,,,,,51,CV - Central,,,27656.0,73224.835,2.648,24960.0,585.0,1872.0,22503.0,29894.662,124.0,461.0,1292.0,580.0,19552.0,1696.0,954.0,301.0,279.589,0.0,2699.178,1955.896
2062,medium_district,51,CV - Central,,,,,,,,,51,CV - Central,,,27669.0,74065.784,2.677,25168.0,589.0,1878.0,22701.0,30242.396,124.0,465.0,1298.0,580.0,19731.0,1708.0,961.0,301.0,279.36400000000003,0.0,2809.383,1985.644
2063,medium_district,51,CV - Central,,,,,,,,,51,CV - Central,,,27675.0,74908.321,2.707,25408.0,592.0,1882.0,22934.0,30521.819,124.0,468.0,1302.0,580.0,19934.0,1728.0,971.0,301.0,279.306,0.0,2817.255,2017.259
2064,medium_district,51,CV - Central,,,,,,,,,51,CV - Central,,,27674.0,75777.122,2.738,25579.0,594.0,1883.0,23102.0,30777.263,124.0,470.0,1303.0,580.0,20081.0,1744.0,976.0,301.0,278.456,0.0,2872.276,2047.536
2065,medium_district,51,CV - Central,,,,,,,,,51,CV - Central,,,27674.0,76575.005,2.767,25828.0,597.0,1889.0,23342.0,31105.47,124.0,473.0,1309.0,580.0,20292.0,1766.0,983.0,301.0,275.652,0.0,2924.347,2077.465
2023,medium_district,52,CV - North,,,,,,,,,52,CV - North,,,5063.0,20817.103,4.112,1132.0,84.0,19.0,1029.0,2383.369,70.0,14.0,15.0,4.0,318.0,604.0,35.0,72.0,325.581,0.0,600.375,325.415
2024,medium_district,52,CV - North,,,,,,,,,52,CV - North,,,5641.0,22495.065,3.988,1302.0,93.0,117.0,1092.0,2894.16,69.0,24.0,20.0,97.0,312.0,652.0,48.0,80.0,326.588,0.0,919.867,345.709
2025,medium_district,52,CV - North,,,,,,,,,52,CV - North,,,6114.0,23644.941,3.867,1500.0,104.0,126.0,1270.0,2774.494,71.0,33.0,23.0,103.0,448.0,681.0,57.0,84.0,325.474,0.0,544.326,404.69
2026,medium_district,52,CV - North,,,,,,,,,52,CV - North,,,6646.0,24895.866,3.746,1601.0,124.0,148.0,1329.0,2834.886,83.0,41.0,25.0,123.0,448.0,702.0,66.0,113.0,326.483,0.0,469.216,438.184
2027,medium_district,52,CV - North,,,,,,,,,52,CV - North,,,7043.0,25699.09,3.649,1700.0,139.0,186.0,1375.0,3187.665,94.0,45.0,32.0,154.0,448.0,717.0,70.0,140.0,323.637,0.0,705.453,458.567
2028,medium_district,52,CV - North,,,,,,,,,52,CV - North,,,7385.0,26388.329,3.573,1760.0,148.0,188.0,1424.0,3190.4030000000002,96.0,52.0,32.0,156.0,469.0,733.0,75.0,147.0,322.306,0.0,631.415,476.688
2029,medium_district,52,CV - North,,,,,,,,,52,CV - North,,,7944.0,27629.541,3.478,1869.0,150.0,194.0,1525.0,4181.254,97.0,53.0,35.0,159.0,539.0,754.0,77.0,155.0,320.656,0.0,1480.966,510.624
2030,medium_district,52,CV - North,,,,,,,,,52,CV - North,,,8390.0,28575.141,3.406,2057.0,168.0,237.0,1652.0,4084.712,114.0,54.0,42.0,195.0,595.0,776.0,89.0,192.0,318.419,0.0,1173.832,535.467
2031,medium_district,52,CV - North,,,,,,,,,52,CV - North,,,8848.0,29590.601,3.344,2265.0,184.0,279.0,1802.0,4504.187,129.0,55.0,50.0,229.0,703.0,783.0,97.0,219.0,318.154,0.0,1356.577,564.454
2032,medium_district,52,CV - North,,,,,,,,,52,CV - North,,,9136.0,30092.61,3.294,2617.0,216.0,420.0,1981.0,4440.03,159.0,57.0,61.0,359.0,797.0,786.0,123.0,275.0,318.264,0.0,924.856,579.911
2033,medium_district,52,CV - North,,,,,,,,,52,CV - North,,,9384.0,30562.636000000002,3.257,2910.0,263.0,464.0,2183.0,5007.086,196.0,67.0,70.0,394.0,857.0,789.0,158.0,379.0,318.968,0.0,1182.659,595.454
2034,medium_district,52,CV - North,,,,,,,,,52,CV - North,,,9639.0,31050.926,3.221,3444.0,349.0,537.0,2558.0,5551.725,238.0,111.0,77.0,460.0,1034.0,801.0,197.0,526.0,322.48,0.0,1162.767,622.487
2035,medium_district,52,CV - North,,,,,,,,,52,CV - North,,,10129.0,32209.582,3.18,3608.0,344.0,543.0,2721.0,6531.258,238.0,106.0,86.0,457.0,1180.0,803.0,216.0,522.0,321.117,0.0,1956.555,645.59
2036,medium_district,52,CV - North,,,,,,,,,52,CV - North,,,10716.0,33559.259,3.132,4124.0,361.0,555.0,3208.0,7576.555,239.0,122.0,98.0,457.0,1641.0,805.0,231.0,531.0,318.735,0.0,2453.204,680.609
2037,medium_district,52,CV - North,,,,,,,,,52,CV - North,,,11006.0,33919.572,3.082,4294.0,474.0,689.0,3131.0,8066.668,296.0,178.0,123.0,566.0,1324.0,836.0,259.0,712.0,321.343,0.0,2747.913,703.421
2038,medium_district,52,CV - North,,,,,,,,,52,CV - North,,,11782.0,35817.571,3.04,4756.0,554.0,806.0,3396.0,8322.594,363.0,191.0,139.0,667.0,1325.0,863.0,311.0,897.0,319.447,0.0,2491.828,755.337
2039,medium_district,52,CV - North,,,,,,,,,52,CV - North,,,12586.0,37713.168,2.996,5382.0,639.0,981.0,3762.0,9092.935,430.0,209.0,161.0,820.0,1419.0,907.0,369.0,1067.0,317.076,0.0,2586.649,807.213
2040,medium_district,52,CV - North,,,,,,,,,52,CV - North,,,13481.0,39820.622,2.954,6287.0,845.0,1134.0,4308.0,9969.988,504.0,341.0,189.0,945.0,1595.0,983.0,470.0,1260.0,317.726,0.0,2497.404,867.855
2041,medium_district,52,CV - North,,,,,,,,,52,CV - North,,,14280.0,41689.672,2.919,6949.0,988.0,1292.0,4669.0,10237.192,560.0,428.0,220.0,1072.0,1686.0,1049.0,527.0,1407.0,319.851,0.0,2047.773,920.574
2042,medium_district,52,CV - North,,,,,,,,,52,CV - North,,,15071.0,43514.695999999996,2.887,7548.0,1065.0,1475.0,5008.0,10838.354,592.0,473.0,236.0,1239.0,1811.0,1090.0,566.0,1541.0,320.035,0.0,1999.379,970.952
2043,medium_district,52,CV - North,,,,,,,,,52,CV - North,,,15615.0,44785.505,2.868,8307.0,1159.0,1678.0,5470.0,11178.652,646.0,513.0,260.0,1418.0,2059.0,1139.0,610.0,1662.0,320.587,0.0,1544.579,1006.4730000000001
2044,medium_district,52,CV - North,,,,,,,,,52,CV - North,,,16188.0,46066.28,2.846,9198.0,1228.0,1807.0,6163.0,12660.62,685.0,543.0,280.0,1527.0,2558.0,1201.0,665.0,1739.0,319.509,0.0,2096.905,1046.222
2045,medium_district,52,CV - North,,,,,,,,,52,CV - North,,,16808.0,47498.941,2.826,10060.0,1322.0,2001.0,6737.0,13565.178,755.0,567.0,299.0,1702.0,2862.0,1285.0,740.0,1850.0,320.089,0.0,2096.687,1088.408
2046,medium_district,52,CV - North,,,,,,,,,52,CV - North,,,17308.0,48572.289000000004,2.806,10895.0,1414.0,2170.0,7311.0,14776.975,830.0,584.0,330.0,1840.0,3116.0,1379.0,809.0,2007.0,320.429,0.0,2441.591,1119.961
2047,medium_district,52,CV - North,,,,,,,,,52,CV - North,,,17946.0,50041.115,2.788,11905.0,1541.0,2307.0,8057.0,15822.301,940.0,601.0,356.0,1951.0,3503.0,1500.0,883.0,2171.0,323.10699999999997,0.0,2432.582,1161.619
2048,medium_district,52,CV - North,,,,,,,,,52,CV - North,,,18612.0,51604.739,2.773,13228.0,1632.0,2465.0,9131.0,17234.789,1006.0,626.0,398.0,2067.0,4272.0,1621.0,956.0,2282.0,324.6,0.0,2476.251,1205.962
2049,medium_district,52,CV - North,,,,,,,,,52,CV - North,,,19311.0,53210.076,2.755,14350.0,1713.0,2601.0,10036.0,18427.443,1068.0,645.0,432.0,2169.0,4905.0,1733.0,1028.0,2370.0,325.411,0.0,2501.258,1250.787
2050,medium_district,52,CV - North,,,,,,,,,52,CV - North,,,20720.0,56840.73,2.743,15361.0,1784.0,2773.0,10804.0,21496.804,1126.0,658.0,472.0,2301.0,5437.0,1821.0,1093.0,2453.0,316.651,0.0,4477.227,1341.915
2051,medium_district,52,CV - North,,,,,,,,,52,CV - North,,,22670.0,62159.461,2.742,16172.0,1831.0,2933.0,11408.0,23541.397,1162.0,669.0,494.0,2439.0,5844.0,1903.0,1141.0,2520.0,301.031,0.0,5600.319,1468.046
2052,medium_district,52,CV - North,,,,,,,,,52,CV - North,,,25258.0,69148.098,2.738,17016.0,1892.0,3078.0,12046.0,26640.239,1207.0,685.0,515.0,2563.0,6297.0,1974.0,1180.0,2595.0,262.441,0.0,7718.589,1643.21
2053,medium_district,52,CV - North,,,,,,,,,52,CV - North,,,27475.0,75090.859,2.733,17463.0,1983.0,3140.0,12340.0,23388.235,1282.0,701.0,534.0,2606.0,6328.0,2065.0,1226.0,2721.0,252.168,0.0,3880.985,1792.091
2054,medium_district,52,CV - North,,,,,,,,,52,CV - North,,,28298.0,76996.91,2.721,18003.0,2083.0,3221.0,12699.0,22587.513,1373.0,710.0,546.0,2675.0,6398.0,2170.0,1281.0,2850.0,251.981,0.0,2486.904,1845.636
2055,medium_district,52,CV - North,,,,,,,,,52,CV - North,,,28891.0,78186.567,2.706,18572.0,2168.0,3365.0,13039.0,23217.764,1446.0,722.0,565.0,2800.0,6475.0,2260.0,1341.0,2963.0,251.119,0.0,2501.309,1893.339
2056,medium_district,52,CV - North,,,,,,,,,52,CV - North,,,29209.0,78664.421,2.693,19325.0,2246.0,3581.0,13498.0,24156.581,1512.0,734.0,586.0,2995.0,6611.0,2376.0,1414.0,3097.0,251.12099999999998,0.0,2663.578,1916.892
2057,medium_district,52,CV - North,,,,,,,,,52,CV - North,,,29322.0,79150.239,2.699,20104.0,2312.0,3764.0,14028.0,25012.646,1565.0,747.0,604.0,3160.0,6840.0,2473.0,1483.0,3232.0,249.22799999999998,0.0,2723.924,1935.48
2058,medium_district,52,CV - North,,,,,,,,,52,CV - North,,,29321.0,80137.192,2.733,21025.0,2382.0,3985.0,14658.0,26107.916,1618.0,764.0,634.0,3351.0,7159.0,2576.0,1552.0,3371.0,248.288,0.0,2863.069,1971.55
2059,medium_district,52,CV - North,,,,,,,,,52,CV - North,,,29320.0,80984.67,2.762,21960.0,2446.0,4204.0,15310.0,26897.321,1669.0,777.0,660.0,3544.0,7580.0,2657.0,1601.0,3472.0,248.32500000000002,0.0,2688.616,2000.398
2060,medium_district,52,CV - North,,,,,,,,,52,CV - North,,,29320.0,81944.821,2.795,22884.0,2514.0,4381.0,15989.0,28065.172,1727.0,787.0,689.0,3692.0,8032.0,2734.0,1661.0,3562.0,246.372,0.0,2902.313,2032.478
2061,medium_district,52,CV - North,,,,,,,,,52,CV - North,,,29319.0,83031.922,2.832,23934.0,2604.0,4570.0,16760.0,29473.650999999998,1778.0,826.0,706.0,3864.0,8536.0,2822.0,1724.0,3678.0,245.146,0.0,3226.608,2067.895
2062,medium_district,52,CV - North,,,,,,,,,52,CV - North,,,29328.0,84003.616,2.864,25014.0,2688.0,4773.0,17553.0,30489.884000000002,1842.0,846.0,734.0,4039.0,9093.0,2905.0,1785.0,3770.0,244.945,0.0,3123.249,2107.686
2063,medium_district,52,CV - North,,,,,,,,,52,CV - North,,,29336.0,84986.868,2.897,25998.0,2742.0,4941.0,18315.0,31639.735,1883.0,859.0,757.0,4184.0,9637.0,2997.0,1839.0,3842.0,244.899,0.0,3262.558,2134.283
2064,medium_district,52,CV - North,,,,,,,,,52,CV - North,,,29336.0,86015.625,2.932,26975.0,2798.0,5084.0,19093.0,32713.292999999998,1925.0,873.0,775.0,4309.0,10190.0,3095.0,1908.0,3900.0,245.043,0.0,3320.689,2172.564
2065,medium_district,52,CV - North,,,,,,,,,52,CV - North,,,29346.0,86964.907,2.963,27873.0,2856.0,5236.0,19781.0,33446.868,1971.0,885.0,801.0,4435.0,10661.0,3189.0,1965.0,3966.0,245.24800000000002,0.0,3124.178,2204.436
2023,medium_district,53,UV - Jordan River West,,,,,,,,,53,UV - Jordan River West,,,23531.0,84812.177,3.604,16282.0,4804.0,554.0,10924.0,23022.714,3012.0,1792.0,238.0,316.0,1174.0,2909.0,912.0,5929.0,120.96000000000001,0.0,5106.828,1512.926
2024,medium_district,53,UV - Jordan River West,,,,,,,,,53,UV - Jordan River West,,,24828.0,88389.025,3.56,17096.0,4851.0,651.0,11594.0,23045.328999999998,2983.0,1868.0,278.0,373.0,1153.0,3153.0,1228.0,6060.0,117.936,0.0,4297.241,1534.151
2025,medium_district,53,UV - Jordan River West,,,,,,,,,53,UV - Jordan River West,,,26663.0,93457.815,3.505,18493.0,5070.0,767.0,12656.0,23285.613,3144.0,1926.0,343.0,424.0,1275.0,3387.0,1486.0,6508.0,116.891,0.0,2899.688,1776.035
2026,medium_district,53,UV - Jordan River West,,,,,,,,,53,UV - Jordan River West,,,28587.0,98743.245,3.454,19409.0,5205.0,805.0,13399.0,24395.902,3214.0,1991.0,363.0,442.0,1275.0,3579.0,1683.0,6862.0,110.845,0.0,2990.25,1885.803
2027,medium_district,53,UV - Jordan River West,,,,,,,,,53,UV - Jordan River West,,,30650.0,104492.643,3.409,20348.0,5416.0,868.0,14064.0,25996.401,3373.0,2043.0,414.0,454.0,1273.0,3756.0,1831.0,7204.0,107.872,0.0,3537.017,2003.489
2028,medium_district,53,UV - Jordan River West,,,,,,,,,53,UV - Jordan River West,,,32380.0,108842.991,3.361,21215.0,5545.0,928.0,14742.0,27853.197,3462.0,2083.0,454.0,474.0,1314.0,3930.0,1957.0,7541.0,105.75099999999999,0.0,4434.412,2098.0190000000002
2029,medium_district,53,UV - Jordan River West,,,,,,,,,53,UV - Jordan River West,,,34026.0,112868.384,3.317,22140.0,5641.0,1031.0,15468.0,29431.091,3537.0,2104.0,503.0,528.0,1401.0,4079.0,2066.0,7922.0,99.824,0.0,4996.572,2194.696
2030,medium_district,53,UV - Jordan River West,,,,,,,,,53,UV - Jordan River West,,,35675.0,116987.182,3.279,22909.0,5779.0,1133.0,15997.0,30548.922,3666.0,2113.0,569.0,564.0,1404.0,4166.0,2178.0,8249.0,97.05199999999999,0.0,5252.889,2289.985
2031,medium_district,53,UV - Jordan River West,,,,,,,,,53,UV - Jordan River West,,,37390.0,121255.712,3.243,23762.0,5947.0,1320.0,16495.0,31867.646,3841.0,2106.0,646.0,674.0,1427.0,4199.0,2295.0,8574.0,92.92,0.0,5622.82,2389.894
2032,medium_district,53,UV - Jordan River West,,,,,,,,,53,UV - Jordan River West,,,39188.0,125637.24,3.206,24540.0,6083.0,1406.0,17051.0,33117.242,3967.0,2116.0,715.0,691.0,1427.0,4214.0,2449.0,8961.0,88.907,0.0,5985.715,2502.614
2033,medium_district,53,UV - Jordan River West,,,,,,,,,53,UV - Jordan River West,,,40871.0,129700.938,3.173,25219.0,6223.0,1468.0,17528.0,33307.333,4082.0,2141.0,771.0,697.0,1426.0,4221.0,2570.0,9311.0,87.533,0.0,5388.82,2611.968
2034,medium_district,53,UV - Jordan River West,,,,,,,,,53,UV - Jordan River West,,,42431.0,133444.737,3.145,26305.0,6475.0,1576.0,18254.0,34583.192,4205.0,2270.0,819.0,757.0,1408.0,4270.0,2717.0,9859.0,81.88999999999999,0.0,5457.182,2739.131
2035,medium_district,53,UV - Jordan River West,,,,,,,,,53,UV - Jordan River West,,,44109.0,137545.698,3.118,26389.0,6423.0,1608.0,18358.0,35316.759,4218.0,2205.0,857.0,751.0,1518.0,4265.0,2779.0,9796.0,78.774,0.0,6033.43,2815.565
2036,medium_district,53,UV - Jordan River West,,,,,,,,,53,UV - Jordan River West,,,45687.0,141303.858,3.093,27005.0,6529.0,1652.0,18824.0,35437.26,4295.0,2234.0,902.0,750.0,1614.0,4280.0,2890.0,10040.0,78.67699999999999,0.0,5435.979,2917.595
2037,medium_district,53,UV - Jordan River West,,,,,,,,,53,UV - Jordan River West,,,47979.0,147159.173,3.067,27492.0,6594.0,1653.0,19245.0,36505.933,4297.0,2297.0,1001.0,652.0,1702.0,4319.0,2936.0,10288.0,76.55499999999999,0.0,5870.556,3066.831
2038,medium_district,53,UV - Jordan River West,,,,,,,,,53,UV - Jordan River West,,,49771.0,151556.875,3.045,28247.0,6744.0,1724.0,19779.0,38318.039,4414.0,2330.0,1072.0,652.0,1702.0,4377.0,3043.0,10657.0,74.81299999999999,0.0,6805.803,3190.424
2039,medium_district,53,UV - Jordan River West,,,,,,,,,53,UV - Jordan River West,,,51931.0,156963.169,3.023,29052.0,6913.0,1782.0,20357.0,40102.179000000004,4533.0,2380.0,1130.0,652.0,1702.0,4478.0,3153.0,11024.0,74.732,0.0,7640.589,3334.868
2040,medium_district,53,UV - Jordan River West,,,,,,,,,53,UV - Jordan River West,,,53741.0,161459.253,3.004,29784.0,7065.0,1840.0,20879.0,38922.529,4662.0,2403.0,1188.0,652.0,1702.0,4558.0,3259.0,11360.0,75.654,0.0,5602.461,3460.411
2041,medium_district,53,UV - Jordan River West,,,,,,,,,53,UV - Jordan River West,,,56170.0,167816.451,2.988,30612.0,7237.0,1909.0,21466.0,42255.971,4803.0,2434.0,1257.0,652.0,1702.0,4651.0,3365.0,11748.0,73.657,0.0,7954.059,3616.253
2042,medium_district,53,UV - Jordan River West,,,,,,,,,53,UV - Jordan River West,,,58168.0,172814.876,2.971,31334.0,7393.0,1953.0,21988.0,41218.394,4926.0,2467.0,1301.0,652.0,1666.0,4752.0,3487.0,12083.0,71.687,0.0,6069.062,3743.659
2043,medium_district,53,UV - Jordan River West,,,,,,,,,53,UV - Jordan River West,,,60096.0,177458.578,2.953,32073.0,7575.0,2020.0,22478.0,42544.617,5069.0,2506.0,1358.0,662.0,1666.0,4850.0,3577.0,12385.0,71.572,0.0,6530.188,3869.8540000000003
2044,medium_district,53,UV - Jordan River West,,,,,,,,,53,UV - Jordan River West,,,61788.0,181525.196,2.938,32813.0,7711.0,2078.0,23024.0,42881.774,5170.0,2541.0,1379.0,699.0,1673.0,4961.0,3715.0,12675.0,70.55799999999999,0.0,6015.565,3982.656
2045,medium_district,53,UV - Jordan River West,,,,,,,,,53,UV - Jordan River West,,,63583.0,185715.723,2.921,33658.0,7881.0,2125.0,23652.0,44101.202,5294.0,2587.0,1424.0,701.0,1671.0,5086.0,3912.0,12983.0,69.46,0.0,6269.184,4104.56
2046,medium_district,53,UV - Jordan River West,,,,,,,,,53,UV - Jordan River West,,,65436.0,190097.258,2.905,34365.0,8023.0,2161.0,24181.0,45152.224,5414.0,2609.0,1462.0,699.0,1665.0,5242.0,4034.0,13240.0,67.515,0.0,6494.87,4224.847
2047,medium_district,53,UV - Jordan River West,,,,,,,,,53,UV - Jordan River West,,,66988.0,193420.827,2.887,35034.0,8160.0,2207.0,24667.0,45470.443,5525.0,2635.0,1508.0,699.0,1665.0,5375.0,4149.0,13478.0,68.452,0.0,6037.42,4330.585
2048,medium_district,53,UV - Jordan River West,,,,,,,,,53,UV - Jordan River West,,,68181.0,195828.876,2.872,35760.0,8327.0,2267.0,25166.0,45076.767,5658.0,2669.0,1566.0,701.0,1657.0,5524.0,4282.0,13703.0,68.339,0.0,4831.592,4416.848
2049,medium_district,53,UV - Jordan River West,,,,,,,,,53,UV - Jordan River West,,,69273.0,198001.507,2.858,36595.0,8502.0,2352.0,25741.0,45847.038,5799.0,2703.0,1640.0,712.0,1658.0,5711.0,4375.0,13997.0,70.301,0.0,4691.517,4490.222
2050,medium_district,53,UV - Jordan River West,,,,,,,,,53,UV - Jordan River West,,,69876.0,198819.165,2.845,37398.0,8654.0,2417.0,26327.0,45557.303,5924.0,2730.0,1703.0,714.0,1658.0,5930.0,4471.0,14268.0,71.593,0.0,3554.008,4533.689
2051,medium_district,53,UV - Jordan River West,,,,,,,,,53,UV - Jordan River West,,,70269.0,199065.024,2.833,38181.0,8821.0,2507.0,26853.0,46865.584,6061.0,2760.0,1788.0,719.0,1661.0,6094.0,4575.0,14523.0,73.74000000000001,0.0,4044.682,4566.15
2052,medium_district,53,UV - Jordan River West,,,,,,,,,53,UV - Jordan River West,,,70571.0,199033.355,2.82,38990.0,8968.0,2576.0,27446.0,47818.122,6184.0,2784.0,1848.0,728.0,1666.0,6324.0,4685.0,14771.0,79.037,0.0,4157.481,4591.604
2053,medium_district,53,UV - Jordan River West,,,,,,,,,53,UV - Jordan River West,,,70852.0,198853.859,2.807,39793.0,9150.0,2621.0,28022.0,49680.231,6330.0,2820.0,1893.0,728.0,1666.0,6535.0,4803.0,15018.0,80.00399999999999,0.0,5189.413,4617.807
2054,medium_district,53,UV - Jordan River West,,,,,,,,,53,UV - Jordan River West,,,71537.0,199777.606,2.793,40560.0,9291.0,2682.0,28587.0,51155.11,6456.0,2835.0,1954.0,728.0,1666.0,6749.0,4947.0,15225.0,79.94800000000001,0.0,5838.558,4676.609
2055,medium_district,53,UV - Jordan River West,,,,,,,,,53,UV - Jordan River West,,,72084.0,200379.493,2.78,41328.0,9457.0,2726.0,29145.0,51925.123999999996,6590.0,2867.0,1998.0,728.0,1666.0,6946.0,5071.0,15462.0,78.98599999999999,0.0,5796.283,4721.871
2056,medium_district,53,UV - Jordan River West,,,,,,,,,53,UV - Jordan River West,,,72383.0,200297.586,2.767,42109.0,9590.0,2773.0,29746.0,52684.213,6701.0,2889.0,2045.0,728.0,1666.0,7163.0,5208.0,15709.0,78.98599999999999,0.0,5752.52,4743.715
2057,medium_district,53,UV - Jordan River West,,,,,,,,,53,UV - Jordan River West,,,72523.0,201203.55,2.774,42888.0,9700.0,2821.0,30367.0,53914.049,6794.0,2906.0,2093.0,728.0,1666.0,7361.0,5355.0,15985.0,79.01899999999999,0.0,6156.297,4790.725
2058,medium_district,53,UV - Jordan River West,,,,,,,,,53,UV - Jordan River West,,,72549.0,203813.158,2.809,43628.0,9825.0,2879.0,30924.0,54632.938,6901.0,2924.0,2151.0,728.0,1666.0,7545.0,5488.0,16225.0,79.042,0.0,6052.018,4873.868
2059,medium_district,53,UV - Jordan River West,,,,,,,,,53,UV - Jordan River West,,,72645.0,206210.795,2.839,44170.0,9846.0,2928.0,31396.0,55520.837,6953.0,2893.0,2198.0,730.0,1661.0,7698.0,5605.0,16432.0,79.06400000000001,0.0,6317.794,4953.985
2060,medium_district,53,UV - Jordan River West,,,,,,,,,53,UV - Jordan River West,,,72814.0,209053.815,2.871,44343.0,9726.0,2962.0,31655.0,56044.487,6854.0,2872.0,2228.0,734.0,1638.0,7831.0,5710.0,16476.0,79.087,0.0,6570.67,5051.721
2061,medium_district,53,UV - Jordan River West,,,,,,,,,53,UV - Jordan River West,,,72865.0,211988.977,2.909,45129.0,9889.0,2999.0,32241.0,57065.916,6968.0,2921.0,2265.0,734.0,1631.0,8004.0,5845.0,16761.0,79.014,0.0,6717.175,5140.715999999999
2062,medium_district,53,UV - Jordan River West,,,,,,,,,53,UV - Jordan River West,,,73091.0,214957.339,2.941,45588.0,9887.0,3076.0,32625.0,57750.968,6971.0,2916.0,2320.0,756.0,1610.0,8164.0,5970.0,16881.0,78.946,0.0,6845.32,5238.692
2063,medium_district,53,UV - Jordan River West,,,,,,,,,53,UV - Jordan River West,,,73531.0,218395.343,2.97,46219.0,10010.0,3126.0,33083.0,58772.997,7067.0,2943.0,2370.0,756.0,1560.0,8341.0,6088.0,17094.0,75.9,0.0,7121.39,5356.706
2064,medium_district,53,UV - Jordan River West,,,,,,,,,53,UV - Jordan River West,,,73556.0,221105.815,3.006,47050.0,10162.0,3191.0,33697.0,59099.764,7198.0,2964.0,2432.0,759.0,1560.0,8531.0,6243.0,17363.0,75.948,0.0,6526.411,5447.416
2065,medium_district,53,UV - Jordan River West,,,,,,,,,53,UV - Jordan River West,,,73574.0,223578.849,3.039,47909.0,10344.0,3266.0,34299.0,60228.199,7355.0,2989.0,2492.0,774.0,1562.0,8729.0,6372.0,17636.0,74.988,0.0,6712.621,5531.589
2023,medium_district,54,UV - Thanksgiving Point,,,,,,,,,54,UV - Thanksgiving Point,,,11607.0,38949.262,3.356,41578.0,6684.0,2843.0,32051.0,45384.999,4075.0,2609.0,1671.0,1172.0,13606.0,2621.0,2899.0,12925.0,13.104,285.478,2761.47,746.949
2024,medium_district,54,UV - Thanksgiving Point,,,,,,,,,54,UV - Thanksgiving Point,,,11946.0,39622.129,3.317,42206.0,6725.0,2912.0,32569.0,46273.442,4035.0,2690.0,1692.0,1220.0,13361.0,2820.0,3415.0,12973.0,13.104,312.343,3005.478,736.514
2025,medium_district,54,UV - Thanksgiving Point,,,,,,,,,54,UV - Thanksgiving Point,,,12501.0,40891.676,3.271,43313.0,6910.0,2971.0,33432.0,47583.738,4161.0,2749.0,1751.0,1220.0,13410.0,3003.0,3779.0,13240.0,12.094000000000001,311.372,3115.8559999999998,831.422
2026,medium_district,54,UV - Thanksgiving Point,,,,,,,,,54,UV - Thanksgiving Point,,,13098.0,42237.981,3.225,44306.0,7044.0,3046.0,34216.0,48708.836,4213.0,2831.0,1790.0,1256.0,13410.0,3166.0,4140.0,13500.0,12.094000000000001,322.377,3202.996,865.371
2027,medium_district,54,UV - Thanksgiving Point,,,,,,,,,54,UV - Thanksgiving Point,,,13791.0,43860.954,3.18,45207.0,7211.0,3100.0,34896.0,49605.191,4334.0,2877.0,1824.0,1276.0,13389.0,3324.0,4458.0,13725.0,11.088000000000001,329.82099999999997,3153.152,904.122
2028,medium_district,54,UV - Thanksgiving Point,,,,,,,,,54,UV - Thanksgiving Point,,,14611.0,45995.242,3.148,46015.0,7325.0,3118.0,35572.0,50857.435,4408.0,2917.0,1842.0,1276.0,13389.0,3434.0,4718.0,14031.0,10.069999999999999,316.55,3568.447,947.364
2029,medium_district,54,UV - Thanksgiving Point,,,,,,,,,54,UV - Thanksgiving Point,,,15211.0,47419.801,3.117,46888.0,7447.0,3166.0,36275.0,51443.072,4508.0,2939.0,1890.0,1276.0,13389.0,3535.0,4965.0,14386.0,9.073,299.07300000000004,3266.717,980.199
2030,medium_district,54,UV - Thanksgiving Point,,,,,,,,,54,UV - Thanksgiving Point,,,15773.0,48658.314,3.085,47666.0,7572.0,3229.0,36865.0,52285.62,4622.0,2950.0,1953.0,1276.0,13389.0,3590.0,5217.0,14669.0,8.088,294.218,3306.436,1010.879
2031,medium_district,54,UV - Thanksgiving Point,,,,,,,,,54,UV - Thanksgiving Point,,,16330.0,49928.842,3.057,48299.0,7666.0,3265.0,37368.0,53189.611,4721.0,2945.0,1989.0,1276.0,13388.0,3612.0,5464.0,14904.0,8.08,296.483,3546.221,1039.829
2032,medium_district,54,UV - Thanksgiving Point,,,,,,,,,54,UV - Thanksgiving Point,,,16838.0,51062.377,3.033,48982.0,7763.0,3304.0,37915.0,53703.387,4807.0,2956.0,2028.0,1276.0,13388.0,3627.0,5720.0,15180.0,8.08,311.372,3330.101,1071.837
2033,medium_district,54,UV - Thanksgiving Point,,,,,,,,,54,UV - Thanksgiving Point,,,17229.0,51860.225,3.01,49538.0,7843.0,3345.0,38350.0,54283.465,4865.0,2978.0,2069.0,1276.0,13388.0,3633.0,5915.0,15414.0,7.042,326.585,3315.007,1096.829
2034,medium_district,54,UV - Thanksgiving Point,,,,,,,,,54,UV - Thanksgiving Point,,,17604.0,52629.998,2.99,50320.0,8012.0,3369.0,38939.0,55318.186,4928.0,3084.0,2093.0,1276.0,13388.0,3653.0,6128.0,15770.0,7.076999999999999,339.85499999999996,3524.384,1126.874
2035,medium_district,54,UV - Thanksgiving Point,,,,,,,,,54,UV - Thanksgiving Point,,,17882.0,53127.184,2.971,50241.0,7931.0,3377.0,38933.0,54825.063,4941.0,2990.0,2114.0,1263.0,13388.0,3647.0,6251.0,15647.0,7.07,344.71,3095.248,1137.036
2036,medium_district,54,UV - Thanksgiving Point,,,,,,,,,54,UV - Thanksgiving Point,,,18095.0,53428.912,2.953,50744.0,8034.0,3411.0,39299.0,55349.291,5004.0,3030.0,2148.0,1263.0,13388.0,3657.0,6401.0,15853.0,7.062999999999999,342.444,3102.759,1153.027
2037,medium_district,54,UV - Thanksgiving Point,,,,,,,,,54,UV - Thanksgiving Point,,,18509.0,54191.855,2.928,50534.0,7982.0,3356.0,39196.0,55004.899,4974.0,3008.0,2121.0,1235.0,13346.0,3636.0,6349.0,15865.0,7.0489999999999995,339.531,2943.612,1180.703
2038,medium_district,54,UV - Thanksgiving Point,,,,,,,,,54,UV - Thanksgiving Point,,,18632.0,54254.816,2.912,51074.0,8069.0,3380.0,39625.0,55548.718,5032.0,3037.0,2145.0,1235.0,13346.0,3682.0,6502.0,16095.0,7.076999999999999,338.884,2935.224,1193.532
2039,medium_district,54,UV - Thanksgiving Point,,,,,,,,,54,UV - Thanksgiving Point,,,18790.0,54497.668,2.9,51540.0,8140.0,3406.0,39994.0,55902.329,5079.0,3061.0,2171.0,1235.0,13346.0,3732.0,6625.0,16291.0,5.05,338.884,2812.08,1206.315
2040,medium_district,54,UV - Thanksgiving Point,,,,,,,,,54,UV - Thanksgiving Point,,,18982.0,54833.086,2.889,51956.0,8217.0,3440.0,40299.0,56575.021,5146.0,3071.0,2205.0,1235.0,13342.0,3777.0,6751.0,16429.0,5.045,338.884,3056.298,1218.792
2041,medium_district,54,UV - Thanksgiving Point,,,,,,,,,54,UV - Thanksgiving Point,,,19078.0,54886.712,2.877,52363.0,8275.0,3473.0,40615.0,56422.067,5194.0,3081.0,2238.0,1235.0,13342.0,3814.0,6855.0,16604.0,5.045,340.503,2488.757,1224.768
2042,medium_district,54,UV - Thanksgiving Point,,,,,,,,,54,UV - Thanksgiving Point,,,19189.0,54983.904,2.865,52757.0,8320.0,3502.0,40935.0,56929.012,5230.0,3090.0,2267.0,1235.0,13342.0,3862.0,6956.0,16775.0,5.05,343.74,2589.0190000000002,1234.211
2043,medium_district,54,UV - Thanksgiving Point,,,,,,,,,54,UV - Thanksgiving Point,,,19278.0,55042.2,2.855,53082.0,8369.0,3524.0,41189.0,57167.444,5260.0,3109.0,2289.0,1235.0,13342.0,3911.0,7049.0,16887.0,5.04,346.652,2493.161,1240.592
2044,medium_district,54,UV - Thanksgiving Point,,,,,,,,,54,UV - Thanksgiving Point,,,19408.0,55208.16,2.845,53402.0,8424.0,3537.0,41441.0,57682.469,5302.0,3122.0,2302.0,1235.0,13342.0,3954.0,7130.0,17015.0,5.04,346.328,2677.636,1251.466
2045,medium_district,54,UV - Thanksgiving Point,,,,,,,,,54,UV - Thanksgiving Point,,,19490.0,55247.355,2.835,53744.0,8474.0,3556.0,41714.0,57673.606,5336.0,3138.0,2321.0,1235.0,13342.0,4006.0,7238.0,17128.0,5.034999999999999,345.358,2321.741,1257.475
2046,medium_district,54,UV - Thanksgiving Point,,,,,,,,,54,UV - Thanksgiving Point,,,19584.0,55318.281,2.825,53986.0,8507.0,3580.0,41899.0,57989.969,5366.0,3141.0,2345.0,1235.0,13342.0,4051.0,7292.0,17214.0,5.04,345.358,2390.621,1262.95
2047,medium_district,54,UV - Thanksgiving Point,,,,,,,,,54,UV - Thanksgiving Point,,,19705.0,55443.244,2.814,54187.0,8537.0,3581.0,42069.0,58316.320999999996,5390.0,3147.0,2346.0,1235.0,13340.0,4093.0,7353.0,17283.0,5.034999999999999,347.299,2505.406,1271.584
2048,medium_district,54,UV - Thanksgiving Point,,,,,,,,,54,UV - Thanksgiving Point,,,19800.0,55499.368,2.803,54501.0,8585.0,3605.0,42311.0,58692.975,5424.0,3161.0,2370.0,1235.0,13340.0,4144.0,7422.0,17405.0,5.0249999999999995,350.85900000000004,2554.14,1281.953
2049,medium_district,54,UV - Thanksgiving Point,,,,,,,,,54,UV - Thanksgiving Point,,,19875.0,55493.324,2.792,54762.0,8616.0,3624.0,42522.0,58913.667,5461.0,3155.0,2389.0,1235.0,13340.0,4200.0,7498.0,17484.0,5.02,354.096,2505.777,1286.773
2050,medium_district,54,UV - Thanksgiving Point,,,,,,,,,54,UV - Thanksgiving Point,,,19914.0,55376.051999999996,2.781,55165.0,8694.0,3650.0,42821.0,59517.425,5516.0,3178.0,2415.0,1235.0,13340.0,4282.0,7564.0,17635.0,5.04,357.657,2698.818,1290.912
2051,medium_district,54,UV - Thanksgiving Point,,,,,,,,,54,UV - Thanksgiving Point,,,19955.0,55271.356,2.77,55509.0,8742.0,3674.0,43093.0,59798.592,5555.0,3187.0,2439.0,1235.0,13340.0,4347.0,7647.0,17759.0,7.07,360.569,2627.91,1294.046
2052,medium_district,54,UV - Thanksgiving Point,,,,,,,,,54,UV - Thanksgiving Point,,,20012.0,55161.791,2.756,55868.0,8812.0,3699.0,43357.0,60285.55,5610.0,3202.0,2464.0,1235.0,13340.0,4427.0,7719.0,17871.0,8.105,363.483,2743.793,1302.166
2053,medium_district,54,UV - Thanksgiving Point,,,,,,,,,54,UV - Thanksgiving Point,,,20056.0,55026.391,2.744,56247.0,8874.0,3720.0,43653.0,61472.140999999996,5656.0,3218.0,2485.0,1235.0,13340.0,4520.0,7785.0,18008.0,8.103,367.36699999999996,3539.8740000000003,1309.795
2054,medium_district,54,UV - Thanksgiving Point,,,,,,,,,54,UV - Thanksgiving Point,,,20220.0,55294.543,2.735,56563.0,8928.0,3737.0,43898.0,62061.773,5700.0,3228.0,2502.0,1235.0,13340.0,4604.0,7854.0,18100.0,8.096,369.956,3798.271,1322.455
2055,medium_district,54,UV - Thanksgiving Point,,,,,,,,,54,UV - Thanksgiving Point,,,20487.0,55844.004,2.726,56927.0,8986.0,3764.0,44177.0,62665.941,5750.0,3236.0,2529.0,1235.0,13340.0,4693.0,7925.0,18219.0,8.103,370.927,4016.672,1343.246
2056,medium_district,54,UV - Thanksgiving Point,,,,,,,,,54,UV - Thanksgiving Point,,,20679.0,56157.688,2.716,57295.0,9037.0,3776.0,44482.0,62858.182,5792.0,3245.0,2541.0,1235.0,13340.0,4768.0,8019.0,18355.0,8.103,368.662,3827.499,1358.9189999999999
2057,medium_district,54,UV - Thanksgiving Point,,,,,,,,,54,UV - Thanksgiving Point,,,20924.0,56879.121,2.718,57350.0,9059.0,3786.0,44505.0,63211.185999999994,5810.0,3249.0,2551.0,1235.0,13331.0,4788.0,8057.0,18329.0,8.104,362.188,4111.259,1379.634
2058,medium_district,54,UV - Thanksgiving Point,,,,,,,,,54,UV - Thanksgiving Point,,,21276.0,58316.664000000004,2.741,57562.0,9089.0,3803.0,44670.0,64058.434,5829.0,3260.0,2568.0,1235.0,13321.0,4847.0,8126.0,18376.0,8.105,356.039,4696.617,1435.666
2059,medium_district,54,UV - Thanksgiving Point,,,,,,,,,54,UV - Thanksgiving Point,,,21283.0,58949.343,2.77,57834.0,9125.0,3824.0,44885.0,63518.099,5855.0,3270.0,2589.0,1235.0,13321.0,4899.0,8199.0,18466.0,8.111,351.50800000000004,3874.2,1450.292
2060,medium_district,54,UV - Thanksgiving Point,,,,,,,,,54,UV - Thanksgiving Point,,,21289.0,59666.217,2.803,58289.0,9228.0,3845.0,45216.0,64705.819,5931.0,3297.0,2610.0,1235.0,13320.0,4979.0,8260.0,18657.0,8.112,349.241,4585.834,1473.623
2061,medium_district,54,UV - Thanksgiving Point,,,,,,,,,54,UV - Thanksgiving Point,,,21288.0,60460.463,2.84,58731.0,9351.0,3866.0,45514.0,64718.164,6017.0,3334.0,2631.0,1235.0,13320.0,5041.0,8329.0,18824.0,8.104,347.62300000000005,4131.518,1499.9189999999999
2062,medium_district,54,UV - Thanksgiving Point,,,,,,,,,54,UV - Thanksgiving Point,,,21287.0,61155.598,2.873,59093.0,9431.0,3898.0,45764.0,65167.007,6072.0,3359.0,2663.0,1235.0,13318.0,5112.0,8373.0,18961.0,8.096,346.652,4190.762,1528.494
2063,medium_district,54,UV - Thanksgiving Point,,,,,,,,,54,UV - Thanksgiving Point,,,21287.0,61863.138999999996,2.906,59442.0,9503.0,3920.0,46019.0,65549.919,6134.0,3369.0,2685.0,1235.0,13318.0,5164.0,8460.0,19077.0,8.096,345.68100000000004,4206.943,1547.201
2064,medium_district,54,UV - Thanksgiving Point,,,,,,,,,54,UV - Thanksgiving Point,,,21294.0,62625.240000000005,2.941,59765.0,9568.0,3933.0,46264.0,66013.606,6184.0,3384.0,2698.0,1235.0,13318.0,5219.0,8516.0,19211.0,8.103,345.034,4319.06,1576.411
2065,medium_district,54,UV - Thanksgiving Point,,,,,,,,,54,UV - Thanksgiving Point,,,21305.0,63328.6,2.972,60059.0,9632.0,3948.0,46479.0,66305.84,6236.0,3396.0,2713.0,1235.0,13318.0,5265.0,8565.0,19331.0,8.105,344.386,4290.756,1603.586
2023,medium_district,55,UV - Northeast,,,,,,,,,55,UV - Northeast,,,10862.0,38273.714,3.524,7032.0,1349.0,800.0,4883.0,8986.89,795.0,554.0,219.0,581.0,1729.0,990.0,622.0,1542.0,16.128,0.0,1240.8780000000002,697.888
2024,medium_district,55,UV - Northeast,,,,,,,,,55,UV - Northeast,,,11030.0,38605.691,3.5,7052.0,1348.0,808.0,4896.0,8332.948,793.0,555.0,221.0,587.0,1713.0,1008.0,631.0,1544.0,16.128,0.0,583.42,681.4
2025,medium_district,55,UV - Northeast,,,,,,,,,55,UV - Northeast,,,11425.0,39606.25,3.467,7144.0,1366.0,828.0,4950.0,8948.392,807.0,559.0,228.0,600.0,1717.0,1032.0,640.0,1561.0,16.124,0.0,1029.978,758.295
2026,medium_district,55,UV - Northeast,,,,,,,,,55,UV - Northeast,,,11708.0,40193.655,3.433,7195.0,1377.0,828.0,4990.0,9030.611,811.0,566.0,228.0,600.0,1717.0,1046.0,649.0,1578.0,12.092,0.0,1051.187,772.3290000000001
2027,medium_district,55,UV - Northeast,,,,,,,,,55,UV - Northeast,,,11974.0,40576.498,3.389,7231.0,1383.0,831.0,5017.0,9038.18,815.0,568.0,230.0,601.0,1712.0,1059.0,656.0,1590.0,12.097,0.0,1011.1,783.974
2028,medium_district,55,UV - Northeast,,,,,,,,,55,UV - Northeast,,,12104.0,40540.407999999996,3.349,7271.0,1389.0,835.0,5047.0,8865.248,820.0,569.0,232.0,603.0,1712.0,1069.0,660.0,1606.0,12.084999999999999,0.0,797.0269999999999,785.134
2029,medium_district,55,UV - Northeast,,,,,,,,,55,UV - Northeast,,,12181.0,40371.976,3.314,7316.0,1394.0,846.0,5076.0,8908.521,825.0,569.0,237.0,609.0,1712.0,1080.0,666.0,1618.0,12.1,0.0,792.453,787.968
2030,medium_district,55,UV - Northeast,,,,,,,,,55,UV - Northeast,,,12265.0,40255.317,3.282,7361.0,1402.0,850.0,5109.0,9111.188,833.0,569.0,241.0,609.0,1712.0,1082.0,676.0,1639.0,11.120999999999999,0.0,951.385,787.683
2031,medium_district,55,UV - Northeast,,,,,,,,,55,UV - Northeast,,,12367.0,40202.457,3.251,7405.0,1416.0,860.0,5129.0,9039.573,848.0,568.0,245.0,615.0,1712.0,1084.0,682.0,1651.0,11.11,0.0,832.832,790.624
2032,medium_district,55,UV - Northeast,,,,,,,,,55,UV - Northeast,,,12417.0,40013.504,3.222,7442.0,1423.0,862.0,5157.0,9111.073,855.0,568.0,247.0,615.0,1712.0,1084.0,685.0,1676.0,11.113999999999999,0.0,865.081,792.878
2033,medium_district,55,UV - Northeast,,,,,,,,,55,UV - Northeast,,,12497.0,39980.873999999996,3.199,7455.0,1426.0,862.0,5167.0,9265.835,858.0,568.0,247.0,615.0,1712.0,1084.0,686.0,1685.0,11.066,0.0,1001.169,798.605
2034,medium_district,55,UV - Northeast,,,,,,,,,55,UV - Northeast,,,12606.0,40071.426999999996,3.179,7509.0,1448.0,861.0,5200.0,9500.928,869.0,579.0,248.0,613.0,1709.0,1082.0,699.0,1710.0,11.120999999999999,0.0,1167.176,813.634
2035,medium_district,55,UV - Northeast,,,,,,,,,55,UV - Northeast,,,12669.0,40023.265,3.159,7483.0,1434.0,855.0,5194.0,9118.498,872.0,562.0,251.0,604.0,1715.0,1080.0,703.0,1696.0,11.11,0.0,816.656,807.737
2036,medium_district,55,UV - Northeast,,,,,,,,,55,UV - Northeast,,,12721.0,39963.626,3.142,7518.0,1447.0,856.0,5215.0,9257.944,879.0,568.0,252.0,604.0,1715.0,1080.0,707.0,1713.0,11.094999999999999,0.0,915.123,813.72
2037,medium_district,55,UV - Northeast,,,,,,,,,55,UV - Northeast,,,12790.0,40005.717,3.128,7389.0,1363.0,871.0,5155.0,9037.171,819.0,544.0,263.0,608.0,1735.0,1092.0,691.0,1637.0,8.058,0.0,820.624,819.489
2038,medium_district,55,UV - Northeast,,,,,,,,,55,UV - Northeast,,,12830.0,39945.446,3.113,7412.0,1366.0,875.0,5171.0,9095.03,821.0,545.0,267.0,608.0,1735.0,1092.0,694.0,1650.0,8.088,0.0,852.574,822.368
2039,medium_district,55,UV - Northeast,,,,,,,,,55,UV - Northeast,,,12884.0,39914.862,3.098,7431.0,1370.0,878.0,5183.0,9167.979,825.0,545.0,270.0,608.0,1735.0,1092.0,696.0,1660.0,8.08,0.0,898.684,830.219
2040,medium_district,55,UV - Northeast,,,,,,,,,55,UV - Northeast,,,12914.0,39833.905,3.085,7466.0,1375.0,879.0,5212.0,9136.855,830.0,545.0,271.0,608.0,1735.0,1093.0,704.0,1680.0,9.078999999999999,0.0,829.92,831.857
2041,medium_district,55,UV - Northeast,,,,,,,,,55,UV - Northeast,,,12950.0,39768.536,3.071,7505.0,1382.0,884.0,5239.0,9078.67,834.0,548.0,276.0,608.0,1735.0,1095.0,710.0,1699.0,8.072,0.0,731.085,834.518
2042,medium_district,55,UV - Northeast,,,,,,,,,55,UV - Northeast,,,12996.0,39759.101,3.059,7526.0,1389.0,885.0,5252.0,9107.691,838.0,551.0,277.0,608.0,1735.0,1096.0,713.0,1708.0,8.078,0.0,736.8,836.82
2043,medium_district,55,UV - Northeast,,,,,,,,,55,UV - Northeast,,,13042.0,39751.132,3.048,7370.0,1256.0,878.0,5236.0,9038.219000000001,773.0,483.0,281.0,597.0,1731.0,1100.0,720.0,1685.0,8.064,0.0,819.756,840.401
2044,medium_district,55,UV - Northeast,,,,,,,,,55,UV - Northeast,,,13096.0,39761.748,3.036,7370.0,1251.0,877.0,5242.0,8986.605,776.0,475.0,283.0,594.0,1730.0,1105.0,727.0,1680.0,8.064,0.0,761.549,846.992
2045,medium_district,55,UV - Northeast,,,,,,,,,55,UV - Northeast,,,13154.0,39770.075,3.023,7260.0,1185.0,876.0,5199.0,8868.992,749.0,436.0,285.0,591.0,1724.0,1103.0,727.0,1645.0,7.046999999999999,0.0,751.625,850.326
2046,medium_district,55,UV - Northeast,,,,,,,,,55,UV - Northeast,,,13205.0,39779.954,3.012,7309.0,1195.0,879.0,5235.0,8921.257,758.0,437.0,288.0,591.0,1724.0,1110.0,731.0,1670.0,7.054,0.0,750.24,854.9639999999999
2047,medium_district,55,UV - Northeast,,,,,,,,,55,UV - Northeast,,,13286.0,39868.464,3.001,7340.0,1194.0,883.0,5263.0,9028.881,761.0,433.0,294.0,589.0,1724.0,1116.0,737.0,1686.0,6.0409999999999995,0.0,822.126,860.7189999999999
2048,medium_district,55,UV - Northeast,,,,,,,,,55,UV - Northeast,,,13353.0,39944.612,2.991,7371.0,1208.0,888.0,5275.0,8966.802,774.0,434.0,299.0,589.0,1724.0,1121.0,745.0,1685.0,7.034999999999999,0.0,721.799,866.967
2049,medium_district,55,UV - Northeast,,,,,,,,,55,UV - Northeast,,,13447.0,40048.270000000004,2.978,7401.0,1218.0,891.0,5292.0,9053.533,783.0,435.0,302.0,589.0,1724.0,1124.0,750.0,1694.0,7.029999999999999,0.0,773.658,871.848
2050,medium_district,55,UV - Northeast,,,,,,,,,55,UV - Northeast,,,13520.0,40094.484,2.966,7380.0,1229.0,892.0,5259.0,9024.197,793.0,436.0,303.0,589.0,1724.0,1130.0,752.0,1653.0,6.0489999999999995,0.0,759.207,878.939
2051,medium_district,55,UV - Northeast,,,,,,,,,55,UV - Northeast,,,13607.0,40189.331,2.954,7368.0,1213.0,892.0,5263.0,9118.238,783.0,430.0,304.0,588.0,1723.0,1136.0,754.0,1650.0,5.05,0.0,861.161,884.033
2052,medium_district,55,UV - Northeast,,,,,,,,,55,UV - Northeast,,,13744.0,40402.907999999996,2.94,7395.0,1219.0,894.0,5282.0,9295.034,788.0,431.0,306.0,588.0,1723.0,1142.0,758.0,1659.0,4.053,0.0,1001.862,894.115
2053,medium_district,55,UV - Northeast,,,,,,,,,55,UV - Northeast,,,13840.0,40461.681,2.924,7346.0,1176.0,893.0,5277.0,9206.217,771.0,405.0,307.0,586.0,1723.0,1144.0,758.0,1652.0,4.051,0.0,955.618,900.548
2054,medium_district,55,UV - Northeast,,,,,,,,,55,UV - Northeast,,,13958.0,40580.157999999996,2.907,7405.0,1191.0,899.0,5315.0,9459.151,784.0,407.0,313.0,586.0,1723.0,1154.0,766.0,1672.0,4.048,0.0,1142.789,907.313
2055,medium_district,55,UV - Northeast,,,,,,,,,55,UV - Northeast,,,14013.0,40574.222,2.895,7447.0,1202.0,901.0,5344.0,9422.589,795.0,407.0,315.0,586.0,1723.0,1168.0,769.0,1684.0,4.051,0.0,1057.3700000000001,914.17
2056,medium_district,55,UV - Northeast,,,,,,,,,55,UV - Northeast,,,14022.0,40419.502,2.883,7481.0,1213.0,904.0,5364.0,9426.041,804.0,409.0,318.0,586.0,1723.0,1175.0,774.0,1692.0,4.051,0.0,1021.046,919.94
2057,medium_district,55,UV - Northeast,,,,,,,,,55,UV - Northeast,,,14027.0,40551.28,2.891,7502.0,1207.0,908.0,5387.0,9508.506,803.0,404.0,323.0,585.0,1723.0,1189.0,778.0,1697.0,4.052,0.0,1074.703,927.752
2058,medium_district,55,UV - Northeast,,,,,,,,,55,UV - Northeast,,,14032.0,41091.178,2.928,7507.0,1217.0,910.0,5380.0,9584.7,813.0,404.0,325.0,585.0,1723.0,1197.0,788.0,1672.0,4.053,0.0,1130.861,942.786
2059,medium_district,55,UV - Northeast,,,,,,,,,55,UV - Northeast,,,14038.0,41552.852,2.96,7524.0,1228.0,915.0,5381.0,9536.282,820.0,408.0,330.0,585.0,1723.0,1203.0,789.0,1666.0,4.055,0.0,1052.039,956.188
2060,medium_district,55,UV - Northeast,,,,,,,,,55,UV - Northeast,,,14045.0,42081.287,2.996,7556.0,1237.0,915.0,5404.0,9623.772,827.0,410.0,330.0,585.0,1723.0,1212.0,792.0,1677.0,4.056,0.0,1088.96,974.752
2061,medium_district,55,UV - Northeast,,,,,,,,,55,UV - Northeast,,,14045.0,42662.247,3.038,7590.0,1247.0,915.0,5428.0,9685.639,834.0,413.0,330.0,585.0,1723.0,1218.0,794.0,1693.0,4.052,0.0,1101.64,989.9449999999999
2062,medium_district,55,UV - Northeast,,,,,,,,,55,UV - Northeast,,,14075.0,43219.518000000004,3.071,7543.0,1197.0,915.0,5431.0,9705.09,835.0,362.0,332.0,583.0,1722.0,1221.0,795.0,1693.0,4.048,0.0,1148.708,1009.325
2063,medium_district,55,UV - Northeast,,,,,,,,,55,UV - Northeast,,,14075.0,43736.742,3.107,7567.0,1203.0,917.0,5447.0,9724.989,840.0,363.0,334.0,583.0,1722.0,1227.0,800.0,1698.0,4.048,0.0,1127.805,1026.137
2064,medium_district,55,UV - Northeast,,,,,,,,,55,UV - Northeast,,,14075.0,44285.068,3.146,7588.0,1207.0,919.0,5462.0,9798.846,844.0,363.0,336.0,583.0,1722.0,1232.0,803.0,1705.0,4.051,0.0,1163.529,1043.27
2065,medium_district,55,UV - Northeast,,,,,,,,,55,UV - Northeast,,,14075.0,44786.156,3.182,7616.0,1216.0,919.0,5481.0,9828.731,852.0,364.0,336.0,583.0,1722.0,1234.0,809.0,1716.0,4.053,0.0,1151.952,1056.73
2023,medium_district,56,UV - The Meadows,,,,,,,,,56,UV - The Meadows,,,22129.0,74388.693,3.362,33248.0,8519.0,4731.0,19998.0,39225.053,5452.0,3067.0,1697.0,3034.0,3651.0,3836.0,2706.0,9805.0,84.672,0.0,4466.565,1425.815
2024,medium_district,56,UV - The Meadows,,,,,,,,,56,UV - The Meadows,,,22909.0,76317.222,3.331,33500.0,8507.0,4765.0,20228.0,38438.892,5409.0,3098.0,1715.0,3050.0,3588.0,3935.0,2862.0,9843.0,80.64,0.0,3441.344,1416.912
2025,medium_district,56,UV - The Meadows,,,,,,,,,56,UV - The Meadows,,,23555.0,77663.303,3.297,34123.0,8620.0,4830.0,20673.0,38993.534,5483.0,3137.0,1745.0,3085.0,3616.0,4046.0,2989.0,10022.0,80.617,0.0,3226.245,1563.672
2026,medium_district,56,UV - The Meadows,,,,,,,,,56,UV - The Meadows,,,24159.0,78767.05,3.26,34524.0,8678.0,4849.0,20997.0,39459.189,5505.0,3173.0,1756.0,3093.0,3616.0,4135.0,3103.0,10143.0,80.616,0.0,3263.888,1590.679
2027,medium_district,56,UV - The Meadows,,,,,,,,,56,UV - The Meadows,,,24792.0,79914.865,3.223,34827.0,8736.0,4866.0,21225.0,40018.651,5543.0,3193.0,1769.0,3097.0,3607.0,4209.0,3175.0,10234.0,78.637,0.0,3490.986,1622.016
2028,medium_district,56,UV - The Meadows,,,,,,,,,56,UV - The Meadows,,,25685.0,82010.034,3.193,35121.0,8779.0,4887.0,21455.0,41022.893,5567.0,3212.0,1781.0,3106.0,3607.0,4267.0,3227.0,10354.0,74.53,0.0,4160.953,1666.401
2029,medium_district,56,UV - The Meadows,,,,,,,,,56,UV - The Meadows,,,26535.0,83893.225,3.162,35420.0,8806.0,4914.0,21700.0,41070.392,5588.0,3218.0,1801.0,3113.0,3628.0,4302.0,3279.0,10491.0,68.563,0.0,3870.718,1711.099
2030,medium_district,56,UV - The Meadows,,,,,,,,,56,UV - The Meadows,,,27248.0,85277.852,3.13,35640.0,8832.0,4935.0,21873.0,40610.421,5611.0,3221.0,1832.0,3103.0,3624.0,4323.0,3343.0,10583.0,65.708,0.0,3157.191,1747.521
2031,medium_district,56,UV - The Meadows,,,,,,,,,56,UV - The Meadows,,,27875.0,86368.442,3.098,35934.0,8873.0,4992.0,22069.0,41169.759,5662.0,3211.0,1862.0,3130.0,3622.0,4338.0,3400.0,10709.0,64.64,0.0,3390.703,1780.414
2032,medium_district,56,UV - The Meadows,,,,,,,,,56,UV - The Meadows,,,28520.0,87699.181,3.075,36164.0,8918.0,5012.0,22234.0,41810.712,5706.0,3212.0,1882.0,3130.0,3611.0,4333.0,3469.0,10821.0,61.626000000000005,0.0,3764.3650000000002,1820.7169999999999
2033,medium_district,56,UV - The Meadows,,,,,,,,,56,UV - The Meadows,,,29049.0,88697.238,3.053,36422.0,8957.0,5031.0,22434.0,41946.739,5738.0,3219.0,1901.0,3130.0,3611.0,4342.0,3521.0,10960.0,61.376000000000005,0.0,3609.97,1853.402
2034,medium_district,56,UV - The Meadows,,,,,,,,,56,UV - The Meadows,,,29495.0,89494.846,3.034,36752.0,9055.0,5037.0,22660.0,42395.613,5780.0,3275.0,1907.0,3130.0,3579.0,4350.0,3594.0,11137.0,58.63699999999999,0.0,3678.504,1906.484
2035,medium_district,56,UV - The Meadows,,,,,,,,,56,UV - The Meadows,,,29888.0,90176.305,3.017,36683.0,8980.0,5010.0,22693.0,42508.345,5794.0,3186.0,1925.0,3085.0,3618.0,4340.0,3671.0,11064.0,57.561,0.0,3859.043,1908.738
2036,medium_district,56,UV - The Meadows,,,,,,,,,56,UV - The Meadows,,,30218.0,90773.99,3.004,37026.0,9071.0,5030.0,22925.0,42502.143,5856.0,3215.0,1956.0,3074.0,3618.0,4346.0,3760.0,11201.0,55.479,0.0,3489.947,1930.718
2037,medium_district,56,UV - The Meadows,,,,,,,,,56,UV - The Meadows,,,30276.0,90644.041,2.994,37601.0,9152.0,5016.0,23433.0,42689.85,5913.0,3239.0,1934.0,3082.0,3688.0,4369.0,3932.0,11444.0,58.421,0.0,3092.278,1938.156
2038,medium_district,56,UV - The Meadows,,,,,,,,,56,UV - The Meadows,,,30569.0,91093.375,2.98,38004.0,9224.0,5045.0,23735.0,43443.708,5967.0,3257.0,1963.0,3082.0,3688.0,4403.0,4021.0,11623.0,53.581999999999994,0.0,3426.255,1959.874
2039,medium_district,56,UV - The Meadows,,,,,,,,,56,UV - The Meadows,,,30912.0,91765.462,2.969,38385.0,9305.0,5082.0,23998.0,43729.253000000004,6037.0,3268.0,2000.0,3082.0,3683.0,4444.0,4088.0,11783.0,53.521,0.0,3306.215,1984.515
2040,medium_district,56,UV - The Meadows,,,,,,,,,56,UV - The Meadows,,,31246.0,92346.168,2.955,38723.0,9369.0,5105.0,24249.0,43997.754,6094.0,3275.0,2023.0,3082.0,3655.0,4491.0,4167.0,11936.0,52.45399999999999,0.0,3213.6440000000002,2008.656
2041,medium_district,56,UV - The Meadows,,,,,,,,,56,UV - The Meadows,,,31532.0,92860.198,2.945,39034.0,9425.0,5133.0,24476.0,44090.437,6147.0,3278.0,2051.0,3082.0,3651.0,4530.0,4242.0,12053.0,52.467999999999996,0.0,2974.709,2029.266
2042,medium_district,56,UV - The Meadows,,,,,,,,,56,UV - The Meadows,,,31846.0,93412.667,2.933,39322.0,9480.0,5154.0,24688.0,44483.167,6189.0,3291.0,2072.0,3082.0,3651.0,4564.0,4299.0,12174.0,50.484,0.0,3060.691,2050.009
2043,medium_district,56,UV - The Meadows,,,,,,,,,56,UV - The Meadows,,,32190.0,94080.002,2.923,39656.0,9567.0,5172.0,24917.0,45038.736,6260.0,3307.0,2094.0,3078.0,3649.0,4613.0,4383.0,12272.0,48.386,0.0,3256.351,2077.992
2044,medium_district,56,UV - The Meadows,,,,,,,,,56,UV - The Meadows,,,32521.0,94745.535,2.913,39931.0,9622.0,5182.0,25127.0,44964.021,6305.0,3317.0,2104.0,3078.0,3645.0,4656.0,4443.0,12383.0,48.383,0.0,2886.187,2098.45
2045,medium_district,56,UV - The Meadows,,,,,,,,,56,UV - The Meadows,,,32848.0,95408.324,2.905,40234.0,9680.0,5196.0,25358.0,45195.175,6347.0,3333.0,2118.0,3078.0,3645.0,4698.0,4538.0,12477.0,48.32,0.0,2792.051,2120.804
2046,medium_district,56,UV - The Meadows,,,,,,,,,56,UV - The Meadows,,,33157.0,96012.254,2.896,40460.0,9734.0,5207.0,25519.0,45738.309,6391.0,3343.0,2129.0,3078.0,3612.0,4750.0,4590.0,12567.0,47.362,0.0,3088.032,2142.921
2047,medium_district,56,UV - The Meadows,,,,,,,,,56,UV - The Meadows,,,33448.0,96548.388,2.887,40653.0,9784.0,5214.0,25655.0,45508.265,6430.0,3354.0,2136.0,3078.0,3611.0,4791.0,4624.0,12629.0,46.306999999999995,0.0,2643.6730000000002,2165.288
2048,medium_district,56,UV - The Meadows,,,,,,,,,56,UV - The Meadows,,,33747.0,97098.935,2.877,40835.0,9818.0,5222.0,25795.0,45884.686,6461.0,3357.0,2144.0,3078.0,3611.0,4830.0,4667.0,12687.0,45.224,0.0,2821.547,2182.925
2049,medium_district,56,UV - The Meadows,,,,,,,,,56,UV - The Meadows,,,33965.0,97426.4,2.868,41020.0,9863.0,5235.0,25922.0,46016.106,6499.0,3364.0,2157.0,3078.0,3599.0,4859.0,4713.0,12751.0,44.189,0.0,2748.307,2203.613
2050,medium_district,56,UV - The Meadows,,,,,,,,,56,UV - The Meadows,,,34161.0,97606.156,2.857,41381.0,9954.0,5248.0,26179.0,46875.228,6576.0,3378.0,2171.0,3077.0,3599.0,4936.0,4800.0,12844.0,45.375,0.0,3235.997,2212.849
2051,medium_district,56,UV - The Meadows,,,,,,,,,56,UV - The Meadows,,,34318.0,97674.247,2.846,41788.0,10039.0,5270.0,26479.0,47053.938,6645.0,3394.0,2202.0,3068.0,3599.0,5030.0,4879.0,12971.0,49.498000000000005,0.0,2989.367,2227.075
2052,medium_district,56,UV - The Meadows,,,,,,,,,56,UV - The Meadows,,,34453.0,97641.78600000001,2.834,42175.0,10119.0,5287.0,26769.0,47237.6,6709.0,3410.0,2219.0,3068.0,3599.0,5117.0,4980.0,13073.0,54.718,0.0,2765.596,2242.2889999999998
2053,medium_district,56,UV - The Meadows,,,,,,,,,56,UV - The Meadows,,,34655.0,97774.109,2.821,42499.0,10182.0,5299.0,27018.0,48342.994,6761.0,3421.0,2231.0,3068.0,3599.0,5192.0,5064.0,13163.0,54.686,0.0,3529.9320000000002,2259.368
2054,medium_district,56,UV - The Meadows,,,,,,,,,56,UV - The Meadows,,,35282.0,98964.446,2.805,42824.0,10242.0,5321.0,27261.0,49341.487,6812.0,3430.0,2253.0,3068.0,3595.0,5292.0,5150.0,13224.0,54.647999999999996,0.0,4159.04,2303.795
2055,medium_district,56,UV - The Meadows,,,,,,,,,56,UV - The Meadows,,,35792.0,99889.64600000001,2.791,43147.0,10306.0,5327.0,27514.0,49622.489,6870.0,3436.0,2261.0,3066.0,3595.0,5374.0,5233.0,13312.0,54.681,0.0,4073.383,2347.433
2056,medium_district,56,UV - The Meadows,,,,,,,,,56,UV - The Meadows,,,36134.0,100324.402,2.776,43475.0,10368.0,5301.0,27806.0,50083.673,6923.0,3445.0,2251.0,3050.0,3594.0,5453.0,5326.0,13433.0,54.681,0.0,4186.138,2367.8559999999998
2057,medium_district,56,UV - The Meadows,,,,,,,,,56,UV - The Meadows,,,36272.0,100968.129,2.784,43830.0,10432.0,5289.0,28109.0,50362.906,6978.0,3454.0,2254.0,3035.0,3593.0,5547.0,5421.0,13548.0,54.707,0.0,4084.83,2393.365
2058,medium_district,56,UV - The Meadows,,,,,,,,,56,UV - The Meadows,,,36294.0,102300.612,2.819,44083.0,10492.0,5209.0,28382.0,50709.298,7034.0,3458.0,2221.0,2988.0,3591.0,5629.0,5506.0,13656.0,54.723,0.0,4132.132,2439.435
2059,medium_district,56,UV - The Meadows,,,,,,,,,56,UV - The Meadows,,,36304.0,103407.086,2.848,44462.0,10603.0,5103.0,28756.0,51594.188,7122.0,3481.0,2179.0,2924.0,3582.0,5731.0,5632.0,13811.0,54.735,0.0,4598.966,2478.499
2060,medium_district,56,UV - The Meadows,,,,,,,,,56,UV - The Meadows,,,36338.0,104723.867,2.882,44915.0,10717.0,5116.0,29082.0,51642.381,7214.0,3503.0,2192.0,2924.0,3582.0,5802.0,5738.0,13960.0,54.751,0.0,4149.268,2523.361
2061,medium_district,56,UV - The Meadows,,,,,,,,,56,UV - The Meadows,,,36354.0,106179.136,2.921,45308.0,10815.0,5132.0,29361.0,52152.743,7290.0,3525.0,2208.0,2924.0,3582.0,5876.0,5835.0,14068.0,54.702,0.0,4226.178,2563.861
2062,medium_district,56,UV - The Meadows,,,,,,,,,56,UV - The Meadows,,,36417.0,107556.704,2.953,45633.0,10935.0,5045.0,29653.0,52887.441,7389.0,3546.0,2177.0,2868.0,3569.0,5931.0,5931.0,14222.0,54.656,0.0,4592.944,2606.841
2063,medium_district,56,UV - The Meadows,,,,,,,,,56,UV - The Meadows,,,36431.0,108838.95,2.988,46061.0,11024.0,5060.0,29977.0,53145.798,7467.0,3557.0,2192.0,2868.0,3569.0,6000.0,6023.0,14385.0,53.636,0.0,4384.814,2646.353
2064,medium_district,56,UV - The Meadows,,,,,,,,,56,UV - The Meadows,,,36461.0,110226.71,3.023,46460.0,11123.0,5075.0,30262.0,53730.318,7558.0,3565.0,2207.0,2868.0,3569.0,6082.0,6103.0,14508.0,53.669,0.0,4515.95,2700.7019999999998
2065,medium_district,56,UV - The Meadows,,,,,,,,,56,UV - The Meadows,,,36468.0,111464.899,3.057,46862.0,11211.0,5082.0,30569.0,54037.818,7628.0,3583.0,2214.0,2868.0,3569.0,6163.0,6204.0,14633.0,53.709,0.0,4383.799,2738.302
2023,medium_district,57,UV - The Grove,,,,,,,,,57,UV - The Grove,,,19694.0,59044.047,2.998,56339.0,9075.0,10899.0,36365.0,61225.982,6819.0,2256.0,4782.0,6117.0,13629.0,4438.0,5613.0,12685.0,32.256,289.739,3295.37,1269.613
2024,medium_district,57,UV - The Grove,,,,,,,,,57,UV - The Grove,,,20376.0,60947.628,2.991,56267.0,9017.0,10993.0,36257.0,60054.466,6744.0,2273.0,4791.0,6202.0,13425.0,4470.0,5663.0,12699.0,30.240000000000002,317.005,2183.641,1256.585
2025,medium_district,57,UV - The Grove,,,,,,,,,57,UV - The Grove,,,20966.0,62353.524,2.974,56685.0,9040.0,11134.0,36511.0,62791.718,6761.0,2279.0,4812.0,6322.0,13539.0,4501.0,5723.0,12748.0,28.219,316.019,4369.097,1393.38
2026,medium_district,57,UV - The Grove,,,,,,,,,57,UV - The Grove,,,21304.0,62738.357,2.945,56874.0,9076.0,11149.0,36649.0,62994.971000000005,6775.0,2301.0,4821.0,6328.0,13539.0,4530.0,5769.0,12811.0,28.219,327.189,4360.968,1404.601
2027,medium_district,57,UV - The Grove,,,,,,,,,57,UV - The Grove,,,21580.0,62911.537,2.915,57087.0,9126.0,11162.0,36799.0,62212.046,6814.0,2312.0,4835.0,6327.0,13509.0,4577.0,5840.0,12873.0,28.227,334.744,3351.312,1410.7549999999999
2028,medium_district,57,UV - The Grove,,,,,,,,,57,UV - The Grove,,,21856.0,63041.234,2.884,57454.0,9159.0,11246.0,37049.0,62774.016,6839.0,2320.0,4847.0,6399.0,13556.0,4611.0,5908.0,12974.0,26.183999999999997,321.276,3556.511,1416.044
2029,medium_district,57,UV - The Grove,,,,,,,,,57,UV - The Grove,,,22167.0,63351.028,2.858,57878.0,9185.0,11347.0,37346.0,63234.797,6863.0,2322.0,4868.0,6479.0,13648.0,4646.0,5967.0,13085.0,26.213,303.53700000000003,3592.277,1434.76
2030,medium_district,57,UV - The Grove,,,,,,,,,57,UV - The Grove,,,22560.0,63911.216,2.833,58156.0,9232.0,11409.0,37515.0,63606.897,6906.0,2326.0,4882.0,6527.0,13635.0,4662.0,6029.0,13189.0,22.241,298.60900000000004,3678.791,1451.26
2031,medium_district,57,UV - The Grove,,,,,,,,,57,UV - The Grove,,,22900.0,64264.264,2.806,58440.0,9258.0,11541.0,37641.0,63877.432,6938.0,2320.0,4899.0,6642.0,13635.0,4667.0,6077.0,13262.0,22.22,300.908,3645.134,1469.166
2032,medium_district,57,UV - The Grove,,,,,,,,,57,UV - The Grove,,,23202.0,64595.472,2.784,58566.0,9265.0,11547.0,37754.0,63967.181,6953.0,2312.0,4908.0,6639.0,13632.0,4669.0,6118.0,13335.0,22.225,316.019,3581.157,1481.7749999999999
2033,medium_district,57,UV - The Grove,,,,,,,,,57,UV - The Grove,,,23424.0,64754.756,2.764,58812.0,9308.0,11562.0,37942.0,64631.889,6988.0,2320.0,4923.0,6639.0,13632.0,4676.0,6194.0,13440.0,22.133,331.459,3968.166,1498.129
2034,medium_district,57,UV - The Grove,,,,,,,,,57,UV - The Grove,,,23640.0,64929.018000000004,2.747,59210.0,9401.0,11581.0,38228.0,65018.474,7029.0,2372.0,4942.0,6639.0,13621.0,4681.0,6275.0,13651.0,20.218999999999998,344.928,3918.142,1525.189
2035,medium_district,57,UV - The Grove,,,,,,,,,57,UV - The Grove,,,23780.0,64962.774,2.732,59182.0,9335.0,11543.0,38304.0,64676.405,7029.0,2306.0,4963.0,6580.0,13765.0,4667.0,6316.0,13556.0,20.199,349.856,3605.973,1518.385
2036,medium_district,57,UV - The Grove,,,,,,,,,57,UV - The Grove,,,23934.0,65068.915,2.719,59332.0,9350.0,11548.0,38434.0,65179.239,7035.0,2315.0,4987.0,6561.0,13761.0,4669.0,6363.0,13641.0,20.176,347.55600000000004,3947.15,1532.365
2037,medium_district,57,UV - The Grove,,,,,,,,,57,UV - The Grove,,,24052.0,65172.903,2.71,59430.0,9458.0,11531.0,38441.0,65087.699,7119.0,2339.0,4987.0,6544.0,13705.0,4678.0,6441.0,13617.0,19.136,344.599,3752.052,1541.917
2038,medium_district,57,UV - The Grove,,,,,,,,,57,UV - The Grove,,,24199.0,65311.279,2.699,59754.0,9513.0,11551.0,38690.0,65111.971,7157.0,2356.0,5007.0,6544.0,13705.0,4699.0,6510.0,13776.0,18.197999999999997,343.942,3445.141,1550.695
2039,medium_district,57,UV - The Grove,,,,,,,,,57,UV - The Grove,,,24288.0,65328.443,2.69,59988.0,9548.0,11562.0,38878.0,65264.820999999996,7181.0,2367.0,5021.0,6541.0,13705.0,4724.0,6565.0,13884.0,18.179,343.942,3354.297,1560.407
2040,medium_district,57,UV - The Grove,,,,,,,,,57,UV - The Grove,,,24425.0,65457.575,2.68,60184.0,9557.0,11577.0,39050.0,65454.187,7198.0,2359.0,5038.0,6539.0,13701.0,4749.0,6616.0,13984.0,18.159,343.942,3339.35,1568.731
2041,medium_district,57,UV - The Grove,,,,,,,,,57,UV - The Grove,,,24493.0,65408.326,2.67,60406.0,9594.0,11602.0,39210.0,65336.276,7227.0,2367.0,5063.0,6539.0,13701.0,4765.0,6658.0,14086.0,18.162,345.585,2988.5480000000002,1577.982
2042,medium_district,57,UV - The Grove,,,,,,,,,57,UV - The Grove,,,24615.0,65489.844,2.661,60547.0,9618.0,11603.0,39326.0,65529.921,7247.0,2371.0,5073.0,6530.0,13694.0,4781.0,6702.0,14149.0,17.167,348.87,3028.329,1588.552
2043,medium_district,57,UV - The Grove,,,,,,,,,57,UV - The Grove,,,24738.0,65583.032,2.651,60638.0,9649.0,11549.0,39440.0,65722.694,7269.0,2380.0,5028.0,6521.0,13694.0,4804.0,6736.0,14206.0,17.137,351.826,3118.966,1596.759
2044,medium_district,57,UV - The Grove,,,,,,,,,57,UV - The Grove,,,24901.0,65796.71,2.642,60815.0,9675.0,11562.0,39578.0,66007.906,7285.0,2390.0,5042.0,6520.0,13685.0,4836.0,6770.0,14287.0,17.136,351.497,3216.4,1607.881
2045,medium_district,57,UV - The Grove,,,,,,,,,57,UV - The Grove,,,25049.0,65936.898,2.632,60926.0,9698.0,11568.0,39660.0,65827.949,7310.0,2388.0,5053.0,6515.0,13659.0,4854.0,6834.0,14313.0,17.116,350.513,2916.709,1617.616
2046,medium_district,57,UV - The Grove,,,,,,,,,57,UV - The Grove,,,25189.0,66097.96,2.624,61017.0,9727.0,11577.0,39713.0,65905.411,7335.0,2392.0,5062.0,6515.0,13588.0,4884.0,6866.0,14375.0,18.141000000000002,350.513,2890.814,1628.9379999999999
2047,medium_district,57,UV - The Grove,,,,,,,,,57,UV - The Grove,,,25318.0,66235.524,2.616,61164.0,9754.0,11586.0,39824.0,66105.766,7362.0,2392.0,5073.0,6513.0,13588.0,4910.0,6923.0,14403.0,17.116,352.483,2936.707,1635.46
2048,medium_district,57,UV - The Grove,,,,,,,,,57,UV - The Grove,,,25473.0,66451.759,2.609,61105.0,9766.0,11590.0,39749.0,66177.422,7370.0,2396.0,5086.0,6504.0,13505.0,4933.0,6962.0,14349.0,16.08,356.096,3052.312,1647.943
2049,medium_district,57,UV - The Grove,,,,,,,,,57,UV - The Grove,,,25576.0,66551.762,2.602,61284.0,9808.0,11606.0,39870.0,66351.687,7400.0,2408.0,5107.0,6499.0,13497.0,4964.0,6985.0,14424.0,17.071,359.381,3029.525,1661.713
2050,medium_district,57,UV - The Grove,,,,,,,,,57,UV - The Grove,,,25671.0,66558.387,2.593,61386.0,9841.0,11612.0,39933.0,66335.756,7426.0,2415.0,5119.0,6493.0,13484.0,4990.0,7015.0,14444.0,18.148,362.995,2900.7219999999998,1667.89
2051,medium_district,57,UV - The Grove,,,,,,,,,57,UV - The Grove,,,25800.0,66694.094,2.585,61402.0,9858.0,11606.0,39938.0,66676.005,7441.0,2417.0,5127.0,6479.0,13445.0,5034.0,7045.0,14414.0,17.171,365.952,3213.827,1677.055
2052,medium_district,57,UV - The Grove,,,,,,,,,57,UV - The Grove,,,25931.0,66803.238,2.576,61518.0,9862.0,11589.0,40067.0,66777.731,7467.0,2395.0,5140.0,6449.0,13445.0,5070.0,7072.0,14480.0,18.238,368.908,3184.361,1688.222
2053,medium_district,57,UV - The Grove,,,,,,,,,57,UV - The Grove,,,26159.0,67100.963,2.565,61707.0,9900.0,11603.0,40204.0,67764.54,7502.0,2398.0,5154.0,6449.0,13445.0,5103.0,7115.0,14541.0,18.229999999999997,372.851,3962.425,1704.0330000000001
2054,medium_district,57,UV - The Grove,,,,,,,,,57,UV - The Grove,,,26401.0,67403.859,2.553,61882.0,9932.0,11617.0,40333.0,68444.909,7526.0,2406.0,5168.0,6449.0,13445.0,5130.0,7151.0,14607.0,18.216,375.478,4446.621,1722.59
2055,medium_district,57,UV - The Grove,,,,,,,,,57,UV - The Grove,,,26452.0,67263.448,2.543,62024.0,9967.0,11624.0,40433.0,68531.625,7559.0,2408.0,5178.0,6446.0,13433.0,5158.0,7181.0,14661.0,18.229,376.46299999999997,4383.615,1729.317
2056,medium_district,57,UV - The Grove,,,,,,,,,57,UV - The Grove,,,26465.0,67014.162,2.532,62193.0,9987.0,11638.0,40568.0,68603.107,7577.0,2410.0,5192.0,6446.0,13433.0,5194.0,7224.0,14717.0,18.229,374.164,4284.8189999999995,1732.898
2057,medium_district,57,UV - The Grove,,,,,,,,,57,UV - The Grove,,,26479.0,67225.633,2.539,62403.0,10022.0,11648.0,40733.0,69131.223,7608.0,2414.0,5202.0,6446.0,13433.0,5232.0,7267.0,14801.0,18.235,367.594,4593.857,1748.539
2058,medium_district,57,UV - The Grove,,,,,,,,,57,UV - The Grove,,,26484.0,68050.522,2.569,62605.0,10061.0,11643.0,40901.0,69443.459,7644.0,2417.0,5200.0,6443.0,13433.0,5266.0,7318.0,14884.0,18.239,361.353,4684.272,1774.587
2059,medium_district,57,UV - The Grove,,,,,,,,,57,UV - The Grove,,,26492.0,68750.759,2.595,62823.0,10094.0,11669.0,41060.0,69403.872,7670.0,2424.0,5226.0,6443.0,13433.0,5301.0,7365.0,14961.0,18.247,356.753,4394.513,1811.362
2060,medium_district,57,UV - The Grove,,,,,,,,,57,UV - The Grove,,,26502.0,69556.975,2.625,63069.0,10149.0,11677.0,41243.0,69937.837,7715.0,2434.0,5234.0,6443.0,13433.0,5341.0,7419.0,15050.0,18.251,354.45399999999995,4656.593,1839.534
2061,medium_district,57,UV - The Grove,,,,,,,,,57,UV - The Grove,,,26557.0,70570.734,2.657,63265.0,10202.0,11663.0,41400.0,70419.622,7753.0,2449.0,5254.0,6409.0,13400.0,5384.0,7490.0,15126.0,18.233999999999998,352.811,4906.682,1876.899
2062,medium_district,57,UV - The Grove,,,,,,,,,57,UV - The Grove,,,26572.0,71381.109,2.686,63584.0,10269.0,11682.0,41633.0,70590.208,7801.0,2468.0,5273.0,6409.0,13400.0,5445.0,7544.0,15244.0,18.217,351.826,4731.544,1904.615
2063,medium_district,57,UV - The Grove,,,,,,,,,57,UV - The Grove,,,26593.0,72223.605,2.716,63819.0,10325.0,11695.0,41799.0,70909.846,7845.0,2480.0,5286.0,6409.0,13400.0,5492.0,7598.0,15309.0,18.216,350.841,4788.541,1933.259
2064,medium_district,57,UV - The Grove,,,,,,,,,57,UV - The Grove,,,26618.0,73111.364,2.747,64028.0,10358.0,11708.0,41962.0,71249.137,7875.0,2483.0,5299.0,6409.0,13400.0,5525.0,7647.0,15390.0,17.217,350.184,4883.226,1970.513
2065,medium_district,57,UV - The Grove,,,,,,,,,57,UV - The Grove,,,26636.0,73911.592,2.775,64260.0,10404.0,11722.0,42134.0,71459.624,7909.0,2495.0,5313.0,6409.0,13400.0,5563.0,7700.0,15471.0,17.225,349.527,4830.383,2002.485
2023,medium_district,58,UV - North Central,,,,,,,,,58,UV - North Central,,,53667.0,159758.259,2.977,102267.0,19957.0,9678.0,72632.0,112761.883,13319.0,6638.0,5833.0,3845.0,13207.0,16016.0,10741.0,32668.0,62.496,161.913,6819.089,3451.391
2024,medium_district,58,UV - North Central,,,,,,,,,58,UV - North Central,,,54450.0,160699.561,2.951,103649.0,19970.0,9866.0,73813.0,116043.258,13191.0,6779.0,5924.0,3942.0,13005.0,16405.0,11613.0,32790.0,63.504,177.149,8787.679,3365.916
2025,medium_district,58,UV - North Central,,,,,,,,,58,UV - North Central,,,55544.0,162582.109,2.927,105897.0,20263.0,9989.0,75645.0,119302.1,13387.0,6876.0,6047.0,3942.0,13122.0,16745.0,12302.0,33476.0,63.487,176.599,9474.711,3690.304
2026,medium_district,58,UV - North Central,,,,,,,,,58,UV - North Central,,,56708.0,164602.321,2.903,107539.0,20465.0,10097.0,76977.0,120762.905,13468.0,6997.0,6108.0,3989.0,13122.0,16974.0,12847.0,34034.0,64.495,182.84,9235.969,3740.601
2027,medium_district,58,UV - North Central,,,,,,,,,58,UV - North Central,,,58246.0,167631.565,2.878,109229.0,20740.0,10210.0,78279.0,123585.816,13646.0,7094.0,6191.0,4019.0,13089.0,17271.0,13365.0,34554.0,64.524,187.063,10297.481,3807.726
2028,medium_district,58,UV - North Central,,,,,,,,,58,UV - North Central,,,59795.0,170518.309,2.852,110805.0,20952.0,10272.0,79581.0,124988.455,13790.0,7162.0,6253.0,4019.0,13089.0,17494.0,13783.0,35215.0,64.46,179.536,10063.869,3875.582
2029,medium_district,58,UV - North Central,,,,,,,,,58,UV - North Central,,,61198.0,172986.534,2.827,112343.0,21138.0,10368.0,80837.0,124642.937,13930.0,7208.0,6349.0,4019.0,13089.0,17701.0,14187.0,35860.0,64.53,169.624,8125.935,3939.841
2030,medium_district,58,UV - North Central,,,,,,,,,58,UV - North Central,,,62435.0,175012.009,2.803,113720.0,21367.0,10458.0,81895.0,125942.77,14147.0,7220.0,6439.0,4019.0,13089.0,17858.0,14556.0,36392.0,62.678,166.87,7989.745,4003.479
2031,medium_district,58,UV - North Central,,,,,,,,,58,UV - North Central,,,63514.0,176609.041,2.781,114740.0,21545.0,10361.0,82834.0,127827.851,14349.0,7196.0,6539.0,3822.0,13075.0,17903.0,14939.0,36917.0,61.61,168.154,8802.866,4055.215
2032,medium_district,58,UV - North Central,,,,,,,,,58,UV - North Central,,,64595.0,178298.825,2.76,116059.0,21749.0,10472.0,83838.0,129233.034,14539.0,7210.0,6651.0,3821.0,13075.0,17933.0,15267.0,37563.0,60.618,176.599,8812.45,4124.369
2033,medium_district,58,UV - North Central,,,,,,,,,58,UV - North Central,,,65560.0,179727.307,2.741,117263.0,21941.0,10560.0,84762.0,130417.959,14685.0,7256.0,6739.0,3821.0,13075.0,17964.0,15612.0,38111.0,60.372,185.228,8720.202,4189.167
2034,medium_district,58,UV - North Central,,,,,,,,,58,UV - North Central,,,66685.0,181772.218,2.726,119237.0,22370.0,10668.0,86199.0,133125.782,14846.0,7524.0,6847.0,3821.0,13074.0,18043.0,16033.0,39049.0,59.646,192.754,9338.051,4298.334
2035,medium_district,58,UV - North Central,,,,,,,,,58,UV - North Central,,,67545.0,183105.636,2.711,118898.0,22155.0,10718.0,86025.0,131516.309,14873.0,7282.0,6924.0,3794.0,13074.0,18000.0,16218.0,38733.0,59.58,195.507,8054.303,4308.925
2036,medium_district,58,UV - North Central,,,,,,,,,58,UV - North Central,,,68549.0,185125.097,2.701,120031.0,22377.0,10831.0,86823.0,133547.096,15017.0,7360.0,7047.0,3784.0,13074.0,18035.0,16501.0,39213.0,60.525,194.221,8888.464,4372.897
2037,medium_district,58,UV - North Central,,,,,,,,,58,UV - North Central,,,68826.0,184733.449,2.684,121899.0,22717.0,10940.0,88242.0,135057.649,15221.0,7496.0,7189.0,3751.0,12893.0,18159.0,17299.0,39891.0,63.458,192.57,8503.0,4399.63
2038,medium_district,58,UV - North Central,,,,,,,,,58,UV - North Central,,,69506.0,185759.208,2.673,123543.0,22943.0,11038.0,89562.0,136478.925,15380.0,7563.0,7289.0,3749.0,12892.0,18289.0,17760.0,40621.0,62.678999999999995,192.203,8222.057999999999,4458.987
2039,medium_district,58,UV - North Central,,,,,,,,,58,UV - North Central,,,70044.0,186478.907,2.662,125006.0,23187.0,11154.0,90665.0,137190.915,15541.0,7646.0,7405.0,3749.0,12892.0,18465.0,18124.0,41184.0,62.608,192.203,7431.93,4498.177
2040,medium_district,58,UV - North Central,,,,,,,,,58,UV - North Central,,,70803.0,187794.484,2.652,126333.0,23375.0,11239.0,91719.0,139279.962,15700.0,7675.0,7490.0,3749.0,12892.0,18626.0,18491.0,41710.0,61.532999999999994,192.203,8144.001,4549.228
2041,medium_district,58,UV - North Central,,,,,,,,,58,UV - North Central,,,71436.0,188815.394,2.643,127171.0,23490.0,11196.0,92485.0,140956.053,15763.0,7727.0,7447.0,3749.0,12891.0,18793.0,18801.0,42000.0,61.549,193.121,8942.516,4587.857
2042,medium_district,58,UV - North Central,,,,,,,,,58,UV - North Central,,,71345.0,188043.736,2.636,128345.0,23660.0,11274.0,93411.0,140551.075,15902.0,7758.0,7525.0,3749.0,12891.0,18981.0,19095.0,42444.0,61.59,194.957,7359.053,4590.485
2043,medium_district,58,UV - North Central,,,,,,,,,58,UV - North Central,,,71647.0,188196.229,2.627,129681.0,23845.0,11349.0,94487.0,141736.5,16028.0,7817.0,7600.0,3749.0,12891.0,19192.0,19425.0,42979.0,62.5,196.60899999999998,7185.191,4611.195
2044,medium_district,58,UV - North Central,,,,,,,,,58,UV - North Central,,,71930.0,188359.529,2.619,130990.0,24025.0,11429.0,95536.0,143244.211,16163.0,7862.0,7680.0,3749.0,12891.0,19414.0,19738.0,43493.0,64.509,196.425,7356.859,4636.419
2045,medium_district,58,UV - North Central,,,,,,,,,58,UV - North Central,,,72294.0,188731.608,2.611,131998.0,24231.0,11503.0,96264.0,144153.002,16309.0,7922.0,7766.0,3737.0,12878.0,19654.0,19807.0,43925.0,64.425,195.874,7229.933,4664.774
2046,medium_district,58,UV - North Central,,,,,,,,,58,UV - North Central,,,72621.0,189014.287,2.603,133003.0,24358.0,11578.0,97067.0,145101.12,16422.0,7936.0,7841.0,3737.0,12871.0,19864.0,20075.0,44257.0,63.484,195.874,7149.938,4688.83
2047,medium_district,58,UV - North Central,,,,,,,,,58,UV - North Central,,,72948.0,189302.269,2.595,134051.0,24511.0,11663.0,97877.0,146098.228,16551.0,7960.0,7926.0,3737.0,12861.0,20118.0,20303.0,44595.0,64.42399999999999,196.976,7066.391,4719.449
2048,medium_district,58,UV - North Central,,,,,,,,,58,UV - North Central,,,73295.0,189650.887,2.588,134873.0,24646.0,11731.0,98496.0,147380.867,16663.0,7983.0,7994.0,3737.0,12842.0,20320.0,20442.0,44892.0,62.306999999999995,198.995,7498.733,4747.836
2049,medium_district,58,UV - North Central,,,,,,,,,58,UV - North Central,,,73733.0,190211.773,2.58,135711.0,24826.0,11781.0,99104.0,148803.948,16796.0,8030.0,8052.0,3729.0,12833.0,20530.0,20629.0,45112.0,59.253,200.83100000000002,8051.706,4781.17
2050,medium_district,58,UV - North Central,,,,,,,,,58,UV - North Central,,,74196.0,190726.236,2.571,136542.0,24972.0,11861.0,99709.0,149298.303,16913.0,8059.0,8132.0,3729.0,12829.0,20709.0,20792.0,45379.0,56.467999999999996,202.851,7679.308,4817.6720000000005
2051,medium_district,58,UV - North Central,,,,,,,,,58,UV - North Central,,,74597.0,191040.801,2.561,137231.0,25098.0,11924.0,100209.0,150177.003,17016.0,8082.0,8195.0,3729.0,12824.0,20891.0,20926.0,45568.0,53.537,204.502,7835.8,4852.162
2052,medium_district,58,UV - North Central,,,,,,,,,58,UV - North Central,,,74961.0,191275.273,2.552,137918.0,25233.0,12000.0,100685.0,151559.369,17122.0,8111.0,8271.0,3729.0,12824.0,21073.0,21078.0,45710.0,45.596,206.154,8506.982,4882.637
2053,medium_district,58,UV - North Central,,,,,,,,,58,UV - North Central,,,75428.0,191750.917,2.542,138669.0,25365.0,12064.0,101240.0,153617.518,17229.0,8136.0,8335.0,3729.0,12823.0,21274.0,21229.0,45914.0,46.588,208.357,9772.59,4920.994
2054,medium_district,58,UV - North Central,,,,,,,,,58,UV - North Central,,,76231.0,193177.786,2.534,139378.0,25485.0,12110.0,101783.0,155230.37,17333.0,8152.0,8381.0,3729.0,12823.0,21457.0,21381.0,46122.0,46.551,209.825,10619.284,4976.713
2055,medium_district,58,UV - North Central,,,,,,,,,58,UV - North Central,,,77329.0,195441.338,2.527,140058.0,25603.0,12156.0,102299.0,156248.12,17431.0,8172.0,8427.0,3729.0,12822.0,21663.0,21531.0,46283.0,46.583,210.376,10871.229,5061.934
2056,medium_district,58,UV - North Central,,,,,,,,,58,UV - North Central,,,78682.0,198395.125,2.521,140720.0,25702.0,12200.0,102818.0,156767.393,17513.0,8189.0,8471.0,3729.0,12822.0,21803.0,21675.0,46518.0,45.57,209.09199999999998,10632.044,5160.687
2057,medium_district,58,UV - North Central,,,,,,,,,58,UV - North Central,,,79960.0,202088.878,2.527,141211.0,25787.0,12207.0,103217.0,158162.021,17584.0,8203.0,8490.0,3717.0,12804.0,21937.0,21791.0,46685.0,45.589,205.421,11424.408,5275.597
2058,medium_district,58,UV - North Central,,,,,,,,,58,UV - North Central,,,79980.0,204557.345,2.558,141828.0,25855.0,12258.0,103715.0,158724.999,17649.0,8206.0,8542.0,3716.0,12799.0,22085.0,21911.0,46920.0,45.6,201.93200000000002,11271.711,5377.767
2059,medium_district,58,UV - North Central,,,,,,,,,58,UV - North Central,,,80040.0,206745.384,2.583,142406.0,25955.0,12299.0,104152.0,159116.638,17728.0,8227.0,8583.0,3716.0,12799.0,22207.0,22048.0,47098.0,45.615,199.363,11003.579,5462.088
2060,medium_district,58,UV - North Central,,,,,,,,,58,UV - North Central,,,80077.0,209175.15600000002,2.612,143010.0,26086.0,12342.0,104582.0,160156.429,17837.0,8249.0,8626.0,3716.0,12799.0,22313.0,22171.0,47299.0,45.626,198.077,11351.123,5551.594
2061,medium_district,58,UV - North Central,,,,,,,,,58,UV - North Central,,,80079.0,211849.122,2.646,143648.0,26218.0,12391.0,105039.0,161256.473,17942.0,8276.0,8675.0,3716.0,12799.0,22427.0,22283.0,47530.0,45.585,197.16,11719.034,5646.692
2062,medium_district,58,UV - North Central,,,,,,,,,58,UV - North Central,,,80096.0,214235.33000000002,2.675,144237.0,26358.0,12430.0,105449.0,161699.086,18053.0,8305.0,8714.0,3716.0,12799.0,22522.0,22399.0,47729.0,44.535,196.60899999999998,11478.086,5742.858
2063,medium_district,58,UV - North Central,,,,,,,,,58,UV - North Central,,,80122.0,216679.641,2.704,144710.0,26446.0,12465.0,105799.0,162566.776,18136.0,8310.0,8755.0,3710.0,12797.0,22597.0,22509.0,47896.0,44.527,196.058,11781.419,5834.765
2064,medium_district,58,UV - North Central,,,,,,,,,58,UV - North Central,,,80141.0,219251.468,2.736,145194.0,26530.0,12506.0,106158.0,163457.367,18206.0,8324.0,8796.0,3710.0,12797.0,22686.0,22616.0,48059.0,43.545,195.692,12090.588,5933.545
2065,medium_district,58,UV - North Central,,,,,,,,,58,UV - North Central,,,80155.0,221582.224,2.764,145671.0,26603.0,12536.0,106532.0,163825.2,18263.0,8340.0,8830.0,3706.0,12797.0,22781.0,22726.0,48228.0,43.573,195.32299999999998,11891.833,6023.4619999999995
2023,medium_district,59,UV - Downtown Provo,,,,,,,,,59,UV - Downtown Provo,,,19637.0,55412.883,2.822,64400.0,7786.0,3336.0,53278.0,68985.492,4444.0,3342.0,1700.0,1636.0,4275.0,22383.0,11692.0,14928.0,4.032,0.0,3317.851,1263.604
2024,medium_district,59,UV - Downtown Provo,,,,,,,,,59,UV - Downtown Provo,,,20244.0,56801.057,2.806,65082.0,7825.0,3420.0,53837.0,69068.152,4392.0,3433.0,1741.0,1679.0,4204.0,22612.0,12126.0,14895.0,5.04,0.0,2734.546,1246.566
2025,medium_district,59,UV - Downtown Provo,,,,,,,,,59,UV - Downtown Provo,,,20870.0,58178.46,2.788,66415.0,7981.0,3498.0,54936.0,72996.871,4488.0,3493.0,1819.0,1679.0,4278.0,22797.0,12559.0,15302.0,5.039,0.0,5190.469,1386.374
2026,medium_district,59,UV - Downtown Provo,,,,,,,,,59,UV - Downtown Provo,,,21264.0,58850.212999999996,2.768,67338.0,8088.0,3572.0,55678.0,73563.079,4531.0,3557.0,1864.0,1708.0,4273.0,22931.0,12879.0,15595.0,5.039,0.0,4819.436,1400.598
2027,medium_district,59,UV - Downtown Provo,,,,,,,,,59,UV - Downtown Provo,,,21576.0,59218.593,2.745,68077.0,8185.0,3625.0,56267.0,73130.033,4589.0,3596.0,1905.0,1720.0,4259.0,23063.0,13137.0,15808.0,5.041,0.0,3636.2309999999998,1411.758
2028,medium_district,59,UV - Downtown Provo,,,,,,,,,59,UV - Downtown Provo,,,21844.0,59440.961,2.721,68759.0,8261.0,3650.0,56848.0,73729.614,4633.0,3628.0,1933.0,1717.0,4256.0,23142.0,13355.0,16095.0,5.036,0.0,3546.529,1419.049
2029,medium_district,59,UV - Downtown Provo,,,,,,,,,59,UV - Downtown Provo,,,22044.0,59474.179,2.698,69306.0,8308.0,3677.0,57321.0,74266.884,4679.0,3629.0,1965.0,1712.0,4240.0,23205.0,13519.0,16357.0,5.041,0.0,3532.087,1423.752
2030,medium_district,59,UV - Downtown Provo,,,,,,,,,59,UV - Downtown Provo,,,22199.0,59427.971,2.677,69814.0,8365.0,3722.0,57727.0,74725.603,4736.0,3629.0,2011.0,1711.0,4223.0,23246.0,13688.0,16570.0,5.055,0.0,3482.31,1424.238
2031,medium_district,59,UV - Downtown Provo,,,,,,,,,59,UV - Downtown Provo,,,22358.0,59394.509,2.657,70238.0,8411.0,3746.0,58081.0,75506.219,4802.0,3609.0,2038.0,1708.0,4208.0,23254.0,13881.0,16738.0,5.05,0.0,3834.031,1429.135
2032,medium_district,59,UV - Downtown Provo,,,,,,,,,59,UV - Downtown Provo,,,22461.0,59228.273,2.637,70599.0,8433.0,3783.0,58383.0,75964.688,4840.0,3593.0,2085.0,1698.0,4178.0,23271.0,14043.0,16891.0,5.051,0.0,3929.8559999999998,1430.779
2033,medium_district,59,UV - Downtown Provo,,,,,,,,,59,UV - Downtown Provo,,,22566.0,59129.583999999995,2.62,70800.0,8478.0,3782.0,58540.0,76365.203,4873.0,3605.0,2092.0,1690.0,4091.0,23272.0,14153.0,17024.0,5.031000000000001,0.0,4120.086,1440.088
2034,medium_district,59,UV - Downtown Provo,,,,,,,,,59,UV - Downtown Provo,,,22694.0,59143.756,2.606,71279.0,8580.0,3790.0,58909.0,77080.094,4909.0,3671.0,2122.0,1668.0,4078.0,23290.0,14279.0,17262.0,5.055,0.0,4329.902,1466.138
2035,medium_district,59,UV - Downtown Provo,,,,,,,,,59,UV - Downtown Provo,,,22832.0,59320.754,2.598,70637.0,8389.0,3758.0,58490.0,77400.445,4855.0,3534.0,2124.0,1634.0,4056.0,23176.0,14287.0,16971.0,5.0489999999999995,0.0,5302.074,1456.327
2036,medium_district,59,UV - Downtown Provo,,,,,,,,,59,UV - Downtown Provo,,,23159.0,59936.75,2.588,70261.0,8247.0,3776.0,58238.0,77042.558,4724.0,3523.0,2150.0,1626.0,3952.0,23147.0,14297.0,16842.0,5.044,0.0,5297.196,1479.317
2037,medium_district,59,UV - Downtown Provo,,,,,,,,,59,UV - Downtown Provo,,,23557.0,60838.165,2.583,70442.0,8375.0,3721.0,58346.0,76579.909,4851.0,3524.0,2101.0,1620.0,3882.0,23089.0,14350.0,17025.0,4.029,0.0,4628.982,1504.901
2038,medium_district,59,UV - Downtown Provo,,,,,,,,,59,UV - Downtown Provo,,,23934.0,61583.967000000004,2.573,70374.0,8382.0,3730.0,58262.0,76275.734,4852.0,3530.0,2117.0,1613.0,3863.0,23100.0,14357.0,16942.0,4.0440000000000005,0.0,4363.003,1534.684
2039,medium_district,59,UV - Downtown Provo,,,,,,,,,59,UV - Downtown Provo,,,24281.0,62209.91,2.562,70473.0,8384.0,3670.0,58419.0,76390.836,4856.0,3528.0,2095.0,1575.0,3854.0,23135.0,14405.0,17025.0,4.039,0.0,4358.388,1555.41
2040,medium_district,59,UV - Downtown Provo,,,,,,,,,59,UV - Downtown Provo,,,24689.0,63028.614,2.553,70331.0,8271.0,3686.0,58374.0,76028.207,4773.0,3498.0,2118.0,1568.0,3837.0,23162.0,14435.0,16940.0,4.035,0.0,4109.441,1583.732
2041,medium_district,59,UV - Downtown Provo,,,,,,,,,59,UV - Downtown Provo,,,24974.0,63520.799,2.543,70475.0,8288.0,3695.0,58492.0,75419.828,4787.0,3501.0,2128.0,1567.0,3836.0,23187.0,14473.0,16996.0,4.036,0.0,3334.792,1605.998
2042,medium_district,59,UV - Downtown Provo,,,,,,,,,59,UV - Downtown Provo,,,25270.0,64018.267,2.533,70567.0,8292.0,3704.0,58571.0,75651.811,4794.0,3498.0,2146.0,1558.0,3826.0,23210.0,14512.0,17023.0,4.039,0.0,3455.178,1625.5929999999998
2043,medium_district,59,UV - Downtown Provo,,,,,,,,,59,UV - Downtown Provo,,,25515.0,64398.992,2.524,70501.0,8281.0,3707.0,58513.0,75619.861,4793.0,3488.0,2170.0,1537.0,3796.0,23206.0,14527.0,16984.0,4.032,0.0,3471.0389999999998,1643.785
2044,medium_district,59,UV - Downtown Provo,,,,,,,,,59,UV - Downtown Provo,,,25726.0,64730.828,2.516,70607.0,8288.0,3721.0,58598.0,75558.935,4802.0,3486.0,2184.0,1537.0,3796.0,23237.0,14558.0,17007.0,5.04,0.0,3288.956,1657.94
2045,medium_district,59,UV - Downtown Provo,,,,,,,,,59,UV - Downtown Provo,,,25946.0,65121.364,2.51,70793.0,8314.0,3737.0,58742.0,75567.369,4819.0,3495.0,2200.0,1537.0,3794.0,23279.0,14622.0,17047.0,5.034,0.0,3093.707,1675.637
2046,medium_district,59,UV - Downtown Provo,,,,,,,,,59,UV - Downtown Provo,,,26125.0,65377.259,2.502,70918.0,8327.0,3755.0,58836.0,75600.861,4828.0,3499.0,2218.0,1537.0,3793.0,23308.0,14650.0,17085.0,5.039,0.0,2989.889,1687.939
2047,medium_district,59,UV - Downtown Provo,,,,,,,,,59,UV - Downtown Provo,,,26266.0,65546.048,2.495,71029.0,8345.0,3765.0,58919.0,75819.224,4845.0,3500.0,2228.0,1537.0,3787.0,23327.0,14673.0,17132.0,5.034,0.0,3085.759,1699.437
2048,medium_district,59,UV - Downtown Provo,,,,,,,,,59,UV - Downtown Provo,,,26421.0,65714.078,2.487,71082.0,8357.0,3772.0,58953.0,75862.011,4855.0,3502.0,2235.0,1537.0,3784.0,23354.0,14695.0,17120.0,5.025,0.0,3065.049,1709.94
2049,medium_district,59,UV - Downtown Provo,,,,,,,,,59,UV - Downtown Provo,,,26525.0,65729.486,2.478,71099.0,8340.0,3779.0,58980.0,75967.852,4840.0,3500.0,2243.0,1536.0,3779.0,23371.0,14708.0,17122.0,5.021,0.0,3141.137,1722.701
2050,medium_district,59,UV - Downtown Provo,,,,,,,,,59,UV - Downtown Provo,,,26640.0,65768.127,2.469,71147.0,8354.0,3789.0,59004.0,76020.328,4851.0,3503.0,2253.0,1536.0,3765.0,23381.0,14724.0,17134.0,5.041,0.0,3135.403,1732.881
2051,medium_district,59,UV - Downtown Provo,,,,,,,,,59,UV - Downtown Provo,,,26756.0,65825.874,2.46,71239.0,8363.0,3804.0,59072.0,76184.762,4860.0,3503.0,2268.0,1536.0,3765.0,23408.0,14742.0,17157.0,6.061,0.0,3193.639,1746.06
2052,medium_district,59,UV - Downtown Provo,,,,,,,,,59,UV - Downtown Provo,,,26819.0,65743.935,2.451,71302.0,8370.0,3818.0,59114.0,76352.498,4870.0,3500.0,2282.0,1536.0,3764.0,23426.0,14747.0,17177.0,6.079,0.0,3295.189,1749.229
2053,medium_district,59,UV - Downtown Provo,,,,,,,,,59,UV - Downtown Provo,,,26905.0,65703.433,2.442,71362.0,8370.0,3825.0,59167.0,77440.515,4869.0,3501.0,2289.0,1536.0,3764.0,23454.0,14768.0,17181.0,6.077,0.0,4315.371,1757.065
2054,medium_district,59,UV - Downtown Provo,,,,,,,,,59,UV - Downtown Provo,,,27023.0,65754.636,2.433,71413.0,8375.0,3832.0,59206.0,77950.717,4873.0,3502.0,2296.0,1536.0,3764.0,23474.0,14780.0,17188.0,6.072000000000001,0.0,4765.035,1766.608
2055,medium_district,59,UV - Downtown Provo,,,,,,,,,59,UV - Downtown Provo,,,27237.0,66031.857,2.424,71458.0,8382.0,3838.0,59238.0,78178.675,4878.0,3504.0,2302.0,1536.0,3764.0,23488.0,14795.0,17191.0,6.076,0.0,4934.271,1780.325
2056,medium_district,59,UV - Downtown Provo,,,,,,,,,59,UV - Downtown Provo,,,27491.0,66484.917,2.418,71498.0,8382.0,3843.0,59273.0,78068.347,4881.0,3501.0,2307.0,1536.0,3762.0,23505.0,14805.0,17201.0,6.076,0.0,4763.372,1800.893
2057,medium_district,59,UV - Downtown Provo,,,,,,,,,59,UV - Downtown Provo,,,27741.0,67275.968,2.425,71559.0,8387.0,3852.0,59320.0,78380.636,4889.0,3498.0,2316.0,1536.0,3762.0,23528.0,14816.0,17214.0,6.079,0.0,4983.042,1832.517
2058,medium_district,59,UV - Downtown Provo,,,,,,,,,59,UV - Downtown Provo,,,27804.0,68189.57,2.453,71553.0,8384.0,3837.0,59332.0,78477.417,4892.0,3492.0,2301.0,1536.0,3760.0,23536.0,14825.0,17211.0,6.08,0.0,5050.767,1867.567
2059,medium_district,59,UV - Downtown Provo,,,,,,,,,59,UV - Downtown Provo,,,27804.0,68865.103,2.477,71612.0,8394.0,3844.0,59374.0,78326.60100000001,4900.0,3494.0,2308.0,1536.0,3760.0,23557.0,14833.0,17224.0,6.082000000000001,0.0,4810.143,1898.382
2060,medium_district,59,UV - Downtown Provo,,,,,,,,,59,UV - Downtown Provo,,,28153.0,70281.58899999999,2.496,71675.0,8407.0,3854.0,59414.0,79311.095,4913.0,3494.0,2318.0,1536.0,3760.0,23574.0,14842.0,17238.0,6.083,0.0,5676.503,1953.504
2061,medium_district,59,UV - Downtown Provo,,,,,,,,,59,UV - Downtown Provo,,,28203.0,71251.335,2.526,71706.0,8411.0,3859.0,59436.0,78945.276,4915.0,3496.0,2323.0,1536.0,3760.0,23578.0,14851.0,17247.0,6.077999999999999,0.0,5242.307,1990.893
2062,medium_district,59,UV - Downtown Provo,,,,,,,,,59,UV - Downtown Provo,,,28241.0,72114.288,2.554,71748.0,8418.0,3867.0,59463.0,78927.932,4919.0,3499.0,2331.0,1536.0,3760.0,23588.0,14859.0,17256.0,6.073,0.0,5153.204,2020.656
2063,medium_district,59,UV - Downtown Provo,,,,,,,,,59,UV - Downtown Provo,,,28250.0,72910.109,2.581,71768.0,8416.0,3868.0,59484.0,79083.472,4921.0,3495.0,2332.0,1536.0,3760.0,23598.0,14867.0,17259.0,6.072000000000001,0.0,5249.126,2060.27
2064,medium_district,59,UV - Downtown Provo,,,,,,,,,59,UV - Downtown Provo,,,28260.0,73758.231,2.61,71776.0,8423.0,3873.0,59480.0,79218.553,4928.0,3495.0,2337.0,1536.0,3758.0,23607.0,14865.0,17250.0,6.076,0.0,5344.939,2091.542
2065,medium_district,59,UV - Downtown Provo,,,,,,,,,59,UV - Downtown Provo,,,28274.0,74535.41100000001,2.636,71819.0,8428.0,3880.0,59511.0,79221.989,4933.0,3495.0,2344.0,1536.0,3758.0,23614.0,14877.0,17262.0,6.08,0.0,5272.452,2124.461
2023,medium_district,6,WE - Southeast Mountains,,,,,,,,,6,WE - Southeast Mountains,,,3.0,9.0,3.0,0.0,0.0,0.0,0.0,0.0,0.0,0.0,0.0,0.0,0.0,0.0,0.0,0.0,0.0,0.0,0.0,0.0
2024,medium_district,6,WE - Southeast Mountains,,,,,,,,,6,WE - Southeast Mountains,,,3.0,9.0,3.0,0.0,0.0,0.0,0.0,0.0,0.0,0.0,0.0,0.0,0.0,0.0,0.0,0.0,0.0,0.0,0.0,0.0
2025,medium_district,6,WE - Southeast Mountains,,,,,,,,,6,WE - Southeast Mountains,,,3.0,9.0,3.0,0.0,0.0,0.0,0.0,0.0,0.0,0.0,0.0,0.0,0.0,0.0,0.0,0.0,0.0,0.0,0.0,0.0
2026,medium_district,6,WE - Southeast Mountains,,,,,,,,,6,WE - Southeast Mountains,,,3.0,9.0,3.0,0.0,0.0,0.0,0.0,0.0,0.0,0.0,0.0,0.0,0.0,0.0,0.0,0.0,0.0,0.0,0.0,0.0
2027,medium_district,6,WE - Southeast Mountains,,,,,,,,,6,WE - Southeast Mountains,,,3.0,9.0,3.0,0.0,0.0,0.0,0.0,0.0,0.0,0.0,0.0,0.0,0.0,0.0,0.0,0.0,0.0,0.0,0.0,0.0
2028,medium_district,6,WE - Southeast Mountains,,,,,,,,,6,WE - Southeast Mountains,,,3.0,9.0,3.0,0.0,0.0,0.0,0.0,0.0,0.0,0.0,0.0,0.0,0.0,0.0,0.0,0.0,0.0,0.0,0.0,0.0
2029,medium_district,6,WE - Southeast Mountains,,,,,,,,,6,WE - Southeast Mountains,,,4.0,9.0,2.25,0.0,0.0,0.0,0.0,0.0,0.0,0.0,0.0,0.0,0.0,0.0,0.0,0.0,0.0,0.0,0.0,0.0
2030,medium_district,6,WE - Southeast Mountains,,,,,,,,,6,WE - Southeast Mountains,,,4.0,9.0,2.25,0.0,0.0,0.0,0.0,0.0,0.0,0.0,0.0,0.0,0.0,0.0,0.0,0.0,0.0,0.0,0.0,0.0
2031,medium_district,6,WE - Southeast Mountains,,,,,,,,,6,WE - Southeast Mountains,,,4.0,10.0,2.5,0.0,0.0,0.0,0.0,0.0,0.0,0.0,0.0,0.0,0.0,0.0,0.0,0.0,0.0,0.0,0.0,0.0
2032,medium_district,6,WE - Southeast Mountains,,,,,,,,,6,WE - Southeast Mountains,,,4.0,10.0,2.5,0.0,0.0,0.0,0.0,0.0,0.0,0.0,0.0,0.0,0.0,0.0,0.0,0.0,0.0,0.0,0.0,0.0
2033,medium_district,6,WE - Southeast Mountains,,,,,,,,,6,WE - Southeast Mountains,,,4.0,10.0,2.5,0.0,0.0,0.0,0.0,0.0,0.0,0.0,0.0,0.0,0.0,0.0,0.0,0.0,0.0,0.0,0.0,0.0
2034,medium_district,6,WE - Southeast Mountains,,,,,,,,,6,WE - Southeast Mountains,,,4.0,10.0,2.5,0.0,0.0,0.0,0.0,0.0,0.0,0.0,0.0,0.0,0.0,0.0,0.0,0.0,0.0,0.0,0.0,0.0
2035,medium_district,6,WE - Southeast Mountains,,,,,,,,,6,WE - Southeast Mountains,,,4.0,10.0,2.5,0.0,0.0,0.0,0.0,0.0,0.0,0.0,0.0,0.0,0.0,0.0,0.0,0.0,0.0,0.0,0.0,0.0
2036,medium_district,6,WE - Southeast Mountains,,,,,,,,,6,WE - Southeast Mountains,,,4.0,10.0,2.5,0.0,0.0,0.0,0.0,0.0,0.0,0.0,0.0,0.0,0.0,0.0,0.0,0.0,0.0,0.0,0.0,0.0
2037,medium_district,6,WE - Southeast Mountains,,,,,,,,,6,WE - Southeast Mountains,,,4.0,10.0,2.5,0.0,0.0,0.0,0.0,0.0,0.0,0.0,0.0,0.0,0.0,0.0,0.0,0.0,0.0,0.0,0.0,0.0
2038,medium_district,6,WE - Southeast Mountains,,,,,,,,,6,WE - Southeast Mountains,,,4.0,10.0,2.5,0.0,0.0,0.0,0.0,0.0,0.0,0.0,0.0,0.0,0.0,0.0,0.0,0.0,0.0,0.0,0.0,0.0
2039,medium_district,6,WE - Southeast Mountains,,,,,,,,,6,WE - Southeast Mountains,,,4.0,10.0,2.5,0.0,0.0,0.0,0.0,0.0,0.0,0.0,0.0,0.0,0.0,0.0,0.0,0.0,0.0,0.0,0.0,0.0
2040,medium_district,6,WE - Southeast Mountains,,,,,,,,,6,WE - Southeast Mountains,,,4.0,11.0,2.75,0.0,0.0,0.0,0.0,0.0,0.0,0.0,0.0,0.0,0.0,0.0,0.0,0.0,0.0,0.0,0.0,0.0
2041,medium_district,6,WE - Southeast Mountains,,,,,,,,,6,WE - Southeast Mountains,,,4.0,11.0,2.75,0.0,0.0,0.0,0.0,0.0,0.0,0.0,0.0,0.0,0.0,0.0,0.0,0.0,0.0,0.0,0.0,0.0
2042,medium_district,6,WE - Southeast Mountains,,,,,,,,,6,WE - Southeast Mountains,,,4.0,11.0,2.75,0.0,0.0,0.0,0.0,0.0,0.0,0.0,0.0,0.0,0.0,0.0,0.0,0.0,0.0,0.0,0.0,0.0
2043,medium_district,6,WE - Southeast Mountains,,,,,,,,,6,WE - Southeast Mountains,,,5.0,11.0,2.2,0.0,0.0,0.0,0.0,0.0,0.0,0.0,0.0,0.0,0.0,0.0,0.0,0.0,0.0,0.0,0.0,0.0
2044,medium_district,6,WE - Southeast Mountains,,,,,,,,,6,WE - Southeast Mountains,,,5.0,11.0,2.2,0.0,0.0,0.0,0.0,0.0,0.0,0.0,0.0,0.0,0.0,0.0,0.0,0.0,0.0,0.0,0.0,0.0
2045,medium_district,6,WE - Southeast Mountains,,,,,,,,,6,WE - Southeast Mountains,,,5.0,11.0,2.2,0.0,0.0,0.0,0.0,0.0,0.0,0.0,0.0,0.0,0.0,0.0,0.0,0.0,0.0,0.0,0.0,0.0
2046,medium_district,6,WE - Southeast Mountains,,,,,,,,,6,WE - Southeast Mountains,,,5.0,11.0,2.2,0.0,0.0,0.0,0.0,0.0,0.0,0.0,0.0,0.0,0.0,0.0,0.0,0.0,0.0,0.0,0.0,0.0
2047,medium_district,6,WE - Southeast Mountains,,,,,,,,,6,WE - Southeast Mountains,,,5.0,11.0,2.2,0.0,0.0,0.0,0.0,0.0,0.0,0.0,0.0,0.0,0.0,0.0,0.0,0.0,0.0,0.0,0.0,0.0
2048,medium_district,6,WE - Southeast Mountains,,,,,,,,,6,WE - Southeast Mountains,,,5.0,11.0,2.2,0.0,0.0,0.0,0.0,0.0,0.0,0.0,0.0,0.0,0.0,0.0,0.0,0.0,0.0,0.0,0.0,0.0
2049,medium_district,6,WE - Southeast Mountains,,,,,,,,,6,WE - Southeast Mountains,,,5.0,12.0,2.4,0.0,0.0,0.0,0.0,0.0,0.0,0.0,0.0,0.0,0.0,0.0,0.0,0.0,0.0,0.0,0.0,0.0
2050,medium_district,6,WE - Southeast Mountains,,,,,,,,,6,WE - Southeast Mountains,,,5.0,12.0,2.4,0.0,0.0,0.0,0.0,0.0,0.0,0.0,0.0,0.0,0.0,0.0,0.0,0.0,0.0,0.0,0.0,0.0
2051,medium_district,6,WE - Southeast Mountains,,,,,,,,,6,WE - Southeast Mountains,,,5.0,12.0,2.4,0.0,0.0,0.0,0.0,0.0,0.0,0.0,0.0,0.0,0.0,0.0,0.0,0.0,0.0,0.0,0.0,0.0
2052,medium_district,6,WE - Southeast Mountains,,,,,,,,,6,WE - Southeast Mountains,,,5.0,12.0,2.4,0.0,0.0,0.0,0.0,0.0,0.0,0.0,0.0,0.0,0.0,0.0,0.0,0.0,0.0,0.0,0.0,0.0
2053,medium_district,6,WE - Southeast Mountains,,,,,,,,,6,WE - Southeast Mountains,,,5.0,12.0,2.4,0.0,0.0,0.0,0.0,0.0,0.0,0.0,0.0,0.0,0.0,0.0,0.0,0.0,0.0,0.0,0.0,0.0
2054,medium_district,6,WE - Southeast Mountains,,,,,,,,,6,WE - Southeast Mountains,,,5.0,12.0,2.4,0.0,0.0,0.0,0.0,0.0,0.0,0.0,0.0,0.0,0.0,0.0,0.0,0.0,0.0,0.0,0.0,0.0
2055,medium_district,6,WE - Southeast Mountains,,,,,,,,,6,WE - Southeast Mountains,,,6.0,12.0,2.0,0.0,0.0,0.0,0.0,0.0,0.0,0.0,0.0,0.0,0.0,0.0,0.0,0.0,0.0,0.0,0.0,0.0
2056,medium_district,6,WE - Southeast Mountains,,,,,,,,,6,WE - Southeast Mountains,,,6.0,12.0,2.0,0.0,0.0,0.0,0.0,0.0,0.0,0.0,0.0,0.0,0.0,0.0,0.0,0.0,0.0,0.0,0.0,0.0
2057,medium_district,6,WE - Southeast Mountains,,,,,,,,,6,WE - Southeast Mountains,,,6.0,13.0,2.167,0.0,0.0,0.0,0.0,0.0,0.0,0.0,0.0,0.0,0.0,0.0,0.0,0.0,0.0,0.0,0.0,0.0
2058,medium_district,6,WE - Southeast Mountains,,,,,,,,,6,WE - Southeast Mountains,,,6.0,13.0,2.167,0.0,0.0,0.0,0.0,0.0,0.0,0.0,0.0,0.0,0.0,0.0,0.0,0.0,0.0,0.0,0.0,0.0
2059,medium_district,6,WE - Southeast Mountains,,,,,,,,,6,WE - Southeast Mountains,,,6.0,13.0,2.167,0.0,0.0,0.0,0.0,0.0,0.0,0.0,0.0,0.0,0.0,0.0,0.0,0.0,0.0,0.0,0.0,0.0
2060,medium_district,6,WE - Southeast Mountains,,,,,,,,,6,WE - Southeast Mountains,,,6.0,13.0,2.167,0.0,0.0,0.0,0.0,0.0,0.0,0.0,0.0,0.0,0.0,0.0,0.0,0.0,0.0,0.0,0.0,0.0
2061,medium_district,6,WE - Southeast Mountains,,,,,,,,,6,WE - Southeast Mountains,,,6.0,13.0,2.167,0.0,0.0,0.0,0.0,0.0,0.0,0.0,0.0,0.0,0.0,0.0,0.0,0.0,0.0,0.0,0.0,0.0
2062,medium_district,6,WE - Southeast Mountains,,,,,,,,,6,WE - Southeast Mountains,,,6.0,13.0,2.167,0.0,0.0,0.0,0.0,0.0,0.0,0.0,0.0,0.0,0.0,0.0,0.0,0.0,0.0,0.0,0.0,0.0
2063,medium_district,6,WE - Southeast Mountains,,,,,,,,,6,WE - Southeast Mountains,,,6.0,13.0,2.167,0.0,0.0,0.0,0.0,0.0,0.0,0.0,0.0,0.0,0.0,0.0,0.0,0.0,0.0,0.0,0.0,0.0
2064,medium_district,6,WE - Southeast Mountains,,,,,,,,,6,WE - Southeast Mountains,,,6.0,13.0,2.167,0.0,0.0,0.0,0.0,0.0,0.0,0.0,0.0,0.0,0.0,0.0,0.0,0.0,0.0,0.0,0.0,0.0
2065,medium_district,6,WE - Southeast Mountains,,,,,,,,,6,WE - Southeast Mountains,,,6.0,13.0,2.167,0.0,0.0,0.0,0.0,0.0,0.0,0.0,0.0,0.0,0.0,0.0,0.0,0.0,0.0,0.0,0.0,0.0
2023,medium_district,60,UV - SF River East,,,,,,,,,60,UV - SF River East,,,28059.0,92019.326,3.279,50170.0,11409.0,10072.0,28689.0,57403.465000000004,7734.0,3675.0,7023.0,3049.0,3857.0,6933.0,3303.0,14596.0,312.478,34.087,5081.61,1805.294
2024,medium_district,60,UV - SF River East,,,,,,,,,60,UV - SF River East,,,28578.0,92928.037,3.252,50783.0,11399.0,10247.0,29137.0,55628.652,7668.0,3731.0,7120.0,3127.0,3782.0,7161.0,3501.0,14693.0,313.481,37.295,2731.257,1763.621
2025,medium_district,60,UV - SF River East,,,,,,,,,60,UV - SF River East,,,29282.0,94205.304,3.217,52466.0,11652.0,10771.0,30043.0,59929.228,7865.0,3787.0,7307.0,3464.0,3862.0,7368.0,3707.0,15106.0,311.374,37.178,5165.343,1949.337
2026,medium_district,60,UV - SF River East,,,,,,,,,60,UV - SF River East,,,30351.0,96564.412,3.182,53520.0,11828.0,10943.0,30749.0,61643.333,7962.0,3866.0,7425.0,3518.0,3859.0,7558.0,3870.0,15462.0,311.372,38.494,5770.608,2002.854
2027,medium_district,60,UV - SF River East,,,,,,,,,60,UV - SF River East,,,31191.0,98138.438,3.146,54588.0,12081.0,11025.0,31482.0,61447.242,8168.0,3913.0,7475.0,3550.0,3854.0,7747.0,4049.0,15832.0,308.502,39.382000000000005,4473.8,2037.528
2028,medium_district,60,UV - SF River East,,,,,,,,,60,UV - SF River East,,,31878.0,99312.153,3.115,55724.0,12288.0,11204.0,32232.0,62370.087,8326.0,3962.0,7588.0,3616.0,3854.0,7904.0,4189.0,16285.0,308.195,37.798,4240.104,2059.964
2029,medium_district,60,UV - SF River East,,,,,,,,,60,UV - SF River East,,,32557.0,100529.789,3.088,56887.0,12484.0,11407.0,32996.0,63809.695,8492.0,3992.0,7758.0,3649.0,3854.0,8036.0,4309.0,16797.0,307.541,35.711,4486.861,2092.572
2030,medium_district,60,UV - SF River East,,,,,,,,,60,UV - SF River East,,,33368.0,102080.56999999999,3.059,58195.0,12758.0,11614.0,33823.0,66529.893,8754.0,4004.0,7965.0,3649.0,3854.0,8129.0,4531.0,17309.0,308.316,35.129999999999995,5845.5960000000005,2145.869
2031,medium_district,60,UV - SF River East,,,,,,,,,60,UV - SF River East,,,33991.0,103103.716,3.033,59325.0,13011.0,11861.0,34453.0,66757.013,9023.0,3988.0,8182.0,3679.0,3854.0,8159.0,4721.0,17719.0,307.04699999999997,35.400999999999996,4916.832,2172.728
2032,medium_district,60,UV - SF River East,,,,,,,,,60,UV - SF River East,,,34910.0,105015.072,3.008,60461.0,13230.0,12049.0,35182.0,69349.813,9229.0,4001.0,8370.0,3679.0,3854.0,8178.0,4923.0,18227.0,303.1,37.178,6316.8640000000005,2231.659
2033,medium_district,60,UV - SF River East,,,,,,,,,60,UV - SF River East,,,35705.0,106716.264,2.989,61373.0,13382.0,12190.0,35801.0,69542.726,9351.0,4031.0,8511.0,3679.0,3849.0,8183.0,5113.0,18656.0,301.855,38.994,5545.139,2283.728
2034,medium_district,60,UV - SF River East,,,,,,,,,60,UV - SF River East,,,36498.0,108396.997,2.97,63087.0,13827.0,12363.0,36897.0,71876.101,9588.0,4239.0,8684.0,3679.0,3849.0,8226.0,5370.0,19452.0,301.255,40.579,6099.443,2347.824
2035,medium_district,60,UV - SF River East,,,,,,,,,60,UV - SF River East,,,37307.0,110181.089,2.953,63193.0,13726.0,12454.0,37013.0,71767.119,9615.0,4111.0,8793.0,3661.0,4006.0,8211.0,5467.0,19329.0,301.938,41.16,5847.859,2383.181
2036,medium_district,60,UV - SF River East,,,,,,,,,60,UV - SF River East,,,38021.0,111694.819,2.938,64164.0,13934.0,12635.0,37595.0,72450.971,9766.0,4168.0,8984.0,3651.0,4006.0,8237.0,5629.0,19723.0,300.588,40.889,5512.3240000000005,2433.168
2037,medium_district,60,UV - SF River East,,,,,,,,,60,UV - SF River East,,,39199.0,114926.8,2.932,65740.0,14352.0,12925.0,38463.0,74213.567,10059.0,4293.0,9326.0,3599.0,4080.0,8309.0,5562.0,20512.0,299.172,40.542,5628.367,2505.502
2038,medium_district,60,UV - SF River East,,,,,,,,,60,UV - SF River East,,,39891.0,116439.357,2.919,66784.0,14546.0,13102.0,39136.0,75142.79,10213.0,4333.0,9503.0,3599.0,4080.0,8361.0,5675.0,21020.0,299.233,40.464,5459.954,2559.13
2039,medium_district,60,UV - SF River East,,,,,,,,,60,UV - SF River East,,,40573.0,117914.898,2.906,67816.0,14752.0,13269.0,39795.0,75927.251,10379.0,4373.0,9670.0,3599.0,4080.0,8445.0,5804.0,21466.0,299.915,40.464,5164.202,2606.667
2040,medium_district,60,UV - SF River East,,,,,,,,,60,UV - SF River East,,,41260.0,119467.605,2.895,68768.0,14927.0,13413.0,40428.0,77269.267,10530.0,4397.0,9814.0,3599.0,4080.0,8555.0,5899.0,21894.0,298.57099999999997,40.464,5508.69,2653.542
2041,medium_district,60,UV - SF River East,,,,,,,,,60,UV - SF River East,,,42074.0,121368.942,2.885,69780.0,15134.0,13613.0,41033.0,78640.407,10704.0,4430.0,10014.0,3599.0,4080.0,8672.0,6023.0,22258.0,296.644,40.657,5814.425,2708.692
2042,medium_district,60,UV - SF River East,,,,,,,,,60,UV - SF River East,,,43086.0,123748.162,2.872,70496.0,15274.0,13740.0,41482.0,79725.641,10822.0,4452.0,10142.0,3598.0,4078.0,8747.0,6135.0,22522.0,292.777,41.043,6124.133,2771.726
2043,medium_district,60,UV - SF River East,,,,,,,,,60,UV - SF River East,,,43959.0,125809.52,2.862,71278.0,15427.0,13869.0,41982.0,80308.936,10921.0,4506.0,10271.0,3598.0,4078.0,8842.0,6233.0,22829.0,292.35900000000004,41.391,5863.834,2833.342
2044,medium_district,60,UV - SF River East,,,,,,,,,60,UV - SF River East,,,44997.0,128213.067,2.849,71969.0,15565.0,13984.0,42420.0,81367.874,11033.0,4532.0,10387.0,3597.0,4072.0,8929.0,6350.0,23069.0,292.296,41.352,6168.854,2896.394
2045,medium_district,60,UV - SF River East,,,,,,,,,60,UV - SF River East,,,45991.0,130472.42,2.837,72723.0,15724.0,14092.0,42907.0,81821.707,11159.0,4565.0,10499.0,3593.0,4072.0,9038.0,6481.0,23316.0,288.891,41.238,5804.469,2964.122
2046,medium_district,60,UV - SF River East,,,,,,,,,60,UV - SF River East,,,47033.0,132913.353,2.826,73391.0,15849.0,14202.0,43340.0,82406.691,11260.0,4589.0,10609.0,3593.0,4070.0,9153.0,6603.0,23514.0,287.184,41.238,5650.388,3036.888
2047,medium_district,60,UV - SF River East,,,,,,,,,60,UV - SF River East,,,48032.0,135160.789,2.814,74014.0,15963.0,14316.0,43735.0,83319.8,11353.0,4610.0,10725.0,3591.0,4061.0,9281.0,6703.0,23690.0,284.864,41.469,5877.494,3101.9829999999997
2048,medium_district,60,UV - SF River East,,,,,,,,,60,UV - SF River East,,,49291.0,138176.661,2.803,74849.0,16113.0,14438.0,44298.0,85353.854,11488.0,4625.0,10852.0,3586.0,4060.0,9475.0,6853.0,23910.0,283.391,41.894000000000005,6989.695,3189.889
2049,medium_district,60,UV - SF River East,,,,,,,,,60,UV - SF River East,,,50557.0,141130.013,2.792,75634.0,16273.0,14542.0,44819.0,86631.192,11625.0,4648.0,10957.0,3585.0,4059.0,9650.0,6978.0,24132.0,277.199,42.28,7394.305,3283.432
2050,medium_district,60,UV - SF River East,,,,,,,,,60,UV - SF River East,,,51850.0,144128.61,2.78,76287.0,16393.0,14626.0,45268.0,87065.847,11724.0,4669.0,11051.0,3575.0,4028.0,9833.0,7081.0,24326.0,272.273,42.705000000000005,7096.088,3367.773
2051,medium_district,60,UV - SF River East,,,,,,,,,60,UV - SF River East,,,53206.0,147183.874,2.766,76884.0,16553.0,14703.0,45628.0,88124.869,11856.0,4697.0,11141.0,3562.0,4010.0,9996.0,7166.0,24456.0,264.66700000000003,43.054,7477.033,3456.116
2052,medium_district,60,UV - SF River East,,,,,,,,,60,UV - SF River East,,,54469.0,149944.476,2.753,77536.0,16690.0,14794.0,46052.0,88868.717,11975.0,4715.0,11237.0,3557.0,3999.0,10148.0,7259.0,24646.0,247.235,43.401,7497.616,3544.458
2053,medium_district,60,UV - SF River East,,,,,,,,,60,UV - SF River East,,,55826.0,152850.45,2.738,78212.0,16829.0,14903.0,46480.0,88782.15,12092.0,4737.0,11347.0,3556.0,3999.0,10287.0,7358.0,24836.0,232.933,43.865,6653.143,3640.213
2054,medium_district,60,UV - SF River East,,,,,,,,,60,UV - SF River East,,,57953.0,157749.583,2.722,78908.0,16966.0,14989.0,46953.0,90382.5,12212.0,4754.0,11433.0,3556.0,3999.0,10442.0,7472.0,25040.0,231.74,44.17400000000001,7412.289,3786.303
2055,medium_district,60,UV - SF River East,,,,,,,,,60,UV - SF River East,,,59910.0,162106.97,2.706,79640.0,17115.0,15061.0,47464.0,91479.706,12336.0,4779.0,11505.0,3556.0,3999.0,10610.0,7596.0,25259.0,230.869,44.289,7643.839,3920.712
2056,medium_district,60,UV - SF River East,,,,,,,,,60,UV - SF River East,,,61410.0,165244.949,2.691,80418.0,17248.0,15144.0,48026.0,91979.138,12453.0,4795.0,11589.0,3555.0,3999.0,10784.0,7716.0,25527.0,227.835,44.018,7262.535,4026.761
2057,medium_district,60,UV - SF River East,,,,,,,,,60,UV - SF River East,,,62206.0,167645.088,2.695,81156.0,17368.0,15238.0,48550.0,93105.3,12559.0,4809.0,11684.0,3554.0,3994.0,10953.0,7823.0,25780.0,227.956,43.247,7557.184,4120.906
2058,medium_district,60,UV - SF River East,,,,,,,,,60,UV - SF River East,,,62265.0,169833.62900000002,2.728,81915.0,17510.0,15352.0,49053.0,94089.809,12678.0,4832.0,11798.0,3554.0,3994.0,11083.0,7937.0,26039.0,227.005,42.512,7721.251,4184.037
2059,medium_district,60,UV - SF River East,,,,,,,,,60,UV - SF River East,,,62309.0,171709.727,2.756,82609.0,17647.0,15459.0,49503.0,94402.09,12791.0,4856.0,11911.0,3548.0,3994.0,11200.0,8037.0,26272.0,227.043,41.97,7275.253,4248.852
2060,medium_district,60,UV - SF River East,,,,,,,,,60,UV - SF River East,,,62429.0,173999.526,2.787,83285.0,17785.0,15541.0,49959.0,95565.833,12908.0,4877.0,11999.0,3542.0,3994.0,11321.0,8131.0,26513.0,227.105,41.701,7684.115,4327.901
2061,medium_district,60,UV - SF River East,,,,,,,,,60,UV - SF River East,,,62483.0,176424.902,2.824,83888.0,17922.0,15625.0,50341.0,96272.309,13015.0,4907.0,12085.0,3540.0,3988.0,11416.0,8222.0,26715.0,226.912,41.506,7701.122,4414.763
2062,medium_district,60,UV - SF River East,,,,,,,,,60,UV - SF River East,,,62538.0,178571.53,2.855,84503.0,18063.0,15714.0,50726.0,97125.551,13129.0,4934.0,12179.0,3535.0,3986.0,11515.0,8313.0,26912.0,226.729,41.391,7876.977,4477.444
2063,medium_district,60,UV - SF River East,,,,,,,,,60,UV - SF River East,,,62586.0,180725.552,2.888,85152.0,18202.0,15800.0,51150.0,98013.444,13246.0,4956.0,12266.0,3534.0,3981.0,11631.0,8406.0,27132.0,225.67,41.275,8032.903,4561.6050000000005
2064,medium_district,60,UV - SF River East,,,,,,,,,60,UV - SF River East,,,62640.0,183032.878,2.922,85739.0,18314.0,15888.0,51537.0,98712.639,13338.0,4976.0,12355.0,3533.0,3981.0,11742.0,8499.0,27315.0,225.80599999999998,41.199,8064.441,4642.201
2065,medium_district,60,UV - SF River East,,,,,,,,,60,UV - SF River East,,,62684.0,185117.163,2.953,86302.0,18428.0,15972.0,51902.0,99271.126,13443.0,4985.0,12439.0,3533.0,3981.0,11839.0,8595.0,27487.0,225.989,41.121,7990.2119999999995,4711.797
2023,medium_district,61,UV - SF River West,,,,,,,,,61,UV - SF River West,,,10162.0,33136.822,3.261,9417.0,1662.0,897.0,6858.0,12248.075,1211.0,451.0,301.0,596.0,924.0,1532.0,1166.0,3236.0,635.034,12.783,1533.449,649.812
2024,medium_district,61,UV - SF River West,,,,,,,,,61,UV - SF River West,,,10749.0,34795.878,3.237,9569.0,1661.0,936.0,6972.0,14072.25,1196.0,465.0,322.0,614.0,908.0,1591.0,1211.0,3262.0,635.03,13.986,3195.898,658.346
2025,medium_district,61,UV - SF River West,,,,,,,,,61,UV - SF River West,,,11448.0,36783.904,3.213,9932.0,1721.0,1008.0,7203.0,12530.934,1240.0,481.0,352.0,656.0,925.0,1657.0,1260.0,3361.0,630.803,13.942,1198.884,755.305
2026,medium_district,61,UV - SF River West,,,,,,,,,61,UV - SF River West,,,12464.0,39623.194,3.179,10208.0,1757.0,1041.0,7410.0,13128.792,1259.0,498.0,370.0,671.0,925.0,1725.0,1301.0,3459.0,630.804,14.435,1459.199,816.328
2027,medium_district,61,UV - SF River West,,,,,,,,,61,UV - SF River West,,,13713.0,43239.348,3.153,10395.0,1796.0,1076.0,7523.0,15466.367,1289.0,507.0,395.0,681.0,919.0,1769.0,1329.0,3506.0,626.107,14.768,3536.359,894.092
2028,medium_district,61,UV - SF River West,,,,,,,,,61,UV - SF River West,,,15056.0,47160.623,3.132,10601.0,1831.0,1092.0,7678.0,15737.015,1315.0,516.0,417.0,675.0,916.0,1815.0,1345.0,3602.0,619.441,14.174,3526.004,976.384
2029,medium_district,61,UV - SF River West,,,,,,,,,61,UV - SF River West,,,16462.0,51234.507,3.112,10860.0,1874.0,1114.0,7872.0,16643.13,1351.0,523.0,436.0,678.0,916.0,1851.0,1372.0,3733.0,615.077,13.391,4095.3379999999997,1059.283
2030,medium_district,61,UV - SF River West,,,,,,,,,61,UV - SF River West,,,17783.0,54885.833,3.086,11096.0,1911.0,1145.0,8040.0,16844.215,1398.0,513.0,467.0,678.0,915.0,1873.0,1406.0,3846.0,608.534,13.174,3984.516,1142.0
2031,medium_district,61,UV - SF River West,,,,,,,,,61,UV - SF River West,,,19166.0,58707.456,3.063,11346.0,1960.0,1183.0,8203.0,17659.774,1449.0,511.0,504.0,679.0,915.0,1882.0,1434.0,3972.0,601.9689999999999,13.275,4471.534,1226.99
2032,medium_district,61,UV - SF River West,,,,,,,,,61,UV - SF River West,,,20411.0,62006.354999999996,3.038,11789.0,2071.0,1218.0,8500.0,17754.96,1553.0,518.0,539.0,679.0,915.0,1896.0,1482.0,4207.0,598.117,13.942,4047.091,1306.81
2033,medium_district,61,UV - SF River West,,,,,,,,,61,UV - SF River West,,,21681.0,65369.844,3.015,12181.0,2178.0,1250.0,8753.0,18368.121,1642.0,536.0,580.0,670.0,909.0,1890.0,1532.0,4422.0,602.7280000000001,14.623,4185.726,1384.064
2034,medium_district,61,UV - SF River West,,,,,,,,,61,UV - SF River West,,,22879.0,68506.614,2.994,12976.0,2432.0,1278.0,9266.0,19090.608,1761.0,671.0,608.0,670.0,908.0,1905.0,1593.0,4860.0,595.439,15.217,4031.825,1472.158
2035,medium_district,61,UV - SF River West,,,,,,,,,61,UV - SF River West,,,24197.0,72012.954,2.976,13031.0,2430.0,1306.0,9295.0,20060.635,1788.0,642.0,644.0,662.0,914.0,1901.0,1630.0,4850.0,593.753,15.435,4877.04,1543.415
2036,medium_district,61,UV - SF River West,,,,,,,,,61,UV - SF River West,,,25629.0,75893.607,2.961,13655.0,2600.0,1375.0,9680.0,20743.597,1920.0,680.0,715.0,660.0,914.0,1921.0,1693.0,5152.0,589.066,15.333,4841.744,1642.465
2037,medium_district,61,UV - SF River West,,,,,,,,,61,UV - SF River West,,,26160.0,77108.162,2.948,13251.0,2459.0,1512.0,9280.0,20303.913,1814.0,645.0,745.0,767.0,949.0,1930.0,1631.0,4770.0,590.292,15.203,4773.429,1674.018
2038,medium_district,61,UV - SF River West,,,,,,,,,61,UV - SF River West,,,27752.0,81495.265,2.937,13647.0,2543.0,1558.0,9546.0,20840.909,1878.0,665.0,801.0,757.0,946.0,1963.0,1669.0,4968.0,584.318,15.174,4811.659,1782.769
2039,medium_district,61,UV - SF River West,,,,,,,,,61,UV - SF River West,,,29411.0,86048.801,2.926,14049.0,2640.0,1608.0,9801.0,21741.403,1957.0,683.0,851.0,757.0,942.0,2005.0,1709.0,5145.0,581.638,15.174,5207.121,1888.486
2040,medium_district,61,UV - SF River West,,,,,,,,,61,UV - SF River West,,,31188.0,90918.349,2.915,14674.0,2787.0,1653.0,10234.0,23881.317,2083.0,704.0,896.0,757.0,942.0,2075.0,1765.0,5452.0,569.903,15.174,6617.581,2004.668
2041,medium_district,61,UV - SF River West,,,,,,,,,61,UV - SF River West,,,32736.0,95026.492,2.903,15333.0,2937.0,1715.0,10681.0,23221.349,2215.0,722.0,958.0,757.0,942.0,2155.0,1826.0,5758.0,558.981,15.246,5213.831,2100.324
2042,medium_district,61,UV - SF River West,,,,,,,,,61,UV - SF River West,,,34768.0,100541.715,2.892,16033.0,3085.0,1764.0,11184.0,25738.482,2341.0,744.0,1007.0,757.0,942.0,2259.0,1886.0,6097.0,548.196,15.391,6903.74,2238.2019999999998
2043,medium_district,61,UV - SF River West,,,,,,,,,61,UV - SF River West,,,37027.0,106712.133,2.882,16853.0,3341.0,1821.0,11691.0,27060.591,2540.0,801.0,1064.0,757.0,941.0,2379.0,1944.0,6427.0,533.294,15.522,7271.616,2387.118
2044,medium_district,61,UV - SF River West,,,,,,,,,61,UV - SF River West,,,39330.0,113053.921,2.874,17691.0,3546.0,1867.0,12278.0,27577.16,2706.0,840.0,1114.0,753.0,938.0,2514.0,2015.0,6811.0,516.063,15.507,6825.673,2528.949
2045,medium_district,61,UV - SF River West,,,,,,,,,61,UV - SF River West,,,41825.0,119986.497,2.869,18698.0,3792.0,1941.0,12965.0,30016.427,2896.0,896.0,1188.0,753.0,935.0,2687.0,2108.0,7235.0,499.263,15.464,8100.695,2703.023
2046,medium_district,61,UV - SF River West,,,,,,,,,61,UV - SF River West,,,44480.0,127290.389,2.862,19485.0,3969.0,2007.0,13509.0,30477.594,3041.0,928.0,1257.0,750.0,934.0,2835.0,2189.0,7551.0,477.629,15.464,7622.619,2876.904
2047,medium_district,61,UV - SF River West,,,,,,,,,61,UV - SF River West,,,47461.0,135625.502,2.858,20253.0,4155.0,2072.0,14026.0,32187.702,3210.0,945.0,1322.0,750.0,931.0,3001.0,2263.0,7831.0,444.91499999999996,15.551,8399.271,3074.985
2048,medium_district,61,UV - SF River West,,,,,,,,,61,UV - SF River West,,,50474.0,143884.308,2.851,21001.0,4350.0,2108.0,14543.0,33034.257,3382.0,968.0,1359.0,749.0,923.0,3169.0,2336.0,8115.0,418.061,15.71,8333.626,3265.898
2049,medium_district,61,UV - SF River West,,,,,,,,,61,UV - SF River West,,,53412.0,151847.487,2.843,21594.0,4509.0,2151.0,14934.0,33468.858,3534.0,975.0,1404.0,747.0,914.0,3314.0,2409.0,8297.0,384.659,15.855,8017.953,3456.3959999999997
2050,medium_district,61,UV - SF River West,,,,,,,,,61,UV - SF River West,,,56091.0,158962.437,2.834,22370.0,4725.0,2204.0,15441.0,33303.094,3727.0,998.0,1458.0,746.0,909.0,3457.0,2483.0,8592.0,345.886,16.014,6932.414,3638.755
2051,medium_district,61,UV - SF River West,,,,,,,,,61,UV - SF River West,,,58351.0,164597.176,2.821,23084.0,4909.0,2264.0,15911.0,33951.487,3911.0,998.0,1526.0,738.0,903.0,3598.0,2544.0,8866.0,308.098,16.145,6746.121,3797.123
2052,medium_district,61,UV - SF River West,,,,,,,,,61,UV - SF River West,,,60346.0,169505.159,2.809,23644.0,5090.0,2309.0,16245.0,33291.038,4070.0,1020.0,1582.0,727.0,828.0,3759.0,2603.0,9055.0,272.574,16.275,5428.679,3929.507
2053,medium_district,61,UV - SF River West,,,,,,,,,61,UV - SF River West,,,61943.0,172978.745,2.793,24396.0,5294.0,2357.0,16745.0,33451.251,4243.0,1051.0,1630.0,727.0,828.0,3948.0,2680.0,9289.0,272.424,16.449,4725.927,4040.457
2054,medium_district,61,UV - SF River West,,,,,,,,,61,UV - SF River West,,,64696.0,179987.753,2.782,25128.0,5476.0,2402.0,17250.0,34830.129,4401.0,1075.0,1675.0,727.0,828.0,4146.0,2753.0,9523.0,271.206,16.565,5183.903,4230.459
2055,medium_district,61,UV - SF River West,,,,,,,,,61,UV - SF River West,,,68218.0,188802.995,2.768,25964.0,5683.0,2459.0,17822.0,36484.94,4576.0,1107.0,1732.0,727.0,828.0,4350.0,2826.0,9818.0,270.359,16.609,5766.17,4467.82
2056,medium_district,61,UV - SF River West,,,,,,,,,61,UV - SF River West,,,71443.0,196687.683,2.753,26693.0,5862.0,2469.0,18362.0,37434.433,4726.0,1136.0,1768.0,701.0,822.0,4547.0,2914.0,10079.0,269.351,16.507,5772.872,4682.726
2057,medium_district,61,UV - SF River West,,,,,,,,,61,UV - SF River West,,,74193.0,204123.448,2.751,27623.0,6046.0,2534.0,19043.0,38811.073,4888.0,1158.0,1833.0,701.0,822.0,4750.0,3026.0,10445.0,266.45,16.217,5998.698,4906.698
2058,medium_district,61,UV - SF River West,,,,,,,,,61,UV - SF River West,,,74395.0,207111.545,2.784,28455.0,6220.0,2599.0,19636.0,39479.729,5036.0,1184.0,1898.0,701.0,811.0,4938.0,3133.0,10754.0,264.503,15.942,5747.433,4996.84
2059,medium_district,61,UV - SF River West,,,,,,,,,61,UV - SF River West,,,74703.0,209987.913,2.811,29302.0,6428.0,2648.0,20226.0,40655.412,5204.0,1224.0,1947.0,701.0,811.0,5123.0,3199.0,11093.0,264.543,15.739,5978.127,5095.02
2060,medium_district,61,UV - SF River West,,,,,,,,,61,UV - SF River West,,,74914.0,212954.568,2.843,30252.0,6675.0,2719.0,20858.0,41670.323,5418.0,1257.0,2018.0,701.0,811.0,5275.0,3293.0,11479.0,263.61,15.638,5942.392,5196.68
2061,medium_district,61,UV - SF River West,,,,,,,,,61,UV - SF River West,,,75074.0,216123.23,2.879,31154.0,6942.0,2771.0,21441.0,42815.742,5620.0,1322.0,2070.0,701.0,811.0,5425.0,3373.0,11832.0,264.395,15.565,6086.067,5295.72
2062,medium_district,61,UV - SF River West,,,,,,,,,61,UV - SF River West,,,75171.0,218830.742,2.911,32049.0,7174.0,2825.0,22050.0,43598.137,5808.0,1366.0,2124.0,701.0,811.0,5595.0,3477.0,12167.0,263.162,15.522,5884.695,5385.738
2063,medium_district,61,UV - SF River West,,,,,,,,,61,UV - SF River West,,,75408.0,221902.15,2.943,32798.0,7356.0,2869.0,22573.0,44679.122,5955.0,1401.0,2168.0,701.0,811.0,5736.0,3558.0,12468.0,263.112,15.478,6113.818,5488.729
2064,medium_district,61,UV - SF River West,,,,,,,,,61,UV - SF River West,,,75592.0,225025.872,2.977,33519.0,7551.0,2909.0,23059.0,45666.08,6121.0,1430.0,2208.0,701.0,811.0,5864.0,3635.0,12749.0,264.286,15.449,6272.912,5594.447
2065,medium_district,61,UV - SF River West,,,,,,,,,61,UV - SF River West,,,75743.0,227875.68,3.009,34204.0,7732.0,2958.0,23514.0,46306.418,6272.0,1460.0,2257.0,701.0,811.0,6005.0,3709.0,12989.0,263.484,15.42,6136.948,5686.551
2023,medium_district,62,UV - Deep South,,,,,,,,,62,UV - Deep South,,,10283.0,33746.9,3.282,11831.0,2653.0,1754.0,7424.0,14200.202,1821.0,832.0,938.0,816.0,4641.0,1517.0,451.0,815.0,311.467,29.826,1369.083,658.836
2024,medium_district,62,UV - Deep South,,,,,,,,,62,UV - Deep South,,,11853.0,38285.261,3.23,11810.0,2637.0,1820.0,7353.0,17081.976,1802.0,835.0,942.0,878.0,4555.0,1528.0,453.0,817.0,308.437,32.633,4205.42,725.489
2025,medium_district,62,UV - Deep South,,,,,,,,,62,UV - Deep South,,,12731.0,40481.022,3.18,11940.0,2639.0,1847.0,7454.0,14561.757,1802.0,837.0,947.0,900.0,4646.0,1534.0,454.0,820.0,307.348,32.531,1438.433,843.447
2026,medium_district,62,UV - Deep South,,,,,,,,,62,UV - Deep South,,,13471.0,42210.695,3.133,12037.0,2650.0,1898.0,7489.0,14874.381000000001,1809.0,841.0,956.0,942.0,4646.0,1540.0,458.0,845.0,309.358,33.681,1610.959,883.375
2027,medium_district,62,UV - Deep South,,,,,,,,,62,UV - Deep South,,,14482.0,44650.708,3.083,12198.0,2676.0,1966.0,7556.0,16544.107,1826.0,850.0,960.0,1006.0,4638.0,1556.0,467.0,895.0,310.531,34.459,3059.927,941.1659999999999
2028,medium_district,62,UV - Deep South,,,,,,,,,62,UV - Deep South,,,15654.0,47498.814,3.034,12327.0,2683.0,1996.0,7648.0,16905.722,1827.0,856.0,965.0,1031.0,4710.0,1563.0,472.0,903.0,310.221,33.072,3222.97,1012.452
2029,medium_district,62,UV - Deep South,,,,,,,,,62,UV - Deep South,,,17135.0,51191.639,2.988,12645.0,2689.0,2032.0,7924.0,18125.899,1828.0,861.0,982.0,1050.0,4901.0,1619.0,492.0,912.0,307.541,31.246,4038.748,1103.354
2030,medium_district,62,UV - Deep South,,,,,,,,,62,UV - Deep South,,,18598.0,54896.318,2.952,13150.0,2695.0,2093.0,8362.0,18873.728,1831.0,864.0,1008.0,1085.0,5268.0,1653.0,512.0,929.0,302.247,30.739,4202.72,1188.032
2031,medium_district,62,UV - Deep South,,,,,,,,,62,UV - Deep South,,,20041.0,58596.657,2.924,13538.0,2708.0,2162.0,8668.0,18857.655,1847.0,861.0,1028.0,1134.0,5531.0,1659.0,535.0,943.0,300.991,30.976,3714.672,1273.014
2032,medium_district,62,UV - Deep South,,,,,,,,,62,UV - Deep South,,,21141.0,61354.082,2.902,13997.0,2724.0,2232.0,9041.0,18781.21,1861.0,863.0,1040.0,1192.0,5830.0,1669.0,558.0,984.0,301.086,32.531,3106.79,1343.797
2033,medium_district,62,UV - Deep South,,,,,,,,,62,UV - Deep South,,,22204.0,63892.508,2.878,14378.0,2748.0,2293.0,9337.0,19556.997,1882.0,866.0,1052.0,1241.0,6054.0,1673.0,575.0,1035.0,301.865,34.121,3424.945,1418.072
2034,medium_district,62,UV - Deep South,,,,,,,,,62,UV - Deep South,,,22998.0,65597.182,2.852,14957.0,2823.0,2352.0,9782.0,19848.753,1896.0,927.0,1067.0,1285.0,6346.0,1678.0,616.0,1142.0,302.262,35.507,3074.842,1479.152
2035,medium_district,62,UV - Deep South,,,,,,,,,62,UV - Deep South,,,23627.0,66963.281,2.834,15062.0,2799.0,2349.0,9914.0,19467.938,1896.0,903.0,1079.0,1270.0,6485.0,1672.0,625.0,1132.0,305.969,36.014,2563.583,1500.373
2036,medium_district,62,UV - Deep South,,,,,,,,,62,UV - Deep South,,,24097.0,67954.935,2.82,15374.0,2820.0,2363.0,10191.0,19612.585,1904.0,916.0,1089.0,1274.0,6720.0,1677.0,638.0,1156.0,305.63,35.778,2360.805,1536.373
2037,medium_district,62,UV - Deep South,,,,,,,,,62,UV - Deep South,,,25252.0,71443.813,2.829,15914.0,2859.0,2273.0,10782.0,21210.293,1930.0,929.0,1100.0,1173.0,7273.0,1693.0,609.0,1207.0,302.197,35.473,3347.669,1610.965
2038,medium_district,62,UV - Deep South,,,,,,,,,62,UV - Deep South,,,26101.0,73646.194,2.822,16225.0,2884.0,2289.0,11052.0,21458.011,1945.0,939.0,1109.0,1180.0,7468.0,1701.0,622.0,1261.0,300.239,35.406,3226.634,1670.743
2039,medium_district,62,UV - Deep South,,,,,,,,,62,UV - Deep South,,,26836.0,75491.233,2.813,16564.0,2921.0,2301.0,11342.0,21738.653,1970.0,951.0,1121.0,1180.0,7620.0,1735.0,645.0,1342.0,297.885,35.406,3116.9120000000003,1724.452
2040,medium_district,62,UV - Deep South,,,,,,,,,62,UV - Deep South,,,27461.0,77042.461,2.806,16842.0,2943.0,2313.0,11586.0,21700.858,1986.0,957.0,1132.0,1181.0,7772.0,1752.0,654.0,1408.0,294.532,35.406,2761.211,1767.699
2041,medium_district,62,UV - Deep South,,,,,,,,,62,UV - Deep South,,,28115.0,78615.637,2.796,17215.0,2995.0,2341.0,11879.0,22425.21,2026.0,969.0,1159.0,1182.0,7922.0,1789.0,666.0,1502.0,292.606,35.575,3069.906,1812.1290000000001
2042,medium_district,62,UV - Deep South,,,,,,,,,62,UV - Deep South,,,28820.0,80386.577,2.789,18001.0,3029.0,2375.0,12597.0,23350.751,2048.0,981.0,1184.0,1191.0,8488.0,1830.0,696.0,1583.0,292.772,35.913,3168.268,1852.816
2043,medium_district,62,UV - Deep South,,,,,,,,,62,UV - Deep South,,,29527.0,82129.553,2.782,18527.0,3061.0,2395.0,13071.0,23895.518,2072.0,989.0,1201.0,1194.0,8841.0,1876.0,710.0,1644.0,292.36,36.217,3139.025,1900.901
2044,medium_district,62,UV - Deep South,,,,,,,,,62,UV - Deep South,,,30191.0,83675.806,2.772,18999.0,3084.0,2434.0,13481.0,24199.948,2093.0,991.0,1217.0,1217.0,9102.0,1925.0,727.0,1727.0,291.284,36.184,2927.216,1946.2749999999999
2045,medium_district,62,UV - Deep South,,,,,,,,,62,UV - Deep South,,,30805.0,85142.858,2.764,19515.0,3088.0,2457.0,13970.0,24666.734,2112.0,976.0,1237.0,1220.0,9431.0,1965.0,770.0,1804.0,290.897,36.082,2837.0099999999998,1987.7540000000001
2046,medium_district,62,UV - Deep South,,,,,,,,,62,UV - Deep South,,,31350.0,86432.74,2.757,19953.0,3117.0,2479.0,14357.0,24840.824,2133.0,984.0,1252.0,1227.0,9676.0,2017.0,801.0,1863.0,289.196,36.082,2537.636,2024.9299999999998
2047,medium_district,62,UV - Deep South,,,,,,,,,62,UV - Deep South,,,31938.0,87768.374,2.748,20479.0,3143.0,2494.0,14842.0,25813.316,2152.0,991.0,1271.0,1223.0,10019.0,2064.0,843.0,1916.0,287.88,36.285,2942.846,2067.323
2048,medium_district,62,UV - Deep South,,,,,,,,,62,UV - Deep South,,,32513.0,89032.96,2.738,20852.0,3176.0,2525.0,15151.0,25775.949,2172.0,1004.0,1289.0,1236.0,10225.0,2115.0,858.0,1953.0,280.378,36.657,2501.005,2105.93
2049,medium_district,62,UV - Deep South,,,,,,,,,62,UV - Deep South,,,33131.0,90428.512,2.729,21254.0,3195.0,2560.0,15499.0,26481.983,2184.0,1011.0,1310.0,1250.0,10460.0,2167.0,865.0,2007.0,278.2,36.995,2764.157,2148.63
2050,medium_district,62,UV - Deep South,,,,,,,,,62,UV - Deep South,,,33753.0,91762.937,2.719,21728.0,3215.0,2579.0,15934.0,26961.97,2202.0,1013.0,1329.0,1250.0,10788.0,2224.0,889.0,2033.0,269.25600000000003,37.367,2732.492,2194.851
2051,medium_district,62,UV - Deep South,,,,,,,,,62,UV - Deep South,,,34479.0,93303.81,2.706,22045.0,3239.0,2585.0,16221.0,27598.816,2218.0,1021.0,1349.0,1236.0,10992.0,2271.0,896.0,2062.0,247.49,37.671,3028.5769999999998,2240.073
2052,medium_district,62,UV - Deep South,,,,,,,,,62,UV - Deep South,,,34953.0,94197.60800000001,2.695,22197.0,3268.0,2598.0,16331.0,27310.965,2237.0,1031.0,1359.0,1239.0,11020.0,2311.0,909.0,2091.0,220.894,37.976,2577.798,2277.294
2053,medium_district,62,UV - Deep South,,,,,,,,,62,UV - Deep South,,,35306.0,94723.941,2.683,22488.0,3294.0,2605.0,16589.0,28042.394,2254.0,1040.0,1368.0,1237.0,11188.0,2348.0,927.0,2126.0,220.778,38.382,2993.836,2301.405
2054,medium_district,62,UV - Deep South,,,,,,,,,62,UV - Deep South,,,35700.0,95320.497,2.67,22792.0,3322.0,2653.0,16817.0,28636.62,2273.0,1049.0,1378.0,1275.0,11328.0,2401.0,936.0,2152.0,220.606,38.652,3254.565,2330.807
2055,medium_district,62,UV - Deep South,,,,,,,,,62,UV - Deep South,,,35883.0,95411.818,2.659,23067.0,3348.0,2676.0,17043.0,28910.0,2292.0,1056.0,1386.0,1290.0,11465.0,2444.0,949.0,2185.0,220.737,38.754,3235.082,2348.429
2056,medium_district,62,UV - Deep South,,,,,,,,,62,UV - Deep South,,,36204.0,95792.32400000001,2.646,23333.0,3367.0,2700.0,17266.0,29207.143,2308.0,1059.0,1391.0,1309.0,11587.0,2488.0,969.0,2222.0,219.73,38.517,3241.042,2374.854
2057,medium_district,62,UV - Deep South,,,,,,,,,62,UV - Deep South,,,36366.0,96430.89600000001,2.652,23685.0,3384.0,2725.0,17576.0,29709.417,2323.0,1061.0,1405.0,1320.0,11790.0,2541.0,992.0,2253.0,219.852,37.841,3369.355,2397.362
2058,medium_district,62,UV - Deep South,,,,,,,,,62,UV - Deep South,,,36443.0,97732.546,2.682,24057.0,3407.0,2751.0,17899.0,30115.448,2339.0,1068.0,1420.0,1331.0,11998.0,2587.0,1023.0,2291.0,218.905,37.198,3354.9,2447.437
2059,medium_district,62,UV - Deep South,,,,,,,,,62,UV - Deep South,,,36567.0,98985.429,2.707,24379.0,3441.0,2800.0,18138.0,30444.332,2369.0,1072.0,1438.0,1362.0,12125.0,2627.0,1041.0,2345.0,218.927,36.725,3318.197,2491.498
2060,medium_district,62,UV - Deep South,,,,,,,,,62,UV - Deep South,,,36655.0,100285.454,2.736,24665.0,3460.0,2814.0,18391.0,30884.23,2383.0,1077.0,1442.0,1372.0,12279.0,2669.0,1052.0,2391.0,218.992,36.488,3425.391,2538.354
2061,medium_district,62,UV - Deep South,,,,,,,,,62,UV - Deep South,,,36845.0,101981.838,2.768,24959.0,3486.0,2830.0,18643.0,31427.012,2401.0,1085.0,1454.0,1376.0,12437.0,2710.0,1071.0,2425.0,218.81,36.319,3613.0190000000002,2599.853
2062,medium_district,62,UV - Deep South,,,,,,,,,62,UV - Deep South,,,37008.0,103464.535,2.796,25213.0,3500.0,2848.0,18865.0,31716.102,2414.0,1086.0,1468.0,1380.0,12558.0,2751.0,1089.0,2467.0,217.618,36.217,3594.407,2654.86
2063,medium_district,62,UV - Deep South,,,,,,,,,62,UV - Deep South,,,37119.0,104868.232,2.825,25456.0,3533.0,2857.0,19066.0,31989.939,2442.0,1091.0,1477.0,1380.0,12647.0,2805.0,1099.0,2515.0,217.57,36.116,3580.901,2699.351
2064,medium_district,62,UV - Deep South,,,,,,,,,62,UV - Deep South,,,37210.0,106301.959,2.857,25662.0,3568.0,2874.0,19220.0,32272.598,2466.0,1102.0,1486.0,1388.0,12695.0,2845.0,1127.0,2553.0,216.689,36.048,3601.146,2756.7200000000003
2065,medium_district,62,UV - Deep South,,,,,,,,,62,UV - Deep South,,,37261.0,107565.281,2.887,25839.0,3596.0,2883.0,19360.0,32312.553,2491.0,1105.0,1494.0,1389.0,12726.0,2882.0,1151.0,2601.0,214.845,35.981,3424.433,2798.28
2023,medium_district,63,GV - South,,,,,,,,,63,GV - South,,,482.0,1744.792,3.62,442.0,14.0,15.0,413.0,921.928,11.0,3.0,13.0,2.0,335.0,72.0,2.0,4.0,396.125,0.0,53.764,30.037999999999997
2024,medium_district,63,GV - South,,,,,,,,,63,GV - South,,,492.0,1776.433,3.611,438.0,14.0,15.0,409.0,898.8739999999999,11.0,3.0,13.0,2.0,331.0,72.0,2.0,4.0,400.149,0.0,30.663,30.061
2025,medium_district,63,GV - South,,,,,,,,,63,GV - South,,,502.0,1789.975,3.566,441.0,14.0,15.0,412.0,927.422,11.0,3.0,13.0,2.0,333.0,73.0,2.0,4.0,401.05899999999997,0.0,52.305,33.057
2026,medium_district,63,GV - South,,,,,,,,,63,GV - South,,,506.0,1783.715,3.525,441.0,14.0,15.0,412.0,936.097,11.0,3.0,13.0,2.0,333.0,73.0,2.0,4.0,403.072,0.0,59.009,33.013
2027,medium_district,63,GV - South,,,,,,,,,63,GV - South,,,528.0,1824.715,3.456,442.0,14.0,15.0,413.0,969.014,11.0,3.0,13.0,2.0,334.0,73.0,2.0,4.0,404.30600000000004,0.0,87.662,35.042
2028,medium_district,63,GV - South,,,,,,,,,63,GV - South,,,548.0,1855.223,3.385,442.0,14.0,15.0,413.0,951.717,11.0,3.0,13.0,2.0,334.0,73.0,2.0,4.0,403.894,0.0,69.77,36.051
2029,medium_district,63,GV - South,,,,,,,,,63,GV - South,,,563.0,1887.3600000000001,3.352,443.0,14.0,15.0,414.0,937.345,11.0,3.0,13.0,2.0,335.0,73.0,2.0,4.0,404.347,0.0,53.955,36.043
2030,medium_district,63,GV - South,,,,,,,,,63,GV - South,,,595.0,1986.137,3.338,443.0,14.0,15.0,414.0,1010.6410000000001,11.0,3.0,13.0,2.0,335.0,73.0,2.0,4.0,406.359,0.0,123.24900000000001,38.034
2031,medium_district,63,GV - South,,,,,,,,,63,GV - South,,,652.0,2157.231,3.309,443.0,14.0,15.0,414.0,1025.8229999999999,11.0,3.0,13.0,2.0,335.0,73.0,2.0,4.0,405.036,0.0,135.752,42.034
2032,medium_district,63,GV - South,,,,,,,,,63,GV - South,,,680.0,2222.9230000000002,3.269,443.0,14.0,15.0,414.0,978.39,11.0,3.0,13.0,2.0,335.0,73.0,2.0,4.0,406.17,0.0,86.224,42.995
2033,medium_district,63,GV - South,,,,,,,,,63,GV - South,,,716.0,2312.704,3.23,443.0,14.0,15.0,414.0,1001.1010000000001,11.0,3.0,13.0,2.0,335.0,73.0,2.0,4.0,407.52700000000004,0.0,105.539,45.035
2034,medium_district,63,GV - South,,,,,,,,,63,GV - South,,,738.0,2361.187,3.199,443.0,14.0,15.0,414.0,974.12,11.0,3.0,13.0,2.0,335.0,73.0,2.0,4.0,414.462,0.0,69.62,47.038
2035,medium_district,63,GV - South,,,,,,,,,63,GV - South,,,756.0,2404.078,3.18,443.0,14.0,15.0,414.0,989.112,11.0,3.0,13.0,2.0,335.0,73.0,2.0,4.0,414.015,0.0,85.054,47.043
2036,medium_district,63,GV - South,,,,,,,,,63,GV - South,,,768.0,2425.312,3.158,443.0,14.0,15.0,414.0,970.874,11.0,3.0,13.0,2.0,335.0,73.0,2.0,4.0,416.586,0.0,62.243,49.045
2037,medium_district,63,GV - South,,,,,,,,,63,GV - South,,,761.0,2334.676,3.068,567.0,17.0,18.0,532.0,1109.703,11.0,6.0,16.0,2.0,451.0,73.0,5.0,3.0,418.037,0.0,75.637,49.03
2038,medium_district,63,GV - South,,,,,,,,,63,GV - South,,,767.0,2331.807,3.04,569.0,17.0,18.0,534.0,1104.406,11.0,6.0,16.0,2.0,453.0,73.0,5.0,3.0,421.538,0.0,64.85,49.021
2039,medium_district,63,GV - South,,,,,,,,,63,GV - South,,,786.0,2370.523,3.016,570.0,17.0,18.0,535.0,1129.815,11.0,6.0,16.0,2.0,454.0,73.0,5.0,3.0,423.096,0.0,85.708,51.014
2040,medium_district,63,GV - South,,,,,,,,,63,GV - South,,,799.0,2400.608,3.005,571.0,17.0,18.0,536.0,1116.083,11.0,6.0,16.0,2.0,455.0,73.0,5.0,3.0,427.68,0.0,65.412,51.99099999999999
2041,medium_district,63,GV - South,,,,,,,,,63,GV - South,,,805.0,2407.217,2.99,571.0,17.0,18.0,536.0,1113.541,11.0,6.0,16.0,2.0,455.0,73.0,5.0,3.0,430.827,0.0,59.682,52.033
2042,medium_district,63,GV - South,,,,,,,,,63,GV - South,,,831.0,2472.6400000000003,2.975,571.0,17.0,18.0,536.0,1168.998,11.0,6.0,16.0,2.0,455.0,73.0,5.0,3.0,435.101,0.0,109.845,53.053
2043,medium_district,63,GV - South,,,,,,,,,63,GV - South,,,852.0,2525.323,2.964,571.0,17.0,18.0,536.0,1167.116,11.0,6.0,16.0,2.0,455.0,73.0,5.0,3.0,437.537,0.0,103.551,55.026
2044,medium_district,63,GV - South,,,,,,,,,63,GV - South,,,886.0,2618.85,2.956,571.0,17.0,18.0,536.0,1151.117,11.0,6.0,16.0,2.0,455.0,73.0,5.0,3.0,441.453,0.0,81.598,57.066
2045,medium_district,63,GV - South,,,,,,,,,63,GV - South,,,912.0,2697.2490000000003,2.958,571.0,17.0,18.0,536.0,1175.645,11.0,6.0,16.0,2.0,455.0,73.0,5.0,3.0,444.884,0.0,101.74,58.022
2046,medium_district,63,GV - South,,,,,,,,,63,GV - South,,,943.0,2775.489,2.943,571.0,17.0,18.0,536.0,1166.961,11.0,6.0,16.0,2.0,455.0,73.0,5.0,3.0,450.408,0.0,85.554,59.998
2047,medium_district,63,GV - South,,,,,,,,,63,GV - South,,,976.0,2854.029,2.924,571.0,17.0,18.0,536.0,1172.296,11.0,6.0,16.0,2.0,455.0,73.0,5.0,3.0,454.95500000000004,0.0,84.359,61.979
2048,medium_district,63,GV - South,,,,,,,,,63,GV - South,,,1005.0,2913.797,2.899,571.0,17.0,18.0,536.0,1198.372,11.0,6.0,16.0,2.0,455.0,73.0,5.0,3.0,459.241,0.0,103.134,64.998
2049,medium_district,63,GV - South,,,,,,,,,63,GV - South,,,1050.0,3019.444,2.876,571.0,17.0,18.0,536.0,1223.046,11.0,6.0,16.0,2.0,455.0,73.0,5.0,3.0,466.024,0.0,119.037,66.988
2050,medium_district,63,GV - South,,,,,,,,,63,GV - South,,,1116.0,3212.2059999999997,2.878,571.0,17.0,18.0,536.0,1263.6409999999998,11.0,6.0,16.0,2.0,455.0,73.0,5.0,3.0,470.967,0.0,149.676,71.99600000000001
2051,medium_district,63,GV - South,,,,,,,,,63,GV - South,,,1218.0,3495.816,2.87,571.0,17.0,18.0,536.0,1321.786,11.0,6.0,16.0,2.0,455.0,73.0,5.0,3.0,475.79499999999996,0.0,195.989,79.003
2052,medium_district,63,GV - South,,,,,,,,,63,GV - South,,,1418.0,4027.17,2.84,571.0,17.0,18.0,536.0,1456.2640000000001,11.0,6.0,16.0,2.0,455.0,73.0,5.0,3.0,481.307,0.0,312.946,91.013
2053,medium_district,63,GV - South,,,,,,,,,63,GV - South,,,1507.0,4234.921,2.81,573.0,17.0,18.0,538.0,1288.732,11.0,6.0,16.0,2.0,457.0,73.0,5.0,3.0,484.09000000000003,0.0,133.581,98.059
2054,medium_district,63,GV - South,,,,,,,,,63,GV - South,,,1537.0,4290.94,2.792,574.0,17.0,18.0,539.0,1261.486,11.0,6.0,16.0,2.0,458.0,73.0,5.0,3.0,482.691,0.0,104.759,100.036
2055,medium_district,63,GV - South,,,,,,,,,63,GV - South,,,1553.0,4315.957,2.779,574.0,17.0,18.0,539.0,1265.176,11.0,6.0,16.0,2.0,458.0,73.0,5.0,3.0,480.951,0.0,108.20599999999999,102.019
2056,medium_district,63,GV - South,,,,,,,,,63,GV - South,,,1556.0,4303.484,2.766,576.0,17.0,18.0,541.0,1266.195,11.0,6.0,16.0,2.0,460.0,73.0,5.0,3.0,480.966,0.0,106.23400000000001,102.994
2057,medium_district,63,GV - South,,,,,,,,,63,GV - South,,,1556.0,4316.066,2.774,576.0,17.0,18.0,541.0,1265.856,11.0,6.0,16.0,2.0,460.0,73.0,5.0,3.0,481.24800000000005,0.0,105.633,102.973
2058,medium_district,63,GV - South,,,,,,,,,63,GV - South,,,1575.0,4404.788,2.797,577.0,17.0,18.0,542.0,1309.358,11.0,6.0,16.0,2.0,461.0,73.0,5.0,3.0,480.388,0.0,145.99099999999999,105.975
2059,medium_district,63,GV - South,,,,,,,,,63,GV - South,,,1579.0,4462.22,2.826,577.0,17.0,18.0,542.0,1277.695,11.0,6.0,16.0,2.0,461.0,73.0,5.0,3.0,478.379,0.0,114.294,108.023
2060,medium_district,63,GV - South,,,,,,,,,63,GV - South,,,1579.0,4515.802000000001,2.86,577.0,17.0,18.0,542.0,1269.856,11.0,6.0,16.0,2.0,461.0,73.0,5.0,3.0,475.49199999999996,0.0,107.391,109.973
2061,medium_district,63,GV - South,,,,,,,,,63,GV - South,,,1580.0,4577.659000000001,2.897,577.0,17.0,18.0,542.0,1275.918,11.0,6.0,16.0,2.0,461.0,73.0,5.0,3.0,474.092,0.0,113.832,110.996
2062,medium_district,63,GV - South,,,,,,,,,63,GV - South,,,1580.0,4631.1140000000005,2.931,578.0,17.0,18.0,543.0,1274.522,11.0,6.0,16.0,2.0,462.0,73.0,5.0,3.0,473.704,0.0,108.78,114.03599999999999
2063,medium_district,63,GV - South,,,,,,,,,63,GV - South,,,1580.0,4685.261,2.965,578.0,17.0,18.0,543.0,1278.049,11.0,6.0,16.0,2.0,462.0,73.0,5.0,3.0,472.575,0.0,112.45700000000001,115.014
2064,medium_district,63,GV - South,,,,,,,,,63,GV - South,,,1584.0,4756.699,3.003,578.0,17.0,18.0,543.0,1290.685,11.0,6.0,16.0,2.0,462.0,73.0,5.0,3.0,470.831,0.0,123.826,118.031
2065,medium_district,63,GV - South,,,,,,,,,63,GV - South,,,1584.0,4809.325,3.036,578.0,17.0,18.0,543.0,1279.53,11.0,6.0,16.0,2.0,462.0,73.0,5.0,3.0,470.23699999999997,0.0,113.322,117.97
2023,medium_district,64,GV - Central,,,,,,,,,64,GV - Central,,,16.0,64.907,4.057,83.0,0.0,1.0,82.0,415.203,0.0,0.0,1.0,0.0,75.0,7.0,0.0,0.0,327.58500000000004,0.0,3.618,1.001
2024,medium_district,64,GV - Central,,,,,,,,,64,GV - Central,,,16.0,64.28699999999999,4.018,82.0,0.0,1.0,81.0,415.46500000000003,0.0,0.0,1.0,0.0,74.0,7.0,0.0,0.0,330.602,0.0,1.861,1.002
2025,medium_district,64,GV - Central,,,,,,,,,64,GV - Central,,,17.0,65.549,3.856,82.0,0.0,1.0,81.0,420.02299999999997,0.0,0.0,1.0,0.0,74.0,7.0,0.0,0.0,331.53,0.0,5.491,1.002
2026,medium_district,64,GV - Central,,,,,,,,,64,GV - Central,,,17.0,64.808,3.812,82.0,0.0,1.0,81.0,421.876,0.0,0.0,1.0,0.0,74.0,7.0,0.0,0.0,333.543,0.0,5.333,1.0
2027,medium_district,64,GV - Central,,,,,,,,,64,GV - Central,,,17.0,64.069,3.769,82.0,0.0,1.0,81.0,420.371,0.0,0.0,1.0,0.0,74.0,7.0,0.0,0.0,333.73,0.0,3.64,1.001
2028,medium_district,64,GV - Central,,,,,,,,,64,GV - Central,,,17.0,63.329,3.725,84.0,0.0,1.0,83.0,422.03999999999996,0.0,0.0,1.0,0.0,76.0,7.0,0.0,0.0,333.39,0.0,3.649,1.001
2029,medium_district,64,GV - Central,,,,,,,,,64,GV - Central,,,17.0,62.637,3.685,84.0,0.0,1.0,83.0,423.28,0.0,0.0,1.0,0.0,76.0,7.0,0.0,0.0,334.77,0.0,3.5100000000000002,1.001
2030,medium_district,64,GV - Central,,,,,,,,,64,GV - Central,,,17.0,61.989,3.646,84.0,0.0,1.0,83.0,425.137,0.0,0.0,1.0,0.0,76.0,7.0,0.0,0.0,336.61,0.0,3.527,1.001
2031,medium_district,64,GV - Central,,,,,,,,,64,GV - Central,,,17.0,61.373999999999995,3.61,84.0,0.0,1.0,83.0,427.131,0.0,0.0,1.0,0.0,76.0,7.0,0.0,0.0,338.372,0.0,3.759,1.001
2032,medium_district,64,GV - Central,,,,,,,,,64,GV - Central,,,17.0,60.813,3.577,84.0,0.0,1.0,83.0,427.453,0.0,0.0,1.0,0.0,76.0,7.0,0.0,0.0,338.476,0.0,3.9770000000000003,1.0
2033,medium_district,64,GV - Central,,,,,,,,,64,GV - Central,,,17.0,60.338,3.549,84.0,0.0,1.0,83.0,428.159,0.0,0.0,1.0,0.0,76.0,7.0,0.0,0.0,339.103,0.0,4.055,1.001
2034,medium_district,64,GV - Central,,,,,,,,,64,GV - Central,,,17.0,59.914,3.524,84.0,0.0,1.0,83.0,433.03100000000006,0.0,0.0,1.0,0.0,76.0,7.0,0.0,0.0,343.701,0.0,4.329,1.001
2035,medium_district,64,GV - Central,,,,,,,,,64,GV - Central,,,17.0,59.536,3.502,84.0,0.0,1.0,83.0,433.38800000000003,0.0,0.0,1.0,0.0,76.0,7.0,0.0,0.0,344.34000000000003,0.0,4.048,1.001
2036,medium_district,64,GV - Central,,,,,,,,,64,GV - Central,,,17.0,59.198,3.482,84.0,0.0,1.0,83.0,436.34700000000004,0.0,0.0,1.0,0.0,76.0,7.0,0.0,0.0,346.989,0.0,4.357,1.001
2037,medium_district,64,GV - Central,,,,,,,,,64,GV - Central,,,17.0,59.708999999999996,3.512,84.0,0.0,1.0,83.0,436.453,0.0,0.0,1.0,0.0,76.0,7.0,0.0,0.0,347.525,0.0,3.927,1.001
2038,medium_district,64,GV - Central,,,,,,,,,64,GV - Central,,,17.0,59.402,3.494,84.0,0.0,1.0,83.0,439.695,0.0,0.0,1.0,0.0,76.0,7.0,0.0,0.0,350.774,0.0,3.92,1.0
2039,medium_district,64,GV - Central,,,,,,,,,64,GV - Central,,,17.0,59.124,3.478,84.0,0.0,1.0,83.0,442.124,0.0,0.0,1.0,0.0,76.0,7.0,0.0,0.0,353.421,0.0,3.703,1.0
2040,medium_district,64,GV - Central,,,,,,,,,64,GV - Central,,,17.0,58.851,3.462,84.0,0.0,1.0,83.0,443.772,0.0,0.0,1.0,0.0,76.0,7.0,0.0,0.0,355.05499999999995,0.0,3.717,1.0
2041,medium_district,64,GV - Central,,,,,,,,,64,GV - Central,,,17.0,58.595,3.447,84.0,0.0,1.0,83.0,446.53499999999997,0.0,0.0,1.0,0.0,76.0,7.0,0.0,0.0,358.18100000000004,0.0,3.3529999999999998,1.001
2042,medium_district,64,GV - Central,,,,,,,,,64,GV - Central,,,17.0,58.339,3.432,84.0,0.0,1.0,83.0,450.57399999999996,0.0,0.0,1.0,0.0,76.0,7.0,0.0,0.0,362.415,0.0,3.158,1.001
2043,medium_district,64,GV - Central,,,,,,,,,64,GV - Central,,,17.0,58.101,3.418,84.0,0.0,1.0,83.0,453.255,0.0,0.0,1.0,0.0,76.0,7.0,0.0,0.0,364.951,0.0,3.304,1.0
2044,medium_district,64,GV - Central,,,,,,,,,64,GV - Central,,,17.0,57.884,3.405,84.0,0.0,1.0,83.0,457.116,0.0,0.0,1.0,0.0,76.0,7.0,0.0,0.0,368.885,0.0,3.23,1.001
2045,medium_district,64,GV - Central,,,,,,,,,64,GV - Central,,,17.0,57.663,3.392,84.0,0.0,1.0,83.0,461.536,0.0,0.0,1.0,0.0,76.0,7.0,0.0,0.0,373.421,0.0,3.115,1.0
2046,medium_district,64,GV - Central,,,,,,,,,64,GV - Central,,,17.0,57.446,3.379,84.0,0.0,1.0,83.0,466.906,0.0,0.0,1.0,0.0,76.0,7.0,0.0,0.0,378.86699999999996,0.0,3.0389999999999997,1.0
2047,medium_district,64,GV - Central,,,,,,,,,64,GV - Central,,,17.0,57.221000000000004,3.366,84.0,0.0,1.0,83.0,473.53100000000006,0.0,0.0,1.0,0.0,76.0,7.0,0.0,0.0,385.504,0.0,3.0269999999999997,1.0
2048,medium_district,64,GV - Central,,,,,,,,,64,GV - Central,,,17.0,57.007,3.353,84.0,0.0,1.0,83.0,479.933,0.0,0.0,1.0,0.0,76.0,7.0,0.0,0.0,391.91200000000003,0.0,3.021,1.0
2049,medium_district,64,GV - Central,,,,,,,,,64,GV - Central,,,17.0,56.787,3.34,84.0,0.0,1.0,83.0,489.79999999999995,0.0,0.0,1.0,0.0,76.0,7.0,0.0,0.0,401.744,0.0,3.0549999999999997,1.0
2050,medium_district,64,GV - Central,,,,,,,,,64,GV - Central,,,17.0,56.551,3.327,84.0,0.0,1.0,83.0,504.603,0.0,0.0,1.0,0.0,76.0,7.0,0.0,0.0,416.50899999999996,0.0,3.0940000000000003,1.0
2051,medium_district,64,GV - Central,,,,,,,,,64,GV - Central,,,17.0,56.312,3.312,84.0,0.0,1.0,83.0,523.604,0.0,0.0,1.0,0.0,76.0,7.0,0.0,0.0,435.38699999999994,0.0,3.218,1.0
2052,medium_district,64,GV - Central,,,,,,,,,64,GV - Central,,,17.0,56.065999999999995,3.298,84.0,0.0,1.0,83.0,557.496,0.0,0.0,1.0,0.0,76.0,7.0,0.0,0.0,469.14700000000005,0.0,3.348,1.0
2053,medium_district,64,GV - Central,,,,,,,,,64,GV - Central,,,17.0,55.81,3.283,84.0,0.0,1.0,83.0,562.3489999999999,0.0,0.0,1.0,0.0,76.0,7.0,0.0,0.0,472.951,0.0,4.399,1.001
2054,medium_district,64,GV - Central,,,,,,,,,64,GV - Central,,,17.0,55.559,3.268,84.0,0.0,1.0,83.0,562.44,0.0,0.0,1.0,0.0,76.0,7.0,0.0,0.0,472.572,0.0,4.868,1.0
2055,medium_district,64,GV - Central,,,,,,,,,64,GV - Central,,,17.0,55.313,3.254,84.0,0.0,1.0,83.0,560.774,0.0,0.0,1.0,0.0,76.0,7.0,0.0,0.0,470.825,0.0,4.948,1.0
2056,medium_district,64,GV - Central,,,,,,,,,64,GV - Central,,,17.0,55.058,3.239,84.0,0.0,1.0,83.0,559.624,0.0,0.0,1.0,0.0,76.0,7.0,0.0,0.0,469.827,0.0,4.795,1.0
2057,medium_district,64,GV - Central,,,,,,,,,64,GV - Central,,,17.0,55.232,3.249,84.0,0.0,1.0,83.0,559.094,0.0,0.0,1.0,0.0,76.0,7.0,0.0,0.0,469.09000000000003,0.0,5.005,1.0
2058,medium_district,64,GV - Central,,,,,,,,,64,GV - Central,,,17.0,55.99,3.294,84.0,0.0,1.0,83.0,557.235,0.0,0.0,1.0,0.0,76.0,7.0,0.0,0.0,467.21500000000003,0.0,5.022,1.0
2059,medium_district,64,GV - Central,,,,,,,,,64,GV - Central,,,17.0,56.642,3.332,84.0,0.0,1.0,83.0,555.088,0.0,0.0,1.0,0.0,76.0,7.0,0.0,0.0,465.20300000000003,0.0,4.885,1.0
2060,medium_district,64,GV - Central,,,,,,,,,64,GV - Central,,,17.0,57.38,3.375,84.0,0.0,1.0,83.0,554.37,0.0,0.0,1.0,0.0,76.0,7.0,0.0,0.0,464.33899999999994,0.0,5.031,1.0
2061,medium_district,64,GV - Central,,,,,,,,,64,GV - Central,,,17.0,58.216,3.424,84.0,0.0,1.0,83.0,553.091,0.0,0.0,1.0,0.0,76.0,7.0,0.0,0.0,462.94800000000004,0.0,5.143,1.0
2062,medium_district,64,GV - Central,,,,,,,,,64,GV - Central,,,17.0,58.951,3.468,84.0,0.0,1.0,83.0,551.6510000000001,0.0,0.0,1.0,0.0,76.0,7.0,0.0,0.0,461.558,0.0,5.091,1.0
2063,medium_district,64,GV - Central,,,,,,,,,64,GV - Central,,,17.0,59.695,3.511,84.0,0.0,1.0,83.0,550.696,0.0,0.0,1.0,0.0,76.0,7.0,0.0,0.0,460.433,0.0,5.263,1.0
2064,medium_district,64,GV - Central,,,,,,,,,64,GV - Central,,,17.0,60.484,3.558,84.0,0.0,1.0,83.0,550.057,0.0,0.0,1.0,0.0,76.0,7.0,0.0,0.0,459.693,0.0,5.364,1.0
2065,medium_district,64,GV - Central,,,,,,,,,64,GV - Central,,,17.0,61.206,3.6,84.0,0.0,1.0,83.0,549.384,0.0,0.0,1.0,0.0,76.0,7.0,0.0,0.0,459.09000000000003,0.0,5.294,1.0
2023,medium_district,65,GV - Mosida,,,,,,,,,65,GV - Mosida,,,0.0,0.0,0,0.0,0.0,0.0,0.0,114.907,0.0,0.0,0.0,0.0,0.0,0.0,0.0,0.0,114.907,0.0,0.0,0.0
2024,medium_district,65,GV - Mosida,,,,,,,,,65,GV - Mosida,,,1.0,3.897,3.897,0.0,0.0,0.0,0.0,115.931,0.0,0.0,0.0,0.0,0.0,0.0,0.0,0.0,115.912,0.0,0.019,0.0
2025,medium_district,65,GV - Mosida,,,,,,,,,65,GV - Mosida,,,1.0,3.856,3.856,0.0,0.0,0.0,0.0,115.94,0.0,0.0,0.0,0.0,0.0,0.0,0.0,0.0,115.885,0.0,0.055,0.0
2026,medium_district,65,GV - Mosida,,,,,,,,,65,GV - Mosida,,,1.0,3.812,3.812,0.0,0.0,0.0,0.0,116.945,0.0,0.0,0.0,0.0,0.0,0.0,0.0,0.0,116.892,0.0,0.054,0.0
2027,medium_district,65,GV - Mosida,,,,,,,,,65,GV - Mosida,,,1.0,3.769,3.769,0.0,0.0,0.0,0.0,116.993,0.0,0.0,0.0,0.0,0.0,0.0,0.0,0.0,116.956,0.0,0.037,0.0
2028,medium_district,65,GV - Mosida,,,,,,,,,65,GV - Mosida,,,1.0,3.725,3.725,0.0,0.0,0.0,0.0,116.874,0.0,0.0,0.0,0.0,0.0,0.0,0.0,0.0,116.83800000000001,0.0,0.036,0.0
2029,medium_district,65,GV - Mosida,,,,,,,,,65,GV - Mosida,,,1.0,3.685,3.685,0.0,0.0,0.0,0.0,117.003,0.0,0.0,0.0,0.0,0.0,0.0,0.0,0.0,116.968,0.0,0.035,0.0
2030,medium_district,65,GV - Mosida,,,,,,,,,65,GV - Mosida,,,1.0,3.646,3.646,0.0,0.0,0.0,0.0,118.304,0.0,0.0,0.0,0.0,0.0,0.0,0.0,0.0,118.269,0.0,0.035,0.0
2031,medium_district,65,GV - Mosida,,,,,,,,,65,GV - Mosida,,,1.0,3.61,3.61,0.0,0.0,0.0,0.0,118.214,0.0,0.0,0.0,0.0,0.0,0.0,0.0,0.0,118.177,0.0,0.037,0.0
2032,medium_district,65,GV - Mosida,,,,,,,,,65,GV - Mosida,,,1.0,3.577,3.577,0.0,0.0,0.0,0.0,118.25399999999999,0.0,0.0,0.0,0.0,0.0,0.0,0.0,0.0,118.214,0.0,0.039,0.0
2033,medium_district,65,GV - Mosida,,,,,,,,,65,GV - Mosida,,,1.0,3.549,3.549,0.0,0.0,0.0,0.0,119.783,0.0,0.0,0.0,0.0,0.0,0.0,0.0,0.0,119.743,0.0,0.04,0.0
2034,medium_district,65,GV - Mosida,,,,,,,,,65,GV - Mosida,,,1.0,3.524,3.524,0.0,0.0,0.0,0.0,121.349,0.0,0.0,0.0,0.0,0.0,0.0,0.0,0.0,121.306,0.0,0.043,0.0
2035,medium_district,65,GV - Mosida,,,,,,,,,65,GV - Mosida,,,1.0,3.502,3.502,0.0,0.0,0.0,0.0,121.215,0.0,0.0,0.0,0.0,0.0,0.0,0.0,0.0,121.17500000000001,0.0,0.04,0.0
2036,medium_district,65,GV - Mosida,,,,,,,,,65,GV - Mosida,,,1.0,3.482,3.482,0.0,0.0,0.0,0.0,122.094,0.0,0.0,0.0,0.0,0.0,0.0,0.0,0.0,122.051,0.0,0.043,0.0
2037,medium_district,65,GV - Mosida,,,,,,,,,65,GV - Mosida,,,1.0,4.285,4.285,0.0,0.0,0.0,0.0,121.92399999999999,0.0,0.0,0.0,0.0,0.0,0.0,0.0,0.0,121.88499999999999,0.0,0.039,0.0
2038,medium_district,65,GV - Mosida,,,,,,,,,65,GV - Mosida,,,1.0,4.262,4.262,0.0,0.0,0.0,0.0,123.366,0.0,0.0,0.0,0.0,0.0,0.0,0.0,0.0,123.327,0.0,0.039,0.0
2039,medium_district,65,GV - Mosida,,,,,,,,,65,GV - Mosida,,,1.0,4.24,4.24,0.0,0.0,0.0,0.0,124.238,0.0,0.0,0.0,0.0,0.0,0.0,0.0,0.0,124.202,0.0,0.037,0.0
2040,medium_district,65,GV - Mosida,,,,,,,,,65,GV - Mosida,,,1.0,4.219,4.219,0.0,0.0,0.0,0.0,124.104,0.0,0.0,0.0,0.0,0.0,0.0,0.0,0.0,124.067,0.0,0.037,0.0
2041,medium_district,65,GV - Mosida,,,,,,,,,65,GV - Mosida,,,1.0,4.2,4.2,0.0,0.0,0.0,0.0,126.154,0.0,0.0,0.0,0.0,0.0,0.0,0.0,0.0,126.12,0.0,0.033,0.0
2042,medium_district,65,GV - Mosida,,,,,,,,,65,GV - Mosida,,,1.0,4.18,4.18,0.0,0.0,0.0,0.0,126.22,0.0,0.0,0.0,0.0,0.0,0.0,0.0,0.0,126.189,0.0,0.031,0.0
2043,medium_district,65,GV - Mosida,,,,,,,,,65,GV - Mosida,,,1.0,4.162,4.162,0.0,0.0,0.0,0.0,129.076,0.0,0.0,0.0,0.0,0.0,0.0,0.0,0.0,129.043,0.0,0.033,0.0
2044,medium_district,65,GV - Mosida,,,,,,,,,65,GV - Mosida,,,1.0,4.145,4.145,0.0,0.0,0.0,0.0,130.049,0.0,0.0,0.0,0.0,0.0,0.0,0.0,0.0,130.017,0.0,0.032,0.0
2045,medium_district,65,GV - Mosida,,,,,,,,,65,GV - Mosida,,,1.0,4.128,4.128,0.0,0.0,0.0,0.0,130.879,0.0,0.0,0.0,0.0,0.0,0.0,0.0,0.0,130.848,0.0,0.031,0.0
2046,medium_district,65,GV - Mosida,,,,,,,,,65,GV - Mosida,,,1.0,4.111,4.111,0.0,0.0,0.0,0.0,133.037,0.0,0.0,0.0,0.0,0.0,0.0,0.0,0.0,133.007,0.0,0.03,0.0
2047,medium_district,65,GV - Mosida,,,,,,,,,65,GV - Mosida,,,5.0,15.829,3.166,0.0,0.0,0.0,0.0,177.027,0.0,0.0,0.0,0.0,0.0,0.0,0.0,0.0,134.877,0.0,42.15,0.0
2048,medium_district,65,GV - Mosida,,,,,,,,,65,GV - Mosida,,,29.0,74.392,2.565,0.0,0.0,0.0,0.0,265.538,0.0,0.0,0.0,0.0,0.0,0.0,0.0,0.0,137.671,0.0,125.867,2.0
2049,medium_district,65,GV - Mosida,,,,,,,,,65,GV - Mosida,,,43.0,106.506,2.477,0.0,0.0,0.0,0.0,145.915,0.0,0.0,0.0,0.0,0.0,0.0,0.0,0.0,141.615,0.0,1.301,2.999
2050,medium_district,65,GV - Mosida,,,,,,,,,65,GV - Mosida,,,264.0,740.893,2.806,0.0,0.0,0.0,0.0,1993.318,0.0,0.0,0.0,0.0,0.0,0.0,0.0,0.0,146.232,0.0,1830.087,16.999000000000002
2051,medium_district,65,GV - Mosida,,,,,,,,,65,GV - Mosida,,,403.0,1135.5610000000001,2.818,0.0,0.0,0.0,0.0,193.385,0.0,0.0,0.0,0.0,0.0,0.0,0.0,0.0,153.546,0.0,12.838,27.001
2052,medium_district,65,GV - Mosida,,,,,,,,,65,GV - Mosida,,,533.0,1440.537,2.703,0.0,0.0,0.0,0.0,217.841,0.0,0.0,0.0,0.0,0.0,0.0,0.0,0.0,165.165,0.0,17.671,35.005
2053,medium_district,65,GV - Mosida,,,,,,,,,65,GV - Mosida,,,1888.0,5617.527999999999,2.975,0.0,0.0,0.0,0.0,2598.3839999999996,0.0,0.0,0.0,0.0,0.0,0.0,0.0,0.0,166.09,0.0,2309.22,123.075
2054,medium_district,65,GV - Mosida,,,,,,,,,65,GV - Mosida,,,2131.0,6302.693000000001,2.958,0.0,0.0,0.0,0.0,415.716,0.0,0.0,0.0,0.0,0.0,0.0,0.0,0.0,164.945,0.0,110.723,140.048
2055,medium_district,65,GV - Mosida,,,,,,,,,65,GV - Mosida,,,2300.0,6710.416,2.918,0.0,0.0,0.0,0.0,428.752,0.0,0.0,0.0,0.0,0.0,0.0,0.0,0.0,165.042,0.0,112.682,151.028
2056,medium_district,65,GV - Mosida,,,,,,,,,65,GV - Mosida,,,3663.0,10402.165,2.84,0.0,0.0,0.0,0.0,2580.966,0.0,0.0,0.0,0.0,0.0,0.0,0.0,0.0,165.047,0.0,2175.933,239.986
2057,medium_district,65,GV - Mosida,,,,,,,,,65,GV - Mosida,,,3854.0,10940.180000000002,2.839,0.0,0.0,0.0,0.0,611.031,0.0,0.0,0.0,0.0,0.0,0.0,0.0,0.0,165.144,0.0,190.95600000000002,254.93300000000002
2058,medium_district,65,GV - Mosida,,,,,,,,,65,GV - Mosida,,,3854.0,11080.678,2.875,0.0,0.0,0.0,0.0,615.747,0.0,0.0,0.0,0.0,0.0,0.0,0.0,0.0,165.197,0.0,191.61100000000002,258.94
2059,medium_district,65,GV - Mosida,,,,,,,,,65,GV - Mosida,,,5121.0,13906.358000000002,2.716,0.0,0.0,0.0,0.0,2889.9680000000003,0.0,0.0,0.0,0.0,0.0,0.0,0.0,0.0,163.175,0.0,2377.7219999999998,349.07000000000005
2060,medium_district,65,GV - Mosida,,,,,,,,,65,GV - Mosida,,,5121.0,14069.626,2.747,0.0,0.0,0.0,0.0,773.22,0.0,0.0,0.0,0.0,0.0,0.0,0.0,0.0,163.228,0.0,255.081,354.911
2061,medium_district,65,GV - Mosida,,,,,,,,,65,GV - Mosida,,,5121.0,14255.057,2.784,0.0,0.0,0.0,0.0,784.8340000000001,0.0,0.0,0.0,0.0,0.0,0.0,0.0,0.0,163.095,0.0,260.758,360.97999999999996
2062,medium_district,65,GV - Mosida,,,,,,,,,65,GV - Mosida,,,5421.0,15094.695,2.784,0.0,0.0,0.0,0.0,1325.348,0.0,0.0,0.0,0.0,0.0,0.0,0.0,0.0,162.963,0.0,773.2589999999999,389.126
2063,medium_district,65,GV - Mosida,,,,,,,,,65,GV - Mosida,,,5421.0,15266.372000000001,2.816,0.0,0.0,0.0,0.0,840.473,0.0,0.0,0.0,0.0,0.0,0.0,0.0,0.0,162.923,0.0,282.498,395.05199999999996
2064,medium_district,65,GV - Mosida,,,,,,,,,65,GV - Mosida,,,5421.0,15448.374000000002,2.85,0.0,0.0,0.0,0.0,852.022,0.0,0.0,0.0,0.0,0.0,0.0,0.0,0.0,162.007,0.0,287.911,402.10400000000004
2065,medium_district,65,GV - Mosida,,,,,,,,,65,GV - Mosida,,,6220.0,17399.826,2.797,0.0,0.0,0.0,0.0,2279.044,0.0,0.0,0.0,0.0,0.0,0.0,0.0,0.0,161.138,0.0,1650.025,467.881
2023,medium_district,66,Utah County Central Mountains and Lake,,,,,,,,,66,Utah County Central Mountains and Lake,,,27.0,75.908,2.811,0.0,0.0,0.0,0.0,80.19500000000001,0.0,0.0,0.0,0.0,0.0,0.0,0.0,0.0,4.032,68.174,5.987,2.003
2024,medium_district,66,Utah County Central Mountains and Lake,,,,,,,,,66,Utah County Central Mountains and Lake,,,28.0,77.253,2.759,0.0,0.0,0.0,0.0,81.157,0.0,0.0,0.0,0.0,0.0,0.0,0.0,0.0,4.032,74.589,0.532,2.004
2025,medium_district,66,Utah County Central Mountains and Lake,,,,,,,,,66,Utah County Central Mountains and Lake,,,32.0,95.78,2.993,0.0,0.0,0.0,0.0,82.167,0.0,0.0,0.0,0.0,0.0,0.0,0.0,0.0,4.031,74.357,1.774,2.003
2026,medium_district,66,Utah County Central Mountains and Lake,,,,,,,,,66,Utah County Central Mountains and Lake,,,39.0,114.932,2.947,0.0,0.0,0.0,0.0,86.11800000000001,0.0,0.0,0.0,0.0,0.0,0.0,0.0,0.0,4.031,76.986,2.101,3.001
2027,medium_district,66,Utah County Central Mountains and Lake,,,,,,,,,66,Utah County Central Mountains and Lake,,,40.0,118.44900000000001,2.961,0.0,0.0,0.0,0.0,87.271,0.0,0.0,0.0,0.0,0.0,0.0,0.0,0.0,4.033,78.763,1.4709999999999999,3.004
2028,medium_district,66,Utah County Central Mountains and Lake,,,,,,,,,66,Utah County Central Mountains and Lake,,,44.0,133.93400000000003,3.044,0.0,0.0,0.0,0.0,84.21699999999998,0.0,0.0,0.0,0.0,0.0,0.0,0.0,0.0,4.029,75.594,1.59,3.004
2029,medium_district,66,Utah County Central Mountains and Lake,,,,,,,,,66,Utah County Central Mountains and Lake,,,45.0,137.168,3.048,0.0,0.0,0.0,0.0,80.021,0.0,0.0,0.0,0.0,0.0,0.0,0.0,0.0,4.033,71.42,1.5639999999999998,3.004
2030,medium_district,66,Utah County Central Mountains and Lake,,,,,,,,,66,Utah County Central Mountains and Lake,,,45.0,135.861,3.019,0.0,0.0,0.0,0.0,78.87800000000001,0.0,0.0,0.0,0.0,0.0,0.0,0.0,0.0,4.043,70.261,1.5719999999999998,3.003
2031,medium_district,66,Utah County Central Mountains and Lake,,,,,,,,,66,Utah County Central Mountains and Lake,,,45.0,134.617,2.991,0.0,0.0,0.0,0.0,79.519,0.0,0.0,0.0,0.0,0.0,0.0,0.0,0.0,4.04,70.802,1.674,3.002
2032,medium_district,66,Utah County Central Mountains and Lake,,,,,,,,,66,Utah County Central Mountains and Lake,,,48.0,139.06300000000002,2.897,0.0,0.0,0.0,0.0,83.288,0.0,0.0,0.0,0.0,0.0,0.0,0.0,0.0,4.041,74.357,1.89,3.0
2033,medium_district,66,Utah County Central Mountains and Lake,,,,,,,,,66,Utah County Central Mountains and Lake,,,52.0,146.324,2.814,35.0,4.0,14.0,17.0,154.51700000000002,4.0,0.0,1.0,13.0,0.0,1.0,2.0,14.0,5.031,77.99,33.494,3.002
2034,medium_district,66,Utah County Central Mountains and Lake,,,,,,,,,66,Utah County Central Mountains and Lake,,,54.0,151.61,2.808,89.0,15.0,38.0,36.0,184.345,9.0,6.0,5.0,33.0,0.0,1.0,3.0,32.0,5.054,81.159,6.13,3.002
2035,medium_district,66,Utah County Central Mountains and Lake,,,,,,,,,66,Utah County Central Mountains and Lake,,,56.0,156.086,2.787,89.0,15.0,38.0,36.0,186.183,9.0,6.0,5.0,33.0,0.0,1.0,3.0,32.0,5.049,82.319,5.811,4.004
2036,medium_district,66,Utah County Central Mountains and Lake,,,,,,,,,66,Utah County Central Mountains and Lake,,,56.0,155.29,2.773,101.0,15.0,38.0,48.0,198.597,9.0,6.0,5.0,33.0,9.0,2.0,5.0,32.0,5.043,81.778,6.773000000000001,4.004
2037,medium_district,66,Utah County Central Mountains and Lake,,,,,,,,,66,Utah County Central Mountains and Lake,,,57.0,164.595,2.888,98.0,24.0,9.0,65.0,194.149,14.0,10.0,7.0,2.0,36.0,4.0,2.0,23.0,5.037,81.082,6.026,4.002
2038,medium_district,66,Utah County Central Mountains and Lake,,,,,,,,,66,Utah County Central Mountains and Lake,,,57.0,163.821,2.874,123.0,29.0,9.0,85.0,255.96900000000002,19.0,10.0,7.0,2.0,36.0,11.0,6.0,32.0,5.054,80.928,42.985,4.002
2039,medium_district,66,Utah County Central Mountains and Lake,,,,,,,,,66,Utah County Central Mountains and Lake,,,57.0,163.121,2.862,145.0,31.0,12.0,102.0,242.382,20.0,11.0,10.0,2.0,36.0,18.0,9.0,39.0,5.049,80.928,7.405,4.001
2040,medium_district,66,Utah County Central Mountains and Lake,,,,,,,,,66,Utah County Central Mountains and Lake,,,57.0,162.433,2.85,162.0,34.0,15.0,113.0,260.028,22.0,12.0,13.0,2.0,36.0,21.0,11.0,45.0,5.043,80.928,8.059000000000001,3.999
2041,medium_district,66,Utah County Central Mountains and Lake,,,,,,,,,66,Utah County Central Mountains and Lake,,,57.0,161.788,2.838,177.0,40.0,19.0,118.0,275.13000000000005,26.0,14.0,17.0,2.0,36.0,24.0,11.0,47.0,5.045,81.314,7.768,4.002
2042,medium_district,66,Utah County Central Mountains and Lake,,,,,,,,,66,Utah County Central Mountains and Lake,,,57.0,161.143,2.827,184.0,42.0,21.0,121.0,282.676,27.0,15.0,19.0,2.0,36.0,25.0,11.0,49.0,5.048,82.087,7.536999999999999,4.004
2043,medium_district,66,Utah County Central Mountains and Lake,,,,,,,,,66,Utah County Central Mountains and Lake,,,58.0,162.336,2.799,195.0,42.0,26.0,127.0,295.10200000000003,27.0,15.0,19.0,7.0,36.0,29.0,11.0,51.0,5.041,82.783,8.277,4.002
2044,medium_district,66,Utah County Central Mountains and Lake,,,,,,,,,66,Utah County Central Mountains and Lake,,,58.0,161.782,2.789,203.0,43.0,27.0,133.0,303.097,27.0,16.0,20.0,7.0,38.0,31.0,11.0,53.0,5.039,82.705,8.347,4.005
2045,medium_district,66,Utah County Central Mountains and Lake,,,,,,,,,66,Utah County Central Mountains and Lake,,,58.0,161.221,2.78,205.0,43.0,27.0,135.0,304.62,27.0,16.0,20.0,7.0,38.0,31.0,12.0,54.0,5.033,82.473,8.112,4.002
2046,medium_district,66,Utah County Central Mountains and Lake,,,,,,,,,66,Utah County Central Mountains and Lake,,,58.0,160.669,2.77,210.0,44.0,27.0,139.0,309.575,28.0,16.0,20.0,7.0,38.0,34.0,12.0,55.0,5.038,82.473,8.064,4.0
2047,medium_district,66,Utah County Central Mountains and Lake,,,,,,,,,66,Utah County Central Mountains and Lake,,,58.0,160.1,2.76,212.0,44.0,27.0,141.0,312.06,28.0,16.0,20.0,7.0,38.0,35.0,13.0,55.0,5.033,82.937,8.091,3.999
2048,medium_district,66,Utah County Central Mountains and Lake,,,,,,,,,66,Utah County Central Mountains and Lake,,,58.0,159.556,2.751,214.0,44.0,27.0,143.0,314.948,28.0,16.0,20.0,7.0,39.0,36.0,13.0,55.0,5.025,83.787,8.135,4.0
2049,medium_district,66,Utah County Central Mountains and Lake,,,,,,,,,66,Utah County Central Mountains and Lake,,,58.0,158.997,2.741,215.0,44.0,27.0,144.0,316.84,28.0,16.0,20.0,7.0,39.0,37.0,13.0,55.0,5.022,84.56,8.258,3.999
2050,medium_district,66,Utah County Central Mountains and Lake,,,,,,,,,66,Utah County Central Mountains and Lake,,,58.0,158.399,2.731,216.0,45.0,27.0,144.0,319.85499999999996,29.0,16.0,20.0,7.0,39.0,37.0,13.0,55.0,6.051,85.411,8.393,4.0
2051,medium_district,66,Utah County Central Mountains and Lake,,,,,,,,,66,Utah County Central Mountains and Lake,,,58.0,157.791,2.721,218.0,47.0,27.0,144.0,322.96,30.0,17.0,20.0,7.0,39.0,37.0,13.0,55.0,6.061,86.106,8.792,4.0
2052,medium_district,66,Utah County Central Mountains and Lake,,,,,,,,,66,Utah County Central Mountains and Lake,,,58.0,157.168,2.71,218.0,47.0,27.0,144.0,324.03299999999996,30.0,17.0,20.0,7.0,39.0,37.0,13.0,55.0,6.08,86.802,9.151,4.001
2053,medium_district,66,Utah County Central Mountains and Lake,,,,,,,,,66,Utah County Central Mountains and Lake,,,58.0,156.519,2.699,218.0,47.0,27.0,144.0,327.82800000000003,30.0,17.0,20.0,7.0,39.0,37.0,13.0,55.0,6.076,87.729,12.019000000000002,4.002
2054,medium_district,66,Utah County Central Mountains and Lake,,,,,,,,,66,Utah County Central Mountains and Lake,,,58.0,155.878,2.688,219.0,48.0,27.0,144.0,330.774,31.0,17.0,20.0,7.0,39.0,37.0,13.0,55.0,6.072,88.348,13.353000000000002,4.001
2055,medium_district,66,Utah County Central Mountains and Lake,,,,,,,,,66,Utah County Central Mountains and Lake,,,59.0,160.677,2.723,220.0,48.0,27.0,145.0,332.32399999999996,31.0,17.0,20.0,7.0,39.0,38.0,13.0,55.0,6.075,88.58,13.669,4.001
2056,medium_district,66,Utah County Central Mountains and Lake,,,,,,,,,66,Utah County Central Mountains and Lake,,,60.0,163.927,2.732,220.0,48.0,27.0,145.0,331.409,31.0,17.0,20.0,7.0,39.0,38.0,13.0,55.0,6.075,88.039,13.296,4.0
2057,medium_district,66,Utah County Central Mountains and Lake,,,,,,,,,66,Utah County Central Mountains and Lake,,,60.0,164.403,2.74,220.0,48.0,27.0,145.0,330.444,31.0,17.0,20.0,7.0,39.0,38.0,13.0,55.0,6.079,86.493,13.873,3.999
2058,medium_district,66,Utah County Central Mountains and Lake,,,,,,,,,66,Utah County Central Mountains and Lake,,,60.0,166.473,2.775,220.0,48.0,27.0,145.0,329.02500000000003,31.0,17.0,20.0,7.0,39.0,38.0,13.0,55.0,6.081,85.024,13.921,3.999
2059,medium_district,66,Utah County Central Mountains and Lake,,,,,,,,,66,Utah County Central Mountains and Lake,,,60.0,168.254,2.804,220.0,48.0,27.0,145.0,327.569,31.0,17.0,20.0,7.0,39.0,38.0,13.0,55.0,6.081,83.942,13.545000000000002,4.001
2060,medium_district,66,Utah County Central Mountains and Lake,,,,,,,,,66,Utah County Central Mountains and Lake,,,60.0,170.266,2.838,220.0,48.0,27.0,145.0,327.43,31.0,17.0,20.0,7.0,39.0,38.0,13.0,55.0,6.083,83.401,13.947,3.999
2061,medium_district,66,Utah County Central Mountains and Lake,,,,,,,,,66,Utah County Central Mountains and Lake,,,60.0,172.551,2.876,220.0,48.0,27.0,145.0,327.34999999999997,31.0,17.0,20.0,7.0,39.0,38.0,13.0,55.0,6.078,83.014,14.257,4.0
2062,medium_district,66,Utah County Central Mountains and Lake,,,,,,,,,66,Utah County Central Mountains and Lake,,,60.0,174.558,2.909,220.0,48.0,27.0,145.0,326.971,31.0,17.0,20.0,7.0,39.0,38.0,13.0,55.0,6.073,82.783,14.114,4.001
2063,medium_district,66,Utah County Central Mountains and Lake,,,,,,,,,66,Utah County Central Mountains and Lake,,,60.0,176.591,2.943,220.0,48.0,27.0,145.0,327.214,31.0,17.0,20.0,7.0,39.0,38.0,13.0,55.0,6.072,82.551,14.591999999999999,4.001
2064,medium_district,66,Utah County Central Mountains and Lake,,,,,,,,,66,Utah County Central Mountains and Lake,,,60.0,178.746,2.979,220.0,48.0,27.0,145.0,327.34299999999996,31.0,17.0,20.0,7.0,39.0,38.0,13.0,55.0,6.075,82.396,14.871,4.001
2065,medium_district,66,Utah County Central Mountains and Lake,,,,,,,,,66,Utah County Central Mountains and Lake,,,60.0,180.716,3.012,220.0,48.0,27.0,145.0,326.998,31.0,17.0,20.0,7.0,39.0,38.0,13.0,55.0,6.081,82.242,14.677,3.999
2023,medium_district,67,American Fork Canyon,,,,,,,,,67,American Fork Canyon,,,2.0,2.9779999999999998,1.489,5.0,0.0,0.0,5.0,5.037,0.0,0.0,0.0,0.0,0.0,5.0,0.0,0.0,0.0,0.0,0.037,0.0
2024,medium_district,67,American Fork Canyon,,,,,,,,,67,American Fork Canyon,,,2.0,2.966,1.483,5.0,0.0,0.0,5.0,5.019,0.0,0.0,0.0,0.0,0.0,5.0,0.0,0.0,0.0,0.0,0.019,0.0
2025,medium_district,67,American Fork Canyon,,,,,,,,,67,American Fork Canyon,,,3.0,5.856,1.952,5.0,0.0,0.0,5.0,5.111,0.0,0.0,0.0,0.0,0.0,5.0,0.0,0.0,0.0,0.0,0.111,0.0
2026,medium_district,67,American Fork Canyon,,,,,,,,,67,American Fork Canyon,,,3.0,5.812,1.937,5.0,0.0,0.0,5.0,5.108,0.0,0.0,0.0,0.0,0.0,5.0,0.0,0.0,0.0,0.0,0.108,0.0
2027,medium_district,67,American Fork Canyon,,,,,,,,,67,American Fork Canyon,,,3.0,5.769,1.923,5.0,0.0,0.0,5.0,5.074,0.0,0.0,0.0,0.0,0.0,5.0,0.0,0.0,0.0,0.0,0.074,0.0
2028,medium_district,67,American Fork Canyon,,,,,,,,,67,American Fork Canyon,,,3.0,5.725,1.908,5.0,0.0,0.0,5.0,5.072,0.0,0.0,0.0,0.0,0.0,5.0,0.0,0.0,0.0,0.0,0.072,0.0
2029,medium_district,67,American Fork Canyon,,,,,,,,,67,American Fork Canyon,,,3.0,5.685,1.895,5.0,0.0,0.0,5.0,5.069,0.0,0.0,0.0,0.0,0.0,5.0,0.0,0.0,0.0,0.0,0.069,0.0
2030,medium_district,67,American Fork Canyon,,,,,,,,,67,American Fork Canyon,,,3.0,5.646,1.882,5.0,0.0,0.0,5.0,5.07,0.0,0.0,0.0,0.0,0.0,5.0,0.0,0.0,0.0,0.0,0.07,0.0
2031,medium_district,67,American Fork Canyon,,,,,,,,,67,American Fork Canyon,,,3.0,5.61,1.87,5.0,0.0,0.0,5.0,5.074,0.0,0.0,0.0,0.0,0.0,5.0,0.0,0.0,0.0,0.0,0.074,0.0
2032,medium_district,67,American Fork Canyon,,,,,,,,,67,American Fork Canyon,,,3.0,5.577,1.859,5.0,0.0,0.0,5.0,5.079,0.0,0.0,0.0,0.0,0.0,5.0,0.0,0.0,0.0,0.0,0.079,0.0
2033,medium_district,67,American Fork Canyon,,,,,,,,,67,American Fork Canyon,,,3.0,5.549,1.85,5.0,0.0,0.0,5.0,5.08,0.0,0.0,0.0,0.0,0.0,5.0,0.0,0.0,0.0,0.0,0.08,0.0
2034,medium_district,67,American Fork Canyon,,,,,,,,,67,American Fork Canyon,,,3.0,5.524,1.841,5.0,0.0,0.0,5.0,5.086,0.0,0.0,0.0,0.0,0.0,5.0,0.0,0.0,0.0,0.0,0.086,0.0
2035,medium_district,67,American Fork Canyon,,,,,,,,,67,American Fork Canyon,,,3.0,5.502,1.834,5.0,0.0,0.0,5.0,5.08,0.0,0.0,0.0,0.0,0.0,5.0,0.0,0.0,0.0,0.0,0.08,0.0
2036,medium_district,67,American Fork Canyon,,,,,,,,,67,American Fork Canyon,,,3.0,5.482,1.827,5.0,0.0,0.0,5.0,5.086,0.0,0.0,0.0,0.0,0.0,5.0,0.0,0.0,0.0,0.0,0.086,0.0
2037,medium_district,67,American Fork Canyon,,,,,,,,,67,American Fork Canyon,,,3.0,5.464,1.821,5.0,0.0,0.0,5.0,5.078,0.0,0.0,0.0,0.0,0.0,5.0,0.0,0.0,0.0,0.0,0.078,0.0
2038,medium_district,67,American Fork Canyon,,,,,,,,,67,American Fork Canyon,,,3.0,5.446,1.815,5.0,0.0,0.0,5.0,5.078,0.0,0.0,0.0,0.0,0.0,5.0,0.0,0.0,0.0,0.0,0.078,0.0
2039,medium_district,67,American Fork Canyon,,,,,,,,,67,American Fork Canyon,,,3.0,5.43,1.81,5.0,0.0,0.0,5.0,5.073,0.0,0.0,0.0,0.0,0.0,5.0,0.0,0.0,0.0,0.0,0.073,0.0
2040,medium_district,67,American Fork Canyon,,,,,,,,,67,American Fork Canyon,,,3.0,5.414,1.805,5.0,0.0,0.0,5.0,5.074,0.0,0.0,0.0,0.0,0.0,5.0,0.0,0.0,0.0,0.0,0.074,0.0
2041,medium_district,67,American Fork Canyon,,,,,,,,,67,American Fork Canyon,,,3.0,5.4,1.8,5.0,0.0,0.0,5.0,5.066,0.0,0.0,0.0,0.0,0.0,5.0,0.0,0.0,0.0,0.0,0.066,0.0
2042,medium_district,67,American Fork Canyon,,,,,,,,,67,American Fork Canyon,,,3.0,5.385,1.795,5.0,0.0,0.0,5.0,5.063,0.0,0.0,0.0,0.0,0.0,5.0,0.0,0.0,0.0,0.0,0.063,0.0
2043,medium_district,67,American Fork Canyon,,,,,,,,,67,American Fork Canyon,,,3.0,5.371,1.79,5.0,0.0,0.0,5.0,5.065,0.0,0.0,0.0,0.0,0.0,5.0,0.0,0.0,0.0,0.0,0.065,0.0
2044,medium_district,67,American Fork Canyon,,,,,,,,,67,American Fork Canyon,,,3.0,5.359,1.786,5.0,0.0,0.0,5.0,5.064,0.0,0.0,0.0,0.0,0.0,5.0,0.0,0.0,0.0,0.0,0.064,0.0
2045,medium_district,67,American Fork Canyon,,,,,,,,,67,American Fork Canyon,,,3.0,5.346,1.782,5.0,0.0,0.0,5.0,5.062,0.0,0.0,0.0,0.0,0.0,5.0,0.0,0.0,0.0,0.0,0.062,0.0
2046,medium_district,67,American Fork Canyon,,,,,,,,,67,American Fork Canyon,,,3.0,5.333,1.778,5.0,0.0,0.0,5.0,5.06,0.0,0.0,0.0,0.0,0.0,5.0,0.0,0.0,0.0,0.0,0.06,0.0
2047,medium_district,67,American Fork Canyon,,,,,,,,,67,American Fork Canyon,,,3.0,5.32,1.773,5.0,0.0,0.0,5.0,5.06,0.0,0.0,0.0,0.0,0.0,5.0,0.0,0.0,0.0,0.0,0.06,0.0
2048,medium_district,67,American Fork Canyon,,,,,,,,,67,American Fork Canyon,,,3.0,5.308,1.769,5.0,0.0,0.0,5.0,5.06,0.0,0.0,0.0,0.0,0.0,5.0,0.0,0.0,0.0,0.0,0.06,0.0
2049,medium_district,67,American Fork Canyon,,,,,,,,,67,American Fork Canyon,,,3.0,5.295,1.765,5.0,0.0,0.0,5.0,5.061,0.0,0.0,0.0,0.0,0.0,5.0,0.0,0.0,0.0,0.0,0.061,0.0
2050,medium_district,67,American Fork Canyon,,,,,,,,,67,American Fork Canyon,,,3.0,5.282,1.761,5.0,0.0,0.0,5.0,5.061,0.0,0.0,0.0,0.0,0.0,5.0,0.0,0.0,0.0,0.0,0.061,0.0
2051,medium_district,67,American Fork Canyon,,,,,,,,,67,American Fork Canyon,,,6.0,15.072,2.512,5.0,0.0,0.0,5.0,11.158999999999999,0.0,0.0,0.0,0.0,0.0,5.0,0.0,0.0,0.0,0.0,6.159,0.0
2052,medium_district,67,American Fork Canyon,,,,,,,,,67,American Fork Canyon,,,6.0,15.015,2.502,5.0,0.0,0.0,5.0,5.166,0.0,0.0,0.0,0.0,0.0,5.0,0.0,0.0,0.0,0.0,0.166,0.0
2053,medium_district,67,American Fork Canyon,,,,,,,,,67,American Fork Canyon,,,6.0,14.956,2.493,5.0,0.0,0.0,5.0,5.218,0.0,0.0,0.0,0.0,0.0,5.0,0.0,0.0,0.0,0.0,0.218,0.0
2054,medium_district,67,American Fork Canyon,,,,,,,,,67,American Fork Canyon,,,6.0,14.898,2.483,5.0,0.0,0.0,5.0,5.241,0.0,0.0,0.0,0.0,0.0,5.0,0.0,0.0,0.0,0.0,0.241,0.0
2055,medium_district,67,American Fork Canyon,,,,,,,,,67,American Fork Canyon,,,6.0,14.841,2.474,5.0,0.0,0.0,5.0,5.245,0.0,0.0,0.0,0.0,0.0,5.0,0.0,0.0,0.0,0.0,0.245,0.0
2056,medium_district,67,American Fork Canyon,,,,,,,,,67,American Fork Canyon,,,6.0,14.783,2.464,5.0,0.0,0.0,5.0,5.237,0.0,0.0,0.0,0.0,0.0,5.0,0.0,0.0,0.0,0.0,0.237,0.0
2057,medium_district,67,American Fork Canyon,,,,,,,,,67,American Fork Canyon,,,6.0,14.823,2.47,5.0,0.0,0.0,5.0,5.248,0.0,0.0,0.0,0.0,0.0,5.0,0.0,0.0,0.0,0.0,0.248,0.0
2058,medium_district,67,American Fork Canyon,,,,,,,,,67,American Fork Canyon,,,6.0,14.998,2.5,5.0,0.0,0.0,5.0,5.249,0.0,0.0,0.0,0.0,0.0,5.0,0.0,0.0,0.0,0.0,0.249,0.0
2059,medium_district,67,American Fork Canyon,,,,,,,,,67,American Fork Canyon,,,6.0,15.148,2.525,5.0,0.0,0.0,5.0,5.242,0.0,0.0,0.0,0.0,0.0,5.0,0.0,0.0,0.0,0.0,0.242,0.0
2060,medium_district,67,American Fork Canyon,,,,,,,,,67,American Fork Canyon,,,6.0,15.318,2.553,5.0,0.0,0.0,5.0,5.249,0.0,0.0,0.0,0.0,0.0,5.0,0.0,0.0,0.0,0.0,0.249,0.0
2061,medium_district,67,American Fork Canyon,,,,,,,,,67,American Fork Canyon,,,5.0,14.511,2.902,0.0,0.0,0.0,0.0,0.255,0.0,0.0,0.0,0.0,0.0,0.0,0.0,0.0,0.0,0.0,0.255,0.0
2062,medium_district,67,American Fork Canyon,,,,,,,,,67,American Fork Canyon,,,5.0,14.681,2.936,0.0,0.0,0.0,0.0,0.252,0.0,0.0,0.0,0.0,0.0,0.0,0.0,0.0,0.0,0.0,0.252,0.0
2063,medium_district,67,American Fork Canyon,,,,,,,,,67,American Fork Canyon,,,5.0,14.853,2.971,0.0,0.0,0.0,0.0,0.261,0.0,0.0,0.0,0.0,0.0,0.0,0.0,0.0,0.0,0.0,0.261,0.0
2064,medium_district,67,American Fork Canyon,,,,,,,,,67,American Fork Canyon,,,5.0,15.035,3.007,0.0,0.0,0.0,0.0,0.266,0.0,0.0,0.0,0.0,0.0,0.0,0.0,0.0,0.0,0.0,0.266,0.0
2065,medium_district,67,American Fork Canyon,,,,,,,,,67,American Fork Canyon,,,5.0,15.201,3.04,0.0,0.0,0.0,0.0,0.262,0.0,0.0,0.0,0.0,0.0,0.0,0.0,0.0,0.0,0.0,0.262,0.0
2023,medium_district,68,Provo Canyon,,,,,,,,,68,Provo Canyon,,,96.0,311.956,3.25,457.9,264.6,0.0,193.3,459.97299999999996,112.4,152.2,0.0,0.0,0.0,10.5,0.0,182.8,0.0,0.0,2.073,0.0
2024,medium_district,68,Provo Canyon,,,,,,,,,68,Provo Canyon,,,96.0,311.931,3.249,458.9,265.3,0.0,193.6,460.938,112.2,153.1,0.0,0.0,0.0,10.5,0.0,183.1,0.0,0.0,2.038,0.0
2025,medium_district,68,Provo Canyon,,,,,,,,,68,Provo Canyon,,,97.0,315.76,3.255,459.5,265.6,0.0,193.9,461.666,112.2,153.4,0.0,0.0,0.0,10.5,0.0,183.4,0.0,0.0,2.166,0.0
2026,medium_district,68,Provo Canyon,,,,,,,,,68,Provo Canyon,,,97.0,315.687,3.255,459.9,265.9,0.0,194.0,462.06199999999995,112.3,153.6,0.0,0.0,0.0,10.5,0.0,183.5,0.0,0.0,2.162,0.0
2027,medium_district,68,Provo Canyon,,,,,,,,,68,Provo Canyon,,,97.0,315.615,3.254,460.3,266.2,0.0,194.1,462.411,112.4,153.8,0.0,0.0,0.0,10.5,0.0,183.6,0.0,0.0,2.1109999999999998,0.0
2028,medium_district,68,Provo Canyon,,,,,,,,,68,Provo Canyon,,,97.0,315.542,3.253,460.7,266.5,0.0,194.2,462.808,112.5,154.0,0.0,0.0,0.0,10.5,0.0,183.7,0.0,0.0,2.108,0.0
2029,medium_district,68,Provo Canyon,,,,,,,,,68,Provo Canyon,,,97.0,315.475,3.252,461.3,266.9,0.0,194.4,463.404,112.6,154.3,0.0,0.0,0.0,10.5,0.0,183.9,0.0,0.0,2.104,0.0
2030,medium_district,68,Provo Canyon,,,,,,,,,68,Provo Canyon,,,97.0,315.41,3.252,462.0,267.5,0.0,194.5,464.105,112.7,154.8,0.0,0.0,0.0,10.5,0.0,184.0,0.0,0.0,2.105,0.0
2031,medium_district,68,Provo Canyon,,,,,,,,,68,Provo Canyon,,,97.0,315.35,3.251,462.1,267.5,0.0,194.6,464.211,112.9,154.6,0.0,0.0,0.0,10.5,0.0,184.1,0.0,0.0,2.1109999999999998,0.0
2032,medium_district,68,Provo Canyon,,,,,,,,,68,Provo Canyon,,,97.0,315.295,3.25,462.6,267.9,0.0,194.7,464.718,113.2,154.7,0.0,0.0,0.0,10.5,0.0,184.2,0.0,0.0,2.118,0.0
2033,medium_district,68,Provo Canyon,,,,,,,,,68,Provo Canyon,,,97.0,315.249,3.25,463.1,268.3,0.0,194.8,465.22,113.5,154.8,0.0,0.0,0.0,10.5,0.0,184.3,0.0,0.0,2.12,0.0
2034,medium_district,68,Provo Canyon,,,,,,,,,68,Provo Canyon,,,97.0,315.207,3.25,463.5,268.6,0.0,194.9,465.629,113.7,154.9,0.0,0.0,0.0,10.5,0.0,184.4,0.0,0.0,2.129,0.0
2035,medium_district,68,Provo Canyon,,,,,,,,,68,Provo Canyon,,,97.0,315.17,3.249,463.9,268.9,0.0,195.0,466.02,113.9,155.0,0.0,0.0,0.0,10.5,0.0,184.5,0.0,0.0,2.12,0.0
2036,medium_district,68,Provo Canyon,,,,,,,,,68,Provo Canyon,,,97.0,315.137,3.249,464.3,269.2,0.0,195.1,466.42900000000003,114.1,155.1,0.0,0.0,0.0,10.5,0.0,184.6,0.0,0.0,2.129,0.0
2037,medium_district,68,Provo Canyon,,,,,,,,,68,Provo Canyon,,,97.0,313.464,3.232,464.9,269.7,0.0,195.2,467.017,114.4,155.3,0.0,0.0,0.0,10.5,0.0,184.7,0.0,0.0,2.117,0.0
2038,medium_district,68,Provo Canyon,,,,,,,,,68,Provo Canyon,,,97.0,313.446,3.231,465.2,269.9,0.0,195.3,467.317,114.6,155.3,0.0,0.0,0.0,10.5,0.0,184.8,0.0,0.0,2.117,0.0
2039,medium_district,68,Provo Canyon,,,,,,,,,68,Provo Canyon,,,97.0,313.43,3.231,465.6,270.2,0.0,195.4,467.71000000000004,114.8,155.4,0.0,0.0,0.0,10.5,0.0,184.9,0.0,0.0,2.11,0.0
2040,medium_district,68,Provo Canyon,,,,,,,,,68,Provo Canyon,,,97.0,313.415,3.231,466.0,270.5,0.0,195.5,468.111,115.0,155.5,0.0,0.0,0.0,10.5,0.0,185.0,0.0,0.0,2.1109999999999998,0.0
2041,medium_district,68,Provo Canyon,,,,,,,,,68,Provo Canyon,,,97.0,313.4,3.231,466.5,270.9,0.0,195.6,468.599,115.2,155.7,0.0,0.0,0.0,10.5,0.0,185.1,0.0,0.0,2.099,0.0
2042,medium_district,68,Provo Canyon,,,,,,,,,68,Provo Canyon,,,97.0,313.385,3.231,467.0,271.3,0.0,195.7,469.094,115.4,155.9,0.0,0.0,0.0,10.5,0.0,185.2,0.0,0.0,2.094,0.0
2043,medium_district,68,Provo Canyon,,,,,,,,,68,Provo Canyon,,,97.0,313.371,3.231,467.6,271.8,0.0,195.8,469.69800000000004,115.6,156.2,0.0,0.0,0.0,10.5,0.0,185.3,0.0,0.0,2.098,0.0
2044,medium_district,68,Provo Canyon,,,,,,,,,68,Provo Canyon,,,97.0,313.358,3.23,468.2,272.3,0.0,195.9,470.296,115.8,156.5,0.0,0.0,0.0,10.5,0.0,185.4,0.0,0.0,2.096,0.0
2045,medium_district,68,Provo Canyon,,,,,,,,,68,Provo Canyon,,,97.0,313.346,3.23,468.8,272.8,0.0,196.0,470.89300000000003,116.0,156.8,0.0,0.0,0.0,10.5,0.0,185.5,0.0,0.0,2.093,0.0
2046,medium_district,68,Provo Canyon,,,,,,,,,68,Provo Canyon,,,97.0,313.334,3.23,469.3,273.2,0.0,196.1,471.39,116.2,157.0,0.0,0.0,0.0,10.5,0.0,185.6,0.0,0.0,2.09,0.0
2047,medium_district,68,Provo Canyon,,,,,,,,,68,Provo Canyon,,,97.0,313.32,3.23,469.9,273.7,0.0,196.2,471.98999999999995,116.4,157.3,0.0,0.0,0.0,10.5,0.0,185.7,0.0,0.0,2.09,0.0
2048,medium_district,68,Provo Canyon,,,,,,,,,68,Provo Canyon,,,97.0,313.308,3.23,470.5,274.2,0.0,196.3,472.59,116.6,157.6,0.0,0.0,0.0,10.5,0.0,185.8,0.0,0.0,2.09,0.0
2049,medium_district,68,Provo Canyon,,,,,,,,,68,Provo Canyon,,,97.0,313.295,3.23,471.1,274.7,0.0,196.4,473.19100000000003,116.8,157.9,0.0,0.0,0.0,10.5,0.0,185.9,0.0,0.0,2.091,0.0
2050,medium_district,68,Provo Canyon,,,,,,,,,68,Provo Canyon,,,97.0,313.282,3.23,471.6,275.1,0.0,196.5,473.692,117.0,158.1,0.0,0.0,0.0,10.5,0.0,186.0,0.0,0.0,2.092,0.0
2051,medium_district,68,Provo Canyon,,,,,,,,,68,Provo Canyon,,,97.0,313.268,3.23,472.1,275.5,0.0,196.6,474.196,117.2,158.3,0.0,0.0,0.0,10.5,0.0,186.1,0.0,0.0,2.096,0.0
2052,medium_district,68,Provo Canyon,,,,,,,,,68,Provo Canyon,,,97.0,313.254,3.229,472.5,275.8,0.0,196.7,474.599,117.4,158.4,0.0,0.0,0.0,10.5,0.0,186.2,0.0,0.0,2.099,0.0
2053,medium_district,68,Provo Canyon,,,,,,,,,68,Provo Canyon,,,97.0,313.239,3.229,472.9,276.1,0.0,196.8,475.03099999999995,117.6,158.5,0.0,0.0,0.0,10.5,0.0,186.3,0.0,0.0,2.131,0.0
2054,medium_district,68,Provo Canyon,,,,,,,,,68,Provo Canyon,,,97.0,313.225,3.229,473.3,276.4,0.0,196.9,475.444,117.8,158.6,0.0,0.0,0.0,10.5,0.0,186.4,0.0,0.0,2.144,0.0
2055,medium_district,68,Provo Canyon,,,,,,,,,68,Provo Canyon,,,97.0,313.211,3.229,473.7,276.7,0.0,197.0,475.847,118.0,158.7,0.0,0.0,0.0,10.5,0.0,186.5,0.0,0.0,2.147,0.0
2056,medium_district,68,Provo Canyon,,,,,,,,,68,Provo Canyon,,,97.0,313.196,3.229,474.2,277.1,0.0,197.1,476.342,118.2,158.9,0.0,0.0,0.0,10.5,0.0,186.6,0.0,0.0,2.142,0.0
2057,medium_district,68,Provo Canyon,,,,,,,,,68,Provo Canyon,,,98.0,315.676,3.221,474.7,277.5,0.0,197.2,476.899,118.4,159.1,0.0,0.0,0.0,10.5,0.0,186.7,0.0,0.0,2.199,0.0
2058,medium_district,68,Provo Canyon,,,,,,,,,68,Provo Canyon,,,98.0,315.749,3.222,475.2,277.9,0.0,197.3,477.399,118.6,159.3,0.0,0.0,0.0,10.5,0.0,186.8,0.0,0.0,2.199,0.0
2059,medium_district,68,Provo Canyon,,,,,,,,,68,Provo Canyon,,,98.0,315.811,3.223,475.6,278.2,0.0,197.4,477.793,118.7,159.5,0.0,0.0,0.0,10.5,0.0,186.9,0.0,0.0,2.193,0.0
2060,medium_district,68,Provo Canyon,,,,,,,,,68,Provo Canyon,,,98.0,315.883,3.223,476.1,278.6,0.0,197.5,478.29900000000004,118.9,159.7,0.0,0.0,0.0,10.5,0.0,187.0,0.0,0.0,2.199,0.0
2061,medium_district,68,Provo Canyon,,,,,,,,,68,Provo Canyon,,,4.0,7.963,1.991,0.0,0.0,0.0,0.0,0.204,0.0,0.0,0.0,0.0,0.0,0.0,0.0,0.0,0.0,0.0,0.204,0.0
2062,medium_district,68,Provo Canyon,,,,,,,,,68,Provo Canyon,,,4.0,8.034,2.009,0.0,0.0,0.0,0.0,0.201,0.0,0.0,0.0,0.0,0.0,0.0,0.0,0.0,0.0,0.0,0.201,0.0
2063,medium_district,68,Provo Canyon,,,,,,,,,68,Provo Canyon,,,4.0,8.105,2.026,0.0,0.0,0.0,0.0,0.208,0.0,0.0,0.0,0.0,0.0,0.0,0.0,0.0,0.0,0.0,0.208,0.0
2064,medium_district,68,Provo Canyon,,,,,,,,,68,Provo Canyon,,,4.0,8.181,2.045,0.0,0.0,0.0,0.0,0.212,0.0,0.0,0.0,0.0,0.0,0.0,0.0,0.0,0.0,0.0,0.212,0.0
2065,medium_district,68,Provo Canyon,,,,,,,,,68,Provo Canyon,,,4.0,8.25,2.062,0.0,0.0,0.0,0.0,0.209,0.0,0.0,0.0,0.0,0.0,0.0,0.0,0.0,0.0,0.0,0.209,0.0
2023,medium_district,69,Hobble Creek Canyon,,,,,,,,,69,Hobble Creek Canyon,,,135.0,350.716,2.598,2.0,2.0,0.0,0.0,3.33,2.0,0.0,0.0,0.0,0.0,0.0,0.0,0.0,0.0,0.0,0.329,1.001
2024,medium_district,69,Hobble Creek Canyon,,,,,,,,,69,Hobble Creek Canyon,,,136.0,353.486,2.599,2.0,2.0,0.0,0.0,3.23,2.0,0.0,0.0,0.0,0.0,0.0,0.0,0.0,0.0,0.0,0.228,1.002
2025,medium_district,69,Hobble Creek Canyon,,,,,,,,,69,Hobble Creek Canyon,,,136.0,353.279,2.598,2.0,2.0,0.0,0.0,3.6670000000000003,2.0,0.0,0.0,0.0,0.0,0.0,0.0,0.0,0.0,0.0,0.666,1.002
2026,medium_district,69,Hobble Creek Canyon,,,,,,,,,69,Hobble Creek Canyon,,,136.0,353.061,2.596,2.0,2.0,0.0,0.0,3.6470000000000002,2.0,0.0,0.0,0.0,0.0,0.0,0.0,0.0,0.0,0.0,0.647,1.0
2027,medium_district,69,Hobble Creek Canyon,,,,,,,,,69,Hobble Creek Canyon,,,136.0,352.844,2.594,2.0,2.0,0.0,0.0,3.443,2.0,0.0,0.0,0.0,0.0,0.0,0.0,0.0,0.0,0.0,0.442,1.001
2028,medium_district,69,Hobble Creek Canyon,,,,,,,,,69,Hobble Creek Canyon,,,136.0,352.626,2.593,2.0,2.0,0.0,0.0,3.435,2.0,0.0,0.0,0.0,0.0,0.0,0.0,0.0,0.0,0.0,0.433,1.001
2029,medium_district,69,Hobble Creek Canyon,,,,,,,,,69,Hobble Creek Canyon,,,136.0,352.423,2.591,2.0,2.0,0.0,0.0,3.418,2.0,0.0,0.0,0.0,0.0,0.0,0.0,0.0,0.0,0.0,0.416,1.001
2030,medium_district,69,Hobble Creek Canyon,,,,,,,,,69,Hobble Creek Canyon,,,136.0,352.23199999999997,2.59,2.0,2.0,0.0,0.0,3.42,2.0,0.0,0.0,0.0,0.0,0.0,0.0,0.0,0.0,0.0,0.419,1.001
2031,medium_district,69,Hobble Creek Canyon,,,,,,,,,69,Hobble Creek Canyon,,,136.0,352.051,2.589,2.0,2.0,0.0,0.0,3.447,2.0,0.0,0.0,0.0,0.0,0.0,0.0,0.0,0.0,0.0,0.446,1.001
2032,medium_district,69,Hobble Creek Canyon,,,,,,,,,69,Hobble Creek Canyon,,,136.0,351.886,2.587,2.0,2.0,0.0,0.0,3.473,2.0,0.0,0.0,0.0,0.0,0.0,0.0,0.0,0.0,0.0,0.47300000000000003,1.0
2033,medium_district,69,Hobble Creek Canyon,,,,,,,,,69,Hobble Creek Canyon,,,136.0,351.746,2.586,2.0,2.0,0.0,0.0,3.482,2.0,0.0,0.0,0.0,0.0,0.0,0.0,0.0,0.0,0.0,0.48200000000000004,1.001
2034,medium_district,69,Hobble Creek Canyon,,,,,,,,,69,Hobble Creek Canyon,,,136.0,351.622,2.585,2.0,2.0,0.0,0.0,3.515,2.0,0.0,0.0,0.0,0.0,0.0,0.0,0.0,0.0,0.0,0.515,1.001
2035,medium_district,69,Hobble Creek Canyon,,,,,,,,,69,Hobble Creek Canyon,,,136.0,351.511,2.585,2.0,2.0,0.0,0.0,3.482,2.0,0.0,0.0,0.0,0.0,0.0,0.0,0.0,0.0,0.0,0.48100000000000004,1.001
2036,medium_district,69,Hobble Creek Canyon,,,,,,,,,69,Hobble Creek Canyon,,,136.0,351.411,2.584,2.0,2.0,0.0,0.0,3.518,2.0,0.0,0.0,0.0,0.0,0.0,0.0,0.0,0.0,0.0,0.517,1.001
2037,medium_district,69,Hobble Creek Canyon,,,,,,,,,69,Hobble Creek Canyon,,,136.0,351.32,2.583,2.0,2.0,0.0,0.0,3.467,2.0,0.0,0.0,0.0,0.0,0.0,0.0,0.0,0.0,0.0,0.467,1.001
2038,medium_district,69,Hobble Creek Canyon,,,,,,,,,69,Hobble Creek Canyon,,,136.0,351.231,2.583,2.0,2.0,0.0,0.0,3.467,2.0,0.0,0.0,0.0,0.0,0.0,0.0,0.0,0.0,0.0,0.466,1.0
2039,medium_district,69,Hobble Creek Canyon,,,,,,,,,69,Hobble Creek Canyon,,,136.0,351.151,2.582,2.0,2.0,0.0,0.0,3.44,2.0,0.0,0.0,0.0,0.0,0.0,0.0,0.0,0.0,0.0,0.44,1.0
2040,medium_district,69,Hobble Creek Canyon,,,,,,,,,69,Hobble Creek Canyon,,,136.0,351.072,2.581,2.0,2.0,0.0,0.0,3.442,2.0,0.0,0.0,0.0,0.0,0.0,0.0,0.0,0.0,0.0,0.442,1.0
2041,medium_district,69,Hobble Creek Canyon,,,,,,,,,69,Hobble Creek Canyon,,,136.0,350.999,2.581,2.0,2.0,0.0,0.0,3.399,2.0,0.0,0.0,0.0,0.0,0.0,0.0,0.0,0.0,0.0,0.398,1.001
2042,medium_district,69,Hobble Creek Canyon,,,,,,,,,69,Hobble Creek Canyon,,,136.0,350.925,2.58,2.0,2.0,0.0,0.0,3.3770000000000002,2.0,0.0,0.0,0.0,0.0,0.0,0.0,0.0,0.0,0.0,0.376,1.001
2043,medium_district,69,Hobble Creek Canyon,,,,,,,,,69,Hobble Creek Canyon,,,136.0,350.856,2.58,2.0,2.0,0.0,0.0,3.393,2.0,0.0,0.0,0.0,0.0,0.0,0.0,0.0,0.0,0.0,0.392,1.0
2044,medium_district,69,Hobble Creek Canyon,,,,,,,,,69,Hobble Creek Canyon,,,136.0,350.793,2.579,2.0,2.0,0.0,0.0,3.385,2.0,0.0,0.0,0.0,0.0,0.0,0.0,0.0,0.0,0.0,0.384,1.001
2045,medium_district,69,Hobble Creek Canyon,,,,,,,,,69,Hobble Creek Canyon,,,136.0,350.73,2.579,2.0,2.0,0.0,0.0,3.371,2.0,0.0,0.0,0.0,0.0,0.0,0.0,0.0,0.0,0.0,0.37,1.0
2046,medium_district,69,Hobble Creek Canyon,,,,,,,,,69,Hobble Creek Canyon,,,136.0,350.66700000000003,2.578,2.0,2.0,0.0,0.0,3.3609999999999998,2.0,0.0,0.0,0.0,0.0,0.0,0.0,0.0,0.0,0.0,0.361,1.0
2047,medium_district,69,Hobble Creek Canyon,,,,,,,,,69,Hobble Creek Canyon,,,136.0,350.602,2.578,2.0,2.0,0.0,0.0,3.359,2.0,0.0,0.0,0.0,0.0,0.0,0.0,0.0,0.0,0.0,0.36,1.0
2048,medium_district,69,Hobble Creek Canyon,,,,,,,,,69,Hobble Creek Canyon,,,136.0,350.54,2.578,2.0,2.0,0.0,0.0,3.359,2.0,0.0,0.0,0.0,0.0,0.0,0.0,0.0,0.0,0.0,0.359,1.0
2049,medium_district,69,Hobble Creek Canyon,,,,,,,,,69,Hobble Creek Canyon,,,136.0,350.477,2.577,2.0,2.0,0.0,0.0,3.363,2.0,0.0,0.0,0.0,0.0,0.0,0.0,0.0,0.0,0.0,0.364,1.0
2050,medium_district,69,Hobble Creek Canyon,,,,,,,,,69,Hobble Creek Canyon,,,136.0,350.409,2.577,2.0,2.0,0.0,0.0,3.367,2.0,0.0,0.0,0.0,0.0,0.0,0.0,0.0,0.0,0.0,0.367,1.0
2051,medium_district,69,Hobble Creek Canyon,,,,,,,,,69,Hobble Creek Canyon,,,136.0,350.34,2.576,2.0,2.0,0.0,0.0,3.383,2.0,0.0,0.0,0.0,0.0,0.0,0.0,0.0,0.0,0.0,0.383,1.0
2052,medium_district,69,Hobble Creek Canyon,,,,,,,,,69,Hobble Creek Canyon,,,136.0,350.269,2.576,2.0,2.0,0.0,0.0,3.398,2.0,0.0,0.0,0.0,0.0,0.0,0.0,0.0,0.0,0.0,0.398,1.0
2053,medium_district,69,Hobble Creek Canyon,,,,,,,,,69,Hobble Creek Canyon,,,136.0,350.195,2.575,2.0,2.0,0.0,0.0,3.523,2.0,0.0,0.0,0.0,0.0,0.0,0.0,0.0,0.0,0.0,0.522,1.001
2054,medium_district,69,Hobble Creek Canyon,,,,,,,,,69,Hobble Creek Canyon,,,136.0,350.123,2.574,2.0,2.0,0.0,0.0,3.5780000000000003,2.0,0.0,0.0,0.0,0.0,0.0,0.0,0.0,0.0,0.0,0.578,1.0
2055,medium_district,69,Hobble Creek Canyon,,,,,,,,,69,Hobble Creek Canyon,,,136.0,350.052,2.574,2.0,2.0,0.0,0.0,3.588,2.0,0.0,0.0,0.0,0.0,0.0,0.0,0.0,0.0,0.0,0.588,1.0
2056,medium_district,69,Hobble Creek Canyon,,,,,,,,,69,Hobble Creek Canyon,,,136.0,349.978,2.573,2.0,2.0,0.0,0.0,3.5700000000000003,2.0,0.0,0.0,0.0,0.0,0.0,0.0,0.0,0.0,0.0,0.57,1.0
2057,medium_district,69,Hobble Creek Canyon,,,,,,,,,69,Hobble Creek Canyon,,,136.0,350.029,2.574,2.0,2.0,0.0,0.0,3.5940000000000003,2.0,0.0,0.0,0.0,0.0,0.0,0.0,0.0,0.0,0.0,0.594,1.0
2058,medium_district,69,Hobble Creek Canyon,,,,,,,,,69,Hobble Creek Canyon,,,136.0,350.247,2.575,2.0,2.0,0.0,0.0,3.596,2.0,0.0,0.0,0.0,0.0,0.0,0.0,0.0,0.0,0.0,0.596,1.0
2059,medium_district,69,Hobble Creek Canyon,,,,,,,,,69,Hobble Creek Canyon,,,136.0,350.435,2.577,2.0,2.0,0.0,0.0,3.581,2.0,0.0,0.0,0.0,0.0,0.0,0.0,0.0,0.0,0.0,0.581,1.0
2060,medium_district,69,Hobble Creek Canyon,,,,,,,,,69,Hobble Creek Canyon,,,136.0,350.648,2.578,2.0,2.0,0.0,0.0,3.598,2.0,0.0,0.0,0.0,0.0,0.0,0.0,0.0,0.0,0.0,0.598,1.0
2061,medium_district,69,Hobble Creek Canyon,,,,,,,,,69,Hobble Creek Canyon,,,12.0,27.852,2.321,0.0,0.0,0.0,0.0,1.611,0.0,0.0,0.0,0.0,0.0,0.0,0.0,0.0,0.0,0.0,0.611,1.0
2062,medium_district,69,Hobble Creek Canyon,,,,,,,,,69,Hobble Creek Canyon,,,12.0,28.134999999999998,2.345,0.0,0.0,0.0,0.0,1.605,0.0,0.0,0.0,0.0,0.0,0.0,0.0,0.0,0.0,0.0,0.605,1.0
2063,medium_district,69,Hobble Creek Canyon,,,,,,,,,69,Hobble Creek Canyon,,,12.0,28.421,2.368,0.0,0.0,0.0,0.0,1.625,0.0,0.0,0.0,0.0,0.0,0.0,0.0,0.0,0.0,0.0,0.625,1.0
2064,medium_district,69,Hobble Creek Canyon,,,,,,,,,69,Hobble Creek Canyon,,,12.0,28.725,2.394,0.0,0.0,0.0,0.0,1.637,0.0,0.0,0.0,0.0,0.0,0.0,0.0,0.0,0.0,0.0,0.637,1.0
2065,medium_district,69,Hobble Creek Canyon,,,,,,,,,69,Hobble Creek Canyon,,,12.0,29.003,2.417,0.0,0.0,0.0,0.0,1.629,0.0,0.0,0.0,0.0,0.0,0.0,0.0,0.0,0.0,0.0,0.629,1.0
2023,medium_district,7,WE - GSL,,,,,,,,,7,WE - GSL,,,0.0,0.0,0,0.0,0.0,0.0,0.0,3.01,0.0,0.0,0.0,0.0,0.0,0.0,0.0,0.0,3.01,0.0,0.0,0.0
2024,medium_district,7,WE - GSL,,,,,,,,,7,WE - GSL,,,0.0,0.0,0,0.0,0.0,0.0,0.0,3.004,0.0,0.0,0.0,0.0,0.0,0.0,0.0,0.0,3.004,0.0,0.0,0.0
2025,medium_district,7,WE - GSL,,,,,,,,,7,WE - GSL,,,0.0,0.0,0,0.0,0.0,0.0,0.0,3.006,0.0,0.0,0.0,0.0,0.0,0.0,0.0,0.0,3.006,0.0,0.0,0.0
2026,medium_district,7,WE - GSL,,,,,,,,,7,WE - GSL,,,0.0,0.0,0,0.0,0.0,0.0,0.0,3.008,0.0,0.0,0.0,0.0,0.0,0.0,0.0,0.0,3.008,0.0,0.0,0.0
2027,medium_district,7,WE - GSL,,,,,,,,,7,WE - GSL,,,0.0,0.0,0,0.0,0.0,0.0,0.0,3.016,0.0,0.0,0.0,0.0,0.0,0.0,0.0,0.0,3.016,0.0,0.0,0.0
2028,medium_district,7,WE - GSL,,,,,,,,,7,WE - GSL,,,0.0,0.0,0,0.0,0.0,0.0,0.0,3.01,0.0,0.0,0.0,0.0,0.0,0.0,0.0,0.0,3.01,0.0,0.0,0.0
2029,medium_district,7,WE - GSL,,,,,,,,,7,WE - GSL,,,0.0,0.0,0,0.0,0.0,0.0,0.0,3.008,0.0,0.0,0.0,0.0,0.0,0.0,0.0,0.0,3.008,0.0,0.0,0.0
2030,medium_district,7,WE - GSL,,,,,,,,,7,WE - GSL,,,0.0,0.0,0,0.0,0.0,0.0,0.0,3.004,0.0,0.0,0.0,0.0,0.0,0.0,0.0,0.0,3.004,0.0,0.0,0.0
2031,medium_district,7,WE - GSL,,,,,,,,,7,WE - GSL,,,0.0,0.0,0,0.0,0.0,0.0,0.0,3.004,0.0,0.0,0.0,0.0,0.0,0.0,0.0,0.0,3.004,0.0,0.0,0.0
2032,medium_district,7,WE - GSL,,,,,,,,,7,WE - GSL,,,0.0,0.0,0,0.0,0.0,0.0,0.0,3.0,0.0,0.0,0.0,0.0,0.0,0.0,0.0,0.0,3.0,0.0,0.0,0.0
2033,medium_district,7,WE - GSL,,,,,,,,,7,WE - GSL,,,0.0,0.0,0,0.0,0.0,0.0,0.0,3.006,0.0,0.0,0.0,0.0,0.0,0.0,0.0,0.0,3.006,0.0,0.0,0.0
2034,medium_district,7,WE - GSL,,,,,,,,,7,WE - GSL,,,0.0,0.0,0,0.0,0.0,0.0,0.0,3.01,0.0,0.0,0.0,0.0,0.0,0.0,0.0,0.0,3.01,0.0,0.0,0.0
2035,medium_district,7,WE - GSL,,,,,,,,,7,WE - GSL,,,0.0,0.0,0,0.0,0.0,0.0,0.0,3.006,0.0,0.0,0.0,0.0,0.0,0.0,0.0,0.0,3.006,0.0,0.0,0.0
2036,medium_district,7,WE - GSL,,,,,,,,,7,WE - GSL,,,0.0,0.0,0,0.0,0.0,0.0,0.0,3.01,0.0,0.0,0.0,0.0,0.0,0.0,0.0,0.0,3.01,0.0,0.0,0.0
2037,medium_district,7,WE - GSL,,,,,,,,,7,WE - GSL,,,0.0,0.0,0,0.0,0.0,0.0,0.0,3.017,0.0,0.0,0.0,0.0,0.0,0.0,0.0,0.0,3.017,0.0,0.0,0.0
2038,medium_district,7,WE - GSL,,,,,,,,,7,WE - GSL,,,0.0,0.0,0,0.0,0.0,0.0,0.0,3.019,0.0,0.0,0.0,0.0,0.0,0.0,0.0,0.0,3.019,0.0,0.0,0.0
2039,medium_district,7,WE - GSL,,,,,,,,,7,WE - GSL,,,0.0,0.0,0,0.0,0.0,0.0,0.0,3.015,0.0,0.0,0.0,0.0,0.0,0.0,0.0,0.0,3.015,0.0,0.0,0.0
2040,medium_district,7,WE - GSL,,,,,,,,,7,WE - GSL,,,0.0,0.0,0,0.0,0.0,0.0,0.0,3.011,0.0,0.0,0.0,0.0,0.0,0.0,0.0,0.0,3.011,0.0,0.0,0.0
2041,medium_district,7,WE - GSL,,,,,,,,,7,WE - GSL,,,0.0,0.0,0,0.0,0.0,0.0,0.0,3.021,0.0,0.0,0.0,0.0,0.0,0.0,0.0,0.0,3.021,0.0,0.0,0.0
2042,medium_district,7,WE - GSL,,,,,,,,,7,WE - GSL,,,0.0,0.0,0,0.0,0.0,0.0,0.0,3.019,0.0,0.0,0.0,0.0,0.0,0.0,0.0,0.0,3.019,0.0,0.0,0.0
2043,medium_district,7,WE - GSL,,,,,,,,,7,WE - GSL,,,0.0,0.0,0,0.0,0.0,0.0,0.0,3.019,0.0,0.0,0.0,0.0,0.0,0.0,0.0,0.0,3.019,0.0,0.0,0.0
2044,medium_district,7,WE - GSL,,,,,,,,,7,WE - GSL,,,0.0,0.0,0,0.0,0.0,0.0,0.0,3.015,0.0,0.0,0.0,0.0,0.0,0.0,0.0,0.0,3.015,0.0,0.0,0.0
2045,medium_district,7,WE - GSL,,,,,,,,,7,WE - GSL,,,0.0,0.0,0,0.0,0.0,0.0,0.0,3.011,0.0,0.0,0.0,0.0,0.0,0.0,0.0,0.0,3.011,0.0,0.0,0.0
2046,medium_district,7,WE - GSL,,,,,,,,,7,WE - GSL,,,0.0,0.0,0,0.0,0.0,0.0,0.0,3.019,0.0,0.0,0.0,0.0,0.0,0.0,0.0,0.0,3.019,0.0,0.0,0.0
2047,medium_district,7,WE - GSL,,,,,,,,,7,WE - GSL,,,0.0,0.0,0,0.0,0.0,0.0,0.0,3.006,0.0,0.0,0.0,0.0,0.0,0.0,0.0,0.0,3.006,0.0,0.0,0.0
2048,medium_district,7,WE - GSL,,,,,,,,,7,WE - GSL,,,0.0,0.0,0,0.0,0.0,0.0,0.0,3.017,0.0,0.0,0.0,0.0,0.0,0.0,0.0,0.0,3.017,0.0,0.0,0.0
2049,medium_district,7,WE - GSL,,,,,,,,,7,WE - GSL,,,0.0,0.0,0,0.0,0.0,0.0,0.0,3.007,0.0,0.0,0.0,0.0,0.0,0.0,0.0,0.0,3.007,0.0,0.0,0.0
2050,medium_district,7,WE - GSL,,,,,,,,,7,WE - GSL,,,0.0,0.0,0,0.0,0.0,0.0,0.0,3.009,0.0,0.0,0.0,0.0,0.0,0.0,0.0,0.0,3.009,0.0,0.0,0.0
2051,medium_district,7,WE - GSL,,,,,,,,,7,WE - GSL,,,0.0,0.0,0,0.0,0.0,0.0,0.0,3.013,0.0,0.0,0.0,0.0,0.0,0.0,0.0,0.0,3.013,0.0,0.0,0.0
2052,medium_district,7,WE - GSL,,,,,,,,,7,WE - GSL,,,0.0,0.0,0,0.0,0.0,0.0,0.0,3.015,0.0,0.0,0.0,0.0,0.0,0.0,0.0,0.0,3.015,0.0,0.0,0.0
2053,medium_district,7,WE - GSL,,,,,,,,,7,WE - GSL,,,0.0,0.0,0,0.0,0.0,0.0,0.0,3.013,0.0,0.0,0.0,0.0,0.0,0.0,0.0,0.0,3.013,0.0,0.0,0.0
2054,medium_district,7,WE - GSL,,,,,,,,,7,WE - GSL,,,0.0,0.0,0,0.0,0.0,0.0,0.0,3.009,0.0,0.0,0.0,0.0,0.0,0.0,0.0,0.0,3.009,0.0,0.0,0.0
2055,medium_district,7,WE - GSL,,,,,,,,,7,WE - GSL,,,0.0,0.0,0,0.0,0.0,0.0,0.0,3.007,0.0,0.0,0.0,0.0,0.0,0.0,0.0,0.0,3.007,0.0,0.0,0.0
2056,medium_district,7,WE - GSL,,,,,,,,,7,WE - GSL,,,0.0,0.0,0,0.0,0.0,0.0,0.0,3.002,0.0,0.0,0.0,0.0,0.0,0.0,0.0,0.0,3.002,0.0,0.0,0.0
2057,medium_district,7,WE - GSL,,,,,,,,,7,WE - GSL,,,0.0,0.0,0,0.0,0.0,0.0,0.0,3.018,0.0,0.0,0.0,0.0,0.0,0.0,0.0,0.0,3.018,0.0,0.0,0.0
2058,medium_district,7,WE - GSL,,,,,,,,,7,WE - GSL,,,0.0,0.0,0,0.0,0.0,0.0,0.0,4.027,0.0,0.0,0.0,0.0,0.0,0.0,0.0,0.0,4.027,0.0,0.0,0.0
2059,medium_district,7,WE - GSL,,,,,,,,,7,WE - GSL,,,0.0,0.0,0,0.0,0.0,0.0,0.0,4.028,0.0,0.0,0.0,0.0,0.0,0.0,0.0,0.0,4.028,0.0,0.0,0.0
2060,medium_district,7,WE - GSL,,,,,,,,,7,WE - GSL,,,0.0,0.0,0,0.0,0.0,0.0,0.0,4.031,0.0,0.0,0.0,0.0,0.0,0.0,0.0,0.0,4.031,0.0,0.0,0.0
2061,medium_district,7,WE - GSL,,,,,,,,,7,WE - GSL,,,0.0,0.0,0,0.0,0.0,0.0,0.0,4.019,0.0,0.0,0.0,0.0,0.0,0.0,0.0,0.0,4.019,0.0,0.0,0.0
2062,medium_district,7,WE - GSL,,,,,,,,,7,WE - GSL,,,0.0,0.0,0,0.0,0.0,0.0,0.0,3.972,0.0,0.0,0.0,0.0,0.0,0.0,0.0,0.0,3.972,0.0,0.0,0.0
2063,medium_district,7,WE - GSL,,,,,,,,,7,WE - GSL,,,0.0,0.0,0,0.0,0.0,0.0,0.0,4.0,0.0,0.0,0.0,0.0,0.0,0.0,0.0,0.0,4.0,0.0,0.0,0.0
2064,medium_district,7,WE - GSL,,,,,,,,,7,WE - GSL,,,0.0,0.0,0,0.0,0.0,0.0,0.0,4.013,0.0,0.0,0.0,0.0,0.0,0.0,0.0,0.0,4.013,0.0,0.0,0.0
2065,medium_district,7,WE - GSL,,,,,,,,,7,WE - GSL,,,0.0,0.0,0,0.0,0.0,0.0,0.0,4.025,0.0,0.0,0.0,0.0,0.0,0.0,0.0,0.0,4.025,0.0,0.0,0.0
2023,medium_district,70,Mapleton Canyon,,,,,,,,,70,Mapleton Canyon,,,0.0,0.0,0,0.0,0.0,0.0,0.0,0.0,0.0,0.0,0.0,0.0,0.0,0.0,0.0,0.0,0.0,0.0,0.0,0.0
2024,medium_district,70,Mapleton Canyon,,,,,,,,,70,Mapleton Canyon,,,0.0,0.0,0,0.0,0.0,0.0,0.0,0.0,0.0,0.0,0.0,0.0,0.0,0.0,0.0,0.0,0.0,0.0,0.0,0.0
2025,medium_district,70,Mapleton Canyon,,,,,,,,,70,Mapleton Canyon,,,0.0,0.0,0,0.0,0.0,0.0,0.0,0.0,0.0,0.0,0.0,0.0,0.0,0.0,0.0,0.0,0.0,0.0,0.0,0.0
2026,medium_district,70,Mapleton Canyon,,,,,,,,,70,Mapleton Canyon,,,0.0,0.0,0,0.0,0.0,0.0,0.0,0.0,0.0,0.0,0.0,0.0,0.0,0.0,0.0,0.0,0.0,0.0,0.0,0.0
2027,medium_district,70,Mapleton Canyon,,,,,,,,,70,Mapleton Canyon,,,0.0,0.0,0,0.0,0.0,0.0,0.0,0.0,0.0,0.0,0.0,0.0,0.0,0.0,0.0,0.0,0.0,0.0,0.0,0.0
2028,medium_district,70,Mapleton Canyon,,,,,,,,,70,Mapleton Canyon,,,0.0,0.0,0,0.0,0.0,0.0,0.0,0.0,0.0,0.0,0.0,0.0,0.0,0.0,0.0,0.0,0.0,0.0,0.0,0.0
2029,medium_district,70,Mapleton Canyon,,,,,,,,,70,Mapleton Canyon,,,0.0,0.0,0,0.0,0.0,0.0,0.0,0.0,0.0,0.0,0.0,0.0,0.0,0.0,0.0,0.0,0.0,0.0,0.0,0.0
2030,medium_district,70,Mapleton Canyon,,,,,,,,,70,Mapleton Canyon,,,0.0,0.0,0,0.0,0.0,0.0,0.0,0.0,0.0,0.0,0.0,0.0,0.0,0.0,0.0,0.0,0.0,0.0,0.0,0.0
2031,medium_district,70,Mapleton Canyon,,,,,,,,,70,Mapleton Canyon,,,0.0,0.0,0,0.0,0.0,0.0,0.0,0.0,0.0,0.0,0.0,0.0,0.0,0.0,0.0,0.0,0.0,0.0,0.0,0.0
2032,medium_district,70,Mapleton Canyon,,,,,,,,,70,Mapleton Canyon,,,0.0,0.0,0,0.0,0.0,0.0,0.0,0.0,0.0,0.0,0.0,0.0,0.0,0.0,0.0,0.0,0.0,0.0,0.0,0.0
2033,medium_district,70,Mapleton Canyon,,,,,,,,,70,Mapleton Canyon,,,0.0,0.0,0,0.0,0.0,0.0,0.0,0.0,0.0,0.0,0.0,0.0,0.0,0.0,0.0,0.0,0.0,0.0,0.0,0.0
2034,medium_district,70,Mapleton Canyon,,,,,,,,,70,Mapleton Canyon,,,0.0,0.0,0,0.0,0.0,0.0,0.0,0.0,0.0,0.0,0.0,0.0,0.0,0.0,0.0,0.0,0.0,0.0,0.0,0.0
2035,medium_district,70,Mapleton Canyon,,,,,,,,,70,Mapleton Canyon,,,0.0,0.0,0,0.0,0.0,0.0,0.0,0.0,0.0,0.0,0.0,0.0,0.0,0.0,0.0,0.0,0.0,0.0,0.0,0.0
2036,medium_district,70,Mapleton Canyon,,,,,,,,,70,Mapleton Canyon,,,0.0,0.0,0,0.0,0.0,0.0,0.0,0.0,0.0,0.0,0.0,0.0,0.0,0.0,0.0,0.0,0.0,0.0,0.0,0.0
2037,medium_district,70,Mapleton Canyon,,,,,,,,,70,Mapleton Canyon,,,0.0,0.0,0,0.0,0.0,0.0,0.0,0.0,0.0,0.0,0.0,0.0,0.0,0.0,0.0,0.0,0.0,0.0,0.0,0.0
2038,medium_district,70,Mapleton Canyon,,,,,,,,,70,Mapleton Canyon,,,0.0,0.0,0,0.0,0.0,0.0,0.0,0.0,0.0,0.0,0.0,0.0,0.0,0.0,0.0,0.0,0.0,0.0,0.0,0.0
2039,medium_district,70,Mapleton Canyon,,,,,,,,,70,Mapleton Canyon,,,0.0,0.0,0,0.0,0.0,0.0,0.0,0.0,0.0,0.0,0.0,0.0,0.0,0.0,0.0,0.0,0.0,0.0,0.0,0.0
2040,medium_district,70,Mapleton Canyon,,,,,,,,,70,Mapleton Canyon,,,0.0,0.0,0,0.0,0.0,0.0,0.0,0.0,0.0,0.0,0.0,0.0,0.0,0.0,0.0,0.0,0.0,0.0,0.0,0.0
2041,medium_district,70,Mapleton Canyon,,,,,,,,,70,Mapleton Canyon,,,0.0,0.0,0,0.0,0.0,0.0,0.0,0.0,0.0,0.0,0.0,0.0,0.0,0.0,0.0,0.0,0.0,0.0,0.0,0.0
2042,medium_district,70,Mapleton Canyon,,,,,,,,,70,Mapleton Canyon,,,0.0,0.0,0,0.0,0.0,0.0,0.0,0.0,0.0,0.0,0.0,0.0,0.0,0.0,0.0,0.0,0.0,0.0,0.0,0.0
2043,medium_district,70,Mapleton Canyon,,,,,,,,,70,Mapleton Canyon,,,0.0,0.0,0,0.0,0.0,0.0,0.0,0.0,0.0,0.0,0.0,0.0,0.0,0.0,0.0,0.0,0.0,0.0,0.0,0.0
2044,medium_district,70,Mapleton Canyon,,,,,,,,,70,Mapleton Canyon,,,0.0,0.0,0,0.0,0.0,0.0,0.0,0.0,0.0,0.0,0.0,0.0,0.0,0.0,0.0,0.0,0.0,0.0,0.0,0.0
2045,medium_district,70,Mapleton Canyon,,,,,,,,,70,Mapleton Canyon,,,0.0,0.0,0,0.0,0.0,0.0,0.0,0.0,0.0,0.0,0.0,0.0,0.0,0.0,0.0,0.0,0.0,0.0,0.0,0.0
2046,medium_district,70,Mapleton Canyon,,,,,,,,,70,Mapleton Canyon,,,0.0,0.0,0,0.0,0.0,0.0,0.0,0.0,0.0,0.0,0.0,0.0,0.0,0.0,0.0,0.0,0.0,0.0,0.0,0.0
2047,medium_district,70,Mapleton Canyon,,,,,,,,,70,Mapleton Canyon,,,0.0,0.0,0,0.0,0.0,0.0,0.0,0.0,0.0,0.0,0.0,0.0,0.0,0.0,0.0,0.0,0.0,0.0,0.0,0.0
2048,medium_district,70,Mapleton Canyon,,,,,,,,,70,Mapleton Canyon,,,0.0,0.0,0,0.0,0.0,0.0,0.0,0.0,0.0,0.0,0.0,0.0,0.0,0.0,0.0,0.0,0.0,0.0,0.0,0.0
2049,medium_district,70,Mapleton Canyon,,,,,,,,,70,Mapleton Canyon,,,0.0,0.0,0,0.0,0.0,0.0,0.0,0.0,0.0,0.0,0.0,0.0,0.0,0.0,0.0,0.0,0.0,0.0,0.0,0.0
2050,medium_district,70,Mapleton Canyon,,,,,,,,,70,Mapleton Canyon,,,0.0,0.0,0,0.0,0.0,0.0,0.0,0.0,0.0,0.0,0.0,0.0,0.0,0.0,0.0,0.0,0.0,0.0,0.0,0.0
2051,medium_district,70,Mapleton Canyon,,,,,,,,,70,Mapleton Canyon,,,0.0,0.0,0,0.0,0.0,0.0,0.0,0.0,0.0,0.0,0.0,0.0,0.0,0.0,0.0,0.0,0.0,0.0,0.0,0.0
2052,medium_district,70,Mapleton Canyon,,,,,,,,,70,Mapleton Canyon,,,0.0,0.0,0,0.0,0.0,0.0,0.0,0.0,0.0,0.0,0.0,0.0,0.0,0.0,0.0,0.0,0.0,0.0,0.0,0.0
2053,medium_district,70,Mapleton Canyon,,,,,,,,,70,Mapleton Canyon,,,0.0,0.0,0,0.0,0.0,0.0,0.0,0.0,0.0,0.0,0.0,0.0,0.0,0.0,0.0,0.0,0.0,0.0,0.0,0.0
2054,medium_district,70,Mapleton Canyon,,,,,,,,,70,Mapleton Canyon,,,0.0,0.0,0,0.0,0.0,0.0,0.0,0.0,0.0,0.0,0.0,0.0,0.0,0.0,0.0,0.0,0.0,0.0,0.0,0.0
2055,medium_district,70,Mapleton Canyon,,,,,,,,,70,Mapleton Canyon,,,0.0,0.0,0,0.0,0.0,0.0,0.0,0.0,0.0,0.0,0.0,0.0,0.0,0.0,0.0,0.0,0.0,0.0,0.0,0.0
2056,medium_district,70,Mapleton Canyon,,,,,,,,,70,Mapleton Canyon,,,0.0,0.0,0,0.0,0.0,0.0,0.0,0.0,0.0,0.0,0.0,0.0,0.0,0.0,0.0,0.0,0.0,0.0,0.0,0.0
2057,medium_district,70,Mapleton Canyon,,,,,,,,,70,Mapleton Canyon,,,0.0,0.0,0,0.0,0.0,0.0,0.0,0.0,0.0,0.0,0.0,0.0,0.0,0.0,0.0,0.0,0.0,0.0,0.0,0.0
2058,medium_district,70,Mapleton Canyon,,,,,,,,,70,Mapleton Canyon,,,0.0,0.0,0,0.0,0.0,0.0,0.0,0.0,0.0,0.0,0.0,0.0,0.0,0.0,0.0,0.0,0.0,0.0,0.0,0.0
2059,medium_district,70,Mapleton Canyon,,,,,,,,,70,Mapleton Canyon,,,0.0,0.0,0,0.0,0.0,0.0,0.0,0.0,0.0,0.0,0.0,0.0,0.0,0.0,0.0,0.0,0.0,0.0,0.0,0.0
2060,medium_district,70,Mapleton Canyon,,,,,,,,,70,Mapleton Canyon,,,0.0,0.0,0,0.0,0.0,0.0,0.0,0.0,0.0,0.0,0.0,0.0,0.0,0.0,0.0,0.0,0.0,0.0,0.0,0.0
2061,medium_district,70,Mapleton Canyon,,,,,,,,,70,Mapleton Canyon,,,0.0,0.0,0,0.0,0.0,0.0,0.0,0.0,0.0,0.0,0.0,0.0,0.0,0.0,0.0,0.0,0.0,0.0,0.0,0.0
2062,medium_district,70,Mapleton Canyon,,,,,,,,,70,Mapleton Canyon,,,0.0,0.0,0,0.0,0.0,0.0,0.0,0.0,0.0,0.0,0.0,0.0,0.0,0.0,0.0,0.0,0.0,0.0,0.0,0.0
2063,medium_district,70,Mapleton Canyon,,,,,,,,,70,Mapleton Canyon,,,0.0,0.0,0,0.0,0.0,0.0,0.0,0.0,0.0,0.0,0.0,0.0,0.0,0.0,0.0,0.0,0.0,0.0,0.0,0.0
2064,medium_district,70,Mapleton Canyon,,,,,,,,,70,Mapleton Canyon,,,0.0,0.0,0,0.0,0.0,0.0,0.0,0.0,0.0,0.0,0.0,0.0,0.0,0.0,0.0,0.0,0.0,0.0,0.0,0.0
2065,medium_district,70,Mapleton Canyon,,,,,,,,,70,Mapleton Canyon,,,0.0,0.0,0,0.0,0.0,0.0,0.0,0.0,0.0,0.0,0.0,0.0,0.0,0.0,0.0,0.0,0.0,0.0,0.0,0.0
2023,medium_district,71,Spanish Fork Canyon,,,,,,,,,71,Spanish Fork Canyon,,,139.4,526.3,3.775,30.0,7.2,0.0,22.8,38.0,7.2,0.0,0.0,0.0,0.8,0.0,22.0,0.0,0.0,0.0,8.0,0.0
2024,medium_district,71,Spanish Fork Canyon,,,,,,,,,71,Spanish Fork Canyon,,,140.3,528.9,3.77,30.3,7.2,0.0,23.1,38.3,7.2,0.0,0.0,0.0,0.8,0.0,22.3,0.0,0.0,0.0,8.0,0.0
2025,medium_district,71,Spanish Fork Canyon,,,,,,,,,71,Spanish Fork Canyon,,,141.2,531.4,3.763,30.5,7.2,0.0,23.3,38.5,7.2,0.0,0.0,0.0,0.8,0.0,22.5,0.0,0.0,0.0,8.0,0.0
2026,medium_district,71,Spanish Fork Canyon,,,,,,,,,71,Spanish Fork Canyon,,,142.1,533.8,3.757,30.7,7.2,0.0,23.5,38.7,7.2,0.0,0.0,0.0,0.8,0.0,22.7,0.0,0.0,0.0,8.0,0.0
2027,medium_district,71,Spanish Fork Canyon,,,,,,,,,71,Spanish Fork Canyon,,,142.9,536.1,3.752,30.9,7.2,0.0,23.7,38.9,7.2,0.0,0.0,0.0,0.8,0.0,22.9,0.0,0.0,0.0,8.0,0.0
2028,medium_district,71,Spanish Fork Canyon,,,,,,,,,71,Spanish Fork Canyon,,,143.7,538.2,3.745,31.1,7.2,0.0,23.900000000000002,39.1,7.2,0.0,0.0,0.0,0.8,0.0,23.1,0.0,0.0,0.0,8.0,0.0
2029,medium_district,71,Spanish Fork Canyon,,,,,,,,,71,Spanish Fork Canyon,,,144.5,540.2,3.738,31.4,7.2,0.0,24.2,39.4,7.2,0.0,0.0,0.0,0.8,0.0,23.4,0.0,0.0,0.0,8.0,0.0
2030,medium_district,71,Spanish Fork Canyon,,,,,,,,,71,Spanish Fork Canyon,,,145.3,542.1,3.731,31.6,7.2,0.0,24.400000000000002,39.6,7.2,0.0,0.0,0.0,0.8,0.0,23.6,0.0,0.0,0.0,8.0,0.0
2031,medium_district,71,Spanish Fork Canyon,,,,,,,,,71,Spanish Fork Canyon,,,146.1,544.0,3.723,31.8,7.2,0.0,24.6,39.8,7.2,0.0,0.0,0.0,0.8,0.0,23.8,0.0,0.0,0.0,8.0,0.0
2032,medium_district,71,Spanish Fork Canyon,,,,,,,,,71,Spanish Fork Canyon,,,146.9,545.9,3.716,32.1,7.2,0.0,24.900000000000002,40.1,7.2,0.0,0.0,0.0,0.8,0.0,24.1,0.0,0.0,0.0,8.0,0.0
2033,medium_district,71,Spanish Fork Canyon,,,,,,,,,71,Spanish Fork Canyon,,,147.6,547.8,3.711,32.3,7.2,0.0,25.1,40.3,7.2,0.0,0.0,0.0,0.8,0.0,24.3,0.0,0.0,0.0,8.0,0.0
2034,medium_district,71,Spanish Fork Canyon,,,,,,,,,71,Spanish Fork Canyon,,,148.3,549.7,3.707,32.5,7.2,0.0,25.3,40.5,7.2,0.0,0.0,0.0,0.8,0.0,24.5,0.0,0.0,0.0,8.0,0.0
2035,medium_district,71,Spanish Fork Canyon,,,,,,,,,71,Spanish Fork Canyon,,,149.0,551.6,3.702,32.7,7.2,0.0,25.5,40.7,7.2,0.0,0.0,0.0,0.8,0.0,24.7,0.0,0.0,0.0,8.0,0.0
2036,medium_district,71,Spanish Fork Canyon,,,,,,,,,71,Spanish Fork Canyon,,,149.7,553.5,3.697,32.9,7.2,0.0,25.7,40.9,7.2,0.0,0.0,0.0,0.8,0.0,24.9,0.0,0.0,0.0,8.0,0.0
2037,medium_district,71,Spanish Fork Canyon,,,,,,,,,71,Spanish Fork Canyon,,,150.3,555.3,3.695,33.1,7.2,0.0,25.900000000000002,41.1,7.2,0.0,0.0,0.0,0.8,0.0,25.1,0.0,0.0,0.0,8.0,0.0
2038,medium_district,71,Spanish Fork Canyon,,,,,,,,,71,Spanish Fork Canyon,,,150.9,557.1,3.692,33.3,7.2,0.0,26.1,41.3,7.2,0.0,0.0,0.0,0.8,0.0,25.3,0.0,0.0,0.0,8.0,0.0
2039,medium_district,71,Spanish Fork Canyon,,,,,,,,,71,Spanish Fork Canyon,,,151.5,558.9,3.689,33.5,7.2,0.0,26.3,41.5,7.2,0.0,0.0,0.0,0.8,0.0,25.5,0.0,0.0,0.0,8.0,0.0
2040,medium_district,71,Spanish Fork Canyon,,,,,,,,,71,Spanish Fork Canyon,,,152.1,560.7,3.686,33.7,7.2,0.0,26.5,41.7,7.2,0.0,0.0,0.0,0.8,0.0,25.7,0.0,0.0,0.0,8.0,0.0
2041,medium_district,71,Spanish Fork Canyon,,,,,,,,,71,Spanish Fork Canyon,,,152.7,562.4,3.683,33.9,7.2,0.0,26.7,41.9,7.2,0.0,0.0,0.0,0.8,0.0,25.9,0.0,0.0,0.0,8.0,0.0
2042,medium_district,71,Spanish Fork Canyon,,,,,,,,,71,Spanish Fork Canyon,,,153.3,564.1,3.68,34.1,7.2,0.0,26.900000000000002,42.1,7.2,0.0,0.0,0.0,0.8,0.0,26.1,0.0,0.0,0.0,8.0,0.0
2043,medium_district,71,Spanish Fork Canyon,,,,,,,,,71,Spanish Fork Canyon,,,153.9,565.8,3.676,34.3,7.2,0.0,27.1,42.3,7.2,0.0,0.0,0.0,0.8,0.0,26.3,0.0,0.0,0.0,8.0,0.0
2044,medium_district,71,Spanish Fork Canyon,,,,,,,,,71,Spanish Fork Canyon,,,154.5,567.4,3.672,34.5,7.2,0.0,27.3,42.5,7.2,0.0,0.0,0.0,0.8,0.0,26.5,0.0,0.0,0.0,8.0,0.0
2045,medium_district,71,Spanish Fork Canyon,,,,,,,,,71,Spanish Fork Canyon,,,155.1,569.0,3.669,34.7,7.2,0.0,27.5,42.7,7.2,0.0,0.0,0.0,0.8,0.0,26.7,0.0,0.0,0.0,8.0,0.0
2046,medium_district,71,Spanish Fork Canyon,,,,,,,,,71,Spanish Fork Canyon,,,155.7,570.6,3.665,34.9,7.2,0.0,27.7,42.9,7.2,0.0,0.0,0.0,0.8,0.0,26.9,0.0,0.0,0.0,8.0,0.0
2047,medium_district,71,Spanish Fork Canyon,,,,,,,,,71,Spanish Fork Canyon,,,156.3,572.2,3.661,35.1,7.2,0.0,27.900000000000002,43.1,7.2,0.0,0.0,0.0,0.8,0.0,27.1,0.0,0.0,0.0,8.0,0.0
2048,medium_district,71,Spanish Fork Canyon,,,,,,,,,71,Spanish Fork Canyon,,,156.9,573.7,3.656,35.3,7.2,0.0,28.1,43.3,7.2,0.0,0.0,0.0,0.8,0.0,27.3,0.0,0.0,0.0,8.0,0.0
2049,medium_district,71,Spanish Fork Canyon,,,,,,,,,71,Spanish Fork Canyon,,,157.5,575.1,3.651,35.5,7.2,0.0,28.3,43.5,7.2,0.0,0.0,0.0,0.8,0.0,27.5,0.0,0.0,0.0,8.0,0.0
2050,medium_district,71,Spanish Fork Canyon,,,,,,,,,71,Spanish Fork Canyon,,,158.1,576.5,3.646,35.7,7.2,0.0,28.5,43.7,7.2,0.0,0.0,0.0,0.8,0.0,27.7,0.0,0.0,0.0,8.0,0.0
2051,medium_district,71,Spanish Fork Canyon,,,,,,,,,71,Spanish Fork Canyon,,,158.7,577.9,3.641,35.9,7.2,0.0,28.7,43.9,7.2,0.0,0.0,0.0,0.8,0.0,27.9,0.0,0.0,0.0,8.0,0.0
2052,medium_district,71,Spanish Fork Canyon,,,,,,,,,71,Spanish Fork Canyon,,,159.3,579.3,3.637,36.1,7.2,0.0,28.900000000000002,44.1,7.2,0.0,0.0,0.0,0.8,0.0,28.1,0.0,0.0,0.0,8.0,0.0
2053,medium_district,71,Spanish Fork Canyon,,,,,,,,,71,Spanish Fork Canyon,,,159.9,580.7,3.632,36.3,7.2,0.0,29.1,44.3,7.2,0.0,0.0,0.0,0.8,0.0,28.3,0.0,0.0,0.0,8.0,0.0
2054,medium_district,71,Spanish Fork Canyon,,,,,,,,,71,Spanish Fork Canyon,,,160.5,582.1,3.627,36.5,7.2,0.0,29.3,44.5,7.2,0.0,0.0,0.0,0.8,0.0,28.5,0.0,0.0,0.0,8.0,0.0
2055,medium_district,71,Spanish Fork Canyon,,,,,,,,,71,Spanish Fork Canyon,,,161.1,583.5,3.622,36.7,7.2,0.0,29.5,44.7,7.2,0.0,0.0,0.0,0.8,0.0,28.7,0.0,0.0,0.0,8.0,0.0
2056,medium_district,71,Spanish Fork Canyon,,,,,,,,,71,Spanish Fork Canyon,,,161.7,584.9,3.617,36.9,7.2,0.0,29.7,44.9,7.2,0.0,0.0,0.0,0.8,0.0,28.9,0.0,0.0,0.0,8.0,0.0
2057,medium_district,71,Spanish Fork Canyon,,,,,,,,,71,Spanish Fork Canyon,,,162.3,586.3,3.612,37.1,7.2,0.0,29.900000000000002,45.1,7.2,0.0,0.0,0.0,0.8,0.0,29.1,0.0,0.0,0.0,8.0,0.0
2058,medium_district,71,Spanish Fork Canyon,,,,,,,,,71,Spanish Fork Canyon,,,162.9,587.7,3.608,37.2,7.2,0.0,30.0,45.2,7.2,0.0,0.0,0.0,0.8,0.0,29.2,0.0,0.0,0.0,8.0,0.0
2059,medium_district,71,Spanish Fork Canyon,,,,,,,,,71,Spanish Fork Canyon,,,163.5,589.1,3.603,37.3,7.2,0.0,30.1,45.3,7.2,0.0,0.0,0.0,0.8,0.0,29.3,0.0,0.0,0.0,8.0,0.0
2060,medium_district,71,Spanish Fork Canyon,,,,,,,,,71,Spanish Fork Canyon,,,164.1,590.4,3.598,37.4,7.2,0.0,30.2,45.4,7.2,0.0,0.0,0.0,0.8,0.0,29.4,0.0,0.0,0.0,8.0,0.0
2061,medium_district,71,Spanish Fork Canyon,,,,,,,,,71,Spanish Fork Canyon,,,0.0,0.0,0,0.0,0.0,0.0,0.0,0.0,0.0,0.0,0.0,0.0,0.0,0.0,0.0,0.0,0.0,0.0,0.0,0.0
2062,medium_district,71,Spanish Fork Canyon,,,,,,,,,71,Spanish Fork Canyon,,,0.0,0.0,0,0.0,0.0,0.0,0.0,0.0,0.0,0.0,0.0,0.0,0.0,0.0,0.0,0.0,0.0,0.0,0.0,0.0
2063,medium_district,71,Spanish Fork Canyon,,,,,,,,,71,Spanish Fork Canyon,,,0.0,0.0,0,0.0,0.0,0.0,0.0,0.0,0.0,0.0,0.0,0.0,0.0,0.0,0.0,0.0,0.0,0.0,0.0,0.0
2064,medium_district,71,Spanish Fork Canyon,,,,,,,,,71,Spanish Fork Canyon,,,0.0,0.0,0,0.0,0.0,0.0,0.0,0.0,0.0,0.0,0.0,0.0,0.0,0.0,0.0,0.0,0.0,0.0,0.0,0.0
2065,medium_district,71,Spanish Fork Canyon,,,,,,,,,71,Spanish Fork Canyon,,,0.0,0.0,0,0.0,0.0,0.0,0.0,0.0,0.0,0.0,0.0,0.0,0.0,0.0,0.0,0.0,0.0,0.0,0.0,0.0
2023,medium_district,72,Payson Canyon - Nebo Loop,,,,,,,,,72,Payson Canyon - Nebo Loop,,,24.0,57.956,2.415,0.0,0.0,0.0,0.0,0.073,0.0,0.0,0.0,0.0,0.0,0.0,0.0,0.0,0.0,0.0,0.073,0.0
2024,medium_district,72,Payson Canyon - Nebo Loop,,,,,,,,,72,Payson Canyon - Nebo Loop,,,25.0,60.863,2.435,0.0,0.0,0.0,0.0,0.057,0.0,0.0,0.0,0.0,0.0,0.0,0.0,0.0,0.0,0.0,0.057,0.0
2025,medium_district,72,Payson Canyon - Nebo Loop,,,,,,,,,72,Payson Canyon - Nebo Loop,,,25.0,60.808,2.432,0.0,0.0,0.0,0.0,0.166,0.0,0.0,0.0,0.0,0.0,0.0,0.0,0.0,0.0,0.0,0.166,0.0
2026,medium_district,72,Payson Canyon - Nebo Loop,,,,,,,,,72,Payson Canyon - Nebo Loop,,,25.0,60.75,2.43,0.0,0.0,0.0,0.0,0.162,0.0,0.0,0.0,0.0,0.0,0.0,0.0,0.0,0.0,0.0,0.162,0.0
2027,medium_district,72,Payson Canyon - Nebo Loop,,,,,,,,,72,Payson Canyon - Nebo Loop,,,25.0,60.692,2.428,0.0,0.0,0.0,0.0,0.11,0.0,0.0,0.0,0.0,0.0,0.0,0.0,0.0,0.0,0.0,0.11,0.0
2028,medium_district,72,Payson Canyon - Nebo Loop,,,,,,,,,72,Payson Canyon - Nebo Loop,,,25.0,60.634,2.425,0.0,0.0,0.0,0.0,0.108,0.0,0.0,0.0,0.0,0.0,0.0,0.0,0.0,0.0,0.0,0.108,0.0
2029,medium_district,72,Payson Canyon - Nebo Loop,,,,,,,,,72,Payson Canyon - Nebo Loop,,,25.0,60.579,2.423,0.0,0.0,0.0,0.0,0.104,0.0,0.0,0.0,0.0,0.0,0.0,0.0,0.0,0.0,0.0,0.104,0.0
2030,medium_district,72,Payson Canyon - Nebo Loop,,,,,,,,,72,Payson Canyon - Nebo Loop,,,25.0,60.528999999999996,2.421,0.0,0.0,0.0,0.0,0.105,0.0,0.0,0.0,0.0,0.0,0.0,0.0,0.0,0.0,0.0,0.105,0.0
2031,medium_district,72,Payson Canyon - Nebo Loop,,,,,,,,,72,Payson Canyon - Nebo Loop,,,25.0,60.480000000000004,2.419,0.0,0.0,0.0,0.0,0.112,0.0,0.0,0.0,0.0,0.0,0.0,0.0,0.0,0.0,0.0,0.112,0.0
2032,medium_district,72,Payson Canyon - Nebo Loop,,,,,,,,,72,Payson Canyon - Nebo Loop,,,25.0,60.436,2.417,0.0,0.0,0.0,0.0,0.118,0.0,0.0,0.0,0.0,0.0,0.0,0.0,0.0,0.0,0.0,0.118,0.0
2033,medium_district,72,Payson Canyon - Nebo Loop,,,,,,,,,72,Payson Canyon - Nebo Loop,,,25.0,60.399,2.416,0.0,0.0,0.0,0.0,0.12,0.0,0.0,0.0,0.0,0.0,0.0,0.0,0.0,0.0,0.0,0.12,0.0
2034,medium_district,72,Payson Canyon - Nebo Loop,,,,,,,,,72,Payson Canyon - Nebo Loop,,,25.0,60.366,2.415,0.0,0.0,0.0,0.0,0.129,0.0,0.0,0.0,0.0,0.0,0.0,0.0,0.0,0.0,0.0,0.129,0.0
2035,medium_district,72,Payson Canyon - Nebo Loop,,,,,,,,,72,Payson Canyon - Nebo Loop,,,25.0,60.336,2.413,0.0,0.0,0.0,0.0,0.12,0.0,0.0,0.0,0.0,0.0,0.0,0.0,0.0,0.0,0.0,0.12,0.0
2036,medium_district,72,Payson Canyon - Nebo Loop,,,,,,,,,72,Payson Canyon - Nebo Loop,,,25.0,60.31,2.412,0.0,0.0,0.0,0.0,0.129,0.0,0.0,0.0,0.0,0.0,0.0,0.0,0.0,0.0,0.0,0.129,0.0
2037,medium_district,72,Payson Canyon - Nebo Loop,,,,,,,,,72,Payson Canyon - Nebo Loop,,,25.0,61.107,2.444,0.0,0.0,0.0,0.0,0.117,0.0,0.0,0.0,0.0,0.0,0.0,0.0,0.0,0.0,0.0,0.117,0.0
2038,medium_district,72,Payson Canyon - Nebo Loop,,,,,,,,,72,Payson Canyon - Nebo Loop,,,25.0,61.077,2.443,0.0,0.0,0.0,0.0,0.116,0.0,0.0,0.0,0.0,0.0,0.0,0.0,0.0,0.0,0.0,0.116,0.0
2039,medium_district,72,Payson Canyon - Nebo Loop,,,,,,,,,72,Payson Canyon - Nebo Loop,,,25.0,61.05,2.442,0.0,0.0,0.0,0.0,0.11,0.0,0.0,0.0,0.0,0.0,0.0,0.0,0.0,0.0,0.0,0.11,0.0
2040,medium_district,72,Payson Canyon - Nebo Loop,,,,,,,,,72,Payson Canyon - Nebo Loop,,,25.0,61.024,2.441,0.0,0.0,0.0,0.0,0.11,0.0,0.0,0.0,0.0,0.0,0.0,0.0,0.0,0.0,0.0,0.11,0.0
2041,medium_district,72,Payson Canyon - Nebo Loop,,,,,,,,,72,Payson Canyon - Nebo Loop,,,25.0,61.0,2.44,0.0,0.0,0.0,0.0,0.1,0.0,0.0,0.0,0.0,0.0,0.0,0.0,0.0,0.0,0.0,0.1,0.0
2042,medium_district,72,Payson Canyon - Nebo Loop,,,,,,,,,72,Payson Canyon - Nebo Loop,,,25.0,60.975,2.439,0.0,0.0,0.0,0.0,0.094,0.0,0.0,0.0,0.0,0.0,0.0,0.0,0.0,0.0,0.0,0.094,0.0
2043,medium_district,72,Payson Canyon - Nebo Loop,,,,,,,,,72,Payson Canyon - Nebo Loop,,,25.0,60.952,2.438,0.0,0.0,0.0,0.0,0.098,0.0,0.0,0.0,0.0,0.0,0.0,0.0,0.0,0.0,0.0,0.098,0.0
2044,medium_district,72,Payson Canyon - Nebo Loop,,,,,,,,,72,Payson Canyon - Nebo Loop,,,25.0,60.931,2.437,0.0,0.0,0.0,0.0,0.096,0.0,0.0,0.0,0.0,0.0,0.0,0.0,0.0,0.0,0.0,0.096,0.0
2045,medium_district,72,Payson Canyon - Nebo Loop,,,,,,,,,72,Payson Canyon - Nebo Loop,,,25.0,60.91,2.436,0.0,0.0,0.0,0.0,0.093,0.0,0.0,0.0,0.0,0.0,0.0,0.0,0.0,0.0,0.0,0.093,0.0
2046,medium_district,72,Payson Canyon - Nebo Loop,,,,,,,,,72,Payson Canyon - Nebo Loop,,,25.0,60.889,2.436,0.0,0.0,0.0,0.0,0.09,0.0,0.0,0.0,0.0,0.0,0.0,0.0,0.0,0.0,0.0,0.09,0.0
2047,medium_district,72,Payson Canyon - Nebo Loop,,,,,,,,,72,Payson Canyon - Nebo Loop,,,25.0,60.867,2.435,0.0,0.0,0.0,0.0,0.09,0.0,0.0,0.0,0.0,0.0,0.0,0.0,0.0,0.0,0.0,0.09,0.0
2048,medium_district,72,Payson Canyon - Nebo Loop,,,,,,,,,72,Payson Canyon - Nebo Loop,,,25.0,60.847,2.434,0.0,0.0,0.0,0.0,0.09,0.0,0.0,0.0,0.0,0.0,0.0,0.0,0.0,0.0,0.0,0.09,0.0
2049,medium_district,72,Payson Canyon - Nebo Loop,,,,,,,,,72,Payson Canyon - Nebo Loop,,,25.0,60.826,2.433,0.0,0.0,0.0,0.0,0.091,0.0,0.0,0.0,0.0,0.0,0.0,0.0,0.0,0.0,0.0,0.091,0.0
2050,medium_district,72,Payson Canyon - Nebo Loop,,,,,,,,,72,Payson Canyon - Nebo Loop,,,25.0,60.803,2.432,0.0,0.0,0.0,0.0,0.092,0.0,0.0,0.0,0.0,0.0,0.0,0.0,0.0,0.0,0.0,0.092,0.0
2051,medium_district,72,Payson Canyon - Nebo Loop,,,,,,,,,72,Payson Canyon - Nebo Loop,,,25.0,60.78,2.431,0.0,0.0,0.0,0.0,0.096,0.0,0.0,0.0,0.0,0.0,0.0,0.0,0.0,0.0,0.0,0.096,0.0
2052,medium_district,72,Payson Canyon - Nebo Loop,,,,,,,,,72,Payson Canyon - Nebo Loop,,,25.0,60.756,2.43,0.0,0.0,0.0,0.0,0.099,0.0,0.0,0.0,0.0,0.0,0.0,0.0,0.0,0.0,0.0,0.099,0.0
2053,medium_district,72,Payson Canyon - Nebo Loop,,,,,,,,,72,Payson Canyon - Nebo Loop,,,25.0,60.732,2.429,0.0,0.0,0.0,0.0,0.131,0.0,0.0,0.0,0.0,0.0,0.0,0.0,0.0,0.0,0.0,0.131,0.0
2054,medium_district,72,Payson Canyon - Nebo Loop,,,,,,,,,72,Payson Canyon - Nebo Loop,,,25.0,60.708,2.428,0.0,0.0,0.0,0.0,0.145,0.0,0.0,0.0,0.0,0.0,0.0,0.0,0.0,0.0,0.0,0.145,0.0
2055,medium_district,72,Payson Canyon - Nebo Loop,,,,,,,,,72,Payson Canyon - Nebo Loop,,,25.0,60.684,2.427,0.0,0.0,0.0,0.0,0.147,0.0,0.0,0.0,0.0,0.0,0.0,0.0,0.0,0.0,0.0,0.147,0.0
2056,medium_district,72,Payson Canyon - Nebo Loop,,,,,,,,,72,Payson Canyon - Nebo Loop,,,25.0,60.659,2.426,0.0,0.0,0.0,0.0,0.142,0.0,0.0,0.0,0.0,0.0,0.0,0.0,0.0,0.0,0.0,0.142,0.0
2057,medium_district,72,Payson Canyon - Nebo Loop,,,,,,,,,72,Payson Canyon - Nebo Loop,,,25.0,60.676,2.427,0.0,0.0,0.0,0.0,0.149,0.0,0.0,0.0,0.0,0.0,0.0,0.0,0.0,0.0,0.0,0.149,0.0
2058,medium_district,72,Payson Canyon - Nebo Loop,,,,,,,,,72,Payson Canyon - Nebo Loop,,,25.0,60.749,2.43,0.0,0.0,0.0,0.0,0.149,0.0,0.0,0.0,0.0,0.0,0.0,0.0,0.0,0.0,0.0,0.149,0.0
2059,medium_district,72,Payson Canyon - Nebo Loop,,,,,,,,,72,Payson Canyon - Nebo Loop,,,25.0,60.812,2.432,0.0,0.0,0.0,0.0,0.145,0.0,0.0,0.0,0.0,0.0,0.0,0.0,0.0,0.0,0.0,0.145,0.0
2060,medium_district,72,Payson Canyon - Nebo Loop,,,,,,,,,72,Payson Canyon - Nebo Loop,,,25.0,60.883,2.435,0.0,0.0,0.0,0.0,0.149,0.0,0.0,0.0,0.0,0.0,0.0,0.0,0.0,0.0,0.0,0.149,0.0
2061,medium_district,72,Payson Canyon - Nebo Loop,,,,,,,,,72,Payson Canyon - Nebo Loop,,,3.0,6.963,2.321,0.0,0.0,0.0,0.0,0.153,0.0,0.0,0.0,0.0,0.0,0.0,0.0,0.0,0.0,0.0,0.153,0.0
2062,medium_district,72,Payson Canyon - Nebo Loop,,,,,,,,,72,Payson Canyon - Nebo Loop,,,3.0,7.034,2.345,0.0,0.0,0.0,0.0,0.151,0.0,0.0,0.0,0.0,0.0,0.0,0.0,0.0,0.0,0.0,0.151,0.0
2063,medium_district,72,Payson Canyon - Nebo Loop,,,,,,,,,72,Payson Canyon - Nebo Loop,,,3.0,7.105,2.368,0.0,0.0,0.0,0.0,0.156,0.0,0.0,0.0,0.0,0.0,0.0,0.0,0.0,0.0,0.0,0.156,0.0
2064,medium_district,72,Payson Canyon - Nebo Loop,,,,,,,,,72,Payson Canyon - Nebo Loop,,,3.0,7.181,2.394,0.0,0.0,0.0,0.0,0.159,0.0,0.0,0.0,0.0,0.0,0.0,0.0,0.0,0.0,0.0,0.159,0.0
2065,medium_district,72,Payson Canyon - Nebo Loop,,,,,,,,,72,Payson Canyon - Nebo Loop,,,3.0,7.251,2.417,0.0,0.0,0.0,0.0,0.157,0.0,0.0,0.0,0.0,0.0,0.0,0.0,0.0,0.0,0.0,0.157,0.0
2023,medium_district,73,Utah County West Mountains,,,,,,,,,73,Utah County West Mountains,,,1.0,6.0,6.0,0.0,0.0,0.0,0.0,0.0,0.0,0.0,0.0,0.0,0.0,0.0,0.0,0.0,0.0,0.0,0.0,0.0
2024,medium_district,73,Utah County West Mountains,,,,,,,,,73,Utah County West Mountains,,,1.0,6.0,6.0,0.0,0.0,0.0,0.0,0.0,0.0,0.0,0.0,0.0,0.0,0.0,0.0,0.0,0.0,0.0,0.0,0.0
2025,medium_district,73,Utah County West Mountains,,,,,,,,,73,Utah County West Mountains,,,1.0,6.0,6.0,0.0,0.0,0.0,0.0,0.0,0.0,0.0,0.0,0.0,0.0,0.0,0.0,0.0,0.0,0.0,0.0,0.0
2026,medium_district,73,Utah County West Mountains,,,,,,,,,73,Utah County West Mountains,,,1.0,6.0,6.0,0.0,0.0,0.0,0.0,0.0,0.0,0.0,0.0,0.0,0.0,0.0,0.0,0.0,0.0,0.0,0.0,0.0
2027,medium_district,73,Utah County West Mountains,,,,,,,,,73,Utah County West Mountains,,,1.0,6.0,6.0,0.0,0.0,0.0,0.0,0.0,0.0,0.0,0.0,0.0,0.0,0.0,0.0,0.0,0.0,0.0,0.0,0.0
2028,medium_district,73,Utah County West Mountains,,,,,,,,,73,Utah County West Mountains,,,1.0,6.0,6.0,0.0,0.0,0.0,0.0,0.0,0.0,0.0,0.0,0.0,0.0,0.0,0.0,0.0,0.0,0.0,0.0,0.0
2029,medium_district,73,Utah County West Mountains,,,,,,,,,73,Utah County West Mountains,,,1.0,6.0,6.0,0.0,0.0,0.0,0.0,0.0,0.0,0.0,0.0,0.0,0.0,0.0,0.0,0.0,0.0,0.0,0.0,0.0
2030,medium_district,73,Utah County West Mountains,,,,,,,,,73,Utah County West Mountains,,,1.0,6.0,6.0,0.0,0.0,0.0,0.0,0.0,0.0,0.0,0.0,0.0,0.0,0.0,0.0,0.0,0.0,0.0,0.0,0.0
2031,medium_district,73,Utah County West Mountains,,,,,,,,,73,Utah County West Mountains,,,1.0,6.0,6.0,0.0,0.0,0.0,0.0,0.0,0.0,0.0,0.0,0.0,0.0,0.0,0.0,0.0,0.0,0.0,0.0,0.0
2032,medium_district,73,Utah County West Mountains,,,,,,,,,73,Utah County West Mountains,,,1.0,6.0,6.0,0.0,0.0,0.0,0.0,0.0,0.0,0.0,0.0,0.0,0.0,0.0,0.0,0.0,0.0,0.0,0.0,0.0
2033,medium_district,73,Utah County West Mountains,,,,,,,,,73,Utah County West Mountains,,,1.0,6.0,6.0,0.0,0.0,0.0,0.0,0.0,0.0,0.0,0.0,0.0,0.0,0.0,0.0,0.0,0.0,0.0,0.0,0.0
2034,medium_district,73,Utah County West Mountains,,,,,,,,,73,Utah County West Mountains,,,1.0,6.0,6.0,0.0,0.0,0.0,0.0,0.0,0.0,0.0,0.0,0.0,0.0,0.0,0.0,0.0,0.0,0.0,0.0,0.0
2035,medium_district,73,Utah County West Mountains,,,,,,,,,73,Utah County West Mountains,,,1.0,6.0,6.0,0.0,0.0,0.0,0.0,0.0,0.0,0.0,0.0,0.0,0.0,0.0,0.0,0.0,0.0,0.0,0.0,0.0
2036,medium_district,73,Utah County West Mountains,,,,,,,,,73,Utah County West Mountains,,,1.0,6.0,6.0,0.0,0.0,0.0,0.0,0.0,0.0,0.0,0.0,0.0,0.0,0.0,0.0,0.0,0.0,0.0,0.0,0.0
2037,medium_district,73,Utah County West Mountains,,,,,,,,,73,Utah County West Mountains,,,1.0,6.0,6.0,0.0,0.0,0.0,0.0,0.0,0.0,0.0,0.0,0.0,0.0,0.0,0.0,0.0,0.0,0.0,0.0,0.0
2038,medium_district,73,Utah County West Mountains,,,,,,,,,73,Utah County West Mountains,,,1.0,6.0,6.0,0.0,0.0,0.0,0.0,0.0,0.0,0.0,0.0,0.0,0.0,0.0,0.0,0.0,0.0,0.0,0.0,0.0
2039,medium_district,73,Utah County West Mountains,,,,,,,,,73,Utah County West Mountains,,,1.0,6.0,6.0,0.0,0.0,0.0,0.0,0.0,0.0,0.0,0.0,0.0,0.0,0.0,0.0,0.0,0.0,0.0,0.0,0.0
2040,medium_district,73,Utah County West Mountains,,,,,,,,,73,Utah County West Mountains,,,1.0,6.0,6.0,0.0,0.0,0.0,0.0,0.0,0.0,0.0,0.0,0.0,0.0,0.0,0.0,0.0,0.0,0.0,0.0,0.0
2041,medium_district,73,Utah County West Mountains,,,,,,,,,73,Utah County West Mountains,,,1.0,6.0,6.0,0.0,0.0,0.0,0.0,0.0,0.0,0.0,0.0,0.0,0.0,0.0,0.0,0.0,0.0,0.0,0.0,0.0
2042,medium_district,73,Utah County West Mountains,,,,,,,,,73,Utah County West Mountains,,,1.0,6.0,6.0,0.0,0.0,0.0,0.0,0.0,0.0,0.0,0.0,0.0,0.0,0.0,0.0,0.0,0.0,0.0,0.0,0.0
2043,medium_district,73,Utah County West Mountains,,,,,,,,,73,Utah County West Mountains,,,1.0,6.0,6.0,0.0,0.0,0.0,0.0,0.0,0.0,0.0,0.0,0.0,0.0,0.0,0.0,0.0,0.0,0.0,0.0,0.0
2044,medium_district,73,Utah County West Mountains,,,,,,,,,73,Utah County West Mountains,,,1.0,6.0,6.0,0.0,0.0,0.0,0.0,0.0,0.0,0.0,0.0,0.0,0.0,0.0,0.0,0.0,0.0,0.0,0.0,0.0
2045,medium_district,73,Utah County West Mountains,,,,,,,,,73,Utah County West Mountains,,,1.0,6.0,6.0,0.0,0.0,0.0,0.0,0.0,0.0,0.0,0.0,0.0,0.0,0.0,0.0,0.0,0.0,0.0,0.0,0.0
2046,medium_district,73,Utah County West Mountains,,,,,,,,,73,Utah County West Mountains,,,1.0,6.0,6.0,0.0,0.0,0.0,0.0,0.0,0.0,0.0,0.0,0.0,0.0,0.0,0.0,0.0,0.0,0.0,0.0,0.0
2047,medium_district,73,Utah County West Mountains,,,,,,,,,73,Utah County West Mountains,,,1.0,6.0,6.0,0.0,0.0,0.0,0.0,1.007,0.0,0.0,0.0,0.0,0.0,0.0,0.0,0.0,1.007,0.0,0.0,0.0
2048,medium_district,73,Utah County West Mountains,,,,,,,,,73,Utah County West Mountains,,,1.0,6.0,6.0,0.0,0.0,0.0,0.0,1.005,0.0,0.0,0.0,0.0,0.0,0.0,0.0,0.0,1.005,0.0,0.0,0.0
2049,medium_district,73,Utah County West Mountains,,,,,,,,,73,Utah County West Mountains,,,1.0,6.0,6.0,0.0,0.0,0.0,0.0,1.004,0.0,0.0,0.0,0.0,0.0,0.0,0.0,0.0,1.004,0.0,0.0,0.0
2050,medium_district,73,Utah County West Mountains,,,,,,,,,73,Utah County West Mountains,,,1.0,6.0,6.0,0.0,0.0,0.0,0.0,1.008,0.0,0.0,0.0,0.0,0.0,0.0,0.0,0.0,1.008,0.0,0.0,0.0
2051,medium_district,73,Utah County West Mountains,,,,,,,,,73,Utah County West Mountains,,,1.0,6.0,6.0,0.0,0.0,0.0,0.0,1.01,0.0,0.0,0.0,0.0,0.0,0.0,0.0,0.0,1.01,0.0,0.0,0.0
2052,medium_district,73,Utah County West Mountains,,,,,,,,,73,Utah County West Mountains,,,1.0,6.0,6.0,0.0,0.0,0.0,0.0,1.013,0.0,0.0,0.0,0.0,0.0,0.0,0.0,0.0,1.013,0.0,0.0,0.0
2053,medium_district,73,Utah County West Mountains,,,,,,,,,73,Utah County West Mountains,,,1.0,6.0,6.0,0.0,0.0,0.0,0.0,1.013,0.0,0.0,0.0,0.0,0.0,0.0,0.0,0.0,1.013,0.0,0.0,0.0
2054,medium_district,73,Utah County West Mountains,,,,,,,,,73,Utah County West Mountains,,,1.0,6.0,6.0,0.0,0.0,0.0,0.0,1.012,0.0,0.0,0.0,0.0,0.0,0.0,0.0,0.0,1.012,0.0,0.0,0.0
2055,medium_district,73,Utah County West Mountains,,,,,,,,,73,Utah County West Mountains,,,1.0,6.0,6.0,0.0,0.0,0.0,0.0,1.013,0.0,0.0,0.0,0.0,0.0,0.0,0.0,0.0,1.013,0.0,0.0,0.0
2056,medium_district,73,Utah County West Mountains,,,,,,,,,73,Utah County West Mountains,,,1.0,6.0,6.0,0.0,0.0,0.0,0.0,1.013,0.0,0.0,0.0,0.0,0.0,0.0,0.0,0.0,1.013,0.0,0.0,0.0
2057,medium_district,73,Utah County West Mountains,,,,,,,,,73,Utah County West Mountains,,,1.0,6.0,6.0,0.0,0.0,0.0,0.0,1.013,0.0,0.0,0.0,0.0,0.0,0.0,0.0,0.0,1.013,0.0,0.0,0.0
2058,medium_district,73,Utah County West Mountains,,,,,,,,,73,Utah County West Mountains,,,1.0,6.0,6.0,0.0,0.0,0.0,0.0,1.013,0.0,0.0,0.0,0.0,0.0,0.0,0.0,0.0,1.013,0.0,0.0,0.0
2059,medium_district,73,Utah County West Mountains,,,,,,,,,73,Utah County West Mountains,,,1.0,6.0,6.0,0.0,0.0,0.0,0.0,1.014,0.0,0.0,0.0,0.0,0.0,0.0,0.0,0.0,1.014,0.0,0.0,0.0
2060,medium_district,73,Utah County West Mountains,,,,,,,,,73,Utah County West Mountains,,,1.0,6.0,6.0,0.0,0.0,0.0,0.0,1.014,0.0,0.0,0.0,0.0,0.0,0.0,0.0,0.0,1.014,0.0,0.0,0.0
2061,medium_district,73,Utah County West Mountains,,,,,,,,,73,Utah County West Mountains,,,0.0,0.0,0,0.0,0.0,0.0,0.0,1.013,0.0,0.0,0.0,0.0,0.0,0.0,0.0,0.0,1.013,0.0,0.0,0.0
2062,medium_district,73,Utah County West Mountains,,,,,,,,,73,Utah County West Mountains,,,0.0,0.0,0,0.0,0.0,0.0,0.0,1.012,0.0,0.0,0.0,0.0,0.0,0.0,0.0,0.0,1.012,0.0,0.0,0.0
2063,medium_district,73,Utah County West Mountains,,,,,,,,,73,Utah County West Mountains,,,0.0,0.0,0,0.0,0.0,0.0,0.0,1.012,0.0,0.0,0.0,0.0,0.0,0.0,0.0,0.0,1.012,0.0,0.0,0.0
2064,medium_district,73,Utah County West Mountains,,,,,,,,,73,Utah County West Mountains,,,0.0,0.0,0,0.0,0.0,0.0,0.0,1.013,0.0,0.0,0.0,0.0,0.0,0.0,0.0,0.0,1.013,0.0,0.0,0.0
2065,medium_district,73,Utah County West Mountains,,,,,,,,,73,Utah County West Mountains,,,0.0,0.0,0,0.0,0.0,0.0,0.0,1.013,0.0,0.0,0.0,0.0,0.0,0.0,0.0,0.0,1.013,0.0,0.0,0.0
2023,medium_district,8,Ex-West Weber,,,,,,,,,8,Ex-West Weber,,,154.0,439.58,2.854,765.0,18.0,717.0,30.0,1118.799,0.0,18.0,715.0,2.0,3.0,0.0,0.0,27.0,227.729,84.0,36.051,6.0169999999999995
2024,medium_district,8,Ex-West Weber,,,,,,,,,8,Ex-West Weber,,,169.0,470.932,2.787,765.0,18.0,717.0,30.0,1137.988,0.0,18.0,715.0,2.0,3.0,0.0,0.0,27.0,231.298,62.0,73.69000000000001,6.0
2025,medium_district,8,Ex-West Weber,,,,,,,,,8,Ex-West Weber,,,182.0,511.45599999999996,2.81,765.0,18.0,717.0,30.0,1099.724,0.0,18.0,715.0,2.0,3.0,0.0,0.0,27.0,230.448,61.6,35.671,7.005999999999999
2026,medium_district,8,Ex-West Weber,,,,,,,,,8,Ex-West Weber,,,211.0,615.243,2.916,765.0,18.0,717.0,30.0,1154.9089999999999,0.0,18.0,715.0,2.0,3.0,0.0,0.0,27.0,230.598,63.6,87.706,8.007
2027,medium_district,8,Ex-West Weber,,,,,,,,,8,Ex-West Weber,,,219.0,628.702,2.871,765.0,18.0,717.0,30.0,1108.9470000000001,0.0,18.0,715.0,2.0,3.0,0.0,0.0,27.0,231.212,64.8,39.927,8.008999999999999
2028,medium_district,8,Ex-West Weber,,,,,,,,,8,Ex-West Weber,,,221.0,626.889,2.837,765.0,18.0,717.0,30.0,1106.893,0.0,18.0,715.0,2.0,3.0,0.0,0.0,27.0,227.75300000000001,62.0,44.128,8.014999999999999
2029,medium_district,8,Ex-West Weber,,,,,,,,,8,Ex-West Weber,,,222.0,624.056,2.811,797.0,18.0,735.0,44.0,1359.699,0.0,18.0,718.0,17.0,4.0,0.0,1.0,39.0,225.60299999999998,58.4,269.697,9.003
2030,medium_district,8,Ex-West Weber,,,,,,,,,8,Ex-West Weber,,,246.0,689.4,2.802,816.0,18.0,741.0,57.0,1429.284,0.0,18.0,724.0,17.0,5.0,0.0,3.0,49.0,223.301,57.6,322.366,10.02
2031,medium_district,8,Ex-West Weber,,,,,,,,,8,Ex-West Weber,,,258.0,727.591,2.82,848.0,18.0,759.0,71.0,1562.517,0.0,18.0,732.0,27.0,5.0,0.0,8.0,58.0,222.3,57.6,423.60599999999994,11.009999999999998
2032,medium_district,8,Ex-West Weber,,,,,,,,,8,Ex-West Weber,,,602.0,1739.376,2.889,887.0,18.0,767.0,102.0,1893.187,0.0,18.0,740.0,27.0,6.0,0.0,13.0,83.0,221.0,60.4,698.759,26.027
2033,medium_district,8,Ex-West Weber,,,,,,,,,8,Ex-West Weber,,,792.0,2267.9930000000004,2.864,938.0,18.0,780.0,140.0,2010.619,0.0,18.0,753.0,27.0,10.0,0.0,15.0,115.0,220.452,63.6,754.538,34.028999999999996
2034,medium_district,8,Ex-West Weber,,,,,,,,,8,Ex-West Weber,,,897.0,2569.315,2.864,1150.0,18.0,800.0,332.0,2716.7380000000003,0.0,18.0,773.0,27.0,16.0,3.0,26.0,287.0,221.761,66.4,1238.497,40.080999999999996
2035,medium_district,8,Ex-West Weber,,,,,,,,,8,Ex-West Weber,,,1021.0,2881.679,2.822,1176.0,18.0,821.0,337.0,2857.178,0.0,18.0,795.0,26.0,19.0,3.0,30.0,285.0,220.454,67.2,1348.496,45.026999999999994
2036,medium_district,8,Ex-West Weber,,,,,,,,,8,Ex-West Weber,,,1268.0,3534.673,2.788,1324.0,18.0,870.0,436.0,2846.33,0.0,18.0,844.0,26.0,29.0,5.0,37.0,365.0,220.76,66.8,1178.733,56.032999999999994
2037,medium_district,8,Ex-West Weber,,,,,,,,,8,Ex-West Weber,,,1473.0,4115.2390000000005,2.794,1560.0,18.0,927.0,615.0,3262.748,0.0,18.0,898.0,29.0,38.0,7.0,55.0,515.0,222.23,66.4,1348.0819999999999,66.039
2038,medium_district,8,Ex-West Weber,,,,,,,,,8,Ex-West Weber,,,1658.0,4641.0560000000005,2.799,1866.0,18.0,986.0,862.0,3362.932,0.0,18.0,950.0,36.0,49.0,9.0,73.0,731.0,222.39000000000001,66.4,1133.1,75.045
2039,medium_district,8,Ex-West Weber,,,,,,,,,8,Ex-West Weber,,,1769.0,4911.886,2.777,2172.0,18.0,1056.0,1098.0,2800.607,0.0,18.0,1006.0,50.0,62.0,14.0,86.0,936.0,222.082,66.4,261.123,79.0
2040,medium_district,8,Ex-West Weber,,,,,,,,,8,Ex-West Weber,,,1845.0,5095.7029999999995,2.762,2424.0,18.0,1119.0,1287.0,3100.16,0.0,18.0,1057.0,62.0,70.0,24.0,101.0,1092.0,222.78,66.4,302.886,84.092
2041,medium_district,8,Ex-West Weber,,,,,,,,,8,Ex-West Weber,,,1921.0,5268.42,2.743,2639.0,18.0,1166.0,1455.0,4887.0560000000005,0.0,18.0,1096.0,70.0,80.0,24.0,115.0,1236.0,224.575,66.8,1869.776,86.90599999999999
2042,medium_district,8,Ex-West Weber,,,,,,,,,8,Ex-West Weber,,,2105.0,5780.558,2.746,2924.0,18.0,1241.0,1665.0,3635.556,0.0,18.0,1137.0,104.0,93.0,32.0,137.0,1403.0,223.41400000000002,67.6,324.439,96.102
2043,medium_district,8,Ex-West Weber,,,,,,,,,8,Ex-West Weber,,,2185.0,5982.47,2.738,3197.0,18.0,1303.0,1876.0,3869.0719999999997,0.0,18.0,1169.0,134.0,106.0,42.0,157.0,1571.0,222.415,68.4,281.085,100.173
2044,medium_district,8,Ex-West Weber,,,,,,,,,8,Ex-West Weber,,,2371.0,6488.838,2.737,3410.0,18.0,1367.0,2025.0,4136.443,0.0,18.0,1201.0,166.0,114.0,51.0,173.0,1687.0,223.107,68.4,324.768,110.16999999999999
2045,medium_district,8,Ex-West Weber,,,,,,,,,8,Ex-West Weber,,,2425.0,6606.847,2.724,3614.0,18.0,1433.0,2163.0,4448.964,0.0,18.0,1238.0,195.0,122.0,57.0,184.0,1800.0,221.78900000000002,68.0,432.065,113.113
2046,medium_district,8,Ex-West Weber,,,,,,,,,8,Ex-West Weber,,,2636.0,7145.725,2.711,3835.0,18.0,1501.0,2316.0,4683.923,0.0,18.0,1274.0,227.0,133.0,69.0,211.0,1903.0,221.424,68.0,435.394,124.101
2047,medium_district,8,Ex-West Weber,,,,,,,,,8,Ex-West Weber,,,2814.0,7587.564,2.696,4018.0,18.0,1570.0,2430.0,4994.115,0.0,18.0,1316.0,254.0,144.0,81.0,230.0,1975.0,220.476,68.4,555.051,132.19
2048,medium_district,8,Ex-West Weber,,,,,,,,,8,Ex-West Weber,,,3082.0,8284.923,2.688,4169.0,18.0,1622.0,2529.0,5106.491,0.0,18.0,1341.0,281.0,154.0,93.0,243.0,2039.0,221.271,69.2,499.928,147.09300000000002
2049,medium_district,8,Ex-West Weber,,,,,,,,,8,Ex-West Weber,,,3135.0,8395.348,2.678,4290.0,18.0,1671.0,2601.0,5140.809,0.0,18.0,1370.0,301.0,165.0,98.0,254.0,2084.0,221.481,70.4,408.906,150.023
2050,medium_district,8,Ex-West Weber,,,,,,,,,8,Ex-West Weber,,,3324.0,8883.784,2.673,4443.0,18.0,1722.0,2703.0,5445.857,0.0,18.0,1398.0,324.0,179.0,106.0,266.0,2152.0,220.641,71.2,550.018,161.0
2051,medium_district,8,Ex-West Weber,,,,,,,,,8,Ex-West Weber,,,3409.0,9077.709,2.663,4525.0,18.0,1765.0,2742.0,5396.007,0.0,18.0,1418.0,347.0,181.0,107.0,273.0,2181.0,218.959,71.2,415.652,165.196
2052,medium_district,8,Ex-West Weber,,,,,,,,,8,Ex-West Weber,,,3452.0,9161.576000000001,2.654,4609.0,18.0,1796.0,2795.0,5512.476,0.0,18.0,1433.0,363.0,185.0,119.0,278.0,2213.0,218.12,72.0,445.011,168.34300000000002
2053,medium_district,8,Ex-West Weber,,,,,,,,,8,Ex-West Weber,,,3538.0,9361.15,2.646,4708.0,18.0,1830.0,2860.0,5785.933,0.0,18.0,1446.0,384.0,189.0,128.0,284.0,2259.0,217.964,72.8,615.0699999999999,172.098
2054,medium_district,8,Ex-West Weber,,,,,,,,,8,Ex-West Weber,,,3716.0,9765.84,2.628,4799.0,18.0,1859.0,2922.0,5777.804,0.0,18.0,1459.0,400.0,190.0,141.0,295.0,2296.0,219.651,73.6,503.248,182.309
2055,medium_district,8,Ex-West Weber,,,,,,,,,8,Ex-West Weber,,,3847.0,10081.839,2.621,4905.0,18.0,1892.0,2995.0,6155.582,0.0,18.0,1468.0,424.0,190.0,155.0,308.0,2342.0,217.485,73.6,770.392,189.10500000000002
2056,medium_district,8,Ex-West Weber,,,,,,,,,8,Ex-West Weber,,,4113.0,10737.463,2.611,5005.0,18.0,1929.0,3058.0,6322.577,0.0,18.0,1473.0,456.0,191.0,163.0,321.0,2383.0,216.15900000000002,72.8,824.699,203.918
2057,medium_district,8,Ex-West Weber,,,,,,,,,8,Ex-West Weber,,,4110.0,10832.509,2.636,5091.0,18.0,1961.0,3112.0,6311.207,0.0,18.0,1483.0,478.0,192.0,175.0,332.0,2413.0,217.309,71.6,724.411,206.889
2058,medium_district,8,Ex-West Weber,,,,,,,,,8,Ex-West Weber,,,4109.0,10930.028999999999,2.66,5173.0,18.0,1993.0,3162.0,6346.24,0.0,18.0,1495.0,498.0,196.0,184.0,340.0,2442.0,217.478,70.4,675.443,209.917
2059,medium_district,8,Ex-West Weber,,,,,,,,,8,Ex-West Weber,,,4106.0,11023.146999999999,2.685,5266.0,18.0,2023.0,3225.0,6801.031,0.0,18.0,1506.0,517.0,197.0,197.0,352.0,2479.0,215.47400000000002,69.2,1038.108,212.248
2060,medium_district,8,Ex-West Weber,,,,,,,,,8,Ex-West Weber,,,4105.0,11119.749,2.709,5355.0,14.0,2048.0,3293.0,6404.4400000000005,0.0,14.0,1516.0,532.0,200.0,213.0,364.0,2516.0,215.649,68.8,548.13,216.861
2061,medium_district,8,Ex-West Weber,,,,,,,,,8,Ex-West Weber,,,4104.0,11220.901,2.734,5423.0,14.0,2073.0,3336.0,6503.388,0.0,14.0,1521.0,552.0,202.0,213.0,376.0,2545.0,214.992,68.4,578.0260000000001,218.97199999999998
2062,medium_district,8,Ex-West Weber,,,,,,,,,8,Ex-West Weber,,,4104.0,11321.242,2.759,5496.0,14.0,2100.0,3382.0,6643.956,0.0,14.0,1530.0,570.0,202.0,219.0,382.0,2579.0,193.65200000000002,68.4,663.8199999999999,222.083
2063,medium_district,8,Ex-West Weber,,,,,,,,,8,Ex-West Weber,,,4104.0,11421.993,2.783,5580.0,14.0,2131.0,3435.0,6733.1900000000005,0.0,14.0,1542.0,589.0,206.0,225.0,397.0,2607.0,194.0,68.0,666.106,225.083
2064,medium_district,8,Ex-West Weber,,,,,,,,,8,Ex-West Weber,,,4101.0,11516.484,2.808,5681.0,13.0,2159.0,3509.0,6899.316,0.0,13.0,1551.0,608.0,208.0,239.0,409.0,2653.0,192.604,68.0,729.575,228.13700000000003
2065,medium_district,8,Ex-West Weber,,,,,,,,,8,Ex-West Weber,,,4100.0,11615.645,2.833,5761.0,13.0,2194.0,3554.0,7055.321,0.0,13.0,1562.0,632.0,210.0,245.0,418.0,2681.0,193.217,67.6,801.587,231.917
2023,medium_district,9,NW Weber,,,,,,,,,9,NW Weber,,,6000.0,18435.953,3.073,4778.0,833.0,1168.0,2777.0,6267.631,600.0,233.0,595.0,573.0,309.0,976.0,305.0,1187.0,675.162,0.0,578.823,235.639
2024,medium_district,9,NW Weber,,,,,,,,,9,NW Weber,,,6499.0,19715.099,3.034,4852.0,822.0,1210.0,2820.0,8706.252,589.0,233.0,605.0,605.0,279.0,1028.0,308.0,1205.0,671.864,0.0,2929.392,253.0
2025,medium_district,9,NW Weber,,,,,,,,,9,NW Weber,,,6957.0,20838.218,2.995,4938.0,822.0,1227.0,2889.0,6801.571,589.0,233.0,605.0,622.0,279.0,1038.0,350.0,1222.0,668.304,0.0,907.057,288.212
2026,medium_district,9,NW Weber,,,,,,,,,9,NW Weber,,,7425.0,21854.028,2.943,4974.0,816.0,1236.0,2922.0,7071.25,583.0,233.0,605.0,631.0,278.0,1038.0,366.0,1240.0,663.724,0.0,1122.299,311.224
2027,medium_district,9,NW Weber,,,,,,,,,9,NW Weber,,,7809.0,22619.674,2.897,5029.0,816.0,1243.0,2970.0,7121.767,583.0,233.0,606.0,637.0,275.0,1048.0,389.0,1258.0,659.455,0.0,1103.924,329.383
2028,medium_district,9,NW Weber,,,,,,,,,9,NW Weber,,,8236.0,23580.839,2.863,5129.0,816.0,1255.0,3058.0,7459.097,583.0,233.0,618.0,637.0,274.0,1052.0,405.0,1327.0,653.164,0.0,1326.372,350.573
2029,medium_district,9,NW Weber,,,,,,,,,9,NW Weber,,,8631.0,24466.93,2.835,5333.0,814.0,1286.0,3233.0,8162.156,583.0,231.0,649.0,637.0,278.0,1060.0,427.0,1468.0,645.7189999999999,0.0,1814.269,369.167
2030,medium_district,9,NW Weber,,,,,,,,,9,NW Weber,,,8863.0,24876.49,2.807,5572.0,810.0,1357.0,3405.0,7837.862,583.0,227.0,721.0,636.0,283.0,1072.0,451.0,1599.0,639.858,0.0,1243.237,382.764
2031,medium_district,9,NW Weber,,,,,,,,,9,NW Weber,,,9269.0,25793.152000000002,2.783,5784.0,807.0,1434.0,3543.0,8519.482,583.0,224.0,798.0,636.0,286.0,1069.0,467.0,1721.0,632.854,0.0,1697.273,405.353
2032,medium_district,9,NW Weber,,,,,,,,,9,NW Weber,,,9618.0,26503.784,2.756,6017.0,803.0,1513.0,3701.0,8374.938,583.0,220.0,878.0,635.0,291.0,1069.0,489.0,1852.0,627.0,0.0,1308.482,422.443
2033,medium_district,9,NW Weber,,,,,,,,,9,NW Weber,,,10089.0,27437.759,2.72,6266.0,802.0,1559.0,3905.0,9383.064,583.0,219.0,927.0,632.0,299.0,1069.0,529.0,2008.0,624.274,0.0,2048.41,444.377
2034,medium_district,9,NW Weber,,,,,,,,,9,NW Weber,,,10889.0,29063.649,2.669,6669.0,802.0,1605.0,4262.0,9729.849,583.0,219.0,974.0,631.0,320.0,1071.0,573.0,2298.0,622.129,0.0,1953.735,484.98199999999997
2035,medium_district,9,NW Weber,,,,,,,,,9,NW Weber,,,11613.0,30558.872,2.631,6674.0,787.0,1645.0,4242.0,10114.671,579.0,208.0,1017.0,628.0,333.0,1071.0,579.0,2259.0,618.273,0.0,2308.0809999999997,514.316
2036,medium_district,9,NW Weber,,,,,,,,,9,NW Weber,,,12222.0,31787.288,2.601,6837.0,787.0,1718.0,4332.0,9274.486,579.0,208.0,1094.0,624.0,351.0,1071.0,596.0,2314.0,613.114,0.0,1280.042,544.326
2037,medium_district,9,NW Weber,,,,,,,,,9,NW Weber,,,13275.0,34344.669,2.587,6840.0,786.0,1757.0,4297.0,10140.749,580.0,206.0,1149.0,608.0,340.0,1075.0,487.0,2395.0,614.4,0.0,2097.0029999999997,589.348
2038,medium_district,9,NW Weber,,,,,,,,,9,NW Weber,,,13926.0,35671.367,2.561,7060.0,786.0,1823.0,4451.0,9705.863,580.0,206.0,1215.0,608.0,353.0,1076.0,497.0,2525.0,612.833,0.0,1407.673,625.356
2039,medium_district,9,NW Weber,,,,,,,,,9,NW Weber,,,14678.0,37250.596,2.538,7270.0,786.0,1890.0,4594.0,10898.482,580.0,206.0,1282.0,608.0,361.0,1078.0,509.0,2646.0,609.974,0.0,2354.505,664.0
2040,medium_district,9,NW Weber,,,,,,,,,9,NW Weber,,,15120.0,38047.298,2.516,7486.0,786.0,1944.0,4756.0,10132.312,580.0,206.0,1336.0,608.0,376.0,1081.0,530.0,2769.0,606.127,0.0,1354.441,685.7529999999999
2041,medium_district,9,NW Weber,,,,,,,,,9,NW Weber,,,15768.0,39304.876,2.493,7674.0,786.0,1980.0,4908.0,11047.846,580.0,206.0,1372.0,608.0,384.0,1081.0,550.0,2893.0,599.199,0.0,2053.426,721.223
2042,medium_district,9,NW Weber,,,,,,,,,9,NW Weber,,,16115.0,39856.619999999995,2.473,7906.0,786.0,2027.0,5093.0,10390.939,580.0,206.0,1419.0,608.0,399.0,1085.0,576.0,3033.0,597.7810000000001,0.0,1147.372,739.78
2043,medium_district,9,NW Weber,,,,,,,,,9,NW Weber,,,16743.0,41162.478,2.458,8060.0,786.0,2061.0,5213.0,11753.097,580.0,206.0,1453.0,608.0,408.0,1088.0,597.0,3120.0,594.784,0.0,2322.9719999999998,775.341
2044,medium_district,9,NW Weber,,,,,,,,,9,NW Weber,,,17325.0,42404.08,2.448,8226.0,786.0,2087.0,5353.0,11416.296,580.0,206.0,1479.0,608.0,416.0,1090.0,612.0,3235.0,590.938,0.0,1797.141,802.229
2045,medium_district,9,NW Weber,,,,,,,,,9,NW Weber,,,18044.0,43991.436,2.438,8392.0,786.0,2119.0,5487.0,11995.189,580.0,206.0,1511.0,608.0,434.0,1091.0,626.0,3336.0,589.091,0.0,2174.255,839.8389999999999
2046,medium_district,9,NW Weber,,,,,,,,,9,NW Weber,,,18489.0,44913.076,2.429,8596.0,786.0,2157.0,5653.0,11706.9,580.0,206.0,1549.0,608.0,454.0,1096.0,655.0,3448.0,584.753,0.0,1655.426,870.713
2047,medium_district,9,NW Weber,,,,,,,,,9,NW Weber,,,19194.0,46270.396,2.411,8838.0,786.0,2195.0,5857.0,12931.259,580.0,206.0,1587.0,608.0,495.0,1103.0,706.0,3553.0,580.237,0.0,2604.704,908.311
2048,medium_district,9,NW Weber,,,,,,,,,9,NW Weber,,,19877.0,47599.617,2.395,9058.0,774.0,2228.0,6056.0,12851.167,580.0,194.0,1620.0,608.0,533.0,1117.0,747.0,3659.0,574.302,0.0,2273.267,945.594
2049,medium_district,9,NW Weber,,,,,,,,,9,NW Weber,,,20624.0,49106.071,2.381,9300.0,774.0,2282.0,6244.0,13098.699,580.0,194.0,1674.0,608.0,573.0,1124.0,780.0,3767.0,569.236,0.0,2240.311,989.152
2050,medium_district,9,NW Weber,,,,,,,,,9,NW Weber,,,21318.0,50484.671,2.368,9539.0,774.0,2332.0,6433.0,13249.702,580.0,194.0,1724.0,608.0,603.0,1147.0,822.0,3861.0,569.657,0.0,2112.047,1029.0
2051,medium_district,9,NW Weber,,,,,,,,,9,NW Weber,,,22131.0,52278.64,2.362,9663.0,774.0,2374.0,6515.0,13837.051,580.0,194.0,1766.0,608.0,616.0,1155.0,843.0,3901.0,566.482,0.0,2538.302,1069.274
2052,medium_district,9,NW Weber,,,,,,,,,9,NW Weber,,,22877.0,53979.695999999996,2.36,9796.0,774.0,2400.0,6622.0,13635.976999999999,580.0,194.0,1792.0,608.0,624.0,1180.0,865.0,3953.0,563.889,0.0,2163.817,1112.266
2053,medium_district,9,NW Weber,,,,,,,,,9,NW Weber,,,23511.0,55249.568,2.35,9948.0,774.0,2432.0,6742.0,14120.28,580.0,194.0,1824.0,608.0,633.0,1205.0,880.0,4024.0,560.475,0.0,2461.141,1150.663
2054,medium_district,9,NW Weber,,,,,,,,,9,NW Weber,,,24389.0,57067.1,2.34,10108.0,774.0,2448.0,6886.0,14647.315999999999,580.0,194.0,1840.0,608.0,641.0,1245.0,904.0,4096.0,553.6469999999999,0.0,2786.647,1199.024
2055,medium_district,9,NW Weber,,,,,,,,,9,NW Weber,,,25164.0,58638.603,2.33,10249.0,774.0,2469.0,7006.0,14822.202,580.0,194.0,1861.0,608.0,650.0,1272.0,926.0,4158.0,554.233,0.0,2776.277,1242.689
2056,medium_district,9,NW Weber,,,,,,,,,9,NW Weber,,,25731.0,59791.64,2.324,10421.0,774.0,2490.0,7157.0,14416.468,580.0,194.0,1882.0,608.0,656.0,1313.0,961.0,4227.0,552.404,0.0,2167.574,1275.481
2057,medium_district,9,NW Weber,,,,,,,,,9,NW Weber,,,25722.0,60291.148,2.344,10562.0,774.0,2506.0,7282.0,15415.523,580.0,194.0,1898.0,608.0,660.0,1347.0,987.0,4288.0,546.286,0.0,3011.938,1295.301
2058,medium_district,9,NW Weber,,,,,,,,,9,NW Weber,,,25713.0,60774.433,2.364,10706.0,774.0,2525.0,7407.0,15040.722,580.0,194.0,1917.0,608.0,671.0,1376.0,1011.0,4349.0,541.684,0.0,2474.5570000000002,1318.4769999999999
2059,medium_district,9,NW Weber,,,,,,,,,9,NW Weber,,,25703.0,61261.25,2.383,10813.0,759.0,2541.0,7513.0,15524.679,566.0,193.0,1935.0,606.0,681.0,1402.0,1035.0,4395.0,538.693,0.0,2835.426,1337.564
2060,medium_district,9,NW Weber,,,,,,,,,9,NW Weber,,,25696.0,61749.032,2.403,10968.0,759.0,2558.0,7651.0,15178.503,566.0,193.0,1952.0,606.0,687.0,1452.0,1067.0,4445.0,535.093,0.0,2318.285,1357.13
2061,medium_district,9,NW Weber,,,,,,,,,9,NW Weber,,,25679.0,62243.669,2.424,11069.0,757.0,2580.0,7732.0,15981.986,566.0,191.0,1974.0,606.0,691.0,1454.0,1096.0,4491.0,532.4590000000001,0.0,3006.705,1373.825
2062,medium_district,9,NW Weber,,,,,,,,,9,NW Weber,,,25667.0,62731.893,2.444,11219.0,757.0,2602.0,7860.0,16079.704,566.0,191.0,1996.0,606.0,703.0,1480.0,1129.0,4548.0,528.316,0.0,2943.859,1388.517
2063,medium_district,9,NW Weber,,,,,,,,,9,NW Weber,,,25651.0,63195.741,2.464,11365.0,757.0,2629.0,7979.0,16215.539,566.0,191.0,2023.0,606.0,707.0,1507.0,1159.0,4606.0,527.0,0.0,2912.023,1411.522
2064,medium_district,9,NW Weber,,,,,,,,,9,NW Weber,,,25634.0,63671.779,2.484,11499.0,757.0,2650.0,8092.0,15824.031,566.0,191.0,2044.0,606.0,716.0,1527.0,1188.0,4661.0,525.643,0.0,2373.524,1425.864
2065,medium_district,9,NW Weber,,,,,,,,,9,NW Weber,,,25618.0,64153.718,2.504,11618.0,756.0,2667.0,8195.0,16212.313,566.0,190.0,2061.0,606.0,723.0,1556.0,1208.0,4708.0,522.289,0.0,2622.5499999999997,1449.48
